Customer ID,Churn,RecencyDays,PurchaseFrequency,MonetaryValue,AverageOrderValue,CustomerTenureDays,UniqueProducts,AverageQuantityPerOrder,MedianPurchaseGap,MeanPurchaseGap,ReturnTransactionCount,ReturnedQuantity,ReturnedValue,IsRepeatCustomer,ReturnTransactionRate,ProductsPerOrder,PurchaseActivityRate
13085,0,114.95347222222222,7,2295.3,327.90000000000003,558.2118055555555,46,128.57142857142858,57.0,147.66666666666666,2.0,109.0,973.82,1,0.2857142857142857,6.571428571428571,0.012517618423748704
13078,0,20.028472222222224,41,20857.28,508.7141463414634,558.1555555555556,131,191.26829268292684,12.0,13.794871794871796,29.0,105.0,576.01,1,0.7073170731707317,3.1951219512195124,0.07332485493998887
15362,1,268.09236111111113,2,613.08,306.53999999999996,558.1541666666667,38,184.0,290.0,290.0,0.0,0.0,0.0,1,0.0,19.0,0.0035768310767006714
18102,0,2.807638888888889,102,413459.37,4053.5232352941175,558.1430555555555,310,1357.7450980392157,7.0,11.1,7.0,1229.0,7545.83,1,0.06862745098039216,3.0392156862745097,0.18242200987125637
12682,0,11.970833333333333,32,15947.69,498.3653125,558.1402777777778,251,224.71875,15.0,17.612903225806452,1.0,9.0,88.1,1,0.03125,7.84375,0.05723071878702671
18087,0,110.08819444444444,16,13908.72,869.295,558.1298611111112,43,485.875,27.0,37.333333333333336,3.0,59.0,105.1,1,0.1875,2.6875,0.028615892501617717
13635,0,262.1138888888889,3,1928.1299999999999,642.71,558.1277777777777,89,402.3333333333333,148.0,148.0,2.0,15.0,50.94,1,0.6666666666666666,29.666666666666668,0.005365499836054172
14110,0,39.96597222222222,23,9006.32,391.5791304347826,558.125,148,181.30434782608697,16.0,24.666666666666668,2.0,12.0,30.35,1,0.08695652173913043,6.434782608695652,0.041135703107534095
12636,1,558.1215277777778,1,141.0,141.0,558.1215277777778,1,1.0,61.0,70.81666666666666,0.0,0.0,0.0,0,0.0,1.0,0.0017885199376502076
17519,0,26.108333333333334,12,3885.75,323.8125,558.1201388888888,124,213.33333333333334,52.0,48.36363636363637,2.0,4.0,6.669999999999999,1,0.16666666666666666,10.333333333333334,0.021462292565327716
13758,0,20.90138888888889,13,7859.1,604.5461538461539,558.1138888888889,199,332.0,33.0,44.75,4.0,9.0,153.84,1,0.3076923076923077,15.307692307692308,0.023251076852758082
12362,0,45.15138888888889,3,1104.34,368.1133333333334,558.1111111111111,52,168.33333333333334,256.5,256.5,1.0,2.0,4.9,1,0.3333333333333333,17.333333333333332,0.005365659777424483
15413,1,511.05347222222224,5,6798.72,1359.7440000000001,558.1055555555556,20,538.8,7.0,11.75,2.0,2.0,9330.1,1,0.4,4.0,0.008942855155555996
16321,0,124.90277777777777,5,454.55,90.91,558.0930555555556,14,37.4,112.0,144.33333333333334,2.0,121.0,264.05,1,0.4,2.8,0.008943055096671941
16167,1,233.88680555555555,5,1386.1200000000001,277.22400000000005,558.0861111111111,51,298.8,121.0,108.0,1.0,35.0,236.25,1,0.2,10.2,0.008943166178932881
17865,0,24.059722222222224,33,19947.53,604.470606060606,558.0840277777778,326,290.09090909090907,18.0,21.36,12.0,117.0,485.09,1,0.36363636363636365,9.878787878787879,0.05902511672738519
17592,1,558.0840277777778,1,148.3,148.3,558.0840277777778,13,38.0,61.0,70.81666666666666,1.0,38.0,148.3,0,1.0,13.0,0.0017886399008298544
13767,0,22.94375,58,23924.5,412.4913793103448,558.0819444444444,112,177.8448275862069,7.0,11.88888888888889,16.0,59.0,239.7,1,0.27586206896551724,1.9310344827586208,0.1037415008235227
17238,0,4.0881944444444445,24,5144.41,214.35041666666666,558.0770833333333,402,100.79166666666667,19.5,27.7,0.0,0.0,0.0,1,0.0,16.75,0.04292789083198873
15712,0,2.876388888888889,9,2858.7000000000003,317.6333333333334,558.0645833333333,74,107.44444444444444,68.0,69.375,1.0,1.0,4.95,1,0.1111111111111111,8.222222222222221,0.016098318992662595
15311,0,4.954166666666667,162,87944.0,542.8641975308642,558.0618055555556,699,331.5925925925926,3.0,3.7114093959731544,50.0,1005.0,2505.57,1,0.30864197530864196,4.314814814814815,0.28977118162993803
16329,1,247.00416666666666,4,1664.92,416.23,558.0527777777778,83,199.25,93.0,103.66666666666667,0.0,0.0,0.0,1,0.0,20.75,0.007154959529760159
17700,0,32.99305555555556,12,5270.9,439.24166666666673,558.0506944444444,211,225.16666666666666,49.0,52.5,3.0,7.0,39.25,1,0.25,17.583333333333332,0.021464958579337744
14911,0,2.9611111111111112,263,191094.28,726.5942205323194,558.0479166666667,2018,338.4220532319392,2.0,3.2267441860465116,79.0,3668.0,19143.78,1,0.30038022813688214,7.673003802281369,0.4704426797047063
15998,0,82.01736111111111,13,6969.34,536.103076923077,558.0451388888889,596,339.9230769230769,37.0,43.27272727272727,4.0,15.0,82.15,1,0.3076923076923077,45.84615384615385,0.023253936213161082
12931,0,23.115277777777777,49,54212.08,1106.3689795918367,558.0444444444445,23,779.0204081632653,11.0,15.285714285714286,10.0,10134.0,12536.52,1,0.20408163265306123,0.46938775510204084,0.08764956075843701
12533,1,447.07916666666665,2,1367.89,683.9449999999999,558.0416666666666,63,352.0,111.0,111.0,4.0,136.0,217.89999999999998,1,2.0,31.5,0.0035775508683014087
17984,0,211.9423611111111,4,999.51,249.8775,558.0409722222222,165,210.25,99.0,115.33333333333333,0.0,0.0,0.0,1,0.0,41.25,0.007155110624718175
14871,0,74.97777777777777,7,956.0400000000001,136.57714285714286,558.0368055555556,89,48.285714285714285,87.0,80.5,0.0,0.0,0.0,1,0.0,12.714285714285714,0.012521536919279564
13394,0,34.014583333333334,14,5037.01,359.7864285714286,558.0361111111112,199,262.92857142857144,37.0,40.30769230769231,3.0,20.0,90.6,1,0.21428571428571427,14.214285714285714,0.025043104947503888
16011,0,3.8555555555555556,20,3466.71,173.3355,558.0333333333333,156,104.45,22.0,29.157894736842106,1.0,3.0,13.45,1,0.05,7.8,0.03577604197722259
16393,0,4.949305555555555,16,3226.35,201.646875,558.0256944444444,279,124.3125,30.0,36.86666666666667,1.0,13.0,16.65,1,0.0625,17.4375,0.028621224675371464
14040,0,2.957638888888889,29,10908.65,376.1603448275862,558.025,300,144.6551724137931,17.5,21.346153846153847,5.0,21.0,119.05,1,0.1724137931034483,10.344827586206897,0.0518760341666294
12913,0,102.08402777777778,11,4666.0,424.1818181818182,558.0222222222222,31,182.9090909090909,27.0,45.6,0.0,0.0,0.0,1,0.0,2.8181818181818183,0.019677214183494992
15061,0,4.165972222222222,109,103135.5,946.197247706422,558.0222222222222,116,565.5504587155963,7.0,10.072727272727272,9.0,618.0,1306.44,1,0.08256880733944955,1.0642201834862386,0.1949833041819049
14341,0,34.89861111111111,14,2988.19,213.44214285714287,558.0208333333334,126,131.0,76.5,65.375,2.0,3.0,23.85,1,0.14285714285714285,9.0,0.02504378936384303
17804,1,195.95069444444445,3,383.78000000000003,127.92666666666666,558.0194444444444,82,64.66666666666667,181.0,181.0,1.0,1.0,5.1,1,0.3333333333333333,27.333333333333332,0.005366539625435411
14156,0,5.959722222222222,120,241077.89,2008.9824166666667,558.0138888888889,1230,1059.675,4.0,6.0,38.0,1895.0,15939.939999999999,1,0.31666666666666665,10.25,0.21466371835325102
13599,0,17.913888888888888,19,6666.78,350.8831578947369,558.0138888888889,139,219.6315789473684,39.0,45.0,15.0,185.0,326.56,1,0.7894736842105263,7.315789473684211,0.03398842207259808
17063,0,108.96180555555556,8,2496.76,312.095,558.0097222222222,111,164.25,73.5,74.83333333333333,7.0,11.0,32.05,1,0.875,13.875,0.014311021225530266
15719,0,19.054861111111112,25,7594.77,303.7908,558.0020833333333,366,157.24,22.0,22.458333333333332,7.0,12.0,75.45,1,0.28,14.64,0.044722552465144366
12490,0,34.12708333333333,13,5601.43,430.8792307692308,557.9986111111111,136,273.38461538461536,51.0,43.666666666666664,1.0,4.0,5.0,1,0.07692307692307693,10.461538461538462,0.023255871734922814
15793,0,88.08680555555556,6,1740.6,290.1,557.9972222222223,9,220.66666666666666,110.0,94.0,0.0,0.0,0.0,1,0.0,1.5,0.010733505930758948
17056,1,557.9965277777778,1,128.60000000000002,128.60000000000002,557.9965277777778,8,26.0,61.0,70.81666666666666,0.0,0.0,0.0,0,0.0,8.0,0.0017889198775086804
13526,1,557.9840277777778,2,1182.0,591.0,557.9958333333333,29,955.5,61.0,70.81666666666666,2.0,264.0,239.39999999999998,0,1.0,14.5,0.0035778441997927836
14654,1,557.9951388888888,1,246.86,246.86,557.9951388888888,27,273.0,61.0,70.81666666666666,0.0,0.0,0.0,0,0.0,27.0,0.0017889243222896246
17998,1,199.88819444444445,3,639.24,213.08,557.9881944444444,57,187.0,179.0,179.0,1.0,30.0,37.5,1,0.3333333333333333,19.0,0.005366839639576964
17742,0,152.11527777777778,10,2045.94,204.594,557.9819444444445,52,63.5,43.0,45.111111111111114,0.0,0.0,0.0,1,0.0,5.2,0.01788966548810213
15326,1,153.05,5,1700.52,340.104,557.9798611111111,94,270.2,56.0,101.25,5.0,31.0,170.7,1,1.0,18.8,0.00894486608168899
14478,1,201.88958333333332,4,1276.66,319.16499999999996,557.9791666666666,59,306.5,104.0,118.66666666666667,0.0,0.0,0.0,1,0.0,14.75,0.00715590175543215
15967,0,138.03680555555556,11,2730.22,248.20181818181817,557.9729166666667,290,94.36363636363636,41.0,46.666666666666664,1.0,4.0,22.4,1,0.09090909090909091,26.363636363636363,0.01967894985967567
17611,0,20.920833333333334,19,6375.25,335.5394736842105,557.9729166666667,637,221.1578947368421,35.0,31.58823529411765,3.0,65.0,130.25,1,0.15789473684210525,33.526315789473685,0.033990913393985245
15051,0,198.8361111111111,6,2543.55,423.925,557.9729166666667,113,340.3333333333333,62.0,71.8,1.0,12.0,15.0,1,0.16666666666666666,18.833333333333332,0.010733972650732183
13097,0,52.96319444444445,23,10323.04,448.82782608695646,557.9715277777777,338,184.65217391304347,30.5,28.055555555555557,9.0,26.0,419.29,1,0.391304347826087,14.695652173913043,0.041146997399738365
13590,0,19.120833333333334,15,5266.15,351.07666666666665,557.9673611111111,241,282.26666666666665,40.0,41.46153846153846,2.0,8.0,45.5,1,0.13333333333333333,16.066666666666666,0.026835198338205496
15984,0,52.99583333333333,25,6387.72,255.5088,557.9666666666667,318,170.84,27.0,26.57894736842105,1.0,10.0,67.5,1,0.04,12.72,0.04472538612916691
16887,0,220.05625,2,465.84000000000003,232.92,557.9645833333333,65,133.5,338.0,338.0,0.0,0.0,0.0,1,0.0,32.5,0.003578044226117487
12921,0,4.031944444444444,52,24717.47,475.33596153846156,557.9631944444444,232,300.86538461538464,13.0,15.38888888888889,25.0,412.0,1214.54,1,0.4807692307692308,4.461538461538462,0.0930293810340822
14543,0,2.0180555555555557,33,13432.89,407.05727272727273,557.9604166666667,96,74.12121212121212,16.0,19.17241379310345,9.0,570.0,2525.11,1,0.2727272727272727,2.909090909090909,0.05903816981673568
15945,1,184.98333333333332,4,646.27,161.5675,557.9604166666667,24,86.25,76.0,124.33333333333333,0.0,0.0,0.0,1,0.0,6.0,0.007156141795967961
18037,0,44.85208333333333,14,158.22,11.301428571428572,557.9597222222222,30,2.5,35.5,42.75,0.0,0.0,0.0,1,0.0,2.142857142857143,0.025046527403336058
15662,1,480.8354166666667,2,283.73,141.865,557.9590277777778,12,72.5,77.0,77.0,0.0,0.0,0.0,1,0.0,6.0,0.00357807978869451
15380,0,184.90902777777777,7,1788.8,255.54285714285714,557.9583333333334,6,93.71428571428571,63.5,62.166666666666664,1.0,16.0,48.96000000000001,1,0.14285714285714285,0.8571428571428571,0.012523294819232202
13110,0,76.8625,8,2201.29,275.16125,557.9416666666667,128,72.5,48.0,68.71428571428571,2.0,6.0,61.3,1,0.25,16.0,0.014312763705216704
12836,0,38.90416666666667,13,5610.77,431.59769230769234,557.9381944444444,243,144.0,42.0,47.18181818181818,2.0,4.0,39.15,1,0.15384615384615385,18.692307692307693,0.02325838550525488
15005,0,6.909027777777778,41,10400.58,253.67268292682925,557.9381944444444,494,151.9512195121951,12.0,13.775,17.0,87.0,296.3,1,0.4146341463414634,12.048780487804878,0.07335336967041924
16620,0,80.09236111111112,5,1675.73,335.146,557.9270833333334,74,221.2,111.5,119.5,0.0,0.0,0.0,1,0.0,14.8,0.008945710718079654
12758,0,96.03125,6,8681.84,1446.9733333333334,557.9236111111111,168,854.8333333333334,89.0,92.4,1.0,64.0,124.24,1,0.16666666666666666,28.0,0.01073491955022675
17961,0,2.890972222222222,82,2471.05,30.134756097560974,557.9180555555556,437,15.182926829268293,7.0,8.161764705882353,2.0,3.0,16.45,1,0.024390243902439025,5.329268292682927,0.1467120254658678
15601,0,23.084722222222222,25,12163.77,486.55080000000004,557.9145833333333,246,360.48,22.0,25.476190476190474,4.0,8.0,16.9,1,0.16,9.84,0.04472955393452339
13585,1,350.01180555555555,3,684.54,228.17999999999998,557.9125,29,462.0,104.0,104.0,1.0,48.0,10.08,1,0.3333333333333333,9.666666666666666,0.005367566479547335
13442,1,486.94930555555555,3,419.87,139.95666666666668,557.9104166666667,33,38.333333333333336,35.5,35.5,0.0,0.0,0.0,1,0.0,11.0,0.005367586487101018
13381,0,26.852777777777778,8,5656.41,707.05125,557.8965277777778,125,461.625,81.0,75.85714285714286,2.0,15.0,26.85,1,0.25,15.625,0.014313919665610932
16763,1,18.040277777777778,2,964.6999999999999,482.35,557.8916666666667,44,246.0,540.0,540.0,1.0,1.0,16.95,1,0.5,22.0,0.0035785110411976086
17243,0,56.107638888888886,54,14440.03,267.407962962963,557.8847222222222,298,104.87037037037037,8.5,10.04,9.0,23.0,162.45,1,0.16666666666666666,5.518518518518518,0.09662099866549702
14865,0,191.76875,3,77.52000000000001,25.840000000000003,557.8645833333334,3,64.0,183.0,183.0,0.0,0.0,0.0,1,0.0,1.0,0.0053680266910216025
17345,0,16.014583333333334,8,1192.32,149.04,557.85625,128,216.0,157.0,135.5,2.0,59.0,120.3,1,0.25,16.0,0.014314951295614926
13819,1,121.09166666666667,6,2642.35,440.39166666666665,557.8555555555556,47,384.8333333333333,10.0,87.4,1.0,7.0,11.25,1,0.16666666666666666,7.833333333333333,0.010736226812732369
15808,1,125.92847222222223,21,17180.25,818.1071428571429,557.8472222222222,348,321.57142857142856,21.0,21.6,3.0,27.0,141.3,1,0.14285714285714285,16.571428571428573,0.037577354176504214
17191,0,11.025694444444444,13,3392.36,260.95076923076925,557.8444444444444,224,129.30769230769232,59.0,60.77777777777778,1.0,2.0,25.5,1,0.07692307692307693,17.23076923076923,0.02326228725942421
13748,0,51.93055555555556,7,1696.95,242.42142857142858,557.8375,32,116.0,17.5,84.33333333333333,0.0,0.0,0.0,1,0.0,4.571428571428571,0.0125260026394077
15265,0,55.02361111111111,3,2551.76,850.5866666666667,557.8208333333333,146,399.3333333333333,251.5,251.5,0.0,0.0,0.0,1,0.0,48.666666666666664,0.005368446953033545
15750,0,102.84444444444445,13,4600.861,353.9123846153846,557.8131944444444,280,235.53846153846155,20.0,41.36363636363637,6.0,21.0,90.39,1,0.46153846153846156,21.53846153846154,0.023263588135072965
17428,0,32.08402777777778,30,21498.73,716.6243333333333,557.8069444444444,330,421.73333333333335,15.0,25.047619047619047,4.0,97.0,484.75000000000006,1,0.13333333333333333,11.0,0.05368580383306698
15485,0,155.8138888888889,6,3514.55,585.7583333333333,557.8048611111111,56,241.66666666666666,48.5,100.5,1.0,28.0,147.0,1,0.16666666666666666,9.333333333333334,0.010737200796839486
17246,1,366.0097222222222,2,38.92,19.46,557.7951388888889,6,18.0,192.0,192.0,0.0,0.0,0.0,1,0.0,3.0,0.0035791292028359628
14061,1,326.81111111111113,3,917.4300000000001,305.81,557.7826388888889,17,44.333333333333336,115.5,115.5,0.0,0.0,0.0,1,0.0,5.666666666666667,0.005368813902245332
14108,0,550.8923611111111,2,447.05,223.525,557.7798611111111,18,146.0,7.0,7.0,0.0,0.0,0.0,1,0.0,9.0,0.00357922706094504
13648,1,219.91944444444445,8,1764.02,220.5025,557.7756944444444,95,120.0,65.5,56.333333333333336,3.0,32.0,85.01,1,0.375,11.875,0.014317015001795842
16563,0,219.94375,5,3334.82,666.964,557.7604166666666,46,419.6,76.5,84.5,1.0,12.0,10.2,1,0.2,9.2,0.008948379038422103
16701,0,9.044444444444444,19,6716.72,353.51157894736843,557.7298611111111,113,344.2105263157895,24.0,30.5,5.0,69.0,109.16,1,0.2631578947368421,5.947368421052632,0.03400569993201346
12842,0,128.00972222222222,3,1109.73,369.91,557.1909722222222,27,165.66666666666666,214.5,214.5,0.0,0.0,0.0,1,0.0,9.0,0.00537450469336087
14302,1,250.19444444444446,3,742.9000000000001,247.63333333333335,557.1902777777777,25,99.33333333333333,153.5,153.5,0.0,0.0,0.0,1,0.0,8.333333333333334,0.005374511379781387
14135,0,5.970833333333333,18,6590.82,366.15666666666664,557.1611111111112,115,412.8333333333333,19.0,34.4375,1.0,23.0,38.87,1,0.05555555555555555,6.388888888888889,0.03224875334680349
14831,1,499.9298611111111,3,1676.57,558.8566666666667,557.1451388888889,67,295.0,57.0,57.0,4.0,8.0,52.6,1,1.3333333333333333,22.333333333333332,0.005374946032804589
15602,0,20.010416666666668,12,2383.04,198.58666666666667,557.1354166666666,53,125.0,28.0,48.81818181818182,8.0,155.0,241.79,1,0.6666666666666666,4.416666666666667,0.02150015863832329
13777,0,3.9375,49,35017.42,714.6412244897958,557.1270833333333,44,324.2857142857143,14.0,15.8,9.0,144.0,393.29,1,0.1836734693877551,0.8979591836734694,0.08779362525709124
14000,1,30.833333333333332,5,2046.3400000000001,409.26800000000003,557.125,28,367.6,118.0,131.5,3.0,27.0,168.75,1,0.6,5.6,0.008958566629339306
16823,1,46.90972222222222,7,2243.09,320.4414285714286,557.1201388888888,149,166.57142857142858,70.5,85.0,1.0,1.0,6.95,1,0.14285714285714285,21.285714285714285,0.012542102519245533
16163,1,51.89930555555556,6,2407.98,401.33,557.1180555555555,59,112.66666666666667,129.0,101.0,8.0,127.0,585.95,1,1.3333333333333333,9.833333333333334,0.010750413716731575
17193,0,205.82847222222222,2,610.74,305.37,557.1166666666667,12,207.0,351.0,351.0,1.0,36.0,30.599999999999998,1,0.5,6.0,0.0035834801564786334
15759,1,37.90069444444445,7,830.9300000000001,118.70428571428572,557.1125,10,74.71428571428571,70.0,86.5,3.0,5.0,19.95,1,0.42857142857142855,1.4285714285714286,0.01254227418307241
16131,0,26.8375,8,8115.4,1014.4250000000001,557.1118055555555,117,469.75,136.0,106.0,3.0,15.0,91.15,1,0.375,14.625,0.014334045473266135
14560,0,15.868055555555555,31,5108.26,164.7825806451613,557.1076388888889,51,114.6774193548387,12.0,20.807692307692307,1.0,1.0,9.95,1,0.03225806451612903,1.6451612903225807,0.05554484088717454
17087,1,557.0895833333333,1,221.53,221.53,557.0895833333333,12,113.0,61.0,70.81666666666666,0.0,0.0,0.0,0,0.0,12.0,0.0017918270289641375
14894,0,262.89375,2,837.0600000000001,418.53000000000003,557.0888888888888,23,169.0,294.0,294.0,2.0,12.0,80.6,1,1.0,11.5,0.0035836585171617427
16202,1,180.08819444444444,9,2501.9900000000002,277.99888888888887,557.0847222222222,105,145.22222222222223,66.5,62.833333333333336,2.0,25.0,34.95,1,0.2222222222222222,11.666666666666666,0.01612658372758019
16700,0,20.914583333333333,19,6702.45,352.7605263157895,557.0826388888889,229,259.3157894736842,37.0,35.733333333333334,4.0,16.0,62.400000000000006,1,0.21052631578947367,12.052631578947368,0.03404513718224227
17511,0,25.8875,44,116820.89,2655.0202272727274,557.0819444444444,502,1760.4772727272727,14.0,14.75,17.0,269.0,978.23,1,0.38636363636363635,11.409090909090908,0.07884146842234938
14299,0,137.92083333333332,22,11670.57,530.4804545454546,557.0777777777778,99,287.6818181818182,21.0,22.05263157894737,10.0,156.0,1390.6999999999998,1,0.45454545454545453,4.5,0.039421028530471657
17949,0,8.958333333333334,88,69435.59999999999,789.0409090909092,557.0715277777778,39,378.72727272727275,7.0,10.538461538461538,14.0,3451.0,14452.85,1,0.1590909090909091,0.4431818181818182,0.15768588007063014
14799,0,557.0638888888889,1,180.45,180.45,557.0638888888889,10,349.0,61.0,70.81666666666666,0.0,0.0,0.0,0,0.0,10.0,0.0017919095284789177
16550,0,4.96875,16,7940.9400000000005,496.30875,557.0597222222223,243,300.25,33.0,36.8,9.0,51.0,239.31,1,0.5625,15.1875,0.028670766519911496
12980,0,7.091666666666667,19,14329.86,754.2031578947368,557.0583333333333,7,81.57894736842105,28.5,30.555555555555557,4.0,23.0,196.59,1,0.21052631578947367,0.3684210526315789,0.0340466199770036
14425,1,254.1013888888889,3,661.39,220.46333333333334,557.0548611111111,35,108.33333333333333,151.5,151.5,2.0,6.0,25.5,1,0.6666666666666666,11.666666666666666,0.0053758155497953585
15353,1,74.02430555555556,7,2794.4700000000003,399.21,557.0534722222222,274,198.71428571428572,71.0,80.5,1.0,2.0,21.9,1,0.14285714285714285,39.142857142857146,0.01254360083474677
17818,1,557.0527777777778,1,124.78,124.78,557.0527777777778,42,86.0,61.0,70.81666666666666,0.0,0.0,0.0,0,0.0,42.0,0.0017919452062976917
13654,0,21.103472222222223,8,4773.51,596.68875,557.0465277777778,192,423.625,60.0,76.57142857142857,0.0,0.0,0.0,1,0.0,24.0,0.014335722205560817
17189,0,178.80694444444444,4,796.45,199.1125,557.0451388888889,87,119.25,162.0,126.0,0.0,0.0,0.0,1,0.0,21.75,0.007167878942488971
13269,0,37.829166666666666,18,5239.32,291.0733333333333,557.04375,185,232.77777777777777,39.5,43.25,1.0,3.0,28.65,1,0.05555555555555555,10.277777777777779,0.03225553552028851
14653,0,157.96458333333334,6,2011.22,335.2033333333333,557.0409722222222,150,221.5,38.0,79.8,0.0,0.0,0.0,1,0.0,25.0,0.010751898693221202
17019,0,81.06527777777778,10,3340.14,334.014,557.0402777777778,308,223.4,59.5,59.5,2.0,22.0,60.7,1,0.2,30.8,0.01791985345542063
15542,1,331.97083333333336,3,855.71,285.2366666666667,557.0395833333333,212,139.33333333333334,225.0,225.0,1.0,17.0,22.55,1,0.3333333333333333,70.66666666666667,0.0053759627266584285
13564,0,173.83333333333334,36,15948.33,443.00916666666666,557.0381944444445,484,246.58333333333334,15.0,15.958333333333334,15.0,102.0,361.55,1,0.4166666666666667,13.444444444444445,0.06451171328127431
16467,1,328.0423611111111,7,2869.16,409.88,557.0354166666667,14,1054.857142857143,31.0,38.166666666666664,1.0,4.0,6.76,1,0.14285714285714285,2.0,0.0125440066901369
15833,1,557.0354166666667,1,80.4,80.4,557.0354166666667,5,24.0,61.0,70.81666666666666,0.0,0.0,0.0,0,0.0,5.0,0.001792000955733843
14527,0,4.020138888888889,94,22302.11,237.25648936170214,557.0305555555556,527,57.90425531914894,6.0,6.010869565217392,53.0,182.0,1504.68,1,0.5638297872340425,5.6063829787234045,0.16844955722257343
17476,1,215.10347222222222,2,489.86,244.93,557.0284722222223,29,112.0,342.0,342.0,2.0,4.0,43.349999999999994,1,1.0,14.5,0.0035840465129591903
15287,0,199.09791666666666,3,369.34000000000003,123.11333333333334,557.0256944444444,13,192.33333333333334,179.0,179.0,0.0,0.0,0.0,1,0.0,4.333333333333333,0.005376096530799931
14440,0,136.09722222222223,10,4810.06,481.00600000000003,557.0256944444444,55,135.8,44.0,52.625,2.0,10.0,111.89999999999999,1,0.2,5.5,0.017920321769333104
15680,0,185.92152777777778,8,3173.9,396.7375,557.0243055555555,128,265.25,48.0,53.0,2.0,10.0,43.1,1,0.25,16.0,0.014336293097547772
15581,0,45.824305555555554,33,4435.39,134.40575757575758,557.0215277777778,523,90.66666666666667,11.5,21.291666666666668,4.0,62.0,1743.61,1,0.12121212121212122,15.848484848484848,0.05913750340675327
13740,1,60.09583333333333,5,1582.77,316.554,557.0194444444444,83,197.4,125.5,124.25,0.0,0.0,0.0,1,0.0,16.6,0.008960261241394417
17768,0,206.9638888888889,4,1210.83,302.7075,557.0166666666667,69,304.25,175.0,175.0,1.0,1.0,4.95,1,0.25,17.25,0.007168244676084944
12948,0,34.109027777777776,5,1138.74,227.748,557.0152777777778,53,122.4,26.5,130.75,0.0,0.0,0.0,1,0.0,10.6,0.008960328147128589
14667,0,33.990972222222226,40,15114.55,377.86375,557.0083333333333,473,224.95,14.0,14.527777777777779,7.0,66.0,206.55,1,0.175,11.825,0.07168351727124744
17377,0,75.06597222222223,65,15183.57,233.59338461538462,557.0076388888889,428,91.6923076923077,7.0,8.763636363636364,13.0,49.0,468.0,1,0.2,6.584615384615384,0.11648586053307215
14467,0,132.01041666666666,9,1738.68,193.18666666666667,557.0041666666667,120,105.33333333333333,51.0,53.125,0.0,0.0,0.0,1,0.0,13.333333333333334,0.016128911821148288
13457,1,508.16805555555555,2,148.22,74.11,557.0027777777777,9,48.0,49.0,49.0,2.0,3.0,4.949999999999999,1,1.0,4.5,0.0035842115481304854
18108,1,73.95416666666667,3,848.8100000000001,282.93666666666667,557.0020833333333,43,87.0,241.5,241.5,1.0,2.0,6.35,1,0.3333333333333333,14.333333333333334,0.005376324013127191
16210,0,32.87361111111111,26,23257.88,894.5338461538462,556.9972222222223,117,346.61538461538464,13.0,24.952380952380953,2.0,31.0,185.45,1,0.07692307692307693,4.5,0.04659521403431916
14669,1,61.046527777777776,7,3216.78,459.53999999999996,556.9888888888889,334,291.85714285714283,83.5,124.0,0.0,0.0,0.0,1,0.0,47.714285714285715,0.012545052669308427
17909,1,556.9861111111111,1,110.05,110.05,556.9861111111111,8,35.0,61.0,70.81666666666666,0.0,0.0,0.0,0,0.0,8.0,0.00179215930304916
16086,0,19.889583333333334,8,2153.4,269.175,556.9791666666666,63,148.375,79.0,76.71428571428571,1.0,1.0,2.08,1,0.125,7.875,0.014337452861890006
16711,0,121.91944444444445,6,1816.25,302.7083333333333,556.9777777777778,11,80.5,55.0,87.0,1.0,26.0,117.0,1,0.16666666666666666,1.8333333333333333,0.010753116412441754
14739,0,39.03611111111111,21,8978.960000000001,427.56952380952384,556.9770833333333,116,330.95238095238096,19.5,25.9,2.0,5.0,14.750000000000002,1,0.09523809523809523,5.523809523809524,0.037635954284263466
16233,0,149.09652777777777,8,1608.13,201.01625,556.9770833333333,37,74.125,50.0,58.285714285714285,3.0,12.0,147.0,1,0.375,4.625,0.01433750639400513
14204,0,241.97083333333333,3,874.22,291.4066666666667,556.975,158,132.33333333333334,157.5,157.5,0.0,0.0,0.0,1,0.0,52.666666666666664,0.0053765849724450015
17606,1,556.9708333333333,1,87.30000000000001,87.30000000000001,556.9708333333333,6,42.0,61.0,70.81666666666666,0.0,0.0,0.0,0,0.0,6.0,0.001792208374093628
16797,1,212.73333333333332,5,1802.02,360.404,556.9701388888889,289,179.6,99.0,86.0,4.0,8.0,41.0,1,0.8,57.8,0.008961053023297494
16126,0,3.9118055555555555,13,10200.83,784.6792307692308,556.9694444444444,128,351.15384615384613,45.0,46.083333333333336,0.0,0.0,0.0,1,0.0,9.846153846153847,0.02329876685800198
17867,0,22.87361111111111,11,1028.23,93.47545454545455,556.9659722222223,63,38.45454545454545,53.0,59.333333333333336,4.0,32.0,163.9,1,0.36363636363636365,5.7272727272727275,0.019714463869884537
17412,0,15.913194444444445,13,3671.98,282.46,556.9576388888889,143,167.23076923076923,44.5,45.083333333333336,3.0,27.0,32.54,1,0.23076923076923078,11.0,0.023299259825330227
16525,0,4.1930555555555555,38,19310.96,508.18315789473684,556.95625,108,298.89473684210526,14.0,14.945945945945946,4.0,196.0,629.72,1,0.10526315789473684,2.8421052631578947,0.06810569825143101
13623,0,29.85972222222222,9,2344.49,260.4988888888889,556.9534722222222,198,97.0,49.0,65.875,4.0,8.0,64.69,1,0.4444444444444444,22.0,0.01613037725915517
12435,0,87.21527777777777,5,10075.03,2015.006,556.9527777777778,81,756.4,114.5,117.5,0.0,0.0,0.0,1,0.0,16.2,0.008961331853054071
14549,1,130.96041666666667,4,913.6,228.4,556.9472222222222,117,98.5,144.0,142.0,0.0,0.0,0.0,1,0.0,29.25,0.007169136865792763
14106,1,556.9451388888889,1,214.79999999999998,214.79999999999998,556.9451388888889,1,24.0,61.0,70.81666666666666,0.0,0.0,0.0,0,0.0,1.0,0.00179229090872883
14980,1,556.9451388888889,1,150.68,150.68,556.9451388888889,24,79.0,61.0,70.81666666666666,0.0,0.0,0.0,0,0.0,24.0,0.00179229090872883
14396,0,190.89652777777778,6,1591.74,265.29,556.9368055555556,167,128.83333333333334,88.5,91.5,0.0,0.0,0.0,1,0.0,27.833333333333332,0.010753906070107004
14122,1,225.90208333333334,3,362.42,120.80666666666667,556.9361111111111,12,38.0,165.5,165.5,2.0,19.0,52.650000000000006,1,0.6666666666666666,4.0,0.005376959727567373
16987,0,24.87152777777778,5,1117.65,223.53000000000003,556.9277777777778,120,63.4,144.0,133.0,1.0,2.0,11.9,1,0.2,24.0,0.008961733398388879
17809,0,37.11805555555556,14,7324.68,523.1914285714286,556.9152777777778,32,108.57142857142857,46.0,47.27272727272727,1.0,2.0,54.25,1,0.07142857142857142,2.2857142857142856,0.025093415716743134
15917,1,67.09027777777777,5,530.17,106.03399999999999,556.9131944444445,127,49.6,116.0,163.33333333333334,0.0,0.0,0.0,1,0.0,25.4,0.008961967649786219
14987,0,185.02569444444444,7,1387.4499999999998,198.20714285714283,556.9125,4,77.57142857142857,11.0,74.4,1.0,32.0,81.6,1,0.14285714285714285,0.5714285714285714,0.012546770326888177
14080,0,232.94861111111112,4,1070.08,267.52,556.9090277777777,70,55.0,102.0,108.0,1.0,1.0,39.95,1,0.25,17.5,0.00716962766480497
16200,0,202.03680555555556,10,4539.23,453.92300000000006,556.9069444444444,241,255.2,57.0,59.166666666666664,1.0,2.0,13.5,1,0.1,24.1,0.01792413609398222
15794,1,555.9902777777778,2,777.0,388.5,556.9027777777778,15,144.0,1.0,1.0,0.0,0.0,0.0,1,0.0,7.5,0.0035848539918842885
15523,0,207.89097222222222,15,16847.18,1123.1453333333334,556.8986111111111,63,1033.4,20.0,26.846153846153847,2.0,23.0,139.95,1,0.13333333333333333,4.2,0.026886605740290326
15615,0,3.033333333333333,36,16196.19,449.8941666666667,556.8902777777778,242,257.05555555555554,20.0,19.103448275862068,6.0,34.0,83.39999999999999,1,0.16666666666666666,6.722222222222222,0.06452881764385171
18001,0,269.05069444444445,4,509.01,127.2525,556.8833333333333,69,128.0,144.0,144.0,0.0,0.0,0.0,1,0.0,17.25,0.0071699578764974755
17841,0,2.861111111111111,137,40821.76,297.9690510948905,556.88125,1789,146.3065693430657,4.0,4.362204724409449,52.0,285.0,889.28,1,0.3795620437956204,13.058394160583942,0.24557197432249245
13089,0,5.042361111111111,160,84122.0,525.7625,556.8791666666667,699,271.8625,4.0,5.465346534653466,36.0,925.0,3332.77,1,0.225,4.36875,0.28680045708822843
15989,1,195.0326388888889,2,368.31,184.155,556.8743055555556,81,84.5,362.0,362.0,0.0,0.0,0.0,1,0.0,40.5,0.0035850369520215
17660,0,556.8666666666667,1,163.47,163.47,556.8666666666667,42,138.0,61.0,70.81666666666666,0.0,0.0,0.0,0,0.0,42.0,0.0017925430210325047
13313,0,34.979166666666664,9,2499.7400000000002,277.7488888888889,556.8555555555556,89,198.66666666666666,56.0,74.57142857142857,3.0,9.0,22.05,1,0.3333333333333333,9.88888888888889,0.01613320851674069
12437,0,18.1125,29,9707.08,334.7268965517241,556.8513888888889,228,219.3793103448276,21.0,21.56,8.0,70.0,288.55,1,0.27586206896551724,7.862068965517241,0.051985171279686694
14841,0,93.97361111111111,11,5649.09,513.5536363636364,556.8340277777778,166,303.3636363636364,35.0,46.3,0.0,0.0,0.0,1,0.0,15.090909090909092,0.019719126930675564
14646,0,11.10138888888889,105,364532.42,3471.737333333333,556.8319444444444,729,2399.752380952381,6.0,8.4,10.0,1844.0,4588.45,1,0.09523809523809523,6.942857142857143,0.18822873276748525
15482,0,70.08402777777778,10,4799.84,479.98400000000004,556.8270833333333,43,193.6,29.0,60.875,1.0,1.0,1998.49,1,0.1,4.3,0.01792670219639449
16156,0,25.845833333333335,14,4126.71,294.765,556.8222222222222,138,168.57142857142858,45.0,48.27272727272727,3.0,162.0,183.36999999999998,1,0.21428571428571427,9.857142857142858,0.02509760178471835
17716,0,68.89722222222223,15,11752.6,783.5066666666667,556.8138888888889,261,437.8666666666667,25.5,40.666666666666664,2.0,47.0,135.45,1,0.13333333333333333,17.4,0.02689068934780119
12779,0,9.092361111111112,13,5492.16,422.4738461538461,556.2256944444445,123,220.15384615384616,42.0,45.583333333333336,6.0,161.0,296.15,1,0.46153846153846156,9.461538461538462,0.023329864594562596
13611,0,179.09652777777777,8,2446.6800000000003,305.83500000000004,556.2034722222222,131,177.125,61.0,53.857142857142854,3.0,9.0,24.9,1,0.375,16.375,0.014357412325688925
15255,0,215.9013888888889,8,2815.17,351.89625,556.1527777777778,101,215.625,34.5,56.666666666666664,2.0,19.0,58.65,1,0.25,12.625,0.014358718683784119
14771,1,440.99861111111113,2,594.62,297.31,556.1291666666667,46,311.0,115.0,115.0,1.0,14.0,14.7,1,0.5,23.0,0.0035898318014224704
14838,1,242.87777777777777,2,769.9200000000001,384.96000000000004,556.1236111111111,69,180.5,313.0,313.0,0.0,0.0,0.0,1,0.0,34.5,0.0035898675987026617
13979,0,212.94444444444446,6,2510.06,418.3433333333333,556.1166666666667,309,271.8333333333333,78.5,85.75,4.0,18.0,89.4,1,0.6666666666666666,51.5,0.010769737038920632
13800,1,129.01597222222222,3,1679.56,559.8533333333334,556.1159722222222,73,297.0,213.5,213.5,0.0,0.0,0.0,1,0.0,24.333333333333332,0.005384875231692982
14483,1,101.1,2,257.1,128.55,556.1069444444445,13,96.5,455.0,455.0,0.0,0.0,0.0,1,0.0,6.5,0.0035899749948269453
14915,0,97.13263888888889,10,1646.05,164.605,556.10625,63,67.1,58.5,57.375,1.0,1.0,9.95,1,0.1,6.3,0.017949897349024534
13753,1,107.00138888888888,4,2094.57,523.6425,556.1041666666666,64,362.5,85.0,149.66666666666666,0.0,0.0,0.0,1,0.0,16.0,0.0071799857896114585
16301,1,556.1041666666666,1,107.33,107.33,556.1041666666666,6,41.0,61.0,70.81666666666666,0.0,0.0,0.0,0,0.0,6.0,0.0017949964474028646
13931,0,100.17152777777778,10,4398.06,439.80600000000004,556.1,177,297.4,71.5,76.0,0.0,0.0,0.0,1,0.0,17.7,0.01795009872554299
17035,1,65.06041666666667,4,613.59,153.3975,556.0923611111111,29,81.75,145.0,163.66666666666666,1.0,28.0,45.2,1,0.25,7.25,0.0071801379434140306
15194,0,18.179166666666667,22,8066.18,366.6445454545455,556.0923611111111,203,264.1818181818182,21.0,26.9,9.0,76.0,226.75,1,0.4090909090909091,9.227272727272727,0.03949075868877717
14347,1,556.0840277777778,1,82.6,82.6,556.0840277777778,6,48.0,61.0,70.81666666666666,0.0,0.0,0.0,0,0.0,6.0,0.0017950613374952162
12934,1,556.0826388888889,1,181.65,181.65,556.0826388888889,2,31.0,61.0,70.81666666666666,0.0,0.0,0.0,0,0.0,2.0,0.0017950658128469369
15291,0,0.04791666666666667,35,11830.470000000001,338.01342857142856,556.0701388888889,112,108.05714285714286,8.0,16.848484848484848,12.0,345.0,386.62,1,0.34285714285714286,3.2,0.06282871322058238
17209,1,468.8673611111111,3,595.7,198.5666666666667,556.0694444444445,36,241.0,43.5,43.5,0.0,0.0,0.0,1,0.0,12.0,0.005385324989403874
15658,1,9.894444444444444,8,2117.27,264.65875,556.0631944444444,80,78.625,63.0,78.0,5.0,29.0,153.13,1,0.625,10.0,0.01436102776091382
17314,0,76.14861111111111,12,3163.51,263.62583333333333,556.0590277777778,117,178.91666666666666,49.0,43.63636363636363,4.0,434.0,387.02,1,0.3333333333333333,9.75,0.02154170276688711
17155,0,347.1430555555556,5,640.76,128.152,556.0527777777778,31,149.0,47.0,52.25,0.0,0.0,0.0,1,0.0,6.2,0.008975810191533816
15965,0,186.98055555555555,10,2119.26,211.92600000000002,556.0451388888889,144,95.3,50.5,46.125,1.0,5.0,13.75,1,0.1,14.4,0.01795186655779192
17322,1,195.92291666666668,5,922.59,184.518,556.0444444444445,115,126.2,16.0,90.0,2.0,7.0,21.950000000000003,1,0.4,23.0,0.008975944468823552
16159,1,101.01597222222222,4,1232.79,308.1975,556.0409722222222,31,158.75,177.0,151.66666666666666,1.0,2.0,2.5,1,0.25,7.75,0.007180800335104016
14051,0,32.90625,25,11994.07,479.76279999999997,556.0395833333333,74,142.12,19.0,23.772727272727273,5.0,56.0,329.5,1,0.2,2.96,0.04488011399548955
13993,0,25.020138888888887,14,4802.17,343.01214285714286,556.0368055555556,102,117.14285714285714,45.0,44.25,3.0,8.0,32.900000000000006,1,0.21428571428571427,7.285714285714286,0.0251329891676318
17411,0,80.9625,3,932.02,310.67333333333335,556.0333333333333,46,142.66666666666666,237.5,237.5,4.0,27.0,108.85000000000001,1,1.3333333333333333,15.333333333333334,0.0053856741068757106
15768,0,23.097916666666666,33,15166.21,459.5821212121212,556.0277777777778,432,124.96969696969697,7.0,17.193548387096776,2.0,3.0,41.63,1,0.06060606060606061,13.090909090909092,0.059243006034009865
12835,1,247.07708333333332,41,5996.83,146.2641463414634,556.0256944444444,138,57.292682926829265,7.5,8.583333333333334,8.0,14.0,24.64,1,0.1951219512195122,3.3658536585365852,0.07360522218080405
15179,0,53.15763888888889,11,6740.09,612.7354545454546,556.0159722222222,190,433.8181818181818,48.5,50.3,3.0,52.0,60.849999999999994,1,0.2727272727272727,17.272727272727273,0.019748087215731645
17069,0,46.05416666666667,9,3880.6,431.17777777777775,556.0159722222222,146,243.44444444444446,52.0,72.85714285714286,5.0,30.0,48.400000000000006,1,0.5555555555555556,16.22222222222222,0.01615752590378044
16918,0,136.80069444444445,11,2413.5,219.4090909090909,556.0159722222222,235,138.0,37.0,46.55555555555556,2.0,7.0,49.75,1,0.18181818181818182,21.363636363636363,0.019748087215731645
15466,0,209.0,3,1225.93,408.6433333333334,556.0152777777778,172,231.66666666666666,173.5,173.5,0.0,0.0,0.0,1,0.0,57.333333333333336,0.005385848682586504
14159,0,6.947222222222222,12,4331.58,360.965,556.0131944444445,482,258.6666666666667,52.0,54.9,2.0,212.0,351.42,1,0.16666666666666666,40.166666666666664,0.021543475306664138
17940,0,37.78055555555556,11,29662.29,2696.5718181818183,556.0131944444445,11,7521.636363636364,54.0,57.55555555555556,6.0,6.0,3433.17,1,0.5454545454545454,1.0,0.01974818569777546
17581,0,32.96527777777778,28,10345.49,369.4817857142857,556.0111111111111,291,185.10714285714286,43.0,40.23076923076923,7.0,40.0,437.45000000000005,1,0.25,10.392857142857142,0.05026829706169835
16168,0,5.929166666666666,49,7968.38,162.62,556.0083333333333,113,76.6938775510204,9.0,13.75,6.0,16.0,80.39,1,0.12244897959183673,2.306122448979592,0.08796995855836987
14606,0,2.9875,150,24937.7,166.25133333333335,556.0069444444445,1180,84.16666666666667,4.0,3.9784172661870505,52.0,130.0,451.55,1,0.3466666666666667,7.866666666666666,0.26929646299043747
17287,0,25.135416666666668,18,3278.14,182.11888888888888,556.0034722222222,243,91.05555555555556,32.0,37.92857142857143,2.0,4.0,16.25,1,0.1111111111111111,13.5,0.03231577700617765
17913,0,175.05208333333334,13,3238.69,249.13,555.9916666666667,213,118.23076923076923,36.0,34.63636363636363,0.0,0.0,0.0,1,0.0,16.384615384615383,0.023339666960906058
13416,0,555.9916666666667,1,228.3,228.3,555.9916666666667,7,66.0,61.0,70.81666666666666,0.0,0.0,0.0,0,0.0,7.0,0.0017953589969927736
16779,0,2.8375,42,26441.03,629.5483333333333,555.9909722222222,267,393.2857142857143,12.0,13.825,5.0,53.0,130.61,1,0.11904761904761904,6.357142857142857,0.07540517188713661
13895,0,335.0861111111111,2,1415.45,707.7249999999999,555.9868055555555,67,347.5,221.0,221.0,1.0,1.0,79.95,1,0.5,33.5,0.0035907493320333495
14057,0,18.870833333333334,13,4805.23,369.6330769230769,555.98125,194,315.61538461538464,51.5,53.7,1.0,168.0,70.56,1,0.07692307692307693,14.923076923076923,0.023340103459497063
17017,0,24.028472222222224,20,8376.55,418.8275,555.9777777777778,104,312.25,20.5,38.0,10.0,67.0,5980.0,1,0.5,5.2,0.03590807532716247
13208,0,26.01736111111111,6,1452.61,242.1016666666667,555.9756944444445,162,170.66666666666666,84.0,106.0,0.0,0.0,0.0,1,0.0,27.0,0.010772462891733007
17465,1,245.0375,7,2542.79,363.2557142857143,555.9756944444445,103,211.0,60.0,62.2,2.0,7.0,9.15,1,0.2857142857142857,14.714285714285714,0.01256787337368851
13468,0,20.927083333333332,56,10679.43,190.70410714285714,555.9708333333333,253,80.57142857142857,8.0,10.09433962264151,12.0,54.0,259.18,1,0.21428571428571427,4.517857142857143,0.10054386450517308
13485,1,52.952777777777776,11,3019.2200000000003,274.4745454545455,555.9611111111111,131,163.45454545454547,40.0,62.875,4.0,10.0,61.300000000000004,1,0.36363636363636365,11.909090909090908,0.019750032417982503
17271,1,555.9590277777778,1,204.3,204.3,555.9590277777778,46,113.0,61.0,70.81666666666666,0.0,0.0,0.0,0,0.0,46.0,0.0017954642085431676
16139,0,26.102083333333333,3,615.54,205.17999999999998,555.9576388888889,29,118.66666666666667,265.0,265.0,0.0,0.0,0.0,1,0.0,9.666666666666666,0.005386406057711849
15953,0,31.045833333333334,14,2607.1,186.22142857142856,555.9513888888889,69,92.85714285714286,35.0,40.38461538461539,2.0,98.0,138.9,1,0.14285714285714285,4.928571428571429,0.025136843680253363
15856,0,1.836111111111111,34,23682.95,696.5573529411765,555.95,232,387.6764705882353,16.0,17.870967741935484,4.0,49.0,268.05,1,0.11764705882352941,6.823529411764706,0.061046772600772056
14967,0,261.06875,5,1518.81,303.762,555.9465277777778,19,102.4,147.5,147.5,1.0,1.0,302.09,1,0.2,3.8,0.008977522527970594
16497,0,22.95277777777778,22,5280.29,240.0131818181818,555.94375,204,111.04545454545455,29.0,35.53333333333333,0.0,0.0,0.0,1,0.0,9.272727272727273,0.03950129613627947
17764,0,30.860416666666666,4,971.69,242.9225,555.9319444444444,76,109.0,191.0,175.0,0.0,0.0,0.0,1,0.0,19.0,0.007182206084425835
14905,0,53.084722222222226,7,1663.79,237.68428571428572,555.9263888888889,43,123.28571428571429,83.0,83.83333333333333,1.0,9.0,15.45,1,0.14285714285714285,6.142857142857143,0.012568986026978429
18229,0,3.897222222222222,17,6083.51,357.8535294117647,555.9222222222222,54,81.47058823529412,30.0,36.8,0.0,0.0,0.0,1,0.0,3.176470588235294,0.030524908724537638
17293,0,127.87222222222222,10,2365.92,236.592,555.9034722222223,91,139.6,42.0,47.55555555555556,0.0,0.0,0.0,1,0.0,9.1,0.017956433203938943
17853,1,226.88958333333332,3,1596.29,532.0966666666667,555.9034722222223,84,208.33333333333334,164.5,164.5,0.0,0.0,0.0,1,0.0,28.0,0.005386929961181682
15550,0,121.00069444444445,9,1773.3200000000002,197.03555555555556,555.8993055555555,141,104.44444444444444,53.0,72.5,2.0,8.0,223.20000000000002,1,0.2222222222222222,15.666666666666666,0.016160910797009733
13531,1,24.829166666666666,6,1433.07,238.845,555.8958333333334,44,82.83333333333333,136.5,132.75,0.0,0.0,0.0,1,0.0,7.333333333333333,0.01077400770640829
13786,1,186.95625,6,3127.99,521.3316666666666,555.8875,80,252.5,27.0,73.8,2.0,13.0,622.53,1,0.3333333333333333,13.333333333333334,0.010774168929990348
14952,0,26.175,28,13064.47,466.5882142857143,555.8861111111111,209,193.17857142857142,21.0,27.894736842105264,9.0,88.0,224.7,1,0.32142857142857145,7.464285714285714,0.0502795804049302
14031,0,15.816666666666666,36,29637.21,823.2558333333333,555.8854166666666,244,306.1388888888889,14.0,17.419354838709676,10.0,349.0,1555.25,1,0.2777777777777778,6.777777777777778,0.06464525541983876
12937,0,16.939583333333335,7,2021.57,288.79571428571427,555.8798611111112,81,177.71428571428572,68.0,89.83333333333333,0.0,0.0,0.0,1,0.0,11.571428571428571,0.012570036176264827
16612,0,6.050694444444445,7,2766.67,395.23857142857145,555.8722222222223,96,177.85714285714286,82.5,91.66666666666667,1.0,1.0,1.95,1,0.14285714285714285,13.714285714285714,0.012570208605604715
12949,0,25.972916666666666,17,13610.18,800.5988235294118,555.8708333333333,311,419.47058823529414,32.0,44.166666666666664,6.0,36.0,135.7,1,0.35294117647058826,18.294117647058822,0.03052772560961923
14958,0,4.856944444444444,5,834.59,166.918,555.8666666666667,46,45.6,85.0,137.75,0.0,0.0,0.0,1,0.0,9.2,0.008978810008380222
17329,0,134.88958333333332,4,718.78,179.695,555.8618055555555,73,88.75,210.5,210.5,0.0,0.0,0.0,1,0.0,18.25,0.0071831107109409
16736,1,325.1118055555556,5,2956.56,591.312,555.8597222222222,116,210.0,49.5,57.75,3.0,11.0,52.05,1,0.6,23.2,0.008978921980650423
13001,0,4.006944444444445,30,22069.18,735.6393333333333,555.8534722222222,295,414.23333333333335,16.0,19.03448275862069,4.0,21.0,36.05,1,0.13333333333333333,9.833333333333334,0.0538741365484886
14644,0,117.94166666666666,6,1604.46,267.41,555.8513888888889,37,96.33333333333333,96.5,109.5,3.0,9.0,119.94999999999999,1,0.5,6.166666666666667,0.01077486762127338
14898,0,59.96388888888889,12,2707.57,225.63083333333336,555.8402777777778,135,135.58333333333334,46.0,45.09090909090909,4.0,21.0,123.35000000000001,1,0.3333333333333333,11.25,0.021550165242875848
14662,0,54.016666666666666,6,1147.34,191.22333333333333,555.8354166666667,139,108.5,104.0,100.4,0.0,0.0,0.0,1,0.0,23.166666666666668,0.010775176686707997
17414,0,4.0465277777777775,5,2069.52,413.904,555.8340277777778,6,1107.2,136.5,138.0,0.0,0.0,0.0,1,0.0,1.2,0.008979336302334252
14755,0,26.99375,18,6824.78,379.15444444444444,555.8326388888889,184,163.38888888888889,40.5,37.785714285714285,5.0,35.0,121.1,1,0.2777777777777778,10.222222222222221,0.03232569131708485
17576,0,2.79375,32,6844.56,213.8925,555.8305555555555,318,114.40625,20.0,19.06896551724138,3.0,14.0,74.4,1,0.09375,9.9375,0.05746811068597569
13037,0,38.886805555555554,11,3611.2000000000003,328.2909090909091,555.8236111111111,174,181.1818181818182,51.0,57.44444444444444,4.0,25.0,72.4,1,0.36363636363636365,15.818181818181818,0.019754909419250562
14710,0,198.97291666666666,9,1300.31,144.4788888888889,555.8180555555556,203,84.44444444444444,26.5,44.625,0.0,0.0,0.0,1,0.0,22.555555555555557,0.016163268971262804
18168,0,23.741666666666667,15,3320.35,221.35666666666665,555.80625,209,127.46666666666667,40.0,38.0,6.0,27.0,83.2,1,0.4,13.933333333333334,0.02693935278204941
17679,0,341.1326388888889,5,1585.5,317.1,555.8041666666667,41,205.2,62.0,71.66666666666667,4.0,341.0,411.05,1,0.8,8.2,0.008979817859361085
17851,1,241.90069444444444,6,1552.35,258.72499999999997,555.7944444444445,185,155.5,26.0,62.8,0.0,0.0,0.0,1,0.0,30.833333333333332,0.010775969587819163
14750,1,555.7868055555556,1,112.03,112.03,555.7868055555556,32,65.0,61.0,70.81666666666666,0.0,0.0,0.0,0,0.0,32.0,0.0017960195716243874
16791,0,32.975,12,2819.6,234.96666666666667,555.7791666666667,294,113.41666666666667,54.0,58.111111111111114,2.0,23.0,77.07,1,0.16666666666666666,24.5,0.02155253055146041
16558,0,12.086805555555555,28,8416.2,300.5785714285715,555.7770833333333,273,165.39285714285714,17.0,21.76,8.0,47.0,135.69,1,0.2857142857142857,9.75,0.05028942612430918
15884,1,251.87152777777777,2,244.60000000000002,122.30000000000001,555.76875,14,76.0,304.0,304.0,1.0,1.0,5.95,1,0.5,7.0,0.0035921556301426764
17343,1,174.9048611111111,6,1259.94,209.99,555.7638888888889,61,75.66666666666667,63.0,76.2,0.0,0.0,0.0,1,0.0,10.166666666666666,0.010776560979868784
17372,0,2.9583333333333335,25,3879.94,155.1976,555.75625,364,65.6,17.5,23.041666666666668,3.0,49.0,52.13,1,0.12,14.56,0.04490295349176592
16003,0,179.02847222222223,6,4059.46,676.5766666666667,555.7493055555556,102,201.5,67.0,94.25,0.0,0.0,0.0,1,0.0,17.0,0.010776843258049267
17432,0,204.82569444444445,7,1363.23,194.74714285714285,555.7340277777778,174,114.42857142857143,80.5,87.75,0.0,0.0,0.0,1,0.0,24.857142857142858,0.012573328826227364
14713,0,5.893055555555556,17,3903.2,229.6,555.7277777777778,185,151.41176470588235,35.0,34.375,4.0,11.0,46.4,1,0.23529411764705882,10.882352941176471,0.030535569947410964
16722,0,3.113888888888889,15,5712.21,380.814,555.7270833333333,130,340.6,42.5,39.5,3.0,3.0,4.75,1,0.2,8.666666666666666,0.02694318356166434
12577,0,178.85347222222222,6,1186.3899999999999,197.73166666666665,555.7215277777777,195,142.66666666666666,28.0,125.66666666666667,0.0,0.0,0.0,1,0.0,32.5,0.010777380971685676
12872,1,146.08194444444445,12,3283.96,273.66333333333336,555.6993055555556,217,136.83333333333334,38.0,37.27272727272727,1.0,3.0,7.15,1,0.08333333333333333,18.083333333333332,0.02155562236246128
15755,0,54.950694444444444,13,4249.6,326.8923076923077,555.1847222222223,208,227.84615384615384,41.0,41.666666666666664,1.0,5.0,10.799999999999999,1,0.07692307692307693,16.0,0.023373529477866313
14258,0,19.15277777777778,22,26989.18,1226.780909090909,555.1763888888889,87,684.0909090909091,28.5,29.77777777777778,6.0,239.0,1004.09,1,0.2727272727272727,3.9545454545454546,0.03955579639752576
14286,0,62.19027777777778,5,5901.09,1180.218,555.1736111111111,218,1291.0,162.0,164.33333333333334,3.0,68.0,50.120000000000005,1,0.6,43.6,0.008989998626527988
13154,1,218.86805555555554,3,1624.84,541.6133333333333,555.1694444444445,78,325.3333333333333,168.0,168.0,1.0,3.0,15.55,1,0.3333333333333333,26.0,0.005394039586257186
14564,1,254.15833333333333,2,2605.62,1302.81,555.1409722222222,107,647.5,301.0,301.0,3.0,11.0,86.3,1,1.5,53.5,0.003596210493192798
13408,0,10.009027777777778,70,33562.652,479.46645714285717,555.1381944444445,235,275.04285714285714,10.0,10.686274509803921,15.0,71.0,316.08,1,0.21428571428571427,3.357142857142857,0.12586799593925868
16645,1,555.1256944444444,1,160.39,160.39,555.1256944444444,14,117.0,61.0,70.81666666666666,0.0,0.0,0.0,0,0.0,14.0,0.0017981546437968036
12714,0,26.14027777777778,9,11146.77,1238.53,555.1180555555555,365,770.7777777777778,67.0,66.125,0.0,0.0,0.0,1,0.0,40.55555555555556,0.016183614090733132
16335,1,371.0520833333333,7,2753.52,393.36,555.1055555555556,193,143.42857142857142,35.0,30.666666666666668,1.0,4.0,27.0,1,0.14285714285714285,27.571428571428573,0.012587538337046324
13093,1,95.025,55,54144.25,984.4409090909091,555.0958333333333,199,472.2,11.0,10.952380952380953,33.0,172.0,869.92,1,0.6,3.618181818181818,0.09890381603890218
12759,0,95.19513888888889,6,3934.1,655.6833333333333,555.0854166666667,161,429.5,83.0,92.0,0.0,0.0,0.0,1,0.0,26.833333333333332,0.010789709314741066
13666,0,106.9875,4,107.3,26.825000000000003,555.0847222222222,15,12.5,224.0,224.0,0.0,0.0,0.0,1,0.0,3.75,0.007193148526028957
17160,0,44.980555555555554,13,7896.2,607.4,555.0784722222222,184,498.84615384615387,37.5,42.5,1.0,4.0,7.800000000000001,1,0.07692307692307693,14.153846153846153,0.02337799546177161
13946,0,21.03263888888889,5,1800.63,360.12600000000003,555.0715277777778,48,533.4,105.0,133.5,1.0,24.0,130.8,1,0.2,9.6,0.00899164900598569
14723,0,177.72986111111112,8,1136.35,142.04375,555.0611111111111,180,86.75,51.5,62.833333333333336,0.0,0.0,0.0,1,0.0,22.5,0.014386907913798442
14961,0,51.827083333333334,18,12545.130000000001,696.9516666666667,555.0541666666667,266,353.3333333333333,22.5,35.92857142857143,6.0,37.0,81.25,1,0.3333333333333333,14.777777777777779,0.032370947075000184
14735,0,16.00138888888889,41,8729.880000000001,212.9239024390244,555.0541666666667,158,75.90243902439025,19.0,19.25,3.0,115.0,330.45,1,0.07317073170731707,3.8536585365853657,0.07373382389305598
18061,0,1.9194444444444445,24,5302.77,220.94875000000002,555.0513888888889,26,130.625,23.0,25.136363636363637,1.0,1.0,8.5,1,0.041666666666666664,1.0833333333333333,0.04316147838054536
15078,0,10.118055555555555,35,11727.78,335.0794285714286,555.0326388888889,99,165.6,22.0,22.708333333333332,10.0,80.0,171.3,1,0.2857142857142857,2.8285714285714287,0.06294594516958563
17389,0,4.879166666666666,41,30509.19,744.1265853658537,555.0305555555556,57,281.3658536585366,12.0,16.666666666666668,11.0,334.0,2578.3,1,0.2682926829268293,1.3902439024390243,0.07373695490355746
16883,1,6.999305555555556,19,2246.06,118.21368421052631,555.0298611111111,159,53.473684210526315,6.0,32.23529411764706,1.0,1.0,9.95,1,0.05263157894736842,8.368421052631579,0.03417082665674181
13175,1,401.9840277777778,2,831.45,415.72499999999997,555.0270833333333,40,211.5,153.0,153.0,2.0,31.0,38.35,1,1.0,20.0,0.0035969470911563816
17076,0,93.16041666666666,5,735.87,147.17399999999998,555.0263888888888,27,66.2,94.0,115.5,0.0,0.0,0.0,1,0.0,5.4,0.00899237895883239
13948,1,180.10555555555555,4,548.76,137.19,555.025,23,62.0,87.0,125.0,1.0,2.0,11.9,1,0.25,5.75,0.00719392113663954
18223,0,25.134027777777778,19,10273.79,540.7257894736842,555.0208333333334,159,260.63157894736844,27.5,29.444444444444443,19.0,156.0,403.59000000000003,1,1.0,8.368421052631579,0.03417138146802053
16192,1,555.0152777777778,1,351.3,351.3,555.0152777777778,11,208.0,61.0,70.81666666666666,0.0,0.0,0.0,0,0.0,11.0,0.001798511731542149
15999,1,555.0131944444445,1,20.4,20.4,555.0131944444445,1,24.0,61.0,70.81666666666666,0.0,0.0,0.0,0,0.0,1.0,0.0017985184704099996
15109,1,65.11944444444444,3,983.1,327.7,555.0118055555556,46,86.0,245.0,245.0,1.0,4.0,21.2,1,0.3333333333333333,15.333333333333334,0.0053955688890498675
14680,0,18.030555555555555,51,41468.27,813.1033333333332,555.0097222222222,215,392.5098039215686,8.0,12.488372093023257,26.0,382.0,944.64,1,0.5098039215686274,4.215686274509804,0.09172501480040068
18092,0,4.033333333333333,14,10295.5,735.3928571428571,555.0090277777778,33,461.0,39.0,45.916666666666664,1.0,1.0,3.75,1,0.07142857142857142,2.357142857142857,0.025179447276160834
16891,0,191.05208333333334,7,1202.77,171.8242857142857,555.0090277777778,245,67.57142857142857,53.0,60.666666666666664,0.0,0.0,0.0,1,0.0,35.0,0.012589723638080417
13481,0,11.891666666666667,8,3005.27,375.65875,555.0090277777778,128,193.625,91.0,90.5,2.0,3.0,12.75,1,0.25,16.0,0.01438825558637762
13807,1,186.8763888888889,3,422.2,140.73333333333332,555.00625,24,38.666666666666664,184.0,184.0,1.0,2.0,24.9,1,0.3333333333333333,8.0,0.005395622801002686
14979,1,554.9972222222223,1,429.66,429.66,554.9972222222223,42,209.0,61.0,70.81666666666666,0.0,0.0,0.0,0,0.0,42.0,0.0017985701367412906
16656,0,12.133333333333333,21,11764.85,560.2309523809524,554.99375,21,479.1904761904762,29.5,30.166666666666668,10.0,441.0,511.04,1,0.47619047619047616,1.0,0.037770208747850136
16746,0,13.885416666666666,32,14238.27,444.9459375,554.9930555555555,314,274.84375,16.0,18.033333333333335,3.0,5.0,31.2,1,0.09375,9.8125,0.05755467569289185
17157,0,299.97777777777776,17,4832.9,284.2882352941176,554.9930555555555,69,112.94117647058823,10.0,17.0,0.0,0.0,0.0,1,0.0,4.0588235294117645,0.030575921461848794
15309,1,430.06875,4,797.96,199.49,554.9923611111111,49,110.0,29.0,41.666666666666664,6.0,23.0,82.43,1,1.5,12.25,0.007194343447464431
16325,0,65.14583333333333,10,3194.08,319.408,554.9784722222222,100,233.2,26.0,54.44444444444444,4.0,35.0,103.06,1,0.4,10.0,0.017986307923093546
16541,1,554.9777777777778,1,424.03,424.03,554.9777777777778,38,173.0,61.0,70.81666666666666,1.0,1.0,4.25,0,1.0,38.0,0.0017986330388904434
16723,0,263.0729166666667,2,654.96,327.48,554.9770833333333,72,280.0,292.0,292.0,0.0,0.0,0.0,1,0.0,36.0,0.0035972705709542887
16699,1,199.925,7,994.6,142.0857142857143,554.9715277777777,51,91.42857142857143,62.0,59.166666666666664,1.0,6.0,29.700000000000003,1,0.14285714285714285,7.285714285714286,0.012590572808609554
16710,0,26.872916666666665,18,5082.19,282.34388888888884,554.9645833333333,496,191.11111111111111,21.0,31.058823529411764,1.0,1.0,12.75,1,0.05555555555555555,27.555555555555557,0.03237616304995448
12510,0,144.94861111111112,8,4876.5,609.5625,554.9604166666667,94,248.75,44.0,68.33333333333333,7.0,31.0,1488.69,1,0.875,11.75,0.01438951364193344
13162,0,3.8833333333333333,15,8892.64,592.8426666666667,554.9520833333333,172,362.53333333333336,33.5,39.357142857142854,3.0,87.0,158.55,1,0.2,11.466666666666667,0.02698074249504416
15382,0,4.0368055555555555,10,9904.960000000001,990.4959999999999,554.9423611111112,243,679.4,79.0,78.71428571428571,7.0,40.0,71.95,1,0.7,24.3,0.017987476219682046
13680,0,157.02708333333334,10,10092.14,1009.2140000000002,554.9416666666667,280,450.5,27.0,44.22222222222222,1.0,669.0,1520.11,1,0.1,28.0,0.01798749868841155
12970,0,141.93680555555557,8,1071.93,133.99125,554.9381944444444,181,86.75,58.0,137.66666666666666,0.0,0.0,0.0,1,0.0,22.625,0.014390088826320872
17935,0,220.03055555555557,5,540.35,108.07000000000001,554.9284722222222,33,32.4,110.0,111.66666666666667,1.0,12.0,30.599999999999998,1,0.2,6.6,0.008993962802468843
17593,0,172.09791666666666,7,4831.36,690.1942857142858,554.9270833333334,163,411.42857142857144,67.5,63.833333333333336,3.0,14.0,36.02,1,0.42857142857142855,23.285714285714285,0.012591579381288763
17151,1,554.9125,1,231.90000000000003,231.90000000000003,554.9125,4,42.0,61.0,70.81666666666666,0.0,0.0,0.0,0,0.0,4.0,0.001798844242574146
16451,0,380.7875,2,746.1800000000001,373.09000000000003,554.9020833333333,50,202.0,174.0,174.0,1.0,3.0,3.75,1,0.5,25.0,0.0035977558997575265
17127,1,248.12222222222223,5,1155.0300000000002,231.00600000000003,554.8972222222222,27,68.0,44.5,76.75,0.0,0.0,0.0,1,0.0,5.4,0.00899446840193281
13694,0,2.720138888888889,120,161827.73,1348.5644166666668,554.8916666666667,800,1347.725,6.5,8.117647058823529,15.0,3446.0,5141.49,1,0.125,6.666666666666667,0.21586939901359678
14087,0,224.0611111111111,2,638.0,319.0,554.8909722222222,126,234.0,331.0,331.0,1.0,24.0,30.0,1,0.5,63.0,0.0035978278114588316
13733,1,230.0222222222222,2,487.03000000000003,243.51500000000001,554.8902777777778,28,167.5,325.0,325.0,1.0,2.0,2.5,1,0.5,14.0,0.0035978323060356135
18181,0,219.83263888888888,4,821.49,205.3725,554.8888888888889,119,94.25,161.0,111.66666666666667,2.0,3.0,21.73,1,0.5,29.75,0.007195682590445732
13174,0,135.88472222222222,11,7286.6,662.4181818181819,554.8819444444445,564,306.27272727272725,38.0,46.55555555555556,0.0,0.0,0.0,1,0.0,51.27272727272727,0.019788374330081078
13329,0,186.11041666666668,7,4323.97,617.71,554.88125,60,431.85714285714283,55.5,92.25,6.0,45.0,135.95,1,0.8571428571428571,8.571428571428571,0.012592617577944928
17421,1,205.82847222222222,3,1059.41,353.1366666666667,554.8798611111112,46,269.0,174.5,174.5,0.0,0.0,0.0,1,0.0,15.333333333333334,0.005396849589052391
16351,1,152.1,13,3330.0299999999997,256.15615384615387,554.8597222222222,124,166.53846153846155,27.0,33.583333333333336,5.0,44.0,50.9,1,0.38461538461538464,9.538461538461538,0.023387195510458026
15684,1,366.74930555555557,3,173.95,57.98333333333333,554.8590277777778,9,25.666666666666668,94.0,94.0,3.0,5.0,26.15,1,1.0,3.0,0.005397051860421245
17884,0,131.07083333333333,19,2593.94,136.52315789473684,554.8520833333333,287,130.21052631578948,20.5,30.285714285714285,3.0,13.0,44.0,1,0.15789473684210525,15.105263157894736,0.034181755488008274
15514,0,45.03055555555556,13,4870.28,374.63692307692304,554.8423611111111,129,244.07692307692307,56.5,51.0,2.0,337.0,1116.2700000000002,1,0.15384615384615385,9.923076923076923,0.023387925983211166
13679,1,313.02569444444447,3,281.26,93.75333333333333,554.8319444444444,44,34.0,121.0,121.0,0.0,0.0,0.0,1,0.0,14.666666666666666,0.005397314835869155
18225,0,23.707638888888887,19,9177.91,483.0478947368421,554.8319444444444,217,262.2105263157895,28.0,31.235294117647058,6.0,51.0,322.15,1,0.3157894736842105,11.421052631578947,0.03418299396050465
12748,0,1.8354166666666667,219,30356.39,138.61365296803652,554.8048611111111,1669,81.72602739726027,3.0,4.157894736842105,18.0,741.0,2186.64,1,0.0821917808219178,7.621004566210046,0.39402318209703396
13199,0,16.945138888888888,45,9887.25,219.71666666666667,554.1104166666667,41,183.7111111111111,13.0,14.513513513513514,1.0,5.0,14.75,1,0.022222222222222223,0.9111111111111111,0.08106495329382668
13487,0,32.85486111111111,4,680.27,170.0675,554.1006944444445,26,77.5,152.0,173.66666666666666,0.0,0.0,0.0,1,0.0,6.5,0.00720589983048621
17018,0,145.16944444444445,5,1772.6,354.52,554.0993055555556,18,68.0,92.5,102.25,0.0,0.0,0.0,1,0.0,3.6,0.0090073973250532
18071,1,77.03541666666666,6,1169.68,194.9466666666667,554.0965277777777,52,115.0,107.0,119.25,0.0,0.0,0.0,1,0.0,8.666666666666666,0.01080893087913889
16593,0,9.022916666666667,7,996.61,142.37285714285716,554.0875,53,49.42857142857143,49.0,90.83333333333333,1.0,2.0,19.9,1,0.14285714285714285,7.571428571428571,0.012610624451100052
14238,1,145.92361111111111,3,434.23,144.74333333333334,554.0777777777778,13,63.0,204.0,204.0,0.0,0.0,0.0,1,0.0,4.333333333333333,0.005404647997277659
15223,1,45.05486111111111,5,1417.95,283.59000000000003,554.0631944444444,26,77.0,62.5,127.25,1.0,115.0,300.85,1,0.2,5.2,0.009007983325221978
13021,0,35.016666666666666,11,3035.86,275.98727272727274,554.0333333333333,106,140.72727272727272,42.5,51.9,6.0,23.0,75.63,1,0.5454545454545454,9.636363636363637,0.01981862951174104
17115,0,2.1638888888888888,6,2536.81,422.8016666666667,554.0256944444444,98,128.83333333333334,54.0,110.4,5.0,17.0,124.55,1,0.8333333333333334,16.333333333333332,0.010810310333480557
17850,1,191.89097222222222,155,51208.87,330.3798064516129,554.0152777777778,100,135.81935483870967,1.5,16.454545454545453,4.0,176.0,801.1,1,0.025806451612903226,0.6451612903225806,0.2792715916228532
14239,0,20.103472222222223,16,3177.36,198.585,554.0097222222222,80,83.125,37.0,35.6,3.0,8.0,59.45,1,0.1875,5.0,0.02882832382816117
13999,0,33.923611111111114,21,6847.27,326.0604761904762,554.0055555555556,147,176.23809523809524,21.0,26.0,4.0,8.0,27.7,1,0.19047619047619047,7.0,0.037837459084493645
13958,1,199.11041666666668,8,4709.2300000000005,588.65375,553.9847222222222,172,283.0,85.5,88.75,4.0,49.0,204.45,1,0.5,21.5,0.014414811218527036
13641,1,460.21736111111113,5,1016.47,203.294,553.98125,41,219.6,11.0,31.333333333333332,2.0,18.0,94.65,1,0.4,8.2,0.009009313377704201
15420,1,253.87777777777777,6,743.0,123.83333333333333,553.9729166666667,52,140.66666666666666,48.0,60.0,0.0,0.0,0.0,1,0.0,8.666666666666666,0.010811338391137704
12359,0,9.016666666666667,9,6059.09,673.2322222222223,553.9708333333333,230,232.77777777777777,86.5,68.125,3.0,220.0,129.8,1,0.3333333333333333,25.555555555555557,0.016217068464558948
12820,0,146.01111111111112,8,1917.64,239.705,553.9673611111111,91,173.75,59.0,58.285714285714285,2.0,38.0,41.58,1,0.25,11.375,0.01441526215881064
16410,1,553.9159722222222,1,130.32,130.32,553.9159722222222,5,348.0,61.0,70.81666666666666,0.0,0.0,0.0,0,0.0,5.0,0.0018020746384274898
15240,0,11.057638888888889,10,3798.79,379.879,553.9118055555556,108,260.0,52.0,60.333333333333336,8.0,59.0,139.53,1,0.8,10.8,0.018020881696666012
16158,1,341.9548611111111,9,628.32,69.81333333333333,553.9097222222222,29,20.22222222222222,25.0,30.285714285714285,1.0,2.0,17.0,1,0.1111111111111111,3.2222222222222223,0.01621885441826123
15484,0,359.8569444444444,2,1061.69,530.845,553.8972222222222,53,462.0,194.0,194.0,0.0,0.0,0.0,1,0.0,26.5,0.003604271061207531
14709,0,7.048611111111111,17,5908.33,347.5488235294118,553.8916666666667,85,151.58823529411765,32.0,36.46666666666667,2.0,3.0,19.85,1,0.11764705882352941,5.0,0.030636610749846065
15057,1,94.89791666666666,5,3255.96,651.192,553.8909722222222,62,278.8,118.5,114.75,1.0,12.0,71.4,1,0.2,12.4,0.00901077914455167
14867,1,5.049305555555556,16,2952.06,184.50375,553.8770833333333,67,62.25,27.0,39.214285714285715,3.0,3.0,41.65,1,0.1875,4.1875,0.02883521500632648
17642,0,248.97916666666666,3,1112.2,370.73333333333335,553.8673611111111,58,333.6666666666667,152.5,152.5,0.0,0.0,0.0,1,0.0,19.333333333333332,0.005406697546585833
13813,0,347.1666666666667,4,1398.61,349.65250000000003,553.1069444444445,50,185.0,66.0,68.66666666666667,3.0,14.0,65.6,1,0.75,12.5,0.007218823081184187
13589,0,268.97291666666666,4,741.09,185.27249999999998,553.1,29,44.75,78.0,94.66666666666667,0.0,0.0,0.0,1,0.0,7.25,0.007218913553510196
12417,0,6.877777777777778,16,5046.58,315.41125,553.0972222222222,210,127.3125,37.0,36.4,6.0,23.0,88.75,1,0.375,13.125,0.028875798972302295
17920,0,19.80902777777778,42,20974.920000000002,499.4028571428572,553.0923611111111,478,257.3333333333333,6.0,14.026315789473685,2.0,3.0,6.55,1,0.047619047619047616,11.380952380952381,0.07579963729472498
12975,1,256.1277777777778,6,2100.09,350.01500000000004,553.0916666666667,92,151.83333333333334,41.0,74.25,2.0,8.0,106.1,1,0.3333333333333333,15.333333333333334,0.010828533184942323
16104,0,238.09444444444443,8,2476.25,309.53125,553.0895833333333,162,115.625,52.5,52.5,2.0,39.0,263.25,1,0.25,20.25,0.014438098532502643
17150,1,196.0576388888889,6,1357.95,226.32500000000002,553.0826388888889,64,66.16666666666667,73.0,71.4,0.0,0.0,0.0,1,0.0,10.666666666666666,0.010828709616370401
16277,1,553.0576388888888,1,188.69,188.69,553.0576388888888,23,33.0,61.0,70.81666666666666,0.0,0.0,0.0,0,0.0,23.0,0.0018048663709526814
17244,0,202.95625,4,871.14,217.785,553.0576388888888,85,200.75,350.0,350.0,0.0,0.0,0.0,1,0.0,21.25,0.007219465483810725
15260,0,6.035416666666666,23,8227.44,357.71478260869566,553.0451388888889,176,182.82608695652175,20.0,32.1764705882353,4.0,13.0,59.849999999999994,1,0.17391304347826086,7.6521739130434785,0.04151286309654373
12583,0,0.08541666666666667,18,9712.77,539.5983333333332,553.0368055555556,107,345.3333333333333,34.0,32.529411764705884,2.0,2.0,26.5,1,0.1111111111111111,5.944444444444445,0.0324888163015644
15555,0,9.797916666666667,26,8223.49,316.2880769230769,553.0361111111112,501,209.84615384615384,17.0,25.857142857142858,8.0,291.0,352.12,1,0.3076923076923077,19.26923076923077,0.04692834903460966
13736,0,79.99027777777778,6,2380.2,396.7,553.0298611111111,255,213.5,125.0,118.25,5.0,12.0,51.2,1,0.8333333333333334,42.5,0.01082974117670653
14133,0,135.0576388888889,2,623.5,311.75,553.0277777777778,24,101.0,418.0,418.0,2.0,6.0,15.3,1,1.0,12.0,0.0036099273000752066
15571,0,205.93402777777777,10,3241.92,324.192,553.0277777777778,410,214.7,19.5,43.375,0.0,0.0,0.0,1,0.0,41.0,0.018049636500376033
13448,0,38.03958333333333,11,6634.5,603.1363636363636,553.025,271,297.0,40.5,64.375,5.0,19.0,763.37,1,0.45454545454545453,24.636363636363637,0.019854699697667073
17085,0,70.0513888888889,27,7499.92,277.7748148148148,553.0236111111111,395,126.88888888888889,14.0,21.0,4.0,48.0,134.0,1,0.14814814814814814,14.62962962962963,0.04873438506682176
15059,0,35.00972222222222,14,2722.5,194.46428571428572,553.0229166666667,249,87.35714285714286,41.0,43.166666666666664,7.0,18.0,91.0,1,0.5,17.785714285714285,0.025269712820242846
14468,1,553.0201388888889,1,204.24,204.24,553.0201388888889,12,164.0,61.0,70.81666666666666,0.0,0.0,0.0,0,0.0,12.0,0.0018049885370693252
16395,0,143.08819444444444,11,2486.91,226.08272727272725,553.0166666666667,354,164.27272727272728,26.5,51.25,3.0,20.0,78.89999999999999,1,0.2727272727272727,32.18181818181818,0.019854998345416805
16485,0,251.88888888888889,4,1923.54,480.885,553.0152777777778,93,229.5,77.0,100.33333333333333,2.0,27.0,157.0,1,0.5,23.25,0.007220017498514632
15878,1,381.0229166666667,2,330.77,165.385,553.0152777777778,47,121.5,172.0,172.0,0.0,0.0,0.0,1,0.0,23.5,0.003610008749257316
15860,0,52.084722222222226,12,1816.4,151.36666666666667,553.0131944444445,192,83.33333333333333,24.0,45.54545454545455,0.0,0.0,0.0,1,0.0,16.0,0.021660133946869997
13373,0,95.92708333333333,4,5262.64,1315.66,553.0111111111111,222,767.5,139.0,152.33333333333334,0.0,0.0,0.0,1,0.0,55.5,0.007220071799602897
14608,0,181.91736111111112,8,1771.79,221.47375,553.0111111111111,10,67.25,39.5,61.833333333333336,1.0,10.0,79.5,1,0.125,1.25,0.014440143599205793
14896,1,24.104166666666668,8,1826.0,228.25,553.0055555555556,150,116.375,56.0,75.57142857142857,2.0,14.0,98.7,1,0.25,18.75,0.01444028840464897
16964,1,552.9979166666667,2,207.85,103.925,552.9993055555556,6,24.5,61.0,70.81666666666666,0.0,0.0,0.0,0,0.0,3.0,0.0036101128285610067
15983,0,180.01388888888889,7,2783.62,397.65999999999997,552.9986111111111,117,240.0,6.5,62.166666666666664,0.0,0.0,0.0,1,0.0,16.714285714285715,0.012635410738594912
13782,0,53.918055555555554,9,1238.52,137.61333333333334,552.9986111111111,141,47.77777777777778,45.5,62.375,1.0,1.0,7.95,1,0.1111111111111111,15.666666666666666,0.016245528092479172
14454,1,195.975,5,977.3,195.45999999999998,552.9958333333333,93,80.0,87.5,89.25,1.0,4.0,6.6,1,0.2,18.6,0.009025338638226823
14717,1,552.9895833333334,1,81.3,81.3,552.9895833333334,11,32.0,61.0,70.81666666666666,1.0,2.0,8.5,0,1.0,11.0,0.0018050880920594927
16718,1,188.9909722222222,5,3006.08,601.216,552.9881944444444,123,384.8,52.5,91.0,0.0,0.0,0.0,1,0.0,24.6,0.009025463087736278
15751,1,280.00416666666666,11,1380.44,125.49454545454546,552.9875,90,40.27272727272727,42.0,45.5,3.0,6.0,61.599999999999994,1,0.2727272727272727,8.181818181818182,0.019856043683296104
14546,0,21.047916666666666,8,3485.79,435.72375,552.9861111111111,314,234.5,63.0,76.0,6.0,51.0,123.16999999999999,1,0.75,39.25,0.014440795246571565
17848,0,68.84305555555555,25,3046.28,121.8512,552.9798611111111,91,50.0,16.0,22.0,1.0,1.0,12.75,1,0.04,3.64,0.04512799427375895
17561,0,210.00972222222222,3,537.9,179.29999999999998,552.9729166666667,129,79.0,171.5,171.5,0.0,0.0,0.0,1,0.0,43.0,0.00541542719823096
15547,0,13.879166666666666,19,7529.58,396.2936842105263,552.9652777777778,449,256.8421052631579,29.0,33.6875,2.0,2.0,13.5,1,0.10526315789473684,23.63157894736842,0.034298178536059466
17406,1,152.9048611111111,13,4186.95,322.0730769230769,552.9618055555555,155,142.07692307692307,36.5,40.0,5.0,20.0,312.95,1,0.38461538461538464,11.923076923076923,0.023467321879642223
14479,1,73.15486111111112,4,1124.71,281.1775,552.9597222222222,127,140.5,112.0,160.0,0.0,0.0,0.0,1,0.0,31.75,0.007220741580189093
17969,0,180.88611111111112,19,2251.29,118.48894736842105,552.95625,108,52.26315789473684,13.5,20.666666666666668,7.0,31.0,118.75,1,0.3684210526315789,5.684210526315789,0.03429873749055093
14548,0,137.175,8,2214.89,276.86125,552.9513888888889,66,107.25,104.5,104.0,0.0,0.0,0.0,1,0.0,8.25,0.014441700409933683
17916,1,448.01666666666665,2,43.87,21.935000000000002,552.9444444444445,15,45.0,105.0,105.0,0.0,0.0,0.0,1,0.0,7.5,0.003610470364055762
13319,0,6.014583333333333,45,15487.57,344.1682222222222,552.9194444444445,268,141.6888888888889,15.0,18.233333333333334,15.0,52.0,258.25,1,0.3333333333333333,5.955555555555556,0.08123924959004267
16773,0,255.87708333333333,2,249.65,124.825,552.9090277777777,34,40.5,297.0,297.0,0.0,0.0,0.0,1,0.0,17.0,0.0036107012157281146
15479,1,552.9041666666667,1,147.4,147.4,552.9041666666667,9,38.0,61.0,70.81666666666666,0.0,0.0,0.0,0,0.0,9.0,0.0018053664517779097
15822,0,178.96666666666667,5,1394.79,278.95799999999997,552.9013888888888,34,147.0,96.0,93.5,2.0,12.0,62.150000000000006,1,0.4,6.8,0.009026877527839141
13890,0,178.13819444444445,5,1233.92,246.78400000000002,552.8993055555555,50,130.8,76.0,93.75,5.0,24.0,50.8,1,1.0,10.0,0.009026911479849301
13211,0,180.85625,8,1634.05,204.25625,552.8930555555555,75,132.125,62.0,62.0,2.0,5.0,22.450000000000003,1,0.25,9.375,0.01444322133985953
15641,0,80.05625,11,4763.7300000000005,433.0663636363637,552.8881944444445,228,359.6363636363636,45.0,47.3,0.0,0.0,0.0,1,0.0,20.727272727272727,0.019859603635410776
14123,1,552.8854166666666,1,436.18,436.18,552.8854166666666,24,234.0,61.0,70.81666666666666,0.0,0.0,0.0,0,0.0,24.0,0.001805427566622158
13019,1,198.9125,6,1229.95,204.99166666666667,552.8819444444445,46,66.16666666666667,46.0,70.8,2.0,2.0,17.0,1,0.3333333333333333,7.666666666666667,0.010832633307839868
17858,0,80.85277777777777,24,9982.79,415.94958333333335,552.88125,106,201.20833333333334,14.0,22.476190476190474,2.0,3.0,74.35,1,0.08333333333333333,4.416666666666667,0.04333058755825368
14940,1,237.08541666666667,2,531.49,265.745,552.8777777777777,32,192.0,316.0,316.0,0.0,0.0,0.0,1,0.0,16.0,0.0036109049328973504
16686,0,13.945833333333333,13,3116.82,239.75538461538463,552.8763888888889,355,188.69230769230768,49.5,53.9,2.0,5.0,19.35,1,0.15384615384615385,27.307692307692307,0.023470940918927458
15691,1,71.90069444444444,4,571.3,142.825,552.8673611111111,12,53.0,144.0,160.33333333333334,1.0,10.0,59.5,1,0.25,3.0,0.007221945687457762
16436,1,487.9798611111111,3,319.14,106.38,552.8666666666667,37,75.66666666666667,32.5,32.5,1.0,22.0,87.3,1,0.3333333333333333,12.333333333333334,0.005416466056812711
17610,1,359.84444444444443,5,1511.94,302.38800000000003,552.8631944444444,114,178.6,37.0,48.25,3.0,20.0,101.65,1,0.6,22.8,0.009027500021941842
17530,0,25.834027777777777,8,1789.83,223.72875,552.85625,271,127.375,66.0,87.83333333333333,1.0,1.0,0.95,1,0.125,33.875,0.014444181139059096
13491,0,66.99583333333334,25,4283.47,171.33880000000002,552.1847222222223,133,88.16,19.5,20.208333333333332,0.0,0.0,0.0,1,0.0,5.32,0.04519286053232168
14003,1,552.1645833333333,1,209.41,209.41,552.1645833333333,16,149.0,61.0,70.81666666666666,0.0,0.0,0.0,0,0.0,16.0,0.0018077802341828644
12839,0,2.921527777777778,17,5778.07,339.8864705882353,552.1472222222222,125,228.52941176470588,31.5,34.3125,4.0,94.0,139.4,1,0.23529411764705882,7.352941176470588,0.030733228545745808
17557,0,552.1076388888889,1,34.0,34.0,552.1076388888889,1,4.0,61.0,70.81666666666666,0.0,0.0,0.0,0,0.0,1.0,0.0018079663517373426
14738,0,18.81388888888889,6,1033.14,172.19000000000003,552.1034722222222,41,62.5,75.0,106.6,1.0,5.0,33.75,1,0.16666666666666666,6.833333333333333,0.010847879829597888
16124,1,136.92013888888889,4,1772.49,443.1225,552.0951388888889,63,199.25,149.0,138.33333333333334,2.0,8.0,63.099999999999994,1,0.5,15.75,0.007232028847759515
12471,0,30.19375,62,28491.46,459.5396774193548,552.0895833333333,189,188.7741935483871,15.0,14.914285714285715,43.0,326.0,1573.33,1,0.6935483870967742,3.0483870967741935,0.11209757310260922
17739,0,16.149305555555557,14,6010.01,429.2864285714286,552.0847222222222,47,134.64285714285714,35.0,41.23076923076923,2.0,8.0,12.450000000000001,1,0.14285714285714285,3.357142857142857,0.02531257768927304
16556,0,21.055555555555557,14,6337.61,452.6864285714286,552.0826388888889,227,242.07142857142858,44.0,40.84615384615385,7.0,24.0,402.35,1,0.5,16.214285714285715,0.02531267303585083
14695,1,338.93888888888887,3,1534.22,511.4066666666667,552.0729166666666,76,220.33333333333334,213.0,213.0,1.0,54.0,67.5,1,0.3333333333333333,25.333333333333332,0.005424239570581035
14828,1,16.106944444444444,13,9839.460000000001,756.8815384615384,552.0631944444444,72,747.5384615384615,43.0,44.666666666666664,1.0,48.0,36.0,1,0.07692307692307693,5.538461538461538,0.02350545133103385
15115,0,552.0625,1,191.74,191.74,552.0625,14,88.0,61.0,70.81666666666666,1.0,1.0,3.75,0,1.0,14.0,0.0018081139111764042
13693,1,193.77013888888888,9,2011.82,223.53555555555556,552.05625,78,97.77777777777777,20.0,44.75,4.0,9.0,63.5,1,0.4444444444444444,8.666666666666666,0.016273209099436088
14955,1,552.0520833333334,1,163.77,163.77,552.0520833333334,30,74.0,61.0,70.81666666666666,0.0,0.0,0.0,0,0.0,30.0,0.0018081479667752809
14037,0,184.04930555555555,5,801.55,160.31,552.0493055555555,95,115.6,81.0,92.0,1.0,27.0,81.0,1,0.2,19.0,0.00904078524242489
18077,0,46.047916666666666,11,2373.7599999999998,215.79636363636365,552.0486111111111,95,168.72727272727272,35.0,50.6,0.0,0.0,0.0,1,0.0,8.636363636363637,0.019889752508193224
13905,1,552.0479166666667,1,312.65,312.65,552.0479166666667,12,135.0,61.0,70.81666666666666,2.0,11.0,68.2,0,2.0,12.0,0.0018081615893740372
17508,1,100.19444444444444,8,4579.23,572.40375,552.0444444444445,199,361.375,54.0,64.57142857142857,1.0,11.0,32.45,1,0.125,24.875,0.014465383533571744
16768,0,91.10069444444444,7,1403.73,200.53285714285715,552.04375,88,89.28571428571429,75.5,76.83333333333333,3.0,7.0,41.0,1,0.42857142857142855,12.571428571428571,0.01265722648524642
13984,0,69.07569444444445,10,1690.52,169.052,552.0409722222222,50,121.1,51.5,60.375,0.0,0.0,0.0,1,0.0,5.0,0.018081842941614485
13495,0,51.89930555555556,8,3890.87,486.35875,552.0263888888888,50,265.125,44.0,71.42857142857143,3.0,22.0,72.9,1,0.375,6.25,0.014465855808568509
13190,1,363.87708333333336,3,570.66,190.22,552.0256944444444,16,102.66666666666667,94.0,94.0,1.0,2.0,51.9,1,0.3333333333333333,5.333333333333333,0.005424702740102743
14408,0,9.10763888888889,7,2585.03,369.29,552.0222222222222,32,210.0,79.5,90.5,0.0,0.0,0.0,1,0.0,4.571428571428571,0.012657719199549947
15358,0,27.130555555555556,31,12441.73,401.34612903225803,552.0215277777778,307,375.16129032258067,24.0,25.0,11.0,154.0,201.41,1,0.3548387096774194,9.903225806451612,0.056055683988592966
17707,1,4.907638888888889,8,609.3000000000001,76.16250000000001,552.0215277777778,9,68.25,84.0,78.14285714285714,1.0,1.0,4.25,1,0.125,1.125,0.014465982964798185
17044,0,194.0847222222222,11,11013.82,1001.2563636363636,552.0173611111111,91,474.3636363636364,22.0,39.77777777777778,3.0,19.0,78.75,1,0.2727272727272727,8.272727272727273,0.019890876441743217
14471,1,410.81805555555553,2,400.95,200.475,552.0166666666667,38,93.5,141.0,141.0,0.0,0.0,0.0,1,0.0,19.0,0.0036165275308158284
17436,0,46.053472222222226,4,440.15999999999997,110.03999999999999,552.0131944444445,5,34.0,182.0,168.66666666666666,2.0,5.0,12.75,1,0.5,1.25,0.00723310047605354
13234,1,492.04791666666665,2,346.5,173.25,552.0125,56,79.5,60.0,60.0,0.0,0.0,0.0,1,0.0,28.0,0.0036165547795031757
14574,1,552.0055555555556,1,143.70000000000002,143.70000000000002,552.0055555555556,11,63.0,61.0,70.81666666666666,0.0,0.0,0.0,0,0.0,11.0,0.001808300097447283
15716,0,21.000694444444445,10,2268.89,226.88899999999998,552.0055555555556,175,128.3,42.0,59.0,0.0,0.0,0.0,1,0.0,17.5,0.01808300097447283
16684,0,25.083333333333332,40,105565.15,2639.12875,551.9958333333333,149,1829.6,16.5,20.26923076923077,9.0,2995.0,5059.72,1,0.225,3.725,0.07233327556717577
14540,0,128.90833333333333,9,2952.88,328.09777777777776,551.9930555555555,149,145.11111111111111,48.0,52.875,1.0,2.0,9.9,1,0.1111111111111111,16.555555555555557,0.016275068754630733
14307,0,39.12013888888889,7,2987.18,426.73999999999995,551.9888888888889,150,276.7142857142857,82.0,85.5,1.0,1.0,7.95,1,0.14285714285714285,21.428571428571427,0.012658482187707206
18219,0,34.02361111111111,12,2195.2400000000002,182.9366666666667,551.98125,71,91.33333333333333,54.0,47.09090909090909,1.0,2.0,5.5,1,0.08333333333333333,5.916666666666667,0.021700554946483264
12747,0,18.12013888888889,21,6793.87,323.51761904761906,551.9770833333333,79,98.71428571428571,22.5,26.7,6.0,25.0,111.95,1,0.2857142857142857,3.761904761904762,0.03797625730421318
18162,1,551.9763888888889,1,371.51,371.51,551.9763888888889,45,332.0,61.0,70.81666666666666,0.0,0.0,0.0,0,0.0,45.0,0.0018083954759973175
17441,1,551.9708333333333,1,293.35,293.35,551.9708333333333,21,245.0,61.0,70.81666666666666,0.0,0.0,0.0,0,0.0,21.0,0.0018084136444809478
17988,0,146.03541666666666,8,353.41,44.176249999999996,551.96875,92,19.625,20.0,67.66666666666667,0.0,0.0,0.0,1,0.0,11.5,0.014467363662051426
12600,0,23.884722222222223,17,3684.34,216.7258823529412,551.9673611111111,40,55.588235294117645,26.5,33.0,5.0,9.0,88.13,1,0.29411764705882354,2.3529411764705883,0.030743224999466263
12523,0,72.14652777777778,16,3062.77,191.423125,551.9611111111111,127,104.3125,29.0,32.0,5.0,23.0,107.1,1,0.3125,7.9375,0.028935127043292173
13206,1,219.83333333333334,13,8308.19,639.0915384615384,551.9597222222222,393,545.0769230769231,21.0,30.181818181818183,2.0,277.0,97.19,1,0.15384615384615385,30.23076923076923,0.023509849773064643
14512,1,7.007638888888889,7,1215.97,173.71,551.9590277777778,55,105.14285714285714,97.5,90.83333333333333,0.0,0.0,0.0,1,0.0,7.857142857142857,0.012659165776045794
16353,0,37.09513888888889,26,5275.03,202.88576923076923,551.9548611111111,63,87.34615384615384,14.0,24.523809523809526,3.0,5.0,13.530000000000001,1,0.11538461538461539,2.423076923076923,0.04702011290352965
16018,0,215.88472222222222,2,289.23,144.615,551.9534722222222,26,156.5,336.0,336.0,0.0,0.0,0.0,1,0.0,13.0,0.0036169408466906875
14670,1,99.94236111111111,3,583.33,194.4433333333333,551.9520833333333,159,141.0,452.0,452.0,0.0,0.0,0.0,1,0.0,53.0,0.00542542489742556
14590,1,244.03055555555557,20,2993.37,149.6685,551.9444444444445,124,45.05,14.0,17.11111111111111,8.0,23.0,122.33,1,0.4,6.2,0.036169998995277806
13070,1,11.961805555555555,4,751.7,187.925,551.9208333333333,12,93.0,143.0,180.0,1.0,4.0,7.8,1,0.25,3.0,0.007234308709052682
17457,0,24.095833333333335,13,5644.75,434.21153846153845,551.9152777777778,23,195.46153846153845,44.0,44.0,4.0,60.0,185.8,1,0.3076923076923077,1.7692307692307692,0.023511739542174184
15421,0,34.95,9,3594.34,399.37111111111113,551.9027777777778,170,200.66666666666666,85.0,73.85714285714286,0.0,0.0,0.0,1,0.0,18.88888888888889,0.016277726142329623
17990,1,56.045833333333334,6,1527.6100000000001,254.6016666666667,551.8965277777778,40,129.5,117.0,99.2,1.0,12.0,5.04,1,0.16666666666666666,6.666666666666667,0.010851940098295466
13148,0,52.171527777777776,20,6593.9400000000005,329.697,551.8916666666667,376,167.65,36.5,35.714285714285715,7.0,155.0,340.93,1,0.35,18.8,0.03617345170090584
17364,0,24.0,22,9595.69,436.1677272727273,551.8902777777778,387,273.27272727272725,24.0,26.4,3.0,23.0,385.87,1,0.13636363636363635,17.59090909090909,0.03979089682753008
13042,1,417.96319444444447,3,1488.59,496.19666666666666,551.8805555555556,164,270.6666666666667,67.0,67.0,1.0,5.0,33.75,1,0.3333333333333333,54.666666666666664,0.005426126800544622
12443,1,551.8805555555556,1,485.31,485.31,551.8805555555556,21,182.0,61.0,70.81666666666666,0.0,0.0,0.0,0,0.0,21.0,0.001808708933514874
15694,0,7.045833333333333,18,6500.78,361.15444444444444,551.8798611111112,46,80.05555555555556,22.0,32.05882352941177,5.0,43.0,244.35,1,0.2777777777777778,2.5555555555555554,0.032556801696169174
16717,0,185.8347222222222,9,3127.85,347.53888888888895,551.8715277777778,141,151.11111111111111,59.0,61.0,4.0,29.0,125.35,1,0.4444444444444444,15.666666666666666,0.016278646209499644
17231,0,9.708333333333334,21,5644.83,268.8014285714286,551.8416666666667,437,136.28571428571428,29.0,31.88235294117647,8.0,17.0,95.07,1,0.38095238095238093,20.80952380952381,0.037985559457952095
16702,1,234.94444444444446,4,1110.83,277.7075,551.8402777777778,84,173.0,89.0,105.66666666666667,1.0,1.0,9.95,1,0.25,21.0,0.007235362835860267
13267,0,19.09375,28,7118.46,254.2307142857143,551.8291666666667,126,104.5,22.0,28.05263157894737,11.0,50.0,200.55,1,0.39285714285714285,4.5,0.0506485577973907
12540,0,5.852083333333334,23,15356.77,667.685652173913,551.8291666666667,246,319.2173913043478,23.0,27.3,2.0,8.0,121.69999999999999,1,0.08695652173913043,10.695652173913043,0.04160417247642807
17270,1,288.9451388888889,2,601.4499999999999,300.725,551.8138888888889,45,210.0,263.0,263.0,0.0,0.0,0.0,1,0.0,22.5,0.003617854110033013
13393,1,403.1361111111111,4,1131.45,282.8625,551.7763888888888,53,165.5,69.0,49.666666666666664,2.0,4.0,25.6,1,0.5,13.25,0.0072361990859273525
14113,0,174.025,13,5685.6900000000005,437.3607692307693,551.2138888888888,58,215.07692307692307,21.0,34.27272727272727,14.0,346.0,932.11,1,1.0769230769230769,4.461538461538462,0.023541602740484013
15369,1,311.9555555555556,11,6251.26,568.2963636363636,551.2131944444444,44,298.90909090909093,23.0,34.142857142857146,1.0,1532.0,2945.38,1,0.09090909090909091,4.0,0.019919842753968565
12358,0,195.07916666666668,3,2719.01,906.3366666666667,551.2020833333333,52,277.0,178.0,178.0,0.0,0.0,0.0,1,0.0,17.333333333333332,0.005432793700977525
18259,0,185.96666666666667,5,1979.6000000000001,395.92,551.175,36,135.2,35.0,91.25,0.0,0.0,0.0,1,0.0,7.2,0.00905510028523566
17047,0,24.832638888888887,5,1937.76,387.552,551.1680555555556,98,200.6,179.0,175.33333333333334,0.0,0.0,0.0,1,0.0,19.6,0.009055214168391768
14136,1,220.03958333333333,5,1570.81,314.16200000000003,551.1465277777778,86,229.6,69.5,82.75,2.0,3.0,16.85,1,0.4,17.2,0.009055567224380605
16735,0,59.02638888888889,11,5014.77,455.88818181818186,551.1430555555555,143,305.09090909090907,45.0,54.666666666666664,7.0,292.0,610.5,1,0.6363636363636364,13.0,0.019922373177241205
14215,0,6.115277777777778,7,2558.88,365.55428571428575,551.1354166666666,128,201.71428571428572,73.0,90.83333333333333,1.0,4.0,11.8,1,0.14285714285714285,18.285714285714285,0.012678049240637677
15971,0,61.96527777777778,10,2789.13,278.913,551.1277777777777,9,106.1,23.0,54.333333333333336,2.0,296.0,972.4,1,0.2,0.9,0.018111749494380328
14295,0,258.12638888888887,4,2196.71,549.1775,551.1256944444444,61,236.25,91.0,97.66666666666667,3.0,7.0,46.849999999999994,1,0.75,15.25,0.007244727134144424
13382,1,100.11597222222223,5,1387.58,277.51599999999996,551.1208333333333,74,172.6,122.5,112.75,0.0,0.0,0.0,1,0.0,14.8,0.009055988649827559
13025,1,551.1166666666667,1,323.39,323.39,551.1166666666667,13,241.0,61.0,70.81666666666666,0.0,0.0,0.0,0,0.0,13.0,0.0018112113985570683
16013,0,3.9930555555555554,60,31749.16,529.1526666666666,551.1013888888889,35,247.53333333333333,13.0,15.628571428571428,5.0,1130.0,2409.42,1,0.08333333333333333,0.5833333333333334,0.10867569110947314
14558,1,473.99930555555557,3,655.5,218.5,551.0895833333333,13,54.0,38.5,38.5,2.0,4.0,41.4,1,0.6666666666666666,4.333333333333333,0.005433900748293416
18002,1,195.07847222222222,4,244.37,61.0925,551.0715277777778,52,17.75,112.0,118.66666666666667,0.0,0.0,0.0,1,0.0,13.0,0.007245437952761254
17854,1,4.853472222222222,6,1068.5,178.08333333333334,551.0673611111112,113,101.16666666666667,134.5,136.5,0.0,0.0,0.0,1,0.0,18.833333333333332,0.010868238955340845
15079,1,32.00347222222222,11,3625.4,329.58181818181816,551.0611111111111,119,132.63636363636363,80.0,74.14285714285714,6.0,20.0,80.6,1,0.5454545454545454,10.818181818181818,0.01992533032776162
16029,0,2.040277777777778,75,73659.04,982.1205333333332,551.0604166666667,39,419.3066666666667,8.0,10.358490566037736,10.0,471.0,16253.95,1,0.13333333333333333,0.52,0.13585469585529963
18271,1,429.14166666666665,2,680.85,340.425,551.0576388888888,19,159.5,122.0,122.0,0.0,0.0,0.0,1,0.0,9.5,0.0036228101182067597
14290,0,181.1013888888889,4,2979.4700000000003,744.8675000000001,551.0458333333333,59,226.25,90.0,123.33333333333333,6.0,86.0,307.63,1,1.5,14.75,0.007245775184729529
17268,0,63.106944444444444,9,1246.73,138.52555555555557,551.0444444444445,24,103.88888888888889,40.0,61.0,0.0,0.0,0.0,1,0.0,2.6666666666666665,0.016303035182352467
17067,1,544.1743055555555,3,454.54,151.51333333333332,551.0326388888889,8,107.33333333333333,7.0,7.0,0.0,0.0,0.0,1,0.0,2.6666666666666665,0.005434461277576432
16560,0,177.92638888888888,7,2539.15,362.7357142857143,551.03125,111,182.28571428571428,42.0,62.166666666666664,1.0,1.0,12.75,1,0.14285714285714285,15.857142857142858,0.012680441551089725
14861,0,200.0638888888889,9,1254.94,139.4377777777778,551.0263888888888,58,106.55555555555556,31.0,50.142857142857146,4.0,22.0,62.33,1,0.4444444444444444,6.444444444444445,0.016303568418377747
17371,0,180.89583333333334,4,329.11,82.2775,551.0173611111111,62,42.25,185.0,185.0,0.0,0.0,0.0,1,0.0,15.5,0.007246148910876143
18145,0,24.091666666666665,9,3771.97,419.1077777777778,551.0138888888889,158,371.3333333333333,59.5,65.875,1.0,6.0,17.700000000000003,1,0.1111111111111111,17.555555555555557,0.016303937602214113
16400,0,214.94375,8,2755.92,344.49,551.0083333333333,187,236.75,40.0,48.0,0.0,0.0,0.0,1,0.0,23.375,0.01449253483492097
15093,0,26.056944444444444,21,12502.04,595.3352380952381,551.0027777777777,104,474.04761904761904,32.0,30.88235294117647,11.0,127.0,668.23,1,0.5238095238095238,4.9523809523809526,0.03804328681920884
13643,0,5.048611111111111,8,1725.23,215.65375,551.0013888888889,59,86.125,68.0,78.0,5.0,8.0,44.6,1,0.625,7.375,0.014492717158018423
17852,0,208.02152777777778,3,543.47,181.15666666666667,550.9993055555556,62,106.33333333333333,171.5,171.5,0.0,0.0,0.0,1,0.0,20.666666666666668,0.005434789445940828
15456,1,102.9576388888889,10,2091.52,209.152,550.9972222222223,128,272.7,60.0,56.0,0.0,0.0,0.0,1,0.0,12.8,0.018116033192598593
13571,0,4.032638888888889,18,2955.63,164.20166666666668,550.9916666666667,183,99.5,27.0,32.1764705882353,0.0,0.0,0.0,1,0.0,10.166666666666666,0.0326091879406392
16732,0,222.9701388888889,3,3783.89,1261.2966666666669,550.9902777777778,177,699.0,164.0,164.0,5.0,32.0,420.85,1,1.6666666666666667,59.0,0.005434878331693644
16940,0,109.01597222222222,6,4135.46,689.2433333333333,550.9875,249,480.5,70.0,88.4,3.0,33.0,182.25,1,0.5,41.5,0.010869811363481963
15162,1,550.9833333333333,1,312.9,312.9,550.9833333333333,12,74.0,61.0,70.81666666666666,1.0,8.0,71.4,0,1.0,12.0,0.0018116489024427066
18203,0,201.01736111111111,3,332.1,110.7,550.9798611111111,30,22.666666666666668,175.0,175.0,0.0,0.0,0.0,1,0.0,10.0,0.005434980895790532
14494,0,220.98402777777778,2,261.9,130.95,550.9756944444445,10,59.0,330.0,330.0,0.0,0.0,0.0,1,0.0,5.0,0.0036233479483421295
17978,1,184.94791666666666,4,1159.99,289.99749999999995,550.9743055555556,62,324.25,57.0,122.0,0.0,0.0,0.0,1,0.0,15.5,0.007246714130966744
15031,0,101.91944444444445,11,2600.58,236.41636363636363,550.9666666666667,205,113.0,38.0,56.125,2.0,179.0,299.21000000000004,1,0.18181818181818182,18.636363636363637,0.01992873965819192
14085,0,17.8625,25,8084.54,323.3816,550.9645833333333,431,196.72,15.0,23.17391304347826,1.0,1.0,12.75,1,0.04,17.24,0.04529276108445968
17230,1,83.85972222222222,18,9388.49,521.5827777777778,550.9645833333333,141,208.5,20.0,35.92307692307692,5.0,104.0,229.04000000000002,1,0.2777777777777778,7.833333333333333,0.03261078798081097
13410,0,6.873611111111111,7,1743.94,249.1342857142857,550.9631944444444,21,146.57142857142858,63.5,90.66666666666667,2.0,9.0,21.15,1,0.2857142857142857,3.0,0.012682005014927777
14063,1,257.85555555555555,9,22710.2,2523.355555555556,550.9611111111111,30,427.77777777777777,7.0,41.857142857142854,4.0,4.0,26477.399999999998,1,0.4444444444444444,3.3333333333333335,0.016305496562761063
12785,1,183.9597222222222,3,1100.4,366.8,550.9541666666667,42,151.0,183.5,183.5,1.0,3.0,14.850000000000001,1,0.3333333333333333,14.0,0.005435233903781262
13081,0,37.19444444444444,24,42964.5,1790.1875,550.9527777777778,628,1276.375,24.0,25.7,10.0,308.0,768.5500000000001,1,0.4166666666666667,26.166666666666668,0.043481980644479445
14605,1,193.9465277777778,4,921.5600000000001,230.39000000000001,550.9520833333333,88,104.0,178.5,178.5,0.0,0.0,0.0,1,0.0,22.0,0.0072470058919667695
14285,0,332.94652777777776,4,1374.41,343.60249999999996,550.9423611111112,33,103.25,73.0,72.66666666666667,1.0,1.0,125.78,1,0.25,8.25,0.00724713354479194
16892,0,3.0520833333333335,3,339.54,113.17999999999999,550.9375,57,69.33333333333333,274.0,274.0,1.0,1.0,15.95,1,0.3333333333333333,19.0,0.005435398029668214
16805,0,179.96875,4,845.52,211.38,550.93125,181,212.75,148.0,123.66666666666667,0.0,0.0,0.0,1,0.0,45.25,0.007247279439241754
13204,1,550.9125,1,966.6600000000001,966.6600000000001,550.9125,57,428.0,61.0,70.81666666666666,0.0,0.0,0.0,0,0.0,57.0,0.001811881412361561
15924,1,550.9097222222222,1,102.82,102.82,550.9097222222222,14,103.0,61.0,70.81666666666666,0.0,0.0,0.0,0,0.0,14.0,0.001811890531613715
15823,1,191.90416666666667,3,3882.17,1294.0566666666666,550.9013888888888,155,591.3333333333334,179.5,179.5,3.0,288.0,863.31,1,1.0,51.666666666666664,0.005435753669762866
13576,0,7.061805555555556,18,7621.26,423.40333333333336,550.9013888888888,109,170.77777777777777,32.0,32.0,3.0,12.0,32.2,1,0.16666666666666666,6.055555555555555,0.032614522018577195
17178,1,550.8541666666666,1,432.96,432.96,550.8541666666666,31,100.0,61.0,70.81666666666666,0.0,0.0,0.0,0,0.0,31.0,0.0018120729359356715
13798,0,0.1076388888888889,87,61907.28,711.5779310344827,550.8534722222222,154,448.81609195402297,6.0,7.346666666666667,14.0,867.0,2153.2999999999997,1,0.16091954022988506,1.7701149425287357,0.1576505438113227
18275,1,397.8777777777778,2,741.85,370.925,550.8520833333333,19,208.5,153.0,153.0,0.0,0.0,0.0,1,0.0,9.5,0.0036241595536243482
13855,1,320.12291666666664,4,1310.3400000000001,327.58500000000004,550.8291666666667,64,143.75,96.0,77.0,1.0,14.0,56.400000000000006,1,0.25,16.0,0.00724862011945122
15298,0,6.905555555555556,16,6039.07,377.441875,550.8236111111111,166,263.0625,32.0,36.266666666666666,4.0,28.0,77.54,1,0.25,10.375,0.02899477238348607
15674,0,33.09097222222222,12,5881.29,490.1075,550.8208333333333,219,249.91666666666666,33.0,47.09090909090909,5.0,204.0,730.38,1,0.4166666666666667,18.25,0.02174618875389808
14679,1,201.04097222222222,3,1289.44,429.81333333333333,550.8173611111112,49,264.6666666666667,175.0,175.0,2.0,5.0,16.49,1,0.6666666666666666,16.333333333333332,0.0054365813970755714
16253,0,74.97013888888888,6,5288.74,881.4566666666666,550.8097222222223,170,689.5,112.0,95.2,1.0,1.0,15.0,1,0.16666666666666666,28.333333333333332,0.010873313315026566
13883,0,38.00763888888889,14,5628.32,402.0228571428571,550.8083333333333,190,218.0,35.0,51.3,10.0,84.0,181.13,1,0.7142857142857143,13.571428571428571,0.025371128260114475
13557,0,100.025,12,2688.88,224.07333333333335,550.7979166666667,116,173.0,26.0,45.1,3.0,38.0,52.18000000000001,1,0.25,9.666666666666666,0.02174709189278986
16204,0,199.9076388888889,2,534.53,267.265,550.7958333333333,47,226.5,351.0,351.0,1.0,4.0,5.0,1,0.5,23.5,0.003624529000007551
15633,1,328.9555555555556,13,4335.96,333.5353846153846,550.7909722222222,77,157.53846153846155,16.5,18.5,5.0,34.0,179.04999999999998,1,0.38461538461538464,5.923076923076923,0.023559646051556863
15203,0,17.888194444444444,11,3265.28,296.84363636363634,550.7805555555556,126,282.0,55.0,59.22222222222222,0.0,0.0,0.0,1,0.0,11.454545454545455,0.019935461460624946
13136,0,32.00208333333333,9,4241.41,471.2677777777778,550.7638888888889,160,228.55555555555554,92.0,103.8,7.0,56.0,136.18,1,0.7777777777777778,17.77777777777778,0.016311324791703375
15181,0,89.03263888888888,3,810.72,270.24,550.7416666666667,6,64.0,231.0,231.0,3.0,50.0,246.8,1,1.0,2.0,0.0054373272515821115
17188,0,135.0013888888889,9,3543.14,393.68222222222226,550.7319444444445,106,216.77777777777777,56.5,52.0,4.0,34.0,231.10000000000002,1,0.4444444444444444,11.777777777777779,0.016312269192718887
13455,0,185.98541666666668,5,1847.59,369.51800000000003,550.1611111111112,70,126.2,105.5,91.0,5.0,28.0,132.11,1,1.0,14.0,0.009071757602636857
13114,1,550.1208333333333,1,234.38,234.38,550.1208333333333,16,74.0,61.0,70.81666666666666,0.0,0.0,0.0,0,0.0,16.0,0.0018144841194837795
13768,1,546.0895833333333,2,875.97,437.985,550.1006944444445,30,186.5,4.0,4.0,6.0,16.0,117.9,1,3.0,15.0,0.003629100852460669
14291,0,30.115972222222222,15,5634.31,375.6206666666667,550.0861111111111,195,284.73333333333335,59.0,65.0,1.0,5.0,49.75,1,0.06666666666666667,13.0,0.027218976667288335
12712,0,1.8902777777777777,17,5221.78,307.16352941176467,550.0861111111111,118,109.23529411764706,28.5,34.25,6.0,44.0,176.25,1,0.35294117647058826,6.9411764705882355,0.030848173556260114
14732,0,6.031944444444444,15,4097.78,273.1853333333333,550.0847222222222,128,107.2,41.0,41.84615384615385,3.0,11.0,53.4,1,0.2,8.533333333333333,0.027219045266784446
13202,1,213.8513888888889,7,1580.3,225.7571428571429,550.0847222222222,55,81.71428571428571,46.0,56.0,1.0,1.0,8.95,1,0.14285714285714285,7.857142857142857,0.012702221124499409
16945,0,21.038888888888888,22,5976.34,271.6518181818182,550.0534722222222,195,194.6818181818182,40.0,37.785714285714285,2.0,14.0,17.5,1,0.09090909090909091,8.863636363636363,0.03992353030873945
12487,1,550.0513888888889,1,285.29999999999995,285.29999999999995,550.0513888888889,2,174.0,61.0,70.81666666666666,1.0,30.0,25.5,0,1.0,2.0,0.001814712783895432
13672,1,120.95625,3,419.92,139.97333333333336,550.0486111111111,13,46.0,214.5,214.5,4.0,58.0,257.85,1,1.3333333333333333,4.333333333333333,0.005444165795012035
17929,0,74.01041666666667,10,2674.1,267.40999999999997,550.0486111111111,5,38.6,58.0,59.5,0.0,0.0,0.0,1,0.0,0.5,0.018147219316706785
16771,0,94.95416666666667,8,3358.7400000000002,419.8425,550.0402777777778,262,233.875,57.0,65.0,0.0,0.0,0.0,1,0.0,32.75,0.014517995004398248
16782,0,23.9875,32,8704.52,272.01625,550.0361111111112,565,116.4375,14.0,18.137931034482758,10.0,15.0,71.7,1,0.3125,17.65625,0.05807241912961945
18051,1,453.9527777777778,7,2282.28,326.03999999999996,550.0229166666667,41,237.28571428571428,15.5,16.0,1.0,4.0,6.3,1,0.14285714285714285,5.857142857142857,0.012703645870747965
16912,0,27.088194444444444,9,3050.79,338.9766666666667,550.0125,95,126.33333333333333,78.5,87.16666666666667,2.0,14.0,34.21,1,0.2222222222222222,10.555555555555555,0.016333567750277896
12924,0,17.96875,11,2190.9700000000003,199.17909090909095,550.0069444444445,45,111.54545454545455,66.0,59.111111111111114,2.0,11.0,46.25,1,0.18181818181818182,4.090909090909091,0.01996345075304052
15403,1,311.0201388888889,2,170.88,85.44,550.0034722222222,6,246.0,239.0,239.0,0.0,0.0,0.0,1,0.0,3.0,0.003629741191891058
14173,0,38.949305555555554,3,249.2,83.06666666666666,550.0027777777777,13,28.0,255.5,255.5,1.0,3.0,19.049999999999997,1,0.3333333333333333,4.333333333333333,0.005444618649835402
14211,0,27.086111111111112,14,3071.08,219.36285714285714,550.0013888888889,117,130.71428571428572,42.0,47.54545454545455,7.0,23.0,96.85,1,0.5,8.357142857142858,0.025408284411462968
14593,0,18.061805555555555,11,3387.97,307.99727272727273,549.9951388888888,369,148.72727272727272,86.5,88.66666666666667,6.0,13.0,96.83999999999999,1,0.5454545454545454,33.54545454545455,0.019963878487534552
16802,1,498.9625,2,582.61,291.305,549.9930555555555,48,184.5,51.0,51.0,0.0,0.0,0.0,1,0.0,24.0,0.003629809813090002
15302,1,549.9854166666667,1,308.0,308.0,549.9854166666667,15,102.0,61.0,70.81666666666666,1.0,1.0,16.95,0,1.0,15.0,0.001814930068475799
16709,0,19.044444444444444,13,8010.73,616.2099999999999,549.9819444444445,199,225.46153846153845,51.0,53.1,0.0,0.0,0.0,1,0.0,15.307692307692308,0.02359423957732029
17954,0,4.004166666666666,15,3006.69,200.446,549.9777777777778,385,167.86666666666667,38.0,42.0,7.0,52.0,104.64,1,0.4666666666666667,25.666666666666668,0.02722432846656449
13727,0,431.025,6,740.6700000000001,123.44500000000001,549.9756944444445,55,34.333333333333336,40.0,39.666666666666664,1.0,3.0,12.75,1,0.16666666666666666,9.166666666666666,0.010889772562562626
15911,1,443.03055555555557,8,1700.24,212.53,549.975,162,101.25,18.5,17.833333333333332,2.0,2.0,300.79,1,0.25,20.25,0.014519715050592132
14990,1,431.9555555555556,2,304.17,152.08499999999998,549.9715277777777,41,64.5,118.0,118.0,0.0,0.0,0.0,1,0.0,20.5,0.003629951638456817
16705,0,27.03125,30,36088.551,1202.9517,549.9694444444444,350,661.1666666666666,32.0,30.764705882352942,15.0,291.0,788.71,1,0.5,11.666666666666666,0.05444948046120727
13141,0,33.886805555555554,16,6668.36,416.7725,549.9694444444444,259,284.5625,45.0,39.69230769230769,4.0,35.0,131.95000000000002,1,0.25,16.1875,0.029039722912643874
12709,0,10.156944444444445,27,25708.37,952.1618518518518,549.9590277777778,177,440.6666666666667,27.0,25.714285714285715,13.0,141.0,559.38,1,0.48148148148148145,6.555555555555555,0.0490054589157038
14171,0,549.9583333333334,1,135.0,135.0,549.9583333333334,6,44.0,61.0,70.81666666666666,0.0,0.0,0.0,0,0.0,6.0,0.0018150192845798985
13983,0,6.864583333333333,17,5831.52,343.03058823529415,549.95625,216,207.94117647058823,36.5,38.785714285714285,8.0,101.0,102.07000000000001,1,0.47058823529411764,12.705882352941176,0.03085544451124749
17296,1,549.9506944444445,1,338.13,338.13,549.9506944444445,32,216.0,61.0,70.81666666666666,0.0,0.0,0.0,0,0.0,32.0,0.001815044449682304
17631,0,51.977777777777774,5,772.71,154.542,549.9409722222222,49,69.8,98.0,124.5,0.0,0.0,0.0,1,0.0,9.8,0.009075382395018624
17449,0,53.91180555555555,9,3671.63,407.9588888888889,549.9402777777777,236,218.66666666666666,49.5,62.0,0.0,0.0,0.0,1,0.0,26.22222222222222,0.01633570890170088
17184,1,388.9347222222222,2,198.41000000000003,99.20500000000001,549.9395833333333,14,36.5,161.0,161.0,0.0,0.0,0.0,1,0.0,7.0,0.003630162109426699
14107,0,39.97152777777778,8,3649.15,456.14375,549.9375,89,346.5,67.0,72.85714285714286,2.0,8.0,23.6,1,0.25,11.125,0.01452070334656835
12917,0,219.87083333333334,5,3765.2,753.04,549.9361111111111,44,196.8,98.0,110.0,2.0,6.0,29.700000000000003,1,0.4,8.8,0.009075462470441723
16755,0,45.950694444444444,6,2297.7200000000003,382.9533333333333,549.9340277777778,175,268.5,89.0,100.8,1.0,1.0,6.35,1,0.16666666666666666,29.166666666666668,0.010890596146695321
13825,1,441.075,2,255.59,127.79500000000002,549.9305555555555,38,91.0,109.0,109.0,0.0,0.0,0.0,1,0.0,19.0,0.0036302215947765144
13770,1,241.90277777777777,4,785.37,196.3425,549.9208333333333,48,117.0,85.0,102.66666666666667,0.0,0.0,0.0,1,0.0,12.0,0.007260571316205443
14505,0,23.96875,16,9179.51,573.719375,549.9180555555556,737,245.125,47.0,43.833333333333336,7.0,69.0,241.54,1,0.4375,46.0625,0.029042431698604095
15441,1,215.875,3,1254.21,418.07,549.9131944444445,45,195.66666666666666,167.0,167.0,0.0,0.0,0.0,1,0.0,15.0,0.005445503992739328
16933,0,58.97013888888889,8,2760.8,345.1,549.9076388888889,193,171.5,67.0,81.83333333333333,6.0,19.0,65.2,1,0.75,24.125,0.014521490419219798
13426,0,2.14375,17,6084.74,357.9258823529412,549.8986111111111,127,224.8235294117647,33.0,36.53333333333333,0.0,0.0,0.0,1,0.0,7.470588235294118,0.030858672824955188
17043,0,85.91458333333334,5,1033.07,206.61399999999998,549.8958333333334,97,156.0,134.5,116.0,0.0,0.0,0.0,1,0.0,19.4,0.009076126006882729
13498,1,549.8916666666667,1,327.38,327.38,549.8916666666667,17,362.0,61.0,70.81666666666666,0.0,0.0,0.0,0,0.0,17.0,0.0018152389308242697
16186,0,8.840972222222222,19,6058.84,318.8863157894737,549.8847222222222,138,248.26315789473685,22.0,33.8125,3.0,16.0,27.2,1,0.15789473684210525,7.2631578947368425,0.03448997446027476
18065,0,3.015972222222222,23,4885.95,212.43260869565216,549.8680555555555,163,79.52173913043478,36.5,39.07142857142857,3.0,7.0,29.75,1,0.13043478260869565,7.086956521739131,0.04175228490387646
17880,1,184.10347222222222,3,824.9200000000001,274.97333333333336,549.8590277777778,43,155.33333333333334,183.0,183.0,0.0,0.0,0.0,1,0.0,14.333333333333334,0.005446039456051596
13848,0,117.10625,7,2695.0,385.0,549.85625,3,1171.4285714285713,71.5,72.16666666666667,0.0,0.0,0.0,1,0.0,0.42857142857142855,0.012707489476610276
15077,1,314.0673611111111,2,2428.08,1214.04,549.8194444444445,28,264.0,236.0,236.0,2.0,2.0,4.2,1,1.0,14.0,0.003630953881842709
13728,0,18.08125,13,2332.96,179.45846153846153,549.8173611111112,65,75.07692307692308,38.5,44.333333333333336,0.0,0.0,0.0,1,0.0,5.0,0.023601289497804396
15209,1,549.8083333333333,1,178.98000000000002,178.98000000000002,549.8083333333333,13,94.0,61.0,70.81666666666666,0.0,0.0,0.0,0,0.0,13.0,0.0018155135633992467
15841,0,37.925694444444446,7,2131.61,304.5157142857143,549.18125,47,259.2857142857143,67.5,85.16666666666667,2.0,13.0,20.909999999999997,1,0.2857142857142857,6.714285714285714,0.0127230798941258
14134,1,202.01666666666668,15,11123.35,741.5566666666667,549.1423611111111,130,387.6,27.0,34.7,0.0,0.0,0.0,1,0.0,8.666666666666666,0.027265669870803644
15465,0,0.07152777777777777,27,10098.289999999999,374.0107407407407,549.1305555555556,91,80.48148148148148,14.0,21.115384615384617,6.0,31.0,341.04999999999995,1,0.2222222222222222,3.3703703703703702,0.04907925896378132
17603,0,437.0409722222222,3,1393.66,464.55333333333334,549.1291666666667,93,188.0,56.0,56.0,4.0,127.0,669.35,1,1.3333333333333333,31.0,0.00545326476357825
16143,0,32.17916666666667,10,3704.31,370.431,549.1291666666667,91,148.4,61.0,57.44444444444444,4.0,17.0,43.949999999999996,1,0.4,9.1,0.0181775492119275
14942,1,221.08263888888888,4,746.56,186.64,549.0958333333333,12,88.5,91.0,109.33333333333333,1.0,1.0,40.0,1,0.25,3.0,0.0072714602758610246
14293,0,124.87708333333333,7,2364.4700000000003,337.7814285714286,549.0784722222222,63,158.71428571428572,30.0,84.8,1.0,144.0,93.60000000000001,1,0.14285714285714285,9.0,0.012725457100186464
17861,0,72.90833333333333,12,3448.39,287.36583333333334,549.0576388888888,224,242.75,46.0,43.27272727272727,3.0,4.0,21.5,1,0.25,18.666666666666668,0.021815895556400025
15039,0,4.063888888888889,73,33351.23,456.8661643835617,549.0493055555555,487,208.73972602739727,7.0,8.515625,12.0,122.0,258.69,1,0.1643835616438356,6.671232876712328,0.13271537526307617
16843,0,16.92013888888889,25,13216.76,528.6704,549.0486111111111,181,419.24,21.0,28.0,3.0,43.0,42.650000000000006,1,0.12,7.24,0.04545052836239222
15858,0,108.97847222222222,10,2941.06,294.106,549.0472222222222,231,227.7,52.0,48.888888888888886,2.0,6.0,42.5,1,0.2,23.1,0.018180257250640097
17388,0,30.964583333333334,9,2179.01,242.11222222222224,549.0451388888889,29,245.22222222222223,62.0,64.75,0.0,0.0,0.0,1,0.0,3.2222222222222223,0.01636229349863963
15085,1,549.04375,1,347.54,347.54,549.04375,9,169.0,61.0,70.81666666666666,0.0,0.0,0.0,0,0.0,9.0,0.0018180372015862373
13091,0,549.0041666666667,2,1976.0,988.0,549.0416666666666,24,436.5,61.0,70.81666666666666,2.0,2408.0,2426.04,0,1.0,12.0,0.003636088175138247
15642,1,549.0409722222222,1,105.78000000000002,105.78000000000002,549.0409722222222,6,270.0,61.0,70.81666666666666,0.0,0.0,0.0,0,0.0,6.0,0.001818046382908344
14099,0,37.87638888888889,14,3968.2000000000003,283.4428571428571,549.0381944444445,224,194.78571428571428,41.0,39.30769230769231,1.0,8.0,54.0,1,0.07142857142857142,16.0,0.025452777900524585
15854,0,23.981944444444444,15,4193.55,279.57,549.0291666666667,134,89.66666666666667,30.0,37.5,0.0,0.0,0.0,1,0.0,8.933333333333334,0.027271281068428188
12978,1,204.93125,5,2502.82,500.564,549.0277777777778,126,278.8,35.0,86.0,1.0,1.0,6.75,1,0.2,25.2,0.009090449977273873
17027,0,102.99027777777778,6,866.3,144.38333333333335,549.0277777777778,86,69.83333333333333,76.0,89.2,1.0,6.0,41.7,1,0.16666666666666666,14.333333333333334,0.01090853997272865
15889,0,188.9013888888889,7,1279.6,182.79999999999998,549.0201388888889,237,105.0,16.0,60.0,1.0,7.0,10.45,1,0.14285714285714285,33.857142857142854,0.012726806720460991
16748,0,37.05833333333333,12,3031.63,252.63583333333335,549.0152777777778,48,144.91666666666666,53.0,46.54545454545455,1.0,12.0,5.04,1,0.08333333333333333,4.0,0.021817575774410305
16459,1,549.0055555555556,1,71.78999999999999,71.78999999999999,549.0055555555556,5,59.0,61.0,70.81666666666666,0.0,0.0,0.0,0,0.0,5.0,0.0018181634528944151
13173,0,186.93055555555554,10,2212.11,221.211,548.9986111111111,147,131.8,28.5,45.25,2.0,3.0,18.85,1,0.2,14.7,0.018181864095616403
15805,0,5.002777777777778,20,7365.17,368.2585,548.9951388888888,253,224.95,32.0,38.857142857142854,8.0,76.0,427.05,1,0.4,12.65,0.03636395776225295
15912,0,52.81944444444444,8,951.57,118.94624999999999,548.9944444444444,77,80.0,126.0,124.0,0.0,0.0,0.0,1,0.0,9.625,0.014545601470721927
16596,0,185.85555555555555,3,329.48,109.82666666666667,548.9868055555555,17,43.333333333333336,181.5,181.5,0.0,0.0,0.0,1,0.0,5.666666666666667,0.005454676311679195
16663,1,548.9847222222222,1,165.0,165.0,548.9847222222222,1,100.0,61.0,70.81666666666666,0.0,0.0,0.0,0,0.0,1.0,0.0018182323246352804
12989,0,19.90972222222222,25,9955.58,398.2232,548.9743055555556,23,218.48,25.5,26.45,4.0,146.0,641.65,1,0.16,0.92,0.04545666906155969
16985,0,31.152083333333334,19,8374.4,440.7578947368421,548.9694444444444,116,123.78947368421052,45.0,39.84615384615385,3.0,5.0,377.4,1,0.15789473684210525,6.105263157894737,0.03454737384400144
14648,1,235.98472222222222,15,4466.65,297.77666666666664,548.9520833333333,286,217.66666666666666,21.0,26.083333333333332,4.0,41.0,88.65,1,0.26666666666666666,19.066666666666666,0.02727510351280604
15573,0,437.96527777777777,3,597.23,199.07666666666668,548.9381944444444,104,138.33333333333334,55.5,55.5,0.0,0.0,0.0,1,0.0,34.666666666666664,0.005455158471090817
15367,0,65.04166666666667,9,4619.92,513.3244444444445,548.9375,191,293.0,40.0,69.14285714285714,2.0,8.0,75.6,1,0.2222222222222222,21.22222222222222,0.016365496079099897
14895,0,1.9458333333333333,23,18710.59,813.5039130434783,548.9361111111111,347,335.2173913043478,27.0,34.1875,7.0,48.0,557.92,1,0.30434782608695654,15.08695652173913,0.04182304005010683
14062,0,58.87777777777778,18,19955.43,1108.635,548.9319444444444,136,551.1111111111111,31.0,32.666666666666664,3.0,101.0,169.37,1,0.16666666666666666,7.555555555555555,0.032731322815196834
15157,0,177.9625,3,1803.5,601.1666666666666,548.9208333333333,81,717.3333333333334,185.5,185.5,1.0,72.0,30.24,1,0.3333333333333333,27.0,0.005455330691538933
15623,0,213.10486111111112,7,2136.02,305.1457142857143,548.9194444444445,77,137.42857142857142,56.0,56.0,0.0,0.0,0.0,1,0.0,11.0,0.012729137095837268
13831,0,19.975694444444443,15,5480.54,365.3693333333333,548.9166666666666,119,136.2,21.5,37.785714285714285,2.0,4.0,14.4,1,0.13333333333333333,7.933333333333334,0.027276860130322777
14626,0,52.980555555555554,8,3206.55,400.81875,548.9118055555556,112,270.5,55.0,70.85714285714286,2.0,15.0,19.45,1,0.25,14.0,0.014547787334585217
15032,1,75.90763888888888,8,11010.05,1376.25625,548.8909722222222,39,825.125,83.0,78.83333333333333,2.0,300.0,495.0,1,0.25,4.875,0.014548338496393856
16670,0,67.00069444444445,14,5882.47,420.1764285714286,548.8902777777778,201,231.35714285714286,37.0,40.166666666666664,9.0,68.0,208.8,1,0.6428571428571429,14.357142857142858,0.025459624521053444
15882,1,18.052083333333332,8,1124.66,140.5825,548.8868055555556,49,81.25,142.0,106.2,2.0,13.0,26.07,1,0.25,6.125,0.014548448733767176
17032,1,367.0236111111111,8,2984.32,373.04,548.8847222222222,183,208.375,45.5,45.5,5.0,11.0,854.54,1,0.625,22.875,0.014548503853080317
12979,1,548.8784722222222,1,517.7,517.7,548.8784722222222,56,520.0,61.0,70.81666666666666,1.0,36.0,38.160000000000004,0,1.0,56.0,0.0018185836516907145
15738,0,3.084722222222222,35,11159.960000000001,318.85600000000005,548.8736111111111,66,223.2,15.5,18.2,4.0,20.0,27.9,1,0.11428571428571428,1.8857142857142857,0.06365099050539391
14043,1,310.77222222222224,2,302.6,151.3,548.8708333333333,37,76.0,238.0,238.0,1.0,1.0,2.95,1,0.5,18.5,0.003637217831460419
17675,0,7.0152777777777775,52,25013.81,481.0348076923077,548.8611111111111,215,207.15384615384616,13.0,12.044444444444444,15.0,118.0,424.28000000000003,1,0.28846153846153844,4.134615384615385,0.09456933569083102
15916,0,11.040277777777778,10,2489.33,248.933,548.8534722222222,178,125.9,52.5,67.25,3.0,15.0,112.65,1,0.3,17.8,0.018186663366124057
16901,1,548.8472222222222,1,204.26,204.26,548.8472222222222,23,42.0,61.0,70.81666666666666,0.0,0.0,0.0,0,0.0,23.0,0.0018186870090176567
12933,0,103.05555555555556,6,1139.85,189.97500000000002,548.8409722222223,159,85.83333333333333,74.0,111.5,3.0,55.0,59.75,1,0.5,26.5,0.010912246091357223
14507,0,34.93888888888889,8,2464.17,308.02125,548.8236111111111,169,154.125,70.5,85.66666666666667,3.0,43.0,111.94,1,0.375,21.125,0.014550120872097871
17696,0,5.186805555555556,23,6231.47,270.93347826086955,548.8201388888889,163,203.52173913043478,21.0,28.63157894736842,16.0,117.0,218.99,1,0.6956521739130435,7.086956521739131,0.04183186168203996
18276,0,212.11041666666668,5,1320.66,264.132,548.8166666666667,69,212.0,83.5,84.25,2.0,5.0,23.35,1,0.4,13.8,0.009093940404377216
14030,0,62.95,17,6597.98,388.11647058823525,548.8076388888888,522,199.23529411764707,22.0,40.5,2.0,54.0,116.69999999999999,1,0.11764705882352941,30.705882352941178,0.03091990506780781
14081,1,121.85625,10,4867.57,486.75699999999995,548.7659722222222,465,338.1,37.0,61.0,6.0,20.0,120.05,1,0.6,46.5,0.0181895579305841
17351,0,92.86458333333333,10,1599.68,159.96800000000002,548.7548611111112,30,29.8,46.5,57.0,0.0,0.0,0.0,1,0.0,3.0,0.01818992556025602
16798,1,373.7423611111111,3,841.16,280.38666666666666,548.71875,141,68.33333333333333,87.5,87.5,1.0,2.0,11.149999999999999,1,0.3333333333333333,47.0,0.005457336137797738
17512,0,19.886805555555554,14,3845.25,274.6607142857143,548.71875,80,280.2142857142857,25.0,44.083333333333336,2.0,13.0,35.55,1,0.14285714285714285,5.714285714285714,0.025467568643056108
13542,1,196.05972222222223,17,3959.4900000000002,232.91117647058826,548.70625,98,47.294117647058826,19.0,22.0625,1.0,3.0,35.4,1,0.058823529411764705,5.764705882352941,0.030925607995179245
16905,0,56.05555555555556,13,2491.35,191.6423076923077,548.6986111111111,106,60.92307692307692,31.0,44.81818181818182,3.0,3.0,29.65,1,0.23076923076923078,8.153846153846153,0.02364932298759674
15494,0,297.8305555555556,3,2422.02,807.34,548.6902777777777,219,637.6666666666666,125.5,125.5,1.0,1.0,9.1,1,0.3333333333333333,73.0,0.005457618810592834
14702,0,100.73055555555555,18,4302.69,239.03833333333336,548.6861111111111,240,101.22222222222223,21.0,26.352941176470587,2.0,2.0,17.0,1,0.1111111111111111,13.333333333333334,0.03274596107879749
17165,1,103.84097222222222,6,1794.32,299.05333333333334,548.1472222222222,77,131.33333333333334,71.0,88.8,2.0,3.0,10.690000000000001,1,0.3333333333333333,12.833333333333334,0.010926031776542416
16293,0,27.016666666666666,9,3159.9500000000003,351.1055555555556,548.1194444444444,130,151.55555555555554,80.0,86.83333333333333,2.0,5.0,13.5,1,0.2222222222222222,14.444444444444445,0.01638987672182231
15769,0,17.09236111111111,33,60249.52,1825.7430303030303,548.1194444444444,18,1042.6666666666667,16.0,18.310344827586206,2.0,2.0,5.9399999999999995,1,0.06060606060606061,0.5454545454545454,0.060096214646681814
18172,0,30.727083333333333,39,13625.72,349.3774358974359,548.1194444444444,151,144.48717948717947,14.0,20.68,7.0,22.0,117.75,1,0.1794871794871795,3.871794871794872,0.07102279912789669
18268,0,410.87708333333336,5,1464.73,292.946,548.0993055555556,36,141.8,30.0,34.25,1.0,7.0,13.51,1,0.2,7.2,0.009105821022558407
14519,1,503.06388888888887,2,203.14,101.57,548.0902777777778,38,40.5,45.0,45.0,0.0,0.0,0.0,1,0.0,19.0,0.003642388293768733
14191,0,4.111111111111111,5,919.6,183.92000000000002,548.0847222222222,30,93.8,97.5,136.0,2.0,15.0,104.25,1,0.4,6.0,0.00910606286724625
13077,0,109.8548611111111,10,2588.82,258.882,548.0645833333333,176,221.2,49.0,54.75,3.0,61.0,24.5,1,0.3,17.6,0.018212793728728027
14643,0,177.78958333333333,4,1344.02,336.005,548.0402777777778,42,237.0,101.0,123.33333333333333,1.0,60.0,25.200000000000003,1,0.25,10.5,0.0072854399975715205
12957,0,5.9631944444444445,9,6404.72,711.6355555555556,548.0340277777777,296,376.1111111111111,64.0,77.42857142857143,6.0,18.0,55.9,1,0.6666666666666666,32.888888888888886,0.016392426597724035
14577,0,52.05486111111111,5,972.45,194.49,548.0284722222223,80,81.4,88.5,124.0,0.0,0.0,0.0,1,0.0,16.0,0.009106995817106226
17409,1,4.093055555555556,10,7793.51,779.351,548.0229166666667,50,408.9,64.0,77.71428571428571,0.0,0.0,0.0,1,0.0,5.0,0.018214175941350354
16470,0,12.049305555555556,9,2009.74,223.30444444444444,548.0201388888889,240,109.22222222222223,56.0,76.57142857142857,1.0,1.0,4.95,1,0.1111111111111111,26.666666666666668,0.016392841286686253
16191,0,82.16388888888889,19,13112.980000000001,690.1568421052631,548.0180555555555,76,400.4736842105263,20.0,42.36363636363637,11.0,90.0,323.3,1,0.5789473684210527,4.0,0.034607240704996045
17344,0,548.0131944444445,1,299.74,299.74,548.0131944444445,36,135.0,61.0,70.81666666666666,1.0,2.0,13.5,0,1.0,36.0,0.0018214498487817156
16365,0,72.70486111111111,9,2116.2799999999997,235.1422222222222,548.00625,65,85.44444444444444,67.0,59.375,1.0,16.0,10.4,1,0.1111111111111111,7.222222222222222,0.016393255996630274
13418,0,23.947916666666668,22,8772.83,398.765,547.9993055555556,250,234.63636363636363,21.0,30.823529411764707,3.0,41.0,283.4,1,0.13636363636363635,11.363636363636363,0.04007291043426234
12854,0,60.93958333333333,6,2465.09,410.84833333333336,547.9965277777778,166,237.66666666666666,77.0,97.4,4.0,21.0,71.65,1,0.6666666666666666,27.666666666666668,0.010929030870717407
15197,0,72.04166666666667,5,1571.15,314.23,547.9958333333333,35,158.2,75.0,119.0,3.0,17.0,445.90000000000003,1,0.6,7.0,0.00910753724603253
13953,0,30.145138888888887,8,4875.0,609.375,547.9944444444444,1,487.5,78.0,74.0,0.0,0.0,0.0,1,0.0,0.125,0.014572096459182952
14298,0,10.130555555555556,68,70161.18,1031.7820588235295,547.9590277777778,1092,1146.9558823529412,16.0,15.823529411764707,1.0,96.0,40.32,1,0.014705882352941176,16.058823529411764,0.12387081104261727
16952,0,260.8854166666667,3,628.22,209.40666666666667,547.9569444444444,61,83.66666666666667,143.5,143.5,0.0,0.0,0.0,1,0.0,20.333333333333332,0.005464909462136527
13415,1,292.05,4,784.17,196.04250000000002,547.9375,85,124.0,128.0,128.0,1.0,92.0,118.75,1,0.25,21.25,0.007286804053284754
13668,0,7.001388888888889,26,10674.33,410.55115384615385,547.9319444444444,317,185.53846153846155,15.0,21.64,7.0,63.0,227.48,1,0.2692307692307692,12.192307692307692,0.047364705703753
14790,0,73.0423611111111,7,1933.72,276.2457142857143,547.9256944444444,54,297.0,93.0,79.16666666666667,0.0,0.0,0.0,1,0.0,7.714285714285714,0.012752181344115338
17487,1,547.9055555555556,1,160.55,160.55,547.9055555555556,8,37.0,61.0,70.81666666666666,0.0,0.0,0.0,0,0.0,8.0,0.0018218070301509062
17958,0,547.8840277777778,1,465.42,465.42,547.8840277777778,29,200.0,61.0,70.81666666666666,0.0,0.0,0.0,0,0.0,29.0,0.001821878483235555
17754,0,79.95555555555555,9,3050.81,338.9788888888889,547.8736111111111,137,322.0,57.0,66.85714285714286,3.0,67.0,68.14,1,0.3333333333333333,15.222222222222221,0.01639721753388885
15898,0,46.115972222222226,24,4610.56,192.10666666666668,547.8604166666667,280,83.91666666666667,17.0,22.818181818181817,4.0,17.0,61.95,1,0.16666666666666666,11.666666666666666,0.04372696458191784
14130,1,138.86458333333334,4,1858.77,464.6925,547.8451388888889,189,303.75,56.0,136.33333333333334,0.0,0.0,0.0,1,0.0,47.25,0.00728803029593705
17860,1,188.00625,4,717.39,179.3475,547.8347222222222,127,174.0,180.0,180.0,0.0,0.0,0.0,1,0.0,31.75,0.007288168619878986
12664,0,51.928472222222226,4,2491.7400000000002,622.9350000000001,546.0986111111112,5,152.25,192.0,164.66666666666666,0.0,0.0,0.0,1,0.0,1.25,0.007311296206503499
16719,0,55.10347222222222,11,2719.08,247.1890909090909,546.0770833333333,180,157.45454545454547,45.0,49.1,3.0,21.0,144.75,1,0.2727272727272727,16.363636363636363,0.02010685575235056
16442,0,47.04097222222222,4,715.11,178.7775,546.0729166666666,165,122.25,133.0,166.33333333333334,0.0,0.0,0.0,1,0.0,41.25,0.007311639597098194
13317,0,18.09375,18,5526.3910000000005,307.0217222222222,546.06875,181,145.22222222222223,33.0,40.61538461538461,11.0,96.0,405.06,1,0.6111111111111112,10.055555555555555,0.03290262878294547
15196,1,252.08333333333334,2,313.7,156.85,546.0666666666667,34,65.0,294.0,294.0,0.0,0.0,0.0,1,0.0,17.0,0.003655861564708749
15956,1,370.9888888888889,2,617.6,308.79999999999995,546.0652777777777,18,139.0,175.0,175.0,0.0,0.0,0.0,1,0.0,9.0,0.003655870846207161
15169,1,201.99027777777778,2,569.22,284.61,546.0652777777777,58,178.0,344.0,344.0,0.0,0.0,0.0,1,0.0,29.0,0.003655870846207161
14685,1,395.9875,8,4536.64,567.08,546.0541666666667,109,246.125,37.0,37.5,5.0,60.0,295.47999999999996,1,0.625,13.625,0.014623780399564332
15503,1,182.07847222222222,2,257.3,128.65,546.0527777777778,112,65.0,364.0,364.0,0.0,0.0,0.0,1,0.0,56.0,0.003655954381813658
13026,0,40.08263888888889,6,1001.44,166.90666666666667,546.0527777777778,25,199.0,84.0,101.2,1.0,1.0,3.75,1,0.16666666666666666,4.166666666666667,0.010967863145440973
15144,0,36.988194444444446,17,7274.89,427.93470588235294,546.0520833333334,121,176.41176470588235,42.0,39.15384615384615,4.0,46.0,153.8,1,0.23529411764705882,7.117647058823529,0.031075651693737265
12843,0,5.929861111111111,26,5952.61,228.94653846153844,546.0479166666667,116,105.57692307692308,14.0,23.47826086956522,3.0,103.0,221.3,1,0.11538461538461539,4.461538461538462,0.04752782929587978
14161,1,35.047916666666666,7,2996.93,428.1328571428571,546.0444444444445,202,211.42857142857142,80.5,85.16666666666667,0.0,0.0,0.0,1,0.0,28.857142857142858,0.012796035260186049
17172,0,250.03333333333333,2,638.81,319.405,546.0444444444445,24,367.5,296.0,296.0,2.0,16.0,41.080000000000005,1,1.0,12.0,0.0036560100743388713
16830,0,262.00902777777776,3,881.59,293.86333333333334,546.0270833333333,47,145.0,142.0,142.0,1.0,6.0,23.8,1,0.3333333333333333,15.666666666666666,0.005484189158824404
16127,0,546.0215277777778,1,145.06,145.06,546.0215277777778,35,68.0,61.0,70.81666666666666,0.0,0.0,0.0,0,0.0,35.0,0.0018280816187662733
17539,1,437.02986111111113,4,1176.84,294.21,546.0097222222222,132,177.0,28.0,36.333333333333336,3.0,12.0,179.5,1,0.75,33.0,0.0073124842895845345
15944,1,96.09513888888888,4,2164.24,541.06,545.9951388888888,25,214.75,117.0,150.0,0.0,0.0,0.0,1,0.0,6.25,0.007312679246336996
17211,0,52.925,10,2710.07,271.007,545.98125,166,156.3,31.0,54.77777777777778,2.0,17.0,44.55,1,0.2,16.6,0.01828216232274872
14514,0,20.90138888888889,8,3792.95,474.11875000000003,545.9784722222222,197,246.375,72.0,75.0,1.0,1.0,4.25,1,0.125,24.625,0.01462580413356711
17066,1,545.9763888888889,1,228.34,228.34,545.9763888888889,17,93.0,61.0,70.81666666666666,0.0,0.0,0.0,0,0.0,17.0,0.0018282324800735356
15850,0,196.0125,4,771.87,192.9675,545.9743055555556,197,259.0,148.0,116.66666666666667,0.0,0.0,0.0,1,0.0,49.25,0.007312957774016908
17290,0,201.0673611111111,6,974.95,162.49166666666667,545.9736111111112,96,123.66666666666667,86.0,86.25,0.0,0.0,0.0,1,0.0,16.0,0.010969450587957473
13735,0,53.95902777777778,10,7814.38,781.438,545.9715277777777,292,351.2,40.5,61.5,6.0,44.0,241.49,1,0.6,29.2,0.01828248728160998
12681,0,6.9840277777777775,36,24802.06,688.9461111111111,545.9715277777777,412,398.0,13.0,15.4,9.0,88.0,249.07,1,0.25,11.444444444444445,0.06581695421379592
17802,0,191.9625,8,3761.38,470.1725,545.9659722222223,246,253.5,55.5,59.0,5.0,22.0,104.08,1,0.625,30.75,0.014626138382059619
15628,0,2.1666666666666665,11,3467.96,315.2690909090909,545.9659722222223,105,208.27272727272728,50.5,54.4,3.0,10.0,44.300000000000004,1,0.2727272727272727,9.545454545454545,0.020110940275331977
15446,1,196.03541666666666,3,399.75,133.25,545.95625,90,88.33333333333333,175.0,175.0,2.0,4.0,8.1,1,0.6666666666666666,30.0,0.0054848993863768816
14525,0,5.011111111111111,13,5742.68,441.74461538461543,545.9506944444445,268,271.38461538461536,36.0,45.083333333333336,2.0,20.0,78.0,1,0.15384615384615385,20.615384615384617,0.02376813875920666
14751,1,503.96736111111113,2,126.45,63.225,545.9458333333333,7,32.5,42.0,42.0,0.0,0.0,0.0,1,0.0,3.5,0.003656669231413836
12683,0,4.132638888888889,16,8244.06,515.25375,545.9090277777777,189,319.1875,40.0,45.166666666666664,4.0,9.0,94.44999999999999,1,0.25,11.8125,0.029255322525963467
13087,1,545.8986111111111,1,313.64,313.64,545.8986111111111,15,86.0,61.0,70.81666666666666,0.0,0.0,0.0,0,0.0,15.0,0.0018284924841340184
15562,1,171.12152777777777,3,671.4300000000001,223.81000000000003,545.8979166666667,32,186.66666666666666,187.5,187.5,0.0,0.0,0.0,1,0.0,10.666666666666666,0.005485484417795825
17819,0,2.0770833333333334,11,5784.65,525.8772727272727,545.8930555555555,66,142.72727272727272,61.0,54.4,1.0,4.0,43.8,1,0.09090909090909091,6.0,0.02011362164550758
16409,0,61.81805555555555,9,4433.32,492.5911111111111,545.8833333333333,312,321.6666666666667,64.0,60.5,0.0,0.0,0.0,1,0.0,34.666666666666664,0.016456892085453936
14277,0,31.979166666666668,7,14638.64,2091.2342857142858,545.8798611111112,218,12669.285714285714,91.0,102.8,4.0,87563.0,12642.14,1,0.5714285714285714,31.142857142857142,0.01279988622323357
14466,0,6.877083333333333,10,3340.45,334.04499999999996,545.8791666666667,73,195.9,52.0,59.888888888888886,0.0,0.0,0.0,1,0.0,7.3,0.018285574967047868
16725,1,121.83194444444445,14,1688.26,120.59,545.8722222222223,242,50.0,12.0,38.54545454545455,2.0,2.0,11.4,1,0.14285714285714285,17.285714285714285,0.02560013003240651
17799,0,61.857638888888886,16,4594.99,287.186875,545.8659722222222,398,167.0,39.5,40.333333333333336,3.0,15.0,125.14999999999999,1,0.1875,24.875,0.029257625840172597
17910,1,545.8652777777778,1,261.7,261.7,545.8652777777778,25,121.0,61.0,70.81666666666666,0.0,0.0,0.0,0,0.0,25.0,0.0018286039370858655
16551,0,156.1013888888889,5,1626.07,325.214,545.8597222222222,54,277.4,72.0,97.5,0.0,0.0,0.0,1,0.0,10.8,0.009143112569494004
15577,0,124.97083333333333,3,166.8,55.6,545.85625,24,12.666666666666666,210.5,210.5,0.0,0.0,0.0,1,0.0,8.0,0.005485902373795672
12346,1,145.1173611111111,12,77556.46,6463.038333333334,545.1777777777778,27,6190.416666666667,17.0,57.142857142857146,5.0,74232.0,77608.20000000001,1,0.4166666666666667,2.25,0.02197086825616405
12439,1,502.02708333333334,2,1142.88,571.44,545.1736111111111,69,239.0,43.0,43.0,1.0,30.0,53.699999999999996,1,0.5,34.5,0.0036618393113707743
13462,1,72.0625,5,1153.85,230.76999999999998,545.1263888888889,64,139.4,105.0,118.25,1.0,1.0,8.25,1,0.2,12.8,0.009155389854302143
13872,1,346.8854166666667,3,919.57,306.5233333333333,545.1208333333333,51,113.0,99.0,99.0,3.0,7.0,28.25,1,1.0,17.0,0.005493289793925338
13013,0,32.02569444444445,20,8658.78,432.939,545.0944444444444,246,233.55,19.0,30.176470588235293,0.0,0.0,0.0,1,0.0,12.3,0.03662370163891065
14977,1,545.0923611111111,1,31.929999999999996,31.929999999999996,545.0923611111111,4,17.0,61.0,70.81666666666666,0.0,0.0,0.0,0,0.0,4.0,0.0018311920678863592
12472,0,87.00694444444444,15,12726.02,848.4013333333334,545.0840277777778,325,537.0,32.0,32.714285714285715,15.0,374.0,730.85,1,1.0,21.666666666666668,0.027468300182740494
16769,1,79.96458333333334,4,1117.05,279.26250000000005,545.0694444444445,76,73.75,232.5,232.5,0.0,0.0,0.0,1,0.0,19.0,0.007325075667014269
17075,0,72.96041666666666,9,2098.58,233.17555555555555,545.0597222222223,140,81.55555555555556,40.0,59.0,1.0,3.0,20.35,1,0.1111111111111111,15.555555555555555,0.016481713691267996
16190,0,214.1298611111111,7,2508.4700000000003,358.3528571428572,545.0354166666667,88,163.28571428571428,41.0,55.166666666666664,0.0,0.0,0.0,1,0.0,12.571428571428571,0.012819681263043834
14032,0,25.89236111111111,10,3106.39,310.639,545.0333333333333,68,279.7,35.0,57.666666666666664,7.0,35.0,58.35,1,0.7,6.8,0.01831390025028997
17825,1,418.0340277777778,4,701.96,175.49,545.0284722222223,24,129.0,127.0,127.0,0.0,0.0,0.0,1,0.0,6.0,0.007325625317157606
15329,0,194.05972222222223,8,1909.13,238.64125,545.0222222222222,60,91.375,36.0,50.142857142857146,8.0,54.0,197.15,1,1.0,7.5,0.014651418338691954
17908,1,193.04513888888889,5,1142.47,228.494,545.0180555555555,178,134.0,85.0,88.0,2.0,27.0,53.65,1,0.4,35.6,0.009157206339839189
15534,1,545.0013888888889,1,162.25,162.25,545.0013888888889,8,63.0,61.0,70.81666666666666,0.0,0.0,0.0,0,0.0,8.0,0.0018314971726262398
16327,0,18.95138888888889,14,8809.01,629.215,544.9888888888889,270,513.0,39.0,40.46153846153846,4.0,13.0,25.82,1,0.2857142857142857,19.285714285714285,0.02564154744703799
15920,0,243.95347222222222,5,401.64,80.328,544.9868055555555,42,27.8,100.0,100.33333333333333,0.0,0.0,0.0,1,0.0,8.4,0.009157730460010609
12613,0,17.147222222222222,9,4935.51,548.39,544.9861111111111,173,363.55555555555554,79.5,88.0,2.0,72.0,118.15,1,0.2222222222222222,19.22222222222222,0.016483935794052555
17318,1,544.9854166666667,1,157.32999999999998,157.32999999999998,544.9854166666667,17,59.0,61.0,70.81666666666666,0.0,0.0,0.0,0,0.0,17.0,0.0018315507511265944
17965,0,72.09444444444445,21,5731.24,272.9161904761905,544.9798611111111,477,168.42857142857142,20.5,23.65,4.0,26.0,123.2,1,0.19047619047619047,22.714285714285715,0.0384629571450921
14401,0,1.9159722222222222,12,3724.98,310.415,544.9777777777778,91,227.16666666666666,47.0,49.36363636363637,2.0,20.0,81.00000000000001,1,0.16666666666666666,7.583333333333333,0.02197891652081892
15188,1,544.9722222222222,1,310.43,310.43,544.9722222222222,23,233.0,61.0,70.81666666666666,0.0,0.0,0.0,0,0.0,23.0,0.001831595013991351
16019,0,51.89861111111111,24,16032.42,668.0175,544.9430555555556,192,254.58333333333334,21.0,25.94736842105263,7.0,265.0,489.7,1,0.2916666666666667,8.0,0.04396062877945654
12926,1,230.8701388888889,4,1523.97,380.9925,544.9270833333334,202,188.5,78.0,104.66666666666667,0.0,0.0,0.0,1,0.0,50.5,0.00732698582304566
17623,0,228.94305555555556,6,1838.72,306.4533333333334,544.9263888888889,108,89.0,35.0,63.2,0.0,0.0,0.0,1,0.0,18.0,0.010990492714982432
15015,1,320.9583333333333,13,2354.97,181.15153846153845,544.9194444444445,158,121.84615384615384,22.0,22.4,7.0,30.0,89.2,1,0.5384615384615384,12.153846153846153,0.023813037129002547
14796,0,37.111111111111114,19,5664.74,298.14421052631576,544.9055555555556,313,186.52631578947367,19.5,28.22222222222222,7.0,54.0,128.60999999999999,1,0.3684210526315789,16.473684210526315,0.03480455512247743
14042,1,544.9048611111111,1,431.98,431.98,544.9048611111111,21,180.0,61.0,70.81666666666666,0.0,0.0,0.0,0,0.0,21.0,0.0018318210209094736
15867,0,2.8625,26,7168.43,275.70884615384614,544.8986111111111,462,156.19230769230768,20.5,22.583333333333332,3.0,15.0,74.25,1,0.11538461538461539,17.76923076923077,0.04762789182973029
16125,1,186.8763888888889,14,4292.35,306.5964285714286,544.8833333333333,168,129.92857142857142,27.0,27.53846153846154,0.0,0.0,0.0,1,0.0,12.0,0.025646505663603335
13591,0,23.95277777777778,6,1753.04,292.17333333333335,544.8791666666667,71,104.66666666666667,122.0,104.2,1.0,1.0,12.75,1,0.16666666666666666,11.833333333333334,0.010991443466579142
16280,1,544.8756944444444,1,238.05,238.05,544.8756944444444,16,101.0,61.0,70.81666666666666,0.0,0.0,0.0,0,0.0,16.0,0.0018319188968795043
12920,0,390.9951388888889,3,323.86,107.95333333333333,544.8694444444444,32,97.33333333333333,154.0,154.0,0.0,0.0,0.0,1,0.0,10.666666666666666,0.005495819614987304
17866,0,304.0048611111111,2,805.3000000000001,402.65000000000003,544.8673611111111,15,180.5,241.0,241.0,0.0,0.0,0.0,1,0.0,7.5,0.00366389372672696
13577,0,61.09513888888889,8,2158.43,269.80375,544.8611111111111,66,125.125,70.0,69.14285714285714,2.0,29.0,113.36,1,0.25,8.25,0.014655742710294642
16064,1,544.8604166666667,1,109.31,109.31,544.8604166666667,17,55.0,61.0,70.81666666666666,0.0,0.0,0.0,0,0.0,17.0,0.0018319701694190747
17416,0,16.885416666666668,18,13853.04,769.6133333333333,544.8479166666667,279,360.55555555555554,40.5,52.8,2.0,14.0,66.9,1,0.1111111111111111,15.5,0.03297621819264371
15640,0,4.865277777777778,22,17785.77,808.444090909091,544.8430555555556,240,410.45454545454544,33.0,31.764705882352942,4.0,21.0,62.55,1,0.18181818181818182,10.909090909090908,0.040304625617355413
12992,1,544.8361111111111,1,93.35000000000001,93.35000000000001,544.8361111111111,6,21.0,61.0,70.81666666666666,0.0,0.0,0.0,0,0.0,6.0,0.001832051745283739
15672,1,544.8319444444444,1,45.300000000000004,45.300000000000004,544.8319444444444,3,10.0,61.0,70.81666666666666,0.0,0.0,0.0,0,0.0,3.0,0.0018320657304471515
13000,0,79.10833333333333,3,956.1800000000001,318.7266666666667,544.8243055555556,56,158.66666666666666,233.0,233.0,1.0,10.0,67.5,1,0.3333333333333333,18.666666666666668,0.005496274111403877
17012,1,544.8027777777778,1,360.61,360.61,544.8027777777778,34,251.0,61.0,70.81666666666666,0.0,0.0,0.0,0,0.0,34.0,0.0018321636325697621
16098,0,4.853472222222222,11,3227.29,293.39,544.1319444444445,75,156.27272727272728,56.0,53.9,0.0,0.0,0.0,1,0.0,6.818181818181818,0.020178601001286642
16554,0,41.93958333333333,7,2318.73,331.2471428571429,544.1305555555556,90,153.28571428571428,92.0,83.66666666666667,9.0,114.0,332.1,1,1.2857142857142858,12.857142857142858,0.012840960626149698
13004,0,3.1486111111111112,26,8755.96,336.7676923076923,544.1291666666667,322,246.92307692307693,20.0,21.64,8.0,308.0,495.98,1,0.3076923076923077,12.384615384615385,0.0476951181294953
15838,0,10.002777777777778,22,47771.299999999996,2171.422727272727,544.1243055555556,44,2277.0,21.0,26.7,3.0,9479.0,466.57,1,0.13636363636363635,2.0,0.040357767532634634
17572,0,58.02777777777778,8,577.6600000000001,72.20750000000001,544.1180555555555,14,36.0,66.0,69.42857142857143,0.0,0.0,0.0,1,0.0,1.75,0.014675720091213677
13902,1,451.9868055555556,5,34095.26,6819.051999999999,544.1166666666667,58,44120.0,26.5,23.0,3.0,2510.0,3683.9999999999995,1,0.6,11.6,0.009172348426942244
17213,0,135.9465277777778,9,3025.12,336.1244444444444,544.0986111111112,91,137.11111111111111,32.0,51.0,7.0,22.0,103.37,1,0.7777777777777778,10.11111111111111,0.01651077404445169
17251,1,182.07222222222222,3,798.98,266.32666666666665,544.0930555555556,65,125.66666666666667,181.0,181.0,1.0,2.0,8.7,1,0.3333333333333333,21.666666666666668,0.005503647440421742
16858,1,188.1236111111111,10,4292.59,429.259,544.0701388888889,75,143.5,37.0,39.55555555555556,6.0,56.0,206.85000000000002,1,0.6,7.5,0.018346262777089086
17082,0,137.92638888888888,5,3365.12,673.024,544.0590277777778,74,358.6,99.0,135.33333333333334,0.0,0.0,0.0,1,0.0,14.8,0.009173318384221892
14607,0,80.89444444444445,9,8048.63,894.2922222222222,544.0590277777778,76,456.55555555555554,51.0,66.14285714285714,2.0,111.0,163.67000000000002,1,0.2222222222222222,8.444444444444445,0.016511973091599404
17262,0,46.86944444444445,10,2190.76,219.07600000000002,544.0583333333333,10,59.5,61.0,71.0,0.0,0.0,0.0,1,0.0,1.0,0.01834666014340973
18220,1,46.15763888888889,6,1921.76,320.29333333333335,544.0472222222222,17,225.33333333333334,85.0,99.6,5.0,94.0,150.06,1,0.8333333333333334,2.8333333333333335,0.011008220490579307
17625,0,77.0201388888889,5,4500.53,900.106,544.0423611111111,343,539.6,115.5,116.75,0.0,0.0,0.0,1,0.0,68.6,0.009173598892033112
17233,0,267.9791666666667,2,369.98,184.99,544.0326388888889,32,83.5,276.0,276.0,0.0,0.0,0.0,1,0.0,16.0,0.0036695050118048488
17095,0,118.95694444444445,6,1792.05,298.675,544.0125,83,218.5,93.0,85.0,4.0,12.0,241.81,1,0.6666666666666666,13.833333333333334,0.011008921813719867
16713,0,55.05625,25,9816.41,392.6564,544.0006944444444,410,213.0,14.0,21.26086956521739,7.0,20.0,150.7,1,0.28,16.4,0.045871501183102466
12941,1,543.9847222222222,1,377.49,377.49,543.9847222222222,27,381.0,61.0,70.81666666666666,0.0,0.0,0.0,0,0.0,27.0,0.0018349138227626157
17596,0,10.890277777777778,9,2971.98,330.22,543.9784722222222,206,523.3333333333334,64.0,66.625,1.0,7.0,13.35,1,0.1111111111111111,22.88888888888889,0.01651441379565197
15812,0,8.888194444444444,10,4454.55,445.45500000000004,543.9652777777778,83,312.7,49.0,59.44444444444444,1.0,18.0,15.299999999999999,1,0.1,8.3,0.018349792927683975
14966,0,206.98333333333332,5,881.24,176.248,543.9597222222222,93,176.2,15.0,112.33333333333333,0.0,0.0,0.0,1,0.0,18.6,0.009174989996712296
15070,1,192.06041666666667,3,737.0500000000001,245.68333333333337,543.9590277777778,26,115.66666666666667,176.0,176.0,0.0,0.0,0.0,1,0.0,8.666666666666666,0.005505001013073103
18260,0,25.1125,22,9520.130000000001,432.7331818181819,543.9583333333334,205,230.3181818181818,17.5,25.95,9.0,36.0,210.16,1,0.4090909090909091,9.318181818181818,0.04037005887300252
16749,1,410.9888888888889,2,4157.88,2078.94,543.9479166666666,53,955.0,133.0,133.0,0.0,0.0,0.0,1,0.0,26.5,0.0036700755041575075
13405,0,23.846527777777776,5,1198.81,239.762,543.9423611111112,32,170.6,134.0,130.0,3.0,7.0,17.25,1,0.6,6.4,0.009175282299223797
17797,0,2.05625,6,1463.85,243.975,543.9305555555555,172,139.5,58.0,108.4,0.0,0.0,0.0,1,0.0,28.666666666666668,0.011010577290684338
13823,0,199.97083333333333,5,2445.79,489.158,543.9277777777778,91,225.0,79.5,86.0,1.0,4.0,44.9,1,0.2,18.2,0.009175527847727018
15566,1,212.02708333333334,2,227.87,113.935,543.9145833333333,9,76.5,332.0,332.0,0.0,0.0,0.0,1,0.0,4.5,0.003670300008793427
13050,0,4.967361111111111,28,9608.79,343.17107142857145,543.9055555555556,483,189.64285714285714,19.0,19.962962962962962,17.0,59.0,465.64,1,0.6071428571428571,17.25,0.051385051436028666
13756,0,3.057638888888889,14,5178.240000000001,369.8742857142857,543.8972222222222,125,211.5,22.0,41.61538461538461,1.0,2.0,15.9,1,0.07142857142857142,8.928571428571429,0.02569291864418876
17816,0,88.9375,4,80.86,20.215,543.8909722222222,36,18.0,96.0,151.66666666666666,0.0,0.0,0.0,1,0.0,9.0,0.007340918099059062
16308,0,36.990972222222226,5,3520.0,704.0,543.8763888888889,1,2200.0,141.0,126.75,0.0,0.0,0.0,1,0.0,0.2,0.009176393218645412
15785,0,16.936805555555555,13,4971.36,382.41230769230765,543.8486111111112,87,278.53846153846155,54.0,58.55555555555556,9.0,36.0,131.16,1,0.6923076923076923,6.6923076923076925,0.023859838742158242
14897,0,116.17569444444445,5,1949.66,389.93199999999996,543.8229166666666,65,163.2,122.5,107.0,1.0,4.0,39.8,1,0.2,13.0,0.009177293845477316
15527,0,2.0215277777777776,19,4273.65,224.92894736842103,543.8048611111111,166,86.57894736842105,38.0,38.714285714285715,6.0,123.0,452.90000000000003,1,0.3157894736842105,8.736842105263158,0.03487487237402791
17368,0,78.95069444444445,9,1768.34,196.48222222222222,543.7951388888889,139,224.77777777777777,38.0,66.42857142857143,2.0,716.0,612.9,1,0.2222222222222222,15.444444444444445,0.016519971192025543
15637,0,233.18472222222223,4,574.23,143.5575,543.7888888888889,23,130.75,85.0,103.66666666666667,0.0,0.0,0.0,1,0.0,5.75,0.0073422936509555175
15393,0,100.82777777777778,4,783.58,195.895,543.7875,35,80.5,126.0,147.66666666666666,0.0,0.0,0.0,1,0.0,8.75,0.007342312369501869
18177,0,23.76527777777778,7,1588.55,226.93571428571428,543.7451388888888,57,127.28571428571429,48.0,86.66666666666667,1.0,5.0,27.25,1,0.14285714285714285,8.142857142857142,0.012850045829280513
13473,0,152.17013888888889,7,2476.38,353.7685714285714,543.7416666666667,56,133.14285714285714,35.0,78.4,2.0,44.0,246.78,1,0.2857142857142857,8.0,0.012850127736388809
16605,1,543.7409722222222,1,60.48,60.48,543.7409722222222,1,144.0,61.0,70.81666666666666,0.0,0.0,0.0,0,0.0,1.0,0.0018357348739908238
12956,1,125.8625,4,521.89,130.4725,543.7409722222222,42,85.0,39.0,139.33333333333334,0.0,0.0,0.0,1,0.0,10.5,0.007342939495963295
12971,0,9.823611111111111,71,9374.03,132.02859154929578,543.7402777777778,77,120.40845070422536,6.0,8.754098360655737,3.0,1489.0,269.9,1,0.04225352112676056,1.0845070422535212,0.13033734220946272
13711,1,38.09652777777778,9,1792.26,199.14,543.7402777777778,80,91.0,48.0,72.28571428571429,6.0,23.0,159.65,1,0.6666666666666666,8.88888888888889,0.016521634927960063
15394,0,23.93263888888889,9,4539.7,504.4111111111111,543.7395833333334,119,223.11111111111111,46.0,74.28571428571429,2.0,4.0,35.4,1,0.2222222222222222,13.222222222222221,0.016521655990056408
14460,0,130.03819444444446,7,689.16,98.45142857142856,543.7388888888889,23,146.0,69.0,69.0,3.0,118.0,173.9,1,0.42857142857142855,3.2857142857142856,0.012850193262827245
14769,0,20.992361111111112,13,10731.38,825.4907692307693,543.1479166666667,616,583.3076923076923,38.0,43.5,3.0,26.0,52.21,1,0.23076923076923078,47.38461538461539,0.023890562844814715
15312,0,34.894444444444446,10,2613.2400000000002,261.324,543.14375,111,151.7,34.0,56.44444444444444,2.0,4.0,13.7,1,0.2,11.1,0.01837749675522323
17646,1,38.98125,12,3898.79,324.89916666666664,543.1340277777778,124,109.0,43.0,45.81818181818182,4.0,9.0,55.63,1,0.3333333333333333,10.333333333333334,0.022053390134426133
13952,1,37.15972222222222,14,12823.521,915.9657857142856,543.13125,238,424.7857142857143,44.5,50.6,3.0,9.0,32.629999999999995,1,0.21428571428571427,17.0,0.025729086502567163
15713,0,185.8986111111111,3,654.09,218.03,543.13125,39,120.0,178.5,178.5,2.0,4.0,24.8,1,0.6666666666666666,13.0,0.005513375679121535
16366,0,401.9736111111111,3,1220.83,406.9433333333333,543.0909722222223,57,208.66666666666666,70.5,70.5,0.0,0.0,0.0,1,0.0,19.0,0.005513783821384036
18286,1,296.03680555555553,2,1296.43,648.215,543.0868055555555,67,304.0,247.0,247.0,1.0,16.0,108.0,1,0.5,33.5,0.0036758840309642177
17677,0,32.00277777777778,35,24958.16,713.0902857142858,543.0604166666667,279,424.9428571428571,22.0,22.217391304347824,30.0,159.0,743.3199999999999,1,0.8571428571428571,7.9714285714285715,0.06433109068003323
13047,0,38.94375,20,6862.67,343.1335,543.0465277777778,148,131.75,31.5,36.0,12.0,40.0,188.0,1,0.6,7.4,0.036761561702621945
14869,0,207.9451388888889,4,2056.69,514.1725,543.0465277777778,136,395.25,86.0,111.66666666666667,2.0,11.0,23.689999999999998,1,0.5,34.0,0.007352312340524388
16197,1,288.99583333333334,9,2016.71,224.07888888888888,543.0458333333333,52,157.77777777777777,25.0,31.75,0.0,0.0,0.0,1,0.0,5.777777777777778,0.01654272388202587
13074,1,330.83125,4,1378.74,344.685,543.0444444444445,26,206.5,72.0,70.66666666666667,1.0,2.0,15.9,1,0.25,6.5,0.007352340495057593
13289,1,543.0395833333333,1,307.95,307.95,543.0395833333333,16,119.0,61.0,70.81666666666666,0.0,0.0,0.0,0,0.0,16.0,0.0018381015474517404
16119,0,213.96527777777777,6,1297.45,216.24166666666667,543.0375,31,95.16666666666667,49.0,65.8,0.0,0.0,0.0,1,0.0,5.166666666666667,0.011028651517588401
13769,0,27.12013888888889,15,4129.62,275.308,543.0354166666667,105,126.8,41.0,39.69230769230769,6.0,11.0,17.6,1,0.4,7.0,0.027571734376974535
15184,0,10.030555555555555,3,518.42,172.8066666666667,543.0305555555556,34,112.0,266.5,266.5,0.0,0.0,0.0,1,0.0,11.333333333333334,0.005514396148092172
15499,1,543.0229166666667,1,158.65,158.65,543.0229166666667,40,59.0,61.0,70.81666666666666,0.0,0.0,0.0,0,0.0,40.0,0.0018381578594651726
12586,0,194.08541666666667,3,1865.73,621.91,542.9826388888889,76,202.66666666666666,174.5,174.5,1.0,2.0,17.0,1,0.3333333333333333,25.333333333333332,0.005514881883230035
18012,1,542.9819444444445,1,115.3,115.3,542.9819444444445,13,63.0,61.0,70.81666666666666,0.0,0.0,0.0,0,0.0,13.0,0.0018382963078329294
13403,0,207.05,2,154.5,77.25,542.9770833333333,6,35.0,336.0,336.0,0.0,0.0,0.0,1,0.0,3.0,0.0036766254705889114
14625,1,15.8875,11,4497.88,408.89818181818185,542.9770833333333,167,195.9090909090909,43.0,58.55555555555556,7.0,11.0,68.69999999999999,1,0.6363636363636364,15.181818181818182,0.02022144008823901
17833,1,542.9652777777778,1,338.46000000000004,338.46000000000004,542.9652777777778,28,143.0,61.0,70.81666666666666,0.0,0.0,0.0,0,0.0,28.0,0.001838352631780521
15222,1,138.19930555555555,11,3550.91,322.81,542.9590277777778,98,405.27272727272725,23.0,40.5,6.0,317.0,135.25,1,0.5454545454545454,8.909090909090908,0.020222111295657735
13178,0,23.102777777777778,15,11052.92,736.8613333333334,542.9513888888889,179,454.06666666666666,39.0,37.142857142857146,4.0,29.0,61.300000000000004,1,0.26666666666666666,11.933333333333334,0.0275759935656015
14415,0,1.9048611111111111,16,8850.39,553.149375,542.9458333333333,358,282.875,28.0,36.06666666666667,6.0,27.0,117.8,1,0.375,22.375,0.029414693558641715
16195,1,542.9451388888889,1,323.25,323.25,542.9451388888889,16,123.0,61.0,70.81666666666666,0.0,0.0,0.0,0,0.0,16.0,0.001838420694488951
17776,1,206.025,2,330.56,165.28,542.9104166666667,74,136.5,337.0,337.0,1.0,1.0,6.75,1,0.5,37.0,0.003677076111645223
16569,0,450.8965277777778,4,1331.03,332.7575,542.90625,23,223.75,26.0,30.666666666666668,0.0,0.0,0.0,1,0.0,5.75,0.0073542085607584025
17469,0,24.163194444444443,13,3485.64,268.1261538461539,542.9055555555556,137,126.6923076923077,35.0,57.666666666666664,4.0,18.0,65.0,1,0.3076923076923077,10.538461538461538,0.02390120833886602
14055,0,397.1013888888889,2,795.3199999999999,397.65999999999997,542.9020833333333,23,252.0,146.0,146.0,0.0,0.0,0.0,1,0.0,11.5,0.003677132449544764
17873,0,3.9159722222222224,17,5993.29,352.5464705882353,542.9020833333333,64,237.58823529411765,46.0,41.46153846153846,2.0,552.0,286.32,1,0.11764705882352941,3.764705882352941,0.03125562582113049
15044,0,26.930555555555557,29,12845.15,442.9362068965517,542.9006944444444,256,131.3793103448276,19.0,24.571428571428573,11.0,19.0,352.85,1,0.3793103448275862,8.827586206896552,0.05331855667075664
14329,0,93.02291666666666,10,7037.9800000000005,703.798,542.8881944444445,265,394.6,49.0,50.0,9.0,25.0,145.20000000000002,1,0.9,26.5,0.01838613174940213
17091,0,5.040972222222222,15,5662.4,377.4933333333334,542.8784722222222,222,199.93333333333334,38.0,41.38461538461539,4.0,6.0,33.6,1,0.26666666666666666,14.8,0.027579690622266773
16694,1,542.8784722222222,1,98.30000000000001,98.30000000000001,542.8784722222222,3,26.0,61.0,70.81666666666666,0.0,0.0,0.0,0,0.0,3.0,0.0018386460414844515
15055,1,294.0722222222222,3,549.12,183.04,542.8763888888889,77,75.0,124.5,124.5,0.0,0.0,0.0,1,0.0,25.666666666666668,0.005515959253404701
18144,0,31.979166666666668,14,3609.85,257.8464285714286,542.8701388888888,49,113.14285714285714,42.0,42.583333333333336,0.0,0.0,0.0,1,0.0,3.5,0.025741438992406534
13008,1,142.93472222222223,3,612.13,204.04333333333332,542.8631944444444,31,126.33333333333333,200.0,200.0,4.0,67.0,68.85,1,1.3333333333333333,10.333333333333334,0.005516093073855635
13941,0,117.02638888888889,12,7033.18,586.0983333333334,542.8611111111111,36,283.1666666666667,27.0,42.6,1.0,36.0,75.60000000000001,1,0.08333333333333333,3.0,0.022064456815976304
14092,0,15.920833333333333,16,4950.01,309.375625,542.8513888888889,134,152.4375,33.0,35.13333333333333,2.0,3.0,9.65,1,0.125,8.375,0.02941980167171894
12867,0,33.88611111111111,10,5549.31,554.9309999999999,542.8506944444445,302,559.4,55.0,56.55555555555556,1.0,5.0,8.25,1,0.1,30.2,0.018387399523715275
16742,0,312.08194444444445,13,2334.97,179.6130769230769,542.8111111111111,50,196.69230769230768,14.5,19.25,0.0,0.0,0.0,1,0.0,3.8461538461538463,0.02390535929550702
15498,0,9.104166666666666,30,18799.31,626.6436666666667,542.8076388888888,502,316.56666666666666,18.5,24.272727272727273,5.0,30.0,1274.53,1,0.16666666666666666,16.733333333333334,0.055166565996197084
17402,0,2.920138888888889,15,3012.36,200.824,542.7986111111111,101,65.4,39.5,45.0,3.0,3.0,34.15,1,0.2,6.733333333333333,0.027583740917159386
18201,1,542.1631944444445,1,447.53000000000003,447.53000000000003,542.1631944444445,27,191.0,61.0,70.81666666666666,0.0,0.0,0.0,0,0.0,27.0,0.0018410673076308403
13225,0,16.008333333333333,13,13538.11,1041.393076923077,542.1534722222223,54,450.2307692307692,60.0,47.81818181818182,1.0,64.0,380.8,1,0.07692307692307693,4.153846153846154,0.02393430340565192
17662,1,481.1333333333333,2,412.92,206.46,542.1222222222223,14,92.0,61.0,61.0,0.0,0.0,0.0,1,0.0,7.0,0.003682412389271905
15863,0,12.051388888888889,4,295.46,73.865,542.1041666666666,58,36.25,69.0,176.66666666666666,0.0,0.0,0.0,1,0.0,14.5,0.0073650696229237795
18186,1,542.1027777777778,1,329.58,329.58,542.1027777777778,11,338.0,61.0,70.81666666666666,0.0,0.0,0.0,0,0.0,11.0,0.0018412721144452913
13875,0,3.8444444444444446,12,4095.46,341.28833333333336,542.0972222222222,136,209.16666666666666,49.0,53.8,0.0,0.0,0.0,1,0.0,11.333333333333334,0.02209549139452216
12557,0,75.83958333333334,6,10959.800000000001,1826.6333333333334,542.0909722222223,15,659.3333333333334,76.0,93.2,0.0,0.0,0.0,1,0.0,2.5,0.011047872836937743
13266,0,4.970138888888889,13,4127.21,317.47769230769234,542.0819444444444,120,367.7692307692308,29.5,44.75,8.0,129.0,124.91,1,0.6153846153846154,9.23076923076923,0.023937455724657882
14484,0,220.95833333333334,3,749.0600000000001,249.68666666666664,542.0784722222222,37,178.0,160.5,160.5,0.0,0.0,0.0,1,0.0,12.333333333333334,0.0055240635625350845
18097,0,24.954166666666666,8,3422.08,427.76,542.0722222222222,77,267.5,36.0,73.85714285714286,2.0,4.0,6.199999999999999,1,0.25,9.625,0.014731005698034844
13520,0,4.107638888888889,9,5073.63,563.7366666666667,542.06875,70,270.1111111111111,62.0,67.25,2.0,57.0,92.14999999999999,1,0.2222222222222222,7.777777777777778,0.016572487369232718
15862,0,23.945833333333333,11,2170.42,197.3109090909091,542.0534722222222,367,117.63636363636364,56.0,74.0,0.0,0.0,0.0,1,0.0,33.36363636363637,0.020255832183499425
17612,0,34.025,14,4012.16,286.5828571428571,542.0354166666667,157,157.14285714285714,38.5,42.333333333333336,12.0,54.0,216.16,1,0.8571428571428571,11.214285714285714,0.025781007224053062
14422,0,86.80833333333334,14,6409.1900000000005,457.79928571428576,542.0263888888888,206,238.28571428571428,30.0,35.0,2.0,8.0,70.6,1,0.14285714285714285,14.714285714285714,0.02578143583159198
18006,0,201.1027777777778,3,524.83,174.9433333333333,542.0159722222222,36,58.333333333333336,170.5,170.5,0.0,0.0,0.0,1,0.0,12.0,0.005524699370670241
14095,1,542.0006944444444,1,2.95,2.95,542.0006944444444,1,1.0,61.0,70.81666666666666,0.0,0.0,0.0,0,0.0,1.0,0.0018416182708994899
16908,1,541.96875,1,252.59,252.59,541.96875,20,61.0,61.0,70.81666666666666,1.0,20.0,99.0,0,1.0,20.0,0.001841726618705036
13427,0,34.86944444444445,4,638.4300000000001,159.60750000000002,541.9625,23,116.25,183.0,169.0,0.0,0.0,0.0,1,0.0,5.75,0.0073669912747197095
17103,1,541.9458333333333,1,424.3,424.3,541.9458333333333,32,471.0,61.0,70.81666666666666,0.0,0.0,0.0,0,0.0,32.0,0.001841804354332461
13203,0,61.923611111111114,7,1944.5,277.7857142857143,541.9409722222222,115,251.14285714285714,78.5,80.0,1.0,6.0,17.700000000000003,1,0.14285714285714285,16.428571428571427,0.0128927459118612
16439,1,541.9361111111111,1,310.70000000000005,310.70000000000005,541.9361111111111,9,74.0,61.0,70.81666666666666,0.0,0.0,0.0,0,0.0,9.0,0.0018418373350660247
15270,0,58.12986111111111,18,7459.12,414.3955555555556,541.9083333333333,65,175.88888888888889,32.0,44.0,9.0,318.0,1243.78,1,0.5,3.611111111111111,0.03315476830035764
16150,0,89.95416666666667,7,2913.63,416.23285714285714,541.8868055555556,109,206.14285714285714,83.0,75.33333333333333,7.0,41.0,177.55,1,1.0,15.571428571428571,0.012894032288805856
16661,1,359.8930555555556,4,932.76,233.19,541.8826388888889,50,91.0,38.0,60.666666666666664,1.0,89.0,144.45,1,0.25,12.5,0.0073680750008634464
17400,0,29.802777777777777,7,3832.06,547.4371428571428,541.88125,278,242.57142857142858,70.5,85.33333333333333,0.0,0.0,0.0,1,0.0,39.714285714285715,0.012894164239417
17526,0,110.15277777777777,11,3616.14,328.74,541.8555555555556,61,115.63636363636364,53.0,48.0,3.0,51.0,473.29999999999995,1,0.2727272727272727,5.545454545454546,0.020263217143909776
13039,1,403.83680555555554,4,1010.73,252.6825,541.8381944444444,37,72.5,21.0,46.0,0.0,0.0,0.0,1,0.0,9.25,0.0073686782561306514
15428,0,206.9611111111111,3,668.97,222.99,541.7944444444445,35,81.66666666666667,167.5,167.5,0.0,0.0,0.0,1,0.0,11.666666666666666,0.005526954136515767
16720,0,195.91736111111112,2,605.79,302.895,541.7888888888889,107,140.0,346.0,346.0,1.0,8.0,202.05,1,0.5,53.5,0.0036846738040162944
15879,1,223.85347222222222,4,1137.8,284.45,541.7055555555555,171,159.75,117.0,106.0,0.0,0.0,0.0,1,0.0,42.75,0.007370479183514696
17638,1,466.9291666666667,2,842.4,421.2,541.1194444444444,2,216.0,74.0,74.0,0.0,0.0,0.0,1,0.0,1.0,0.0036892238795263447
12708,0,20.10902777777778,13,3742.92,287.91692307692307,541.1006944444445,100,144.6153846153846,38.0,43.416666666666664,9.0,41.0,149.10000000000002,1,0.6923076923076923,7.6923076923076925,0.023980784627702163
12826,0,136.03055555555557,8,2023.13,252.89125,541.0881944444444,82,183.75,39.0,57.857142857142854,2.0,2.0,20.46,1,0.25,10.25,0.01475774621544516
16772,1,242.97986111111112,3,3698.0499999999997,1232.6833333333334,541.0833333333334,54,229.0,149.0,149.0,2.0,129.0,937.9499999999999,1,0.6666666666666666,18.0,0.005534204458109146
17927,1,541.0743055555556,1,294.0,294.0,541.0743055555556,10,108.0,61.0,70.81666666666666,0.0,0.0,0.0,0,0.0,10.0,0.0018447655418294179
14083,0,18.894444444444446,7,553.23,79.03285714285714,541.0527777777778,96,59.714285714285715,81.0,104.4,0.0,0.0,0.0,1,0.0,13.714285714285714,0.01291387165046454
14555,0,121.81319444444445,5,2177.83,435.566,541.0493055555555,93,162.0,112.5,104.75,1.0,3.0,9.15,1,0.2,18.6,0.009224253123754887
16296,1,445.98541666666665,4,1313.67,328.4175,541.0326388888889,56,161.25,21.0,31.666666666666668,2.0,13.0,67.7,1,0.5,14.0,0.007379629404235856
18036,0,65.05833333333334,9,1252.32,139.14666666666665,541.0319444444444,199,65.66666666666667,46.0,68.0,0.0,0.0,0.0,1,0.0,22.11111111111111,0.01660418743257752
13921,1,221.84583333333333,4,730.7,182.675,541.0215277777778,36,52.5,117.0,106.33333333333333,1.0,1.0,9.95,1,0.25,9.0,0.0073797806821428525
12455,0,9.053472222222222,7,5376.39,768.0557142857143,541.0118055555556,168,406.14285714285717,100.5,88.66666666666667,0.0,0.0,0.0,1,0.0,24.0,0.012914847846948801
13995,0,65.1875,10,2818.77,281.877,541.0048611111112,117,166.3,45.0,52.888888888888886,4.0,35.0,65.75,1,0.4,11.7,0.01845001902658212
12422,0,144.15069444444444,15,4666.74,311.116,541.0041666666667,113,155.93333333333334,28.0,36.09090909090909,4.0,5.0,1112.45,1,0.26666666666666666,7.533333333333333,0.027675063998585495
16600,0,72.72916666666667,9,1577.3500000000001,175.26111111111112,540.99375,77,182.55555555555554,30.5,58.5,3.0,25.0,59.85,1,0.3333333333333333,8.555555555555555,0.016605357534104408
17028,1,400.88680555555555,3,1593.83,531.2766666666666,540.9319444444444,85,285.3333333333333,70.0,70.0,0.0,0.0,0.0,1,0.0,28.333333333333332,0.005535750440169046
16222,1,137.96666666666667,2,1272.05,636.0250000000001,540.9298611111111,133,231.5,403.0,403.0,0.0,0.0,0.0,1,0.0,66.5,0.003690514480784337
15497,0,139.1173611111111,8,8365.789999999999,1045.7237499999999,540.9041666666667,65,355.125,63.0,57.42857142857143,2.0,5.0,13.93,1,0.25,8.125,0.01476275786770416
14949,1,288.8833333333333,4,515.0,128.75,540.8902777777778,16,62.5,42.0,84.0,2.0,7.0,16.45,1,0.5,4.0,0.007381568121877891
17324,0,151.06180555555557,10,1886.82,188.682,540.8895833333333,85,124.8,48.0,48.75,1.0,36.0,153.0,1,0.1,8.5,0.018453943953834383
15409,1,540.8854166666666,1,131.25,131.25,540.8854166666666,9,59.0,61.0,70.81666666666666,1.0,5.0,14.05,0,1.0,9.0,0.0018454085849945216
13327,0,5.163888888888889,17,7379.06,434.06235294117647,540.8854166666666,157,204.1764705882353,35.0,35.733333333333334,1.0,19.0,128.25,1,0.058823529411764705,9.235294117647058,0.031371945944906866
13781,1,70.02916666666667,3,778.83,259.61,540.8777777777777,56,100.0,235.5,235.5,1.0,1.0,7.95,1,0.3333333333333333,18.666666666666668,0.0055363037995447935
16592,0,3.048611111111111,20,5215.21,260.7605,540.8701388888888,159,186.65,40.5,44.833333333333336,5.0,78.0,166.95,1,0.25,7.95,0.03690921230870968
18252,0,368.0173611111111,5,1015.42,203.084,540.8590277777778,35,139.6,46.5,43.25,1.0,6.0,76.5,1,0.2,7.0,0.009227492287995161
14105,1,58.78611111111111,5,5988.83,1197.766,540.8284722222222,200,706.8,140.0,120.5,3.0,49.0,278.95,1,0.6,40.0,0.009228012657757361
13847,1,539.0895833333333,1,310.72,310.72,539.0895833333333,19,96.0,61.0,70.81666666666666,0.0,0.0,0.0,0,0.0,19.0,0.0018515446897312562
15518,0,34.94513888888889,11,3242.61,294.7827272727273,539.0201388888889,213,203.8181818181818,45.0,56.0,5.0,47.0,99.25,1,0.45454545454545453,19.363636363636363,0.020369610701246994
17624,0,37.78541666666667,3,1125.45,375.15000000000003,539.0104166666666,71,238.66666666666666,250.5,250.5,0.0,0.0,0.0,1,0.0,23.666666666666668,0.0055554483902702494
13871,0,26.1125,9,3878.33,430.92555555555555,538.9868055555555,106,194.22222222222223,53.0,64.125,3.0,35.0,67.45,1,0.3333333333333333,11.777777777777779,0.01666707391255702
12609,0,5.888194444444444,8,3109.7400000000002,388.7175,538.9722222222222,117,177.875,63.0,76.14285714285714,1.0,1.0,18.0,1,0.125,14.625,0.014815576932969804
14404,0,79.11458333333333,10,1973.39,197.339,538.9236111111111,90,104.3,46.0,57.5,2.0,20.0,99.0,1,0.2,9.0,0.018521138535543866
13111,1,538.1597222222222,1,321.88000000000005,321.88000000000005,538.1597222222222,12,180.0,61.0,70.81666666666666,0.0,0.0,0.0,0,0.0,12.0,0.0018547379538633936
16282,1,159.04722222222222,3,1307.58,435.85999999999996,538.0402777777778,31,263.3333333333333,189.5,189.5,0.0,0.0,0.0,1,0.0,10.333333333333334,0.0055654468203520146
13510,0,3.1375,8,3352.05,419.00625,538.0395833333333,141,259.875,70.5,89.16666666666667,5.0,18.0,63.5,1,0.625,17.625,0.014841210640838837
14119,1,195.0951388888889,2,183.37,91.685,537.9152777777778,11,88.5,343.0,343.0,1.0,2.0,19.9,1,0.5,5.5,0.0037111584741984283
17182,1,242.11180555555555,2,321.3,160.65,537.8944444444444,4,27.0,296.0,296.0,0.0,0.0,0.0,1,0.0,2.0,0.0037113019453407703
14819,0,11.958333333333334,3,269.06,89.68666666666667,537.8722222222223,43,36.333333333333336,263.0,263.0,0.0,0.0,0.0,1,0.0,14.333333333333334,0.005567182490180108
14480,0,222.01041666666666,3,1020.47,340.1566666666667,537.8458333333333,43,175.66666666666666,158.0,158.0,1.0,1.0,4.25,1,0.3333333333333333,14.333333333333334,0.005567455131724442
17888,0,31.93125,20,1260.17,63.008500000000005,537.8444444444444,107,37.6,19.5,28.11111111111111,4.0,143.0,301.27,1,0.2,5.35,0.037116463213460904
18251,0,264.975,8,21964.14,2745.5175,537.0340277777777,77,3976.875,24.0,45.333333333333336,0.0,0.0,0.0,1,0.0,9.625,0.01486894803483361
12440,1,281.98541666666665,2,859.2,429.6,537.0326388888889,21,165.5,255.0,255.0,1.0,23.0,91.05000000000001,1,0.5,10.5,0.003717246604463019
18190,1,11.918055555555556,5,745.62,149.124,537.03125,34,98.0,107.0,131.25,1.0,1.0,9.95,1,0.2,6.8,0.009293140500667945
13082,0,55.045138888888886,17,5682.3,334.2529411764706,536.8840277777778,86,410.52941176470586,26.5,40.166666666666664,4.0,53.0,66.83,1,0.23529411764705882,5.0588235294117645,0.031605325910557446
15064,1,229.92916666666667,4,1254.41,313.6025,536.85625,75,202.5,83.0,102.33333333333333,0.0,0.0,0.0,1,0.0,18.75,0.007436931336207397
14151,1,492.8854166666667,2,679.45,339.725,536.0805555555555,44,202.5,43.0,43.0,1.0,1.0,12.75,1,0.5,22.0,0.0037238361718964154
12539,0,81.86805555555556,6,10164.09,1694.015,535.9930555555555,247,681.5,85.5,113.5,1.0,1.0,1715.85,1,0.16666666666666666,41.166666666666664,0.01117332885020756
13287,1,422.89166666666665,3,781.59,260.53000000000003,524.0881944444444,46,143.0,50.5,50.5,4.0,192.0,261.92,1,1.3333333333333333,15.333333333333334,0.005713325935986944
13821,0,81.05555555555556,5,1263.59,252.718,523.9680555555556,151,86.8,70.0,110.75,1.0,6.0,23.700000000000003,1,0.2,30.2,0.009524389050127388
16792,1,101.92291666666667,5,623.46,124.69200000000001,523.9604166666667,90,64.8,116.0,140.66666666666666,0.0,0.0,0.0,1,0.0,18.0,0.009524527642957206
17807,1,214.85347222222222,3,437.87,145.95666666666668,523.9513888888889,88,87.33333333333333,154.5,154.5,0.0,0.0,0.0,1,0.0,29.333333333333332,0.005714814863810141
14477,0,3.970138888888889,5,1183.0,236.6,523.88125,5,140.0,126.0,130.0,2.0,4.0,7.199999999999999,1,0.4,1.0,0.009525964206189496
14839,1,237.9923611111111,3,915.28,305.0933333333333,523.8479166666667,61,309.0,143.0,143.0,0.0,0.0,0.0,1,0.0,20.333333333333332,0.0057159415227426985
17950,0,184.89583333333334,6,947.26,157.87666666666667,523.7993055555555,110,79.83333333333333,82.5,84.75,1.0,24.0,10.08,1,0.16666666666666666,18.333333333333332,0.011432941957970707
16875,0,115.99166666666666,9,2944.09,327.12111111111113,523.1486111111111,115,157.88888888888889,67.0,67.83333333333333,7.0,34.0,156.07,1,0.7777777777777778,12.777777777777779,0.01717070275340698
13901,0,75.92847222222223,12,3457.44,288.12,523.1395833333333,178,159.41666666666666,52.5,55.875,5.0,18.0,77.0,1,0.4166666666666667,14.833333333333334,0.022894664668683198
14198,0,58.91388888888889,6,1051.63,175.27166666666668,523.1131944444444,41,72.83333333333333,77.0,92.8,2.0,7.0,14.15,1,0.3333333333333333,6.833333333333333,0.011447908702928096
15521,0,31.99375,12,5765.82,480.48499999999996,523.1048611111111,177,297.6666666666667,51.0,61.375,4.0,5.0,131.7,1,0.3333333333333333,14.75,0.022896181452238012
18171,0,58.05138888888889,6,1670.59,278.4316666666667,523.0861111111111,58,112.83333333333333,95.0,93.0,1.0,3.0,17.85,1,0.16666666666666666,9.666666666666666,0.011448500299463087
16017,0,236.99444444444444,4,1333.7,333.425,523.0305555555556,81,133.25,60.0,95.33333333333333,0.0,0.0,0.0,1,0.0,20.25,0.007633142681459414
13253,0,158.8798611111111,3,2397.19,799.0633333333334,523.0256944444444,55,689.0,182.0,182.0,0.0,0.0,0.0,1,0.0,18.333333333333332,0.005724910117585943
13338,0,361.1020833333333,3,1958.6,652.8666666666667,523.0173611111111,101,298.3333333333333,81.0,81.0,4.0,16.0,166.8,1,1.3333333333333333,33.666666666666664,0.005725001159577781
14969,1,523.0048611111112,1,906.23,906.23,523.0048611111112,13,665.0,61.0,70.81666666666666,0.0,0.0,0.0,0,0.0,13.0,0.0019083792426649985
15865,0,33.045833333333334,3,1660.22,553.4066666666666,522.9527777777778,99,317.0,245.0,245.0,0.0,0.0,0.0,1,0.0,33.0,0.005725706833206979
13610,0,6.9625,10,1485.75,148.575,522.9430555555556,228,59.9,56.0,57.333333333333336,2.0,7.0,23.25,1,0.2,22.8,0.01908604359570458
13965,1,296.09027777777777,3,996.61,332.2033333333333,522.8951388888889,23,141.66666666666666,113.5,113.5,2.0,23.0,218.95,1,0.6666666666666666,7.666666666666667,0.005726336774879408
14954,0,522.8416666666667,1,167.27,167.27,522.8416666666667,41,92.0,61.0,70.81666666666666,0.0,0.0,0.0,0,0.0,41.0,0.0019089737675188113
14210,0,17.002777777777776,15,5250.38,350.0253333333333,522.10625,141,159.46666666666667,34.0,38.84615384615385,4.0,7.0,42.25,1,0.26666666666666666,9.4,0.028674862898311764
17362,1,58.921527777777776,7,1024.04,146.29142857142855,522.08125,99,78.42857142857143,54.0,77.16666666666667,1.0,2.0,13.5,1,0.14285714285714285,14.142857142857142,0.01338224224248145
14194,0,16.047916666666666,22,10728.94,487.6790909090909,522.0236111111111,344,269.95454545454544,38.0,38.92307692307692,11.0,85.0,160.4,1,0.5,15.636363636363637,0.04206311059889478
18008,0,22.829166666666666,21,19708.3,938.4904761904761,522.0104166666666,75,369.57142857142856,21.0,27.72222222222222,0.0,0.0,0.0,1,0.0,3.5714285714285716,0.04015216395466949
17753,1,283.87569444444443,4,382.06,95.51499999999999,521.9375,63,31.0,119.0,119.0,1.0,2.0,2.5,1,0.25,15.75,0.007649097645512131
17941,0,410.14375,3,1128.72,376.24,521.8840277777778,3,285.3333333333333,56.0,56.0,0.0,0.0,0.0,1,0.0,1.0,0.0057374099047350895
18094,0,38.044444444444444,9,5151.42,572.38,521.0652777777777,46,394.44444444444446,53.0,69.0,2.0,36.0,68.9,1,0.2222222222222222,5.111111111111111,0.01723922349003823
17404,0,31.009722222222223,14,29727.92,2123.422857142857,521.0548611111111,84,2341.6428571428573,41.0,37.69230769230769,4.0,634.0,1536.3,1,0.2857142857142857,6.0,0.0268171049498576
14541,0,33.80972222222222,12,2043.48,170.29,521.0354166666667,99,81.58333333333333,38.5,48.7,0.0,0.0,0.0,1,0.0,8.25,0.022986946128335798
15266,1,157.96527777777777,5,852.21,170.442,521.0215277777778,38,47.2,43.5,90.75,1.0,1.0,10.51,1,0.2,7.6,0.009578149049302192
16641,0,521.0194444444444,1,323.40000000000003,323.40000000000003,521.0194444444444,24,198.0,61.0,70.81666666666666,0.0,0.0,0.0,0,0.0,24.0,0.001915637454969217
16862,1,366.9895833333333,4,662.33,165.5825,520.9951388888888,34,128.25,49.0,51.333333333333336,0.0,0.0,0.0,1,0.0,8.5,0.0076629066096560615
16888,1,220.0076388888889,3,434.2,144.73333333333332,520.9881944444444,44,48.333333333333336,150.5,150.5,0.0,0.0,0.0,1,0.0,14.666666666666666,0.005747256416771878
15874,0,37.072916666666664,19,9041.68,475.8778947368421,520.9541666666667,233,190.42105263157896,28.0,37.23076923076923,3.0,27.0,101.14999999999999,1,0.15789473684210525,12.263157894736842,0.03640166361989
15100,1,153.09375,7,2193.8999999999996,313.41428571428565,520.9284722222222,11,38.57142857142857,7.0,61.333333333333336,7.0,44.0,443.79999999999995,1,1.0,1.5714285714285714,0.013411799456343129
15324,1,520.9256944444444,1,140.22000000000003,140.22000000000003,520.9256944444444,8,74.0,61.0,70.81666666666666,0.0,0.0,0.0,0,0.0,8.0,0.0019159815480332585
14465,1,66.00833333333334,11,3925.85,356.8954545454545,520.9076388888889,128,230.8181818181818,41.0,50.55555555555556,0.0,0.0,0.0,1,0.0,11.636363636363637,0.021076526152057025
15152,0,6.884722222222222,2,1274.24,637.12,520.8993055555555,70,359.5,514.0,514.0,1.0,1.0,4.41,1,0.5,35.0,0.003832156852308941
12678,0,7.039583333333334,15,22544.08,1502.9386666666667,520.8361111111111,174,1010.4,31.0,39.53846153846154,1.0,115.0,389.85,1,0.06666666666666667,11.6,0.028744656953811596
16057,0,30.98611111111111,6,2651.27,441.87833333333333,520.81875,128,200.83333333333334,104.5,122.5,6.0,255.0,615.1800000000001,1,1.0,21.333333333333332,0.011498245319854834
12648,0,257.09375,3,793.95,264.65000000000003,520.7583333333333,32,119.33333333333333,132.0,132.0,1.0,4.0,15.0,1,0.3333333333333333,10.666666666666666,0.0057497883758445
15586,1,412.0763888888889,3,1139.1,379.70000000000005,520.1166666666667,30,446.0,54.0,54.0,1.0,36.0,10.44,1,0.3333333333333333,10.0,0.005756868263664567
14045,0,157.1173611111111,15,10578.63,705.242,520.1125,16,294.2,35.0,30.25,3.0,340.0,1652.3999999999999,1,0.2,1.0666666666666667,0.02878457146969225
13360,1,251.0090277777778,4,1553.65,388.4125,520.0652777777777,58,235.5,46.0,89.66666666666667,3.0,10.0,89.55,1,0.75,14.5,0.007676581362433264
15827,0,2.967361111111111,24,2882.7200000000003,120.11333333333334,520.0590277777778,98,54.0,24.5,28.72222222222222,12.0,59.0,327.81,1,0.5,4.083333333333333,0.04606004064905207
13854,0,16.004166666666666,30,8994.58,299.8193333333333,520.0569444444444,53,96.2,13.0,18.0,6.0,21.0,95.75,1,0.2,1.7666666666666666,0.05757528101268523
16103,0,6.038194444444445,19,5567.33,293.01736842105265,520.0291666666667,105,123.3157894736842,18.0,30.235294117647058,5.0,33.0,188.95,1,0.2631578947368421,5.526315789473684,0.03646628867545802
15607,1,156.00416666666666,9,1708.97,189.88555555555556,520.0236111111111,95,163.33333333333334,17.5,45.5,4.0,36.0,130.4,1,0.4444444444444444,10.555555555555555,0.017273689345492445
16027,0,38.08263888888889,12,1630.41,135.8675,519.9784722222222,14,121.83333333333333,19.0,43.81818181818182,3.0,79.0,248.51999999999998,1,0.25,1.1666666666666667,0.023033581308675315
14327,0,201.89305555555555,5,1583.28,316.656,519.9486111111111,89,231.4,49.0,79.5,0.0,0.0,0.0,1,0.0,17.8,0.009597875670185
18170,0,36.90069444444445,7,2201.9,314.5571428571429,519.9444444444445,50,127.71428571428571,66.5,80.5,0.0,0.0,0.0,1,0.0,7.142857142857143,0.013437133411538871
14016,0,27.131944444444443,10,10426.83,1042.683,519.9430555555556,324,502.5,48.0,54.77777777777778,1.0,1.0,10.95,1,0.1,32.4,0.01919595605192506
13044,1,110.89583333333333,11,4848.05,440.7318181818182,519.9194444444445,356,231.63636363636363,23.5,40.9,2.0,2.0,29.7,1,0.18181818181818182,32.36363636363637,0.021116508737222112
14573,0,2.0569444444444445,12,2046.36,170.53,519.8444444444444,178,53.25,24.0,57.55555555555556,4.0,6.0,49.699999999999996,1,0.3333333333333333,14.833333333333334,0.023039508490485538
13259,0,217.07916666666668,8,1119.36,139.92,518.1,181,47.125,35.0,60.2,0.0,0.0,0.0,1,0.0,22.625,0.015411288769023309
16109,1,38.14791666666667,3,939.48,313.16,518.0923611111111,30,364.0,240.0,240.0,1.0,2.0,15.9,1,0.3333333333333333,10.0,0.005779318334753637
16787,1,217.07569444444445,4,1017.53,254.3825,518.0680555555556,102,118.0,77.0,100.33333333333333,0.0,0.0,0.0,1,0.0,25.5,0.007706118604657385
14849,0,32.99930555555556,28,9889.98,353.2135714285714,518.0486111111111,194,274.39285714285717,35.0,32.333333333333336,6.0,115.0,201.45,1,0.21428571428571427,6.928571428571429,0.05394485102283826
14532,1,55.989583333333336,11,3845.78,349.61636363636364,518.04375,209,101.0,40.5,46.2,1.0,1.0,12.75,1,0.09090909090909091,19.0,0.02119281852445001
17323,0,34.894444444444446,7,935.59,133.65571428571428,518.0361111111112,121,130.28571428571428,77.0,80.5,1.0,2.0,5.050000000000001,1,0.14285714285714285,17.285714285714285,0.013486537545557202
14160,1,429.93055555555554,7,8421.47,1203.067142857143,518.0305555555556,80,665.8571428571429,14.5,14.666666666666666,0.0,0.0,0.0,1,0.0,11.428571428571429,0.013486681901622147
13762,1,38.14930555555556,5,2472.48,494.496,518.0256944444444,23,521.6,44.5,120.0,1.0,272.0,306.71999999999997,1,0.2,4.6,0.009633434439795719
18231,1,11.938888888888888,28,6854.17,244.7917857142857,518.0256944444444,218,104.10714285714286,13.0,21.083333333333332,2.0,15.0,32.8,1,0.07142857142857142,7.785714285714286,0.05394723286285602
12951,0,23.743055555555557,13,2774.53,213.42538461538464,518.0048611111112,101,110.15384615384616,41.0,41.166666666666664,4.0,10.0,35.8,1,0.3076923076923077,7.769230769230769,0.025047934950298847
14091,1,473.8979166666667,2,9530.08,4765.04,517.9645833333333,13,1658.0,44.0,44.0,0.0,0.0,0.0,1,0.0,6.5,0.003853827533189083
13634,0,61.85625,13,4084.02,314.1553846153846,517.9333333333333,186,126.07692307692308,47.0,41.45454545454545,1.0,156.0,553.9200000000001,1,0.07692307692307693,14.307692307692308,0.025051387461459407
17222,0,296.95972222222224,5,1250.86,250.17200000000003,517.8930555555555,71,147.0,51.0,55.25,0.0,0.0,0.0,1,0.0,14.2,0.009635896928022527
18242,0,15.936111111111112,6,2066.8,344.4666666666667,517.1673611111111,68,235.33333333333334,78.0,100.2,0.0,0.0,0.0,1,0.0,11.333333333333334,0.011579270425551591
17147,0,26.07847222222222,7,2458.47,351.21000000000004,517.1333333333333,74,134.71428571428572,86.0,81.83333333333333,7.0,13.0,130.8,1,1.0,10.571428571428571,0.013510036026762737
17113,1,393.95208333333335,6,2305.59,384.26500000000004,517.1083333333333,122,152.16666666666666,22.0,30.75,2.0,99.0,213.43,1,0.3333333333333333,20.333333333333332,0.011580589645022758
13709,0,134.91180555555556,6,1718.0,286.3333333333333,517.0902777777778,90,151.5,90.0,95.5,0.0,0.0,0.0,1,0.0,15.0,0.011580993231016686
17139,0,30.025694444444444,17,13621.89,801.2876470588235,517.0548611111111,348,391.4117647058824,40.0,44.27272727272727,2.0,3.0,25.15,1,0.11764705882352941,20.470588235294116,0.032815057392838326
18115,1,517.0368055555556,1,9.700000000000001,9.700000000000001,517.0368055555556,3,3.0,61.0,70.81666666666666,0.0,0.0,0.0,0,0.0,3.0,0.0019303647719153374
17529,1,429.7909722222222,2,1240.25,620.125,517.0145833333333,78,395.0,87.0,87.0,0.0,0.0,0.0,1,0.0,39.0,0.003860895164630983
12549,1,395.03125,6,1575.68,262.61333333333334,517.0145833333333,38,227.66666666666666,8.5,30.5,0.0,0.0,0.0,1,0.0,6.333333333333333,0.011582685493892948
12875,0,182.0326388888889,4,1307.52,326.88,517.0090277777778,2,1224.0,109.0,111.66666666666667,0.0,0.0,0.0,1,0.0,0.5,0.007721873144102755
17740,1,208.8451388888889,6,426.9,71.14999999999999,516.9854166666667,5,37.0,50.0,61.6,0.0,0.0,0.0,1,0.0,0.8333333333333334,0.01158333769049161
15549,0,135.88333333333333,6,1583.0,263.8333333333333,516.9819444444445,94,106.0,81.0,76.2,1.0,10.0,37.5,1,0.16666666666666666,15.666666666666666,0.011583415337836207
14984,0,0.07361111111111111,5,1160.37,232.07399999999998,516.9777777777778,27,62.0,163.0,172.33333333333334,0.0,0.0,0.0,1,0.0,5.4,0.009652923763353211
12406,0,3.1020833333333333,4,4596.31,1149.0775,516.9486111111111,81,597.75,197.0,171.33333333333334,1.0,24.0,183.60000000000002,1,0.25,20.25,0.007722773870209133
17023,1,236.8840277777778,3,800.18,266.7266666666667,516.9034722222223,48,176.66666666666666,140.0,140.0,0.0,0.0,0.0,1,0.0,16.0,0.005792585222739651
13433,1,320.8298611111111,4,658.3199999999999,164.57999999999998,516.1604166666667,22,47.5,93.0,65.0,1.0,1.0,1.45,1,0.25,5.5,0.007734544004318453
15186,0,293.90972222222223,3,991.7900000000001,330.59666666666664,516.1083333333333,22,167.0,111.0,111.0,0.0,0.0,0.0,1,0.0,7.333333333333333,0.005801492272734598
12939,0,92.83819444444444,15,20911.32,1394.088,516.0576388888888,24,551.7333333333333,38.5,35.25,0.0,0.0,0.0,1,0.0,1.6,0.02901030537375615
16841,0,4.925,9,3079.42,342.15777777777777,516.0541666666667,142,222.88888888888889,55.5,63.875,1.0,17.0,69.69999999999999,1,0.1111111111111111,15.777777777777779,0.01740630011362446
17945,1,516.0486111111111,3,360.35,120.11666666666667,516.0534722222222,66,81.33333333333333,61.0,70.81666666666666,0.0,0.0,0.0,0,0.0,22.0,0.005802107830562334
15299,0,83.03055555555555,7,4084.5299999999997,583.5042857142856,516.0527777777778,6,426.42857142857144,77.5,108.25,4.0,9.0,699.92,1,0.5714285714285714,0.8571428571428571,0.013538269787631823
15002,0,116.10069444444444,8,3643.91,455.48875,516.0486111111111,194,234.625,29.0,57.142857142857146,0.0,0.0,0.0,1,0.0,24.25,0.015472433013229469
12623,1,95.95833333333333,7,3747.84,535.4057142857143,516.0451388888889,112,281.7142857142857,51.5,70.0,2.0,6.0,108.0,1,0.2857142857142857,16.0,0.013538469803705619
16422,0,5.054166666666666,86,46529.32,541.0386046511628,516.0368055555556,108,581.0232558139535,7.0,7.405797101449275,29.0,3156.0,2225.2999999999997,1,0.3372093023255814,1.255813953488372,0.16633245269182156
13622,1,515.9777777777778,1,658.95,658.95,515.9777777777778,32,379.0,61.0,70.81666666666666,1.0,2.0,7.5,0,1.0,32.0,0.0019343191196698763
14225,1,254.09583333333333,4,2031.07,507.7675,515.9083333333333,70,291.75,78.0,87.33333333333333,1.0,13.0,21.9,1,0.25,17.5,0.007738315948991601
14241,1,3.0444444444444443,2,333.70000000000005,166.85000000000002,515.9020833333333,12,121.0,513.0,513.0,0.0,0.0,0.0,1,0.0,6.0,0.0038692047575096837
17352,1,515.8590277777778,1,36.25,36.25,515.8590277777778,5,15.0,61.0,70.81666666666666,0.0,0.0,0.0,0,0.0,5.0,0.001934763535619131
12649,0,31.925694444444446,6,2046.1399999999999,341.0233333333333,515.8097222222223,86,262.8333333333333,110.0,96.8,2.0,17.0,36.15,1,0.3333333333333333,14.333333333333334,0.011609688715221321
14137,1,515.0138888888889,1,332.7,332.7,515.0138888888889,11,462.0,61.0,70.81666666666666,1.0,62.0,38.6,0,1.0,11.0,0.0019379323338626759
14154,1,58.85,8,6460.7,807.5875,515.0020833333333,236,402.75,97.0,91.2,2.0,18.0,197.1,1,0.25,29.5,0.015503813372846524
14826,1,401.15972222222223,2,385.2,192.60000000000002,514.9875,10,76.0,114.0,114.0,0.0,0.0,0.0,1,0.0,5.0,0.0038760628891203763
16585,1,413.09444444444443,2,341.59,170.79500000000002,514.9715277777777,16,75.5,102.0,102.0,0.0,0.0,0.0,1,0.0,8.0,0.003876182875077894
15513,0,18.889583333333334,28,17748.29,633.8675000000001,514.9104166666667,219,257.07142857142856,18.0,24.8,4.0,196.0,400.6,1,0.14285714285714285,7.821428571428571,0.05427298828527239
12647,0,19.104861111111113,31,15535.039999999999,501.1303225806452,514.9055555555556,223,192.6451612903226,16.5,19.076923076923077,9.0,74.0,241.56,1,0.2903225806451613,7.193548387096774,0.06008851749351195
17962,0,368.8513888888889,3,564.55,188.1833333333333,514.8930555555555,126,168.66666666666666,146.0,146.0,1.0,2.0,14.4,1,0.3333333333333333,42.0,0.005815158718834384
17757,0,10.865972222222222,41,5910.4,144.1560975609756,514.8708333333333,290,74.46341463414635,12.0,12.923076923076923,3.0,55.0,59.81,1,0.07317073170731707,7.073170731707317,0.07947725932686639
14146,0,74.0736111111111,9,7163.03,795.8922222222222,514.8652777777778,248,461.55555555555554,51.5,73.5,1.0,551.0,1241.43,1,0.1111111111111111,27.555555555555557,0.017446415542386982
13929,0,145.90208333333334,10,3064.2999999999997,306.43,514.2256944444445,38,146.6,52.0,52.57142857142857,3.0,16.0,176.0,1,0.3,3.8,0.019408969909357414
16304,1,514.1805555555555,1,381.66,381.66,514.1805555555555,25,228.0,61.0,70.81666666666666,0.0,0.0,0.0,0,0.0,25.0,0.001941067047690939
13152,1,236.9625,7,2146.38,306.6257142857143,514.1173611111111,114,139.57142857142858,39.0,46.166666666666664,2.0,8.0,31.400000000000002,1,0.2857142857142857,16.285714285714285,0.013589136240527712
18041,0,2.8715277777777777,31,6578.01,212.19387096774193,514.1152777777778,346,196.83870967741936,14.5,18.25,2.0,297.0,82.72999999999999,1,0.06451612903225806,11.161290322580646,0.06018070388774897
13787,0,183.92013888888889,5,1019.86,203.972,514.1090277777778,56,143.4,95.0,82.5,3.0,11.0,48.8,1,0.6,11.2,0.009706682916372882
16414,0,99.97430555555556,4,475.76,118.94000000000001,514.1034722222222,56,47.5,151.0,138.0,0.0,0.0,0.0,1,0.0,14.0,0.007765430084840021
14256,1,79.98125,5,2460.79,492.158,514.09375,100,229.4,127.0,144.66666666666666,4.0,9.0,76.65,1,0.8,20.0,0.009706970818418977
15903,0,47.04097222222222,7,4454.72,636.3885714285715,514.0784722222222,39,313.14285714285717,57.0,77.83333333333333,3.0,9.0,80.02,1,0.42857142857142855,5.571428571428571,0.013590162232561652
16660,0,30.0875,5,996.26,199.252,514.0701388888889,10,129.6,106.0,121.0,0.0,0.0,0.0,1,0.0,2.0,0.009707415791538639
14423,1,37.90138888888889,3,916.6099999999999,305.53666666666663,514.0423611111111,12,139.66666666666666,238.0,238.0,1.0,1.0,1.65,1,0.3333333333333333,4.0,0.005824763604935409
18134,1,417.95,2,445.0,222.5,514.0354166666667,27,64.0,96.0,96.0,0.0,0.0,0.0,1,0.0,13.5,0.003883228095155268
12644,0,250.10208333333333,3,1440.58,480.1933333333334,513.9916666666667,76,235.66666666666666,132.0,132.0,2.0,31.0,102.95,1,0.6666666666666666,25.333333333333332,0.005825336979562776
17496,1,178.17430555555555,4,1412.89,353.2225,513.9680555555556,54,168.75,67.0,112.0,1.0,4.0,27.0,1,0.25,13.5,0.007767472092389765
15605,0,71.96041666666666,7,1233.9,176.27142857142857,513.9493055555556,59,66.57142857142857,42.5,73.66666666666667,1.0,4.0,3.4,1,0.14285714285714285,8.428571428571429,0.013593571103951709
13233,0,155.91736111111112,3,875.58,291.85999999999996,513.9444444444445,49,334.6666666666667,179.0,179.0,0.0,0.0,0.0,1,0.0,16.333333333333332,0.005825871183514942
15046,0,14.078472222222222,18,4809.98,267.2211111111111,513.93125,198,134.16666666666666,17.0,29.41176470588235,2.0,27.0,79.25,1,0.1111111111111111,11.0,0.034956122783381276
13562,0,65.00555555555556,6,3642.12,607.02,513.8451388888889,72,179.83333333333334,136.5,112.25,0.0,0.0,0.0,1,0.0,12.0,0.011653989805456604
12431,0,20.15,19,7103.3,373.8578947368421,513.1569444444444,198,156.21052631578948,24.5,30.8125,5.0,32.0,100.4,1,0.2631578947368421,10.421052631578947,0.03695369712555343
15359,1,482.0854166666667,8,181.35,22.66875,513.0555555555555,10,18.125,11.0,10.333333333333334,1.0,15.0,18.75,1,0.125,1.25,0.015562520263698261
18106,1,149.01875,6,1441.06,240.17666666666665,513.0513888888889,126,84.33333333333333,147.0,121.33333333333333,0.0,0.0,0.0,1,0.0,21.0,0.011671984804804966
17681,1,416.81111111111113,5,731.2,146.24,513.0395833333333,12,90.0,31.0,32.0,1.0,96.0,201.60000000000002,1,0.2,2.4,0.009726877388657651
12755,1,100.00555555555556,11,5236.259999999999,476.0236363636363,513.0368055555556,34,208.45454545454547,20.0,45.888888888888886,11.0,1260.0,2624.3099999999995,1,1.0,3.090909090909091,0.021399245892736278
12789,0,332.0048611111111,2,181.5,90.75,513.0305555555556,2,16.0,181.0,181.0,0.0,0.0,0.0,1,0.0,1.0,0.003890819287655835
15771,1,423.95416666666665,3,1006.54,335.5133333333333,513.025,26,170.66666666666666,44.5,44.5,0.0,0.0,0.0,1,0.0,8.666666666666666,0.005836292009143524
16452,1,450.0076388888889,2,332.17,166.085,513.0194444444444,14,99.5,63.0,63.0,0.0,0.0,0.0,1,0.0,7.0,0.0038909033921111936
14324,1,229.04583333333332,2,701.61,350.805,512.9715277777777,41,201.0,284.0,284.0,0.0,0.0,0.0,1,0.0,20.5,0.003891266134229766
17871,1,24.054166666666667,5,1068.95,213.79000000000002,512.9180555555556,64,133.0,141.0,122.25,0.0,0.0,0.0,1,0.0,12.8,0.009729177533167035
12631,0,275.9166666666667,5,2841.07,568.2139999999999,512.9166666666666,105,274.2,88.0,79.0,1.0,14.0,29.3,1,0.2,21.0,0.009729203826820172
17227,0,76.11597222222223,8,1305.76,163.22,512.90625,47,141.5,61.0,62.42857142857143,0.0,0.0,0.0,1,0.0,5.875,0.015567041653998175
12860,1,512.8944444444444,1,54.22,54.22,512.8944444444444,16,26.0,61.0,70.81666666666666,0.0,0.0,0.0,0,0.0,16.0,0.0019459249089199039
17454,1,11.952777777777778,10,1547.94,154.794,512.8819444444445,98,72.7,52.0,55.666666666666664,1.0,6.0,15.299999999999999,1,0.1,9.8,0.019459722428681468
15224,1,177.90833333333333,5,871.36,174.272,512.8583333333333,24,88.6,90.5,83.75,3.0,20.0,34.1,1,0.6,4.8,0.009730308288600944
12813,1,321.125,3,1687.8,562.6,512.8319444444444,37,380.3333333333333,96.0,96.0,0.0,0.0,0.0,1,0.0,12.333333333333334,0.005838484805072995
15489,0,30.997222222222224,6,1633.5900000000001,272.26500000000004,512.8277777777778,66,146.0,78.0,96.4,3.0,24.0,48.0,1,0.5,11.0,0.011677064299538324
14451,0,14.010416666666666,11,2974.78,270.43454545454546,511.09375,218,142.0909090909091,32.0,49.7,6.0,34.0,43.18,1,0.5454545454545454,19.818181818181817,0.021480441813632758
14421,0,31.084027777777777,5,2111.44,422.288,511.05555555555554,67,234.2,85.5,120.0,1.0,1.0,12.75,1,0.2,13.4,0.009764565476836282
17801,1,270.9291666666667,3,770.03,256.6766666666667,511.0548611111111,66,273.3333333333333,120.0,120.0,1.0,3.0,2.55,1,0.3333333333333333,22.0,0.0058587472316741235
16595,0,195.94097222222223,4,1397.59,349.3975,511.0263888888889,286,249.0,85.0,105.0,0.0,0.0,0.0,1,0.0,71.5,0.007812097358263327
13907,1,511.01944444444445,1,136.8,136.8,511.01944444444445,4,68.0,61.0,70.81666666666666,0.0,0.0,0.0,0,0.0,4.0,0.0019530508281478027
16510,1,191.96597222222223,6,1777.5,296.25,511.0138888888889,94,155.0,59.0,63.8,0.0,0.0,0.0,1,0.0,15.666666666666666,0.01171843211718432
14420,0,216.08402777777778,3,1251.65,417.2166666666667,511.00625,58,262.0,147.5,147.5,2.0,4.0,9.8,1,0.6666666666666666,19.333333333333332,0.005859303475299373
16524,1,265.96736111111113,2,306.19,153.095,510.9819444444444,50,129.5,245.0,245.0,0.0,0.0,0.0,1,0.0,25.0,0.00390638775781481
16166,1,247.87916666666666,2,435.83,217.91500000000002,510.9402777777778,18,86.5,263.0,263.0,2.0,17.0,108.35,1,1.0,9.0,0.003906705697550441
16434,0,11.925694444444444,8,1878.61,234.82625,510.9159722222222,79,116.875,62.0,71.28571428571429,1.0,7.0,14.700000000000001,1,0.125,9.875,0.01562756474519066
13869,0,82.0875,9,6486.38,720.7088888888889,510.9145833333333,425,368.55555555555554,56.0,53.625,0.0,0.0,0.0,1,0.0,47.22222222222222,0.01758105803783997
13616,1,387.99375,2,283.85,141.925,510.9125,31,86.0,123.0,123.0,0.0,0.0,0.0,1,0.0,15.5,0.003906917686128
17591,0,22.981944444444444,6,1762.92,293.82,510.8618055555556,93,140.66666666666666,48.0,97.6,1.0,1.0,10.95,1,0.16666666666666666,15.5,0.011721913873780493
14892,1,510.1611111111111,1,202.35000000000002,202.35000000000002,510.1611111111111,13,79.0,61.0,70.81666666666666,0.0,0.0,0.0,0,0.0,13.0,0.001956330358986621
12877,0,20.119444444444444,15,2088.41,139.22733333333335,510.1020833333333,80,96.46666666666667,32.5,35.0,0.0,0.0,0.0,1,0.0,5.333333333333333,0.029348344468040875
14441,0,75.03402777777778,8,3255.64,406.955,510.09027777777777,76,115.25,58.0,62.142857142857146,5.0,11.0,169.95,1,0.625,9.5,0.0156528119352691
14754,0,115.0201388888889,5,1138.15,227.63000000000002,510.0736111111111,90,139.4,115.5,98.75,1.0,2.0,4.2,1,0.2,18.0,0.009783326494063422
15747,0,195.08333333333334,6,1553.17,258.8616666666667,510.06180555555557,78,146.33333333333334,59.0,63.0,1.0,1.0,1.95,1,0.16666666666666666,13.0,0.011740262987326222
15795,0,249.89791666666667,7,1369.8600000000001,195.69428571428574,510.0548611111111,74,118.57142857142857,27.0,52.0,0.0,0.0,0.0,1,0.0,10.571428571428571,0.013697159605880539
18057,1,212.82986111111111,3,1188.46,396.15333333333336,510.00555555555553,121,323.3333333333333,148.5,148.5,0.0,0.0,0.0,1,0.0,40.333333333333336,0.0058707776606038205
14461,0,81.02430555555556,11,5350.08,486.3709090909091,510.00138888888887,424,228.72727272727272,47.0,47.666666666666664,1.0,2.0,15.9,1,0.09090909090909091,38.54545454545455,0.021526360278429336
14442,1,24.051388888888887,7,5367.0199999999995,766.7171428571428,509.99375,128,204.42857142857142,110.0,97.2,4.0,10.0,90.75,1,0.5714285714285714,18.285714285714285,0.013698797685881677
17966,0,4.082638888888889,7,1148.99,164.14142857142858,509.9763888888889,39,288.85714285714283,72.0,126.5,0.0,0.0,0.0,1,0.0,5.571428571428571,0.013699263120985695
15164,0,27.983333333333334,8,1566.76,195.845,509.96944444444443,223,87.875,62.0,68.85714285714286,1.0,2.0,16.9,1,0.125,27.875,0.015656513490152162
17048,0,102.03263888888888,6,1906.73,317.78833333333336,509.9548611111111,83,167.83333333333334,84.0,81.6,3.0,34.0,40.28,1,0.5,13.833333333333334,0.01174272026094934
17773,1,333.94652777777776,2,575.37,287.685,509.9291666666667,48,127.0,176.0,176.0,0.0,0.0,0.0,1,0.0,24.0,0.00391443693271246
16954,0,74.05416666666666,14,4938.28,352.7342857142857,509.9173611111111,81,258.7142857142857,29.0,33.53846153846154,1.0,9.0,44.550000000000004,1,0.07142857142857142,5.785714285714286,0.02740169167388181
15375,1,509.8833333333333,1,60.959999999999994,60.959999999999994,509.8833333333333,6,84.0,61.0,70.81666666666666,0.0,0.0,0.0,0,0.0,6.0,0.0019573940560467166
14343,1,240.98958333333334,4,1079.66,269.915,509.8354166666667,193,156.5,88.0,89.66666666666667,0.0,0.0,0.0,1,0.0,48.25,0.007830310643105045
15697,1,509.15277777777777,1,246.75,246.75,509.15277777777777,14,127.0,61.0,70.81666666666666,0.0,0.0,0.0,0,0.0,14.0,0.0019601971087092646
16867,1,509.15208333333334,1,76.74000000000001,76.74000000000001,509.15208333333334,6,58.0,61.0,70.81666666666666,0.0,0.0,0.0,0,0.0,6.0,0.0019601997770272756
16287,0,195.92152777777778,4,864.48,216.12,509.1277777777778,18,282.0,60.0,104.33333333333333,0.0,0.0,0.0,1,0.0,4.5,0.007841172690938
15198,0,228.09583333333333,3,377.71,125.90333333333335,509.1173611111111,20,69.0,140.5,140.5,1.0,2.0,11.9,1,0.3333333333333333,6.666666666666667,0.005880999606572017
13877,0,289.81319444444443,2,332.44,166.22000000000003,509.08125,20,185.0,219.0,219.0,2.0,3.0,3.3499999999999996,1,1.0,10.0,0.003920943967260118
12470,1,509.0756944444444,1,211.95,211.95,509.0756944444444,23,95.0,61.0,70.81666666666666,0.0,0.0,0.0,0,0.0,23.0,0.001960493336364837
17769,0,98.02083333333333,9,3972.71,441.4122222222222,509.05347222222224,242,205.44444444444446,42.0,51.375,2.0,44.0,71.07,1,0.2222222222222222,26.88888888888889,0.017645208767599257
17706,0,7.083333333333333,19,10958.93,576.7857894736842,509.02569444444447,305,234.31578947368422,23.0,38.61538461538461,7.0,131.0,798.96,1,0.3684210526315789,16.05263157894737,0.03725302510630592
14715,0,117.9798611111111,6,1205.52,200.92,509.02222222222224,69,106.16666666666667,78.0,78.2,0.0,0.0,0.0,1,0.0,11.5,0.011764193281338504
12589,0,241.0388888888889,6,4048.98,674.83,509.01666666666665,100,243.0,134.0,134.0,3.0,395.0,1601.49,1,0.5,16.666666666666668,0.011764321427404334
16087,1,208.8375,5,1739.92,347.98400000000004,509.0138888888889,6,132.8,43.5,75.0,0.0,0.0,0.0,1,0.0,1.2,0.009803654584570137
14472,0,7.004166666666666,6,1723.26,287.21,508.9868055555556,158,171.5,49.0,100.4,0.0,0.0,0.0,1,0.0,26.333333333333332,0.011765010260341702
13555,0,21.059722222222224,11,6383.01,580.2736363636363,508.9791666666667,204,272.1818181818182,50.0,69.71428571428571,3.0,19.0,92.85,1,0.2727272727272727,18.545454545454547,0.02156950855835614
12733,1,53.85486111111111,4,2424.87,606.2175,508.9770833333333,117,224.0,155.0,151.66666666666666,2.0,11.0,98.05,1,0.5,29.25,0.007843489699292043
14413,1,181.9673611111111,4,764.52,191.13,508.9326388888889,93,69.25,48.0,109.0,0.0,0.0,0.0,1,0.0,23.25,0.007844173318098932
13315,1,508.8861111111111,1,310.26,310.26,508.8861111111111,22,232.0,61.0,70.81666666666666,0.0,0.0,0.0,0,0.0,22.0,0.001961222277305934
17245,1,24.088194444444444,2,371.63,185.815,508.8826388888889,24,153.5,485.0,485.0,0.0,0.0,0.0,1,0.0,12.0,0.003922471265855024
17307,1,214.96527777777777,11,3999.8900000000003,363.6263636363637,508.84166666666664,22,333.3636363636364,28.0,29.4,4.0,434.0,621.58,1,0.36363636363636365,2.0,0.02157532567300306
17963,1,290.86944444444447,4,643.16,160.79,508.80902777777777,98,85.25,42.0,72.66666666666667,0.0,0.0,0.0,1,0.0,24.5,0.007846075259662863
14983,1,508.8041666666667,1,183.20000000000002,183.20000000000002,508.8041666666667,30,90.0,61.0,70.81666666666666,0.0,0.0,0.0,0,0.0,30.0,0.0019615375184915775
13397,0,2.8854166666666665,8,2628.21,328.52625,508.125,61,150.75,45.0,72.14285714285714,2.0,8.0,92.81,1,0.25,7.625,0.015713233488828873
12987,0,17.03472222222222,4,1057.81,264.4525,508.1201388888889,48,118.5,190.0,163.66666666666666,1.0,2.0,13.7,1,0.25,12.0,0.007856691759885313
13027,0,53.12638888888889,16,14167.2,885.45,508.08958333333334,7,2197.5,24.0,30.333333333333332,4.0,243.0,187.2,1,0.25,0.4375,0.03142865327402266
16727,1,183.9597222222222,4,1377.77,344.4425,508.08472222222224,158,266.5,67.0,108.0,0.0,0.0,0.0,1,0.0,39.5,0.007857238344414404
14556,1,415.91180555555553,3,815.69,271.8966666666667,508.0423611111111,158,107.66666666666667,46.0,46.0,0.0,0.0,0.0,1,0.0,52.666666666666664,0.005893419151702339
14388,0,22.850694444444443,11,4348.55,395.32272727272726,508.0388888888889,130,272.1818181818182,48.5,48.5,3.0,16.0,70.9,1,0.2727272727272727,11.818181818181818,0.021609350955504383
17220,0,25.9625,12,2732.59,227.71583333333334,508.03680555555553,277,121.75,52.0,68.85714285714286,0.0,0.0,0.0,1,0.0,23.083333333333332,0.023573933886575
17356,1,131.0715277777778,5,946.47,189.294,508.025,73,185.0,49.5,94.25,0.0,0.0,0.0,1,0.0,14.6,0.009822700260301557
17794,1,506.10555555555555,2,147.3,73.65,508.0229166666667,7,23.0,2.0,2.0,0.0,0.0,0.0,1,0.0,3.5,0.0039290961850931725
15191,1,282.88402777777776,3,588.05,196.01666666666665,508.0104166666667,33,95.66666666666667,225.0,225.0,0.0,0.0,0.0,1,0.0,11.0,0.0058937890105392405
14649,0,31.92222222222222,7,2830.72,404.3885714285714,507.9861111111111,301,251.42857142857142,82.0,95.2,2.0,3.0,21.15,1,0.2857142857142857,43.0,0.013752831063934292
14595,0,132.96805555555557,3,587.6500000000001,195.88333333333333,507.95208333333335,30,108.66666666666667,187.5,187.5,0.0,0.0,0.0,1,0.0,10.0,0.00589446452473833
16085,0,56.017361111111114,9,1684.56,187.17333333333332,507.94930555555555,196,107.77777777777777,58.0,56.5,1.0,2.0,5.8,1,0.1111111111111111,21.77777777777778,0.01768349008783073
13982,0,145.9875,7,2986.2799999999997,426.6114285714285,507.9486111111111,96,264.85714285714283,38.0,60.333333333333336,3.0,8.0,16.1,1,0.42857142857142855,13.714285714285714,0.01375384439053277
17875,1,507.8888888888889,1,167.1,167.1,507.8888888888889,25,98.0,61.0,70.81666666666666,0.0,0.0,0.0,0,0.0,25.0,0.001965065502183406
16634,1,42.02847222222222,6,1649.81,274.9683333333333,507.1388888888889,72,209.5,67.0,93.0,4.0,769.0,451.51,1,0.6666666666666666,12.0,0.011807795331547586
14207,1,507.13680555555555,1,157.8,157.8,507.13680555555555,2,36.0,61.0,70.81666666666666,0.0,0.0,0.0,0,0.0,2.0,0.001967973957144634
15095,0,22.93263888888889,7,2541.54,363.07714285714286,507.13402777777776,89,265.57142857142856,87.0,96.8,1.0,2.0,5.9,1,0.14285714285714285,12.714285714285714,0.013775893007230977
12986,1,248.03680555555556,10,2729.84,272.98400000000004,507.08680555555554,61,116.4,38.5,43.166666666666664,2.0,282.0,731.5,1,0.2,6.1,0.019681676222758307
14431,1,122.09027777777777,4,2614.2,653.55,507.0840277777778,72,300.5,77.0,128.33333333333334,1.0,6.0,47.1,1,0.25,18.0,0.007872713530269627
14530,0,4.930555555555555,13,4723.8,363.3692307692308,507.05902777777777,227,173.46153846153845,37.5,41.833333333333336,3.0,15.0,120.25,1,0.23076923076923078,17.46153846153846,0.025587577996323153
14320,1,26.143055555555556,5,1346.75,269.35,507.04583333333335,68,142.6,120.5,120.25,2.0,87.0,142.63,1,0.4,13.6,0.009841631742542913
14714,0,226.79444444444445,3,746.05,248.6833333333333,507.0409722222222,59,137.66666666666666,140.0,140.0,3.0,5.0,9.84,1,1.0,19.666666666666668,0.005905035546400321
15910,0,26.843055555555555,11,1982.9,180.26363636363638,507.0409722222222,322,143.27272727272728,42.0,48.0,0.0,0.0,0.0,1,0.0,29.272727272727273,0.02165179700346784
13527,0,21.023611111111112,7,2884.57,412.0814285714286,507.00902777777776,174,183.28571428571428,89.5,81.0,1.0,1.0,9.95,1,0.14285714285714285,24.857142857142858,0.013779282684444859
15885,0,128.89027777777778,13,1587.47,122.11307692307693,507.00208333333336,69,39.38461538461539,33.5,31.5,5.0,25.0,214.25,1,0.38461538461538464,5.3076923076923075,0.025590446233406193
14064,0,31.01388888888889,13,2768.06,212.9276923076923,506.97777777777776,100,264.15384615384613,26.0,43.27272727272727,5.0,523.0,282.77,1,0.38461538461538464,7.6923076923076925,0.025591670676757515
15296,0,3.042361111111111,9,8727.76,969.7511111111112,506.95972222222224,325,536.1111111111111,90.5,84.0,4.0,17.0,56.349999999999994,1,0.4444444444444444,36.111111111111114,0.017717940234762707
14439,1,139.04930555555555,5,9443.04,1888.6079999999997,506.9506944444444,105,448.8,120.0,92.0,0.0,0.0,0.0,1,0.0,21.0,0.009843475074817247
13543,1,453.96944444444443,2,1439.6100000000001,719.8050000000001,506.93055555555554,37,164.5,53.0,53.0,0.0,0.0,0.0,1,0.0,18.5,0.003937546143118865
15682,1,418.8888888888889,2,318.24,159.12,506.92569444444445,25,111.0,88.0,88.0,1.0,1.0,1.25,1,0.5,12.5,0.003937583827468202
17320,0,55.94513888888889,5,2154.33,430.866,506.84791666666666,67,202.8,101.0,112.75,0.0,0.0,0.0,1,0.0,13.4,0.009845467187929457
15126,1,356.0131944444444,2,449.49,224.745,506.8201388888889,25,136.5,151.0,151.0,0.0,0.0,0.0,1,0.0,12.5,0.003938402294119336
17180,0,60.854166666666664,10,2005.6,200.56,506.7965277777778,179,165.5,43.5,55.75,3.0,6.0,20.65,1,0.3,17.9,0.019692927093775257
13413,1,459.0229166666667,6,429.44,71.57333333333334,506.7965277777778,38,75.83333333333333,9.0,16.0,2.0,73.0,83.64000000000001,1,0.3333333333333333,6.333333333333333,0.011815756256265153
13192,0,24.911805555555556,5,2110.96,422.192,506.17569444444445,113,266.4,95.0,160.33333333333334,2.0,11.0,14.05,1,0.4,22.6,0.009858516594484982
14854,0,47.014583333333334,7,2754.36,393.48,506.12638888888887,110,264.2857142857143,92.5,76.5,2.0,3.0,10.75,1,0.2857142857142857,15.714285714285714,0.013803265129501467
14209,0,33.11805555555556,12,4002.9900000000002,333.5825,506.0986111111111,125,115.25,46.0,43.0,4.0,12.0,55.9,1,0.3333333333333333,10.416666666666666,0.02366403641632271
14274,1,505.99930555555557,1,256.6,256.6,505.99930555555557,15,178.0,61.0,70.81666666666666,0.0,0.0,0.0,0,0.0,15.0,0.001972389289378273
17460,0,45.080555555555556,15,1998.1200000000001,133.208,505.97569444444446,90,59.666666666666664,34.0,32.92857142857143,4.0,12.0,61.019999999999996,1,0.26666666666666666,6.0,0.029587217226335363
12531,0,505.93958333333336,1,1807.98,1807.98,505.93958333333336,110,1074.0,61.0,70.81666666666666,1.0,15.0,34.15,0,1.0,110.0,0.001972621655276146
16822,1,505.93611111111113,1,181.39,181.39,505.93611111111113,11,171.0,61.0,70.81666666666666,2.0,5.0,36.55,0,2.0,11.0,0.0019726351666054785
13889,0,201.97569444444446,5,1574.3300000000002,314.866,505.9291666666667,50,166.6,49.0,76.0,2.0,32.0,135.5,1,0.4,10.0,0.009863310949097096
14640,0,47.013194444444444,5,1937.73,387.546,505.87916666666666,105,187.6,107.5,114.75,5.0,41.0,136.75,1,1.0,21.0,0.009864283894090472
14837,0,21.000694444444445,6,2303.08,383.84666666666664,504.1041666666667,114,322.0,93.0,96.6,2.0,2.0,6.2,1,0.3333333333333333,19.0,0.011878737884099815
17242,0,276.0875,3,1754.24,584.7466666666666,504.09930555555553,27,282.6666666666667,114.0,114.0,0.0,0.0,0.0,1,0.0,9.0,0.005939426102952803
17618,0,67.98819444444445,10,3696.84,369.684,504.07430555555555,196,171.4,35.0,48.44444444444444,2.0,5.0,25.3,1,0.2,19.6,0.019799066968969086
17335,1,203.10625,2,497.04,248.52,504.06597222222223,34,105.0,301.0,301.0,0.0,0.0,0.0,1,0.0,17.0,0.003959878728713933
17780,1,486.96319444444447,3,346.56,115.52,504.06180555555557,76,52.0,17.0,17.0,0.0,0.0,0.0,1,0.0,25.333333333333332,0.005939867095473739
16950,0,186.89583333333334,8,2535.21,316.90125,504.05833333333334,84,227.5,35.0,45.285714285714285,2.0,93.0,59.17999999999999,1,0.25,10.5,0.0158397544838055
12916,0,21.09027777777778,6,3786.36,631.06,504.05833333333334,75,236.33333333333334,77.0,96.6,1.0,8.0,23.799999999999997,1,0.16666666666666666,12.5,0.011879815862854125
13036,1,504.0520833333333,1,307.1,307.1,504.0520833333333,6,38.0,61.0,70.81666666666666,0.0,0.0,0.0,0,0.0,6.0,0.001979993812519336
14879,1,504.0520833333333,1,185.06,185.06,504.0520833333333,27,104.0,61.0,70.81666666666666,0.0,0.0,0.0,0,0.0,27.0,0.001979993812519336
12703,0,452.97777777777776,3,722.98,240.99333333333334,504.03125,44,143.66666666666666,25.5,25.5,2.0,53.0,105.5,1,0.6666666666666666,14.666666666666666,0.005940226471134212
13249,0,80.89166666666667,7,1189.3600000000001,169.90857142857143,504.02708333333334,2,134.28571428571428,55.5,70.5,0.0,0.0,0.0,1,0.0,0.2857142857142857,0.01386064278730926
15727,0,17.897222222222222,12,7443.62,620.3016666666666,504.0263888888889,344,355.0,39.0,48.6,0.0,0.0,0.0,1,0.0,28.666666666666668,0.02376113459417687
15711,1,376.025,2,420.25,210.125,504.02569444444447,25,99.5,128.0,128.0,0.0,0.0,0.0,1,0.0,12.5,0.003960194544557001
14701,0,66.90833333333333,11,3694.92,335.9018181818182,504.02430555555554,363,126.45454545454545,19.0,54.625,2.0,20.0,56.7,1,0.18181818181818182,33.0,0.02178112989611336
16255,0,65.98194444444445,11,2971.76,270.16,504.0201388888889,163,159.27272727272728,43.0,43.8,2.0,28.0,61.8,1,0.18181818181818182,14.818181818181818,0.021781309601239775
14070,1,504.0159722222222,1,321.6,321.6,504.0159722222222,40,85.0,61.0,70.81666666666666,0.0,0.0,0.0,0,0.0,40.0,0.0019801353917574113
17071,0,7.089583333333334,8,2408.7,301.0875,503.9895833333333,99,154.875,69.0,71.0,4.0,12.0,37.9,1,0.5,12.375,0.015841910930505992
16523,0,19.186805555555555,15,5333.46,355.564,503.98333333333335,107,131.13333333333333,37.0,44.09090909090909,5.0,7.0,62.89,1,0.3333333333333333,7.133333333333334,0.02970395062543318
14522,0,17.867361111111112,5,1052.51,210.50200000000004,503.9548611111111,27,119.8,31.0,121.5,0.0,0.0,0.0,1,0.0,5.4,0.009901875167609866
17141,1,237.9138888888889,4,727.58,181.895,503.93819444444443,138,105.75,266.0,266.0,0.0,0.0,0.0,1,0.0,34.5,0.007921761601736186
13209,0,47.07361111111111,8,4980.34,622.5425,503.93055555555554,170,423.875,63.0,65.28571428571429,2.0,16.0,55.300000000000004,1,0.25,21.25,0.01584376289368725
15696,0,40.05277777777778,11,2800.06,254.55090909090907,503.9263888888889,116,98.9090909090909,36.0,46.4,7.0,15.0,144.15,1,0.6363636363636364,10.545454545454545,0.02178535375068423
13729,1,255.0875,3,724.73,241.57666666666668,503.91180555555553,36,139.66666666666666,124.5,124.5,2.0,14.0,48.3,1,0.6666666666666666,12.0,0.005941631720611273
14044,0,129.04930555555555,7,2601.72,371.67428571428576,503.9,465,267.0,70.0,75.0,1.0,1.0,16.95,1,0.14285714285714285,66.42857142857143,0.013864131511190335
17142,1,58.769444444444446,4,1275.25,318.8125,503.89375,78,80.5,151.0,148.33333333333334,0.0,0.0,0.0,1,0.0,19.5,0.007922458933191389
16206,0,28.073611111111113,11,2341.56,212.86909090909091,503.8923611111111,174,114.54545454545455,48.0,52.888888888888886,1.0,1.0,4.95,1,0.09090909090909091,15.818181818181818,0.021786821998638326
15434,0,19.93888888888889,7,1832.54,261.7914285714286,503.8854166666667,70,139.28571428571428,23.5,80.66666666666667,2.0,10.0,49.95,1,0.2857142857142857,10.0,0.013864531968887329
15483,0,86.01666666666667,7,703.51,100.50142857142858,503.88055555555553,191,108.14285714285714,106.0,104.5,0.0,0.0,0.0,1,0.0,27.285714285714285,0.013864665459927266
14986,1,195.89236111111111,2,563.1,281.55,503.8722222222222,87,169.0,308.0,308.0,0.0,0.0,0.0,1,0.0,43.5,0.00396139837362589
17584,0,287.0048611111111,4,4067.12,1016.78,503.18958333333336,73,501.5,84.0,72.0,0.0,0.0,0.0,1,0.0,18.25,0.007933523682807806
14870,1,81.0826388888889,6,1838.95,306.4916666666667,503.15625,43,80.5,117.5,105.5,3.0,5.0,44.349999999999994,1,0.5,7.166666666666667,0.011901072336205293
14621,0,6.989583333333333,6,1848.52,308.08666666666664,503.15416666666664,88,165.83333333333334,149.0,99.2,6.0,29.0,99.7,1,1.0,14.666666666666666,0.011901121515409474
15303,1,109.95208333333333,3,1224.18,408.05999999999995,503.13055555555553,63,171.33333333333334,196.5,196.5,1.0,4.0,45.4,1,0.3333333333333333,21.0,0.005950839454065581
13488,0,16.089583333333334,16,10768.08,673.005,503.1090277777778,306,336.8125,34.0,40.583333333333336,4.0,13.0,24.35,1,0.25,19.125,0.03173916577239547
17810,1,488.0854166666667,2,373.16,186.57999999999998,503.1,51,59.0,15.0,15.0,1.0,1.0,29.95,1,0.5,25.5,0.003967466772465781
18199,1,503.0541666666667,1,344.75,344.75,503.0541666666667,20,99.0,61.0,70.81666666666666,1.0,1.0,2.55,0,1.0,20.0,0.001983913765881643
13477,0,30.98611111111111,7,1880.62,268.65999999999997,503.04027777777776,84,191.0,87.0,94.4,2.0,3.0,13.05,1,0.2857142857142857,12.0,0.013887779030004767
16795,1,184.94583333333333,3,2062.41,687.4700000000001,502.98333333333335,306,404.6666666666667,159.0,159.0,2.0,14.0,27.2,1,0.6666666666666666,102.0,0.005952577796884817
17419,0,69.01319444444445,13,3945.48,303.4984615384615,502.9798611111111,140,152.30769230769232,38.0,39.45454545454545,1.0,1.0,10.75,1,0.07692307692307693,10.76923076923077,0.025794681500445758
16004,1,294.04305555555555,5,2146.39,429.27799999999996,502.95416666666665,63,215.2,69.0,69.66666666666667,0.0,0.0,0.0,1,0.0,12.6,0.009921537176826596
14628,0,61.921527777777776,4,1657.6200000000001,414.405,502.9236111111111,60,245.25,199.0,147.0,0.0,0.0,0.0,1,0.0,15.0,0.007937711017708262
15611,0,10.859722222222222,17,1837.93,108.11352941176472,502.9166666666667,27,17.235294117647058,27.0,32.8,5.0,21.0,131.75,1,0.29411764705882354,1.588235294117647,0.03373573672895651
14376,1,502.8847222222222,1,215.46,215.46,502.8847222222222,17,50.0,61.0,70.81666666666666,0.0,0.0,0.0,0,0.0,17.0,0.001984580908882929
12857,1,30.104166666666668,6,3688.0,614.6666666666666,502.88402777777776,71,236.66666666666666,94.0,94.6,1.0,1.0,3.75,1,0.16666666666666666,11.833333333333334,0.011907501863992625
14538,0,75.91180555555556,4,1089.0900000000001,272.27250000000004,502.88055555555553,30,39.75,139.0,142.33333333333334,0.0,0.0,0.0,1,0.0,7.5,0.007938389278764257
17218,0,33.827083333333334,13,2883.0,221.76923076923077,502.8597222222222,193,115.76923076923077,19.0,39.083333333333336,0.0,0.0,0.0,1,0.0,14.846153846153847,0.025800831911439195
13650,0,26.938194444444445,6,2197.18,366.19666666666666,502.17083333333335,84,184.66666666666666,107.0,95.0,6.0,72.0,189.5,1,1.0,14.0,0.011924379559626037
15259,1,332.16875,4,1182.3799999999999,295.59499999999997,502.13125,50,157.75,85.0,85.0,0.0,0.0,0.0,1,0.0,12.5,0.007950211798611197
13971,0,34.00555555555555,9,2883.83,320.42555555555555,502.12430555555557,129,220.0,54.5,58.5,3.0,30.0,65.44000000000001,1,0.3333333333333333,14.333333333333334,0.017888223448203518
12468,1,7.051388888888889,5,3670.74,734.1479999999999,502.1118055555556,127,440.2,106.0,123.75,4.0,15.0,40.69,1,0.8,25.4,0.009938148826539274
15218,0,37.09305555555556,14,7469.2,533.5142857142857,502.05347222222224,113,297.7142857142857,36.0,35.76923076923077,3.0,33.0,60.57,1,0.21428571428571427,8.071428571428571,0.027830043470638336
15950,0,179.0375,7,5805.02,829.2885714285715,502.0493055555556,194,395.7142857142857,53.0,53.833333333333336,2.0,47.0,181.95000000000002,1,0.2857142857142857,27.714285714285715,0.013915136990934454
17536,0,240.02847222222223,2,288.33,144.16500000000002,502.03472222222223,13,97.5,262.0,262.0,0.0,0.0,0.0,1,0.0,6.5,0.003975868685892569
15003,1,292.87916666666666,6,1027.03,171.17166666666665,501.9902777777778,253,87.5,21.0,41.8,1.0,4.0,5.0,1,0.16666666666666666,42.166666666666664,0.011928659986248905
16481,1,501.9868055555556,1,453.38,453.38,501.9868055555556,16,201.0,61.0,70.81666666666666,2.0,16.0,25.15,0,2.0,16.0,0.001988123722043736
13459,1,444.1013888888889,2,1160.4099999999999,580.2049999999999,501.96875,57,493.0,58.0,58.0,0.0,0.0,0.0,1,0.0,28.5,0.003976390183286735
16281,0,243.15902777777777,2,1361.96,680.98,501.96458333333334,19,318.0,259.0,259.0,1.0,2.0,7.5,1,0.5,9.5,0.003976423124557312
12905,1,396.1145833333333,2,1018.42,509.21,501.9472222222222,52,266.0,106.0,106.0,1.0,4.0,6.6,1,0.5,26.0,0.003976560385726358
12361,1,106.9576388888889,4,511.25,127.8125,501.92569444444445,18,58.75,117.0,131.66666666666666,0.0,0.0,0.0,1,0.0,4.5,0.00795346120547408
17059,0,16.992361111111112,7,3281.85,468.8357142857143,501.9215277777778,250,299.57142857142856,80.0,80.83333333333333,1.0,6.0,17.700000000000003,1,0.14285714285714285,35.714285714285715,0.013918672423768342
15845,0,30.159027777777776,6,2251.67,375.27833333333336,501.92083333333335,77,149.33333333333334,77.0,94.4,2.0,41.0,142.73000000000002,1,0.3333333333333333,12.833333333333334,0.01193030712255905
17050,0,6.892361111111111,10,4080.34,408.034,501.9138888888889,188,217.1,44.0,55.0,1.0,1.0,300.13,1,0.1,18.8,0.019884119768681405
17726,1,214.9673611111111,7,1092.06,156.00857142857146,501.9111111111111,52,63.42857142857143,31.5,47.833333333333336,1.0,2.0,2.5,1,0.14285714285714285,7.428571428571429,0.013918960717599753
13514,0,248.02777777777777,3,663.7,221.23333333333335,501.90208333333334,13,82.66666666666667,127.0,127.0,0.0,0.0,0.0,1,0.0,4.333333333333333,0.005965375963677489
15766,0,275.9576388888889,2,516.0,258.0,501.87152777777777,15,82.0,226.0,226.0,1.0,4.0,31.4,1,0.5,7.5,0.003977158955167199
15959,1,501.84166666666664,3,542.89,180.96333333333337,501.8548611111111,58,89.66666666666667,61.0,70.81666666666666,0.0,0.0,0.0,0,0.0,19.333333333333332,0.005965936161721062
12745,1,306.10833333333335,3,925.41,308.46999999999997,501.85277777777776,21,156.0,98.0,98.0,0.0,0.0,0.0,1,0.0,7.0,0.005965960878763941
12606,1,501.8520833333333,1,21.0,21.0,501.8520833333333,1,1.0,61.0,70.81666666666666,0.0,0.0,0.0,0,0.0,1.0,0.0019886563726079155
12404,1,501.85069444444446,1,63.24,63.24,501.85069444444446,1,1.0,61.0,70.81666666666666,0.0,0.0,0.0,0,0.0,1.0,0.0019886618653372095
12466,1,501.85,1,56.73,56.73,501.85,1,1.0,61.0,70.81666666666666,0.0,0.0,0.0,0,0.0,1.0,0.0019886646117132346
16291,1,501.85,1,117.72,117.72,501.85,1,1.0,61.0,70.81666666666666,0.0,0.0,0.0,0,0.0,1.0,0.0019886646117132346
12555,1,501.85,1,129.23,129.23,501.85,1,1.0,61.0,70.81666666666666,0.0,0.0,0.0,0,0.0,1.0,0.0019886646117132346
14912,0,66.07222222222222,5,1504.1899999999998,300.838,501.84791666666666,37,258.6,155.0,145.33333333333334,4.0,15.0,1114.34,1,0.8,7.4,0.00994336425443412
12846,1,501.84791666666666,1,15.58,15.58,501.84791666666666,1,1.0,61.0,70.81666666666666,0.0,0.0,0.0,0,0.0,1.0,0.001988672850886824
16047,1,501.84444444444443,1,107.14,107.14,501.84444444444443,1,1.0,61.0,70.81666666666666,0.0,0.0,0.0,0,0.0,1.0,0.00198868658299452
14380,1,501.81875,1,48.96,48.96,501.81875,1,1.0,61.0,70.81666666666666,1.0,1.0,148.69,0,1.0,1.0,0.0019887882064859356
14079,0,501.81319444444443,1,243.63,243.63,501.81319444444443,1,1.0,61.0,70.81666666666666,0.0,0.0,0.0,0,0.0,1.0,0.001988810180498335
17672,0,128.97291666666666,6,3778.3,629.7166666666667,501.8125,128,285.1666666666667,74.5,93.25,1.0,3.0,25.5,1,0.16666666666666666,21.333333333333332,0.011932877563704165
15702,1,295.9166666666667,2,140.39000000000001,70.19500000000001,501.81041666666664,30,51.5,206.0,206.0,0.0,0.0,0.0,1,0.0,15.0,0.003977642335373256
12570,1,501.80694444444447,1,77.52,77.52,501.80694444444447,1,1.0,61.0,70.81666666666666,0.0,0.0,0.0,0,0.0,1.0,0.001988834901842711
15073,0,5.034722222222222,7,2606.57,372.3671428571429,501.16805555555555,109,192.42857142857142,51.0,82.66666666666667,1.0,214.0,430.98,1,0.14285714285714285,15.571428571428571,0.013939556534028836
13698,1,416.04027777777776,2,451.73,225.865,501.15833333333336,31,113.5,85.0,85.0,0.0,0.0,0.0,1,0.0,15.5,0.003982807547420302
16051,1,501.1333333333333,1,188.44,188.44,501.1333333333333,12,80.0,61.0,70.81666666666666,0.0,0.0,0.0,0,0.0,12.0,0.0019915029208709507
14365,1,214.1236111111111,2,634.68,317.34000000000003,501.12916666666666,50,278.5,287.0,287.0,0.0,0.0,0.0,1,0.0,25.0,0.003983038892715188
12873,1,101.91111111111111,3,2027.3,675.7666666666668,501.125,33,262.0,199.5,199.5,0.0,0.0,0.0,1,0.0,11.0,0.00597460791635549
15695,1,86.17916666666666,4,1131.04,282.76,501.07916666666665,55,121.0,207.5,207.5,0.0,0.0,0.0,1,0.0,13.75,0.007966871094365929
15798,1,312.15069444444447,3,1535.37,511.78999999999996,501.03819444444446,73,305.0,94.5,94.5,0.0,0.0,0.0,1,0.0,24.333333333333332,0.005975640963572105
14551,0,23.770138888888887,6,817.29,136.215,501.03055555555557,68,74.33333333333333,179.0,159.0,2.0,11.0,21.45,1,0.3333333333333333,11.333333333333334,0.01195146377765851
12869,1,501.02777777777777,1,337.66999999999996,337.66999999999996,501.02777777777777,35,144.0,61.0,70.81666666666666,0.0,0.0,0.0,0,0.0,35.0,0.0019919216510817244
17604,1,36.96319444444445,6,942.38,157.06333333333333,501.0215277777778,142,102.33333333333333,95.0,92.8,0.0,0.0,0.0,1,0.0,23.666666666666668,0.01195167869903764
15389,0,219.72708333333333,4,2233.8,558.45,501.00416666666666,2,885.0,119.0,93.66666666666667,0.0,0.0,0.0,1,0.0,0.5,0.007968061354072426
16430,0,200.91458333333333,6,817.09,136.18166666666664,501.00347222222223,17,34.0,15.0,60.0,0.0,0.0,0.0,1,0.0,2.8333333333333335,0.011952108564986132
13048,0,57.97152777777778,7,3153.14,450.4485714285715,500.99652777777777,115,298.0,79.5,73.83333333333333,3.0,5.0,19.05,1,0.42857142857142855,16.428571428571427,0.01394431955732319
15797,0,33.84166666666667,5,2453.88,490.776,500.9847222222222,11,227.4,95.0,116.75,0.0,0.0,0.0,1,0.0,2.2,0.0099604624974753
16320,0,32.888194444444444,5,5443.21,1088.642,500.97291666666666,184,648.2,113.5,117.0,2.0,13.0,1200.14,1,0.4,36.8,0.009960696750737715
13101,1,53.925694444444446,4,695.4,173.85,500.87569444444443,48,119.5,120.0,149.0,0.0,0.0,0.0,1,0.0,12.0,0.007970101051472186
18016,0,5.971527777777778,5,959.76,191.952,500.86805555555554,79,77.0,89.0,123.75,0.0,0.0,0.0,1,0.0,15.8,0.009962777954586338
14167,0,82.88680555555555,6,970.7,161.78333333333333,500.86319444444445,41,44.166666666666664,74.0,83.6,0.0,0.0,0.0,1,0.0,6.833333333333333,0.011955449346393924
14279,1,340.1722222222222,2,191.86,95.93,500.84444444444443,3,23.0,161.0,161.0,0.0,0.0,0.0,1,0.0,1.5,0.003985298675995218
12484,0,155.94861111111112,7,2965.45,423.63571428571424,500.83958333333334,183,244.14285714285714,20.0,57.5,3.0,10.0,56.35,1,0.42857142857142855,26.142857142857142,0.013948680479734975
17695,0,213.92083333333332,3,980.7,326.9,500.1409722222222,20,343.3333333333333,143.0,143.0,1.0,6.0,25.5,1,0.3333333333333333,6.666666666666667,0.005986339505822131
17982,1,500.1333333333333,1,138.18,138.18,500.1333333333333,13,117.0,61.0,70.81666666666666,0.0,0.0,0.0,0,0.0,13.0,0.001995476918983637
14672,1,54.10486111111111,4,1113.14,278.28499999999997,500.05347222222224,93,161.5,165.0,148.66666666666666,0.0,0.0,0.0,1,0.0,23.25,0.007983179883495468
15563,0,20.045833333333334,5,2194.64,438.928,500.0513888888889,151,449.2,123.0,120.0,1.0,12.0,5.04,1,0.2,30.2,0.009979016346183166
13820,1,237.9611111111111,3,652.75,217.58333333333334,500.01666666666665,68,95.0,131.0,131.0,2.0,3.0,20.25,1,0.6666666666666666,22.666666666666668,0.005987824756328798
14613,1,499.9916666666667,1,76.32000000000001,76.32000000000001,499.9916666666667,1,72.0,61.0,70.81666666666666,0.0,0.0,0.0,0,0.0,1.0,0.001996041184983117
16326,0,34.013888888888886,13,2208.31,169.87,499.9770833333333,152,38.84615384615385,31.0,38.833333333333336,1.0,1.0,95.0,1,0.07692307692307693,11.692307692307692,0.02594929076097127
15544,0,30.836805555555557,15,6020.65,401.37666666666667,499.9243055555556,147,334.1333333333333,21.0,33.5,4.0,9.0,24.11,1,0.26666666666666666,9.8,0.029944643998386315
16137,1,499.90694444444443,1,422.7,422.7,499.90694444444443,28,210.0,61.0,70.81666666666666,0.0,0.0,0.0,0,0.0,28.0,0.0019963787906935476
16535,0,204.9923611111111,2,378.28999999999996,189.14499999999998,499.89166666666665,36,154.0,295.0,295.0,0.0,0.0,0.0,1,0.0,18.0,0.003992879365132181
18194,0,257.9875,5,3188.2000000000003,637.6400000000001,499.8888888888889,16,228.4,55.5,60.5,0.0,0.0,0.0,1,0.0,3.2,0.009982253771073646
13615,1,138.18680555555557,8,6272.53,784.06625,499.8798611111111,259,363.75,58.0,51.714285714285715,4.0,19.0,60.300000000000004,1,0.5,32.375,0.01597189390336727
15137,1,340.13125,2,823.4,411.7,499.87847222222223,34,298.0,160.0,160.0,3.0,89.0,75.85000000000001,1,1.5,17.0,0.003992984547981671
17905,0,171.85208333333333,11,1772.78,161.16181818181818,499.7888888888889,123,96.72727272727273,29.0,36.44444444444444,1.0,2.0,9.3,1,0.09090909090909091,11.181818181818182,0.021965343569035522
15861,0,86.68888888888888,6,1938.52,323.08666666666664,499.71458333333334,266,310.6666666666667,101.0,103.25,2.0,12.0,18.8,1,0.3333333333333333,44.333333333333336,0.011982874475229152
15192,0,10.877083333333333,4,1360.06,340.015,499.1090277777778,56,291.75,174.0,162.66666666666666,0.0,0.0,0.0,1,0.0,14.0,0.00799825593585843
14469,1,235.93055555555554,4,2093.46,523.365,499.06805555555553,120,243.25,78.0,87.66666666666667,0.0,0.0,0.0,1,0.0,30.0,0.007998911259300818
13851,0,107.81388888888888,6,2201.32,366.8866666666667,499.0388888888889,56,161.66666666666666,68.5,97.75,1.0,6.0,89.69999999999999,1,0.16666666666666666,9.333333333333334,0.011999066739253614
15487,1,499.02986111111113,1,231.32,231.32,499.02986111111113,14,144.0,61.0,70.81666666666666,0.0,0.0,0.0,0,0.0,14.0,0.001999880562688617
13480,1,236.03958333333333,2,627.82,313.90999999999997,499.0104166666667,40,181.0,263.0,263.0,0.0,0.0,0.0,1,0.0,20.0,0.003999916668402741
15251,0,30.108333333333334,12,13935.27,1161.2725,499.00555555555553,137,715.4166666666666,30.0,46.9,7.0,89.0,121.00999999999999,1,0.5833333333333334,11.416666666666666,0.023999733336296264
12823,0,74.09305555555555,16,5736.5,358.53125,498.99861111111113,1,51.875,29.0,35.416666666666664,0.0,0.0,0.0,1,0.0,0.0625,0.0320000888891358
13583,0,498.95625,1,664.001,664.001,498.95625,43,372.0,61.0,70.81666666666666,0.0,0.0,0.0,0,0.0,43.0,0.00200017501531384
14249,1,230.01111111111112,12,5400.461,450.0384166666667,498.93680555555557,178,198.58333333333334,42.0,38.42857142857143,0.0,0.0,0.0,1,0.0,14.833333333333334,0.024003033716761425
16673,1,498.93611111111113,1,171.13,171.13,498.93611111111113,19,95.0,61.0,70.81666666666666,0.0,0.0,0.0,0,0.0,19.0,0.0020002555882140493
16390,1,356.11041666666665,3,467.5,155.83333333333334,498.8923611111111,16,40.666666666666664,71.5,71.5,0.0,0.0,0.0,1,0.0,5.333333333333333,0.006001291944793671
14068,1,139.86666666666667,4,1516.72,379.18,497.1111111111111,93,127.5,46.0,119.0,1.0,12.0,23.4,1,0.25,23.25,0.008030336828016953
15943,1,469.00069444444443,2,271.28999999999996,135.64499999999998,497.0736111111111,12,91.5,28.0,28.0,0.0,0.0,0.0,1,0.0,6.0,0.004015470716343244
16923,0,7.044444444444444,24,9772.79,407.19958333333335,497.06666666666666,309,187.5,21.0,23.333333333333332,9.0,236.0,584.98,1,0.375,12.875,0.04818632043903092
16955,1,4.093055555555556,6,1120.31,186.71833333333333,497.05,33,120.5,123.0,98.6,3.0,27.0,48.25,1,0.5,5.5,0.012046983234614998
15013,1,307.03125,10,1610.82,161.082,497.02430555555554,177,171.5,21.0,21.11111111111111,0.0,0.0,0.0,1,0.0,17.7,0.02007934128605392
15588,1,497.0215277777778,1,579.6,579.6,497.0215277777778,4,96.0,61.0,70.81666666666666,0.0,0.0,0.0,0,0.0,4.0,0.002007945328110816
17137,1,235.91597222222222,6,1099.81,183.30166666666665,497.0159722222222,125,113.33333333333333,60.0,65.25,0.0,0.0,0.0,1,0.0,20.833333333333332,0.012047806364978812
14481,0,106.95625,4,1951.04,487.76,497.0048611111111,106,328.25,120.0,130.0,1.0,1.0,376.17,1,0.25,26.5,0.008032050111068193
16014,0,110.79722222222222,3,707.08,235.6933333333333,497.0048611111111,168,102.0,193.0,193.0,0.0,0.0,0.0,1,0.0,56.0,0.006024037583301145
14820,0,199.81597222222223,5,767.47,153.494,497.00069444444443,31,94.2,59.0,74.25,0.0,0.0,0.0,1,0.0,6.2,0.010040146641919564
15385,0,212.01527777777778,2,625.2,312.6,496.9916666666667,8,133.5,285.0,285.0,0.0,0.0,0.0,1,0.0,4.0,0.004016131461369836
12483,0,3.0208333333333335,16,3926.81,245.425625,496.9736111111111,55,104.9375,26.0,35.285714285714285,6.0,19.0,172.86,1,0.375,3.4375,0.03213021662794492
13443,1,268.0131944444444,6,1273.16,212.1933333333333,496.97222222222223,176,134.16666666666666,52.0,45.8,1.0,11.0,32.45,1,0.16666666666666666,29.333333333333332,0.012048864840743013
13392,1,496.96944444444443,1,91.14,91.14,496.96944444444443,8,82.0,61.0,70.81666666666666,0.0,0.0,0.0,0,0.0,8.0,0.00200815534197212
14306,0,198.0875,4,1058.0800000000002,264.52000000000004,496.9638888888889,12,247.5,111.0,99.66666666666667,0.0,0.0,0.0,1,0.0,3.0,0.008032710984174444
13897,0,257.96805555555557,2,849.56,424.78,496.95972222222224,42,310.0,239.0,239.0,0.0,0.0,0.0,1,0.0,21.0,0.004016389098850587
15338,1,496.93402777777777,1,277.93,277.93,496.93402777777777,56,148.0,61.0,70.81666666666666,0.0,0.0,0.0,0,0.0,56.0,0.0020082981764931486
18212,1,145.85833333333332,2,514.37,257.185,496.9222222222222,40,79.0,351.0,351.0,0.0,0.0,0.0,1,0.0,20.0,0.00401669158503113
16655,0,5.209027777777778,9,3864.44,429.38222222222225,496.88194444444446,281,231.88888888888889,52.0,61.5,1.0,1.0,35.1,1,0.1111111111111111,31.22222222222222,0.018076574377571656
12668,0,78.91458333333334,9,10500.35,1166.7055555555555,496.87847222222223,258,527.6666666666666,47.0,52.25,1.0,24.0,34.8,1,0.1111111111111111,28.666666666666668,0.01807670044424607
17107,0,28.020138888888887,6,9372.6,1562.1000000000001,496.87708333333336,279,759.0,84.0,93.8,2.0,11.0,22.35,1,0.3333333333333333,46.5,0.012051167247605457
17176,1,21.00625,3,902.3199999999999,300.7733333333333,496.87569444444443,37,192.0,238.0,238.0,0.0,0.0,0.0,1,0.0,12.333333333333334,0.006025600432950549
13478,1,288.9770833333333,5,2215.78,443.15600000000006,496.87430555555557,114,237.8,72.0,69.33333333333333,2.0,21.0,147.75,1,0.4,22.8,0.010042695403653589
14637,1,496.87361111111113,1,106.67999999999999,106.67999999999999,496.87361111111113,7,100.0,61.0,70.81666666666666,0.0,0.0,0.0,0,0.0,7.0,0.002008541882282708
15317,1,496.87152777777777,1,129.75,129.75,496.87152777777777,5,45.0,61.0,70.81666666666666,1.0,6.0,17.700000000000003,0,1.0,5.0,0.0020085502869855707
15022,0,496.8666666666667,1,281.05,281.05,496.8666666666667,19,113.0,61.0,70.81666666666666,0.0,0.0,0.0,0,0.0,19.0,0.0020085698982324584
14370,1,270.08125,6,1175.78,195.96333333333334,496.1770833333333,37,44.333333333333336,47.0,56.5,3.0,9.0,83.65,1,0.5,6.166666666666667,0.012068134677030736
12810,1,354.08125,2,534.99,267.495,496.12361111111113,32,194.5,142.0,142.0,0.0,0.0,0.0,1,0.0,16.0,0.004023144254866188
14047,0,19.052083333333332,12,3295.42,274.61833333333334,496.1145833333333,88,114.16666666666667,36.0,53.0,5.0,13.0,87.0,1,0.4166666666666667,7.333333333333333,0.0241393038995872
12800,1,289.94375,3,584.25,194.75,496.075,31,94.66666666666667,206.0,206.0,0.0,0.0,0.0,1,0.0,10.333333333333334,0.0060353065432781775
12711,1,431.03541666666666,2,1339.05,669.525,496.05555555555554,56,385.0,65.0,65.0,0.0,0.0,0.0,1,0.0,28.0,0.004023695093327373
15416,0,59.080555555555556,5,2862.93,572.586,496.03819444444446,123,327.6,196.0,145.66666666666666,1.0,1.0,8.22,1,0.2,24.6,0.010059589093728824
17365,0,19.038194444444443,11,5310.12,482.73818181818183,496.0375,311,479.09090909090907,54.0,53.0,1.0,3.0,19.15,1,0.09090909090909091,28.272727272727273,0.02213112692704273
13511,1,496.02777777777777,1,282.76,282.76,496.02777777777777,5,60.0,61.0,70.81666666666666,1.0,7.0,38.15,0,1.0,5.0,0.0020119599843514222
16415,0,403.0409722222222,2,496.49,248.245,496.0138888888889,78,165.0,93.0,93.0,0.0,0.0,0.0,1,0.0,39.0,0.004024032415816683
15512,0,179.03402777777777,3,311.78,103.92666666666668,495.9770833333333,28,74.33333333333333,158.5,158.5,0.0,0.0,0.0,1,0.0,9.333333333333334,0.0060364956465967165
14821,1,186.17152777777778,7,1230.15,175.73571428571427,495.97013888888887,65,65.57142857142857,31.5,77.5,0.0,0.0,0.0,1,0.0,9.285714285714286,0.014085353328573006
13156,1,204.98680555555555,3,1586.54,528.8466666666667,495.96180555555554,94,304.6666666666667,145.5,145.5,0.0,0.0,0.0,1,0.0,31.333333333333332,0.006036681222707424
17361,0,5.95,4,647.51,161.8775,495.93055555555554,41,71.5,245.0,245.0,0.0,0.0,0.0,1,0.0,10.25,0.008049414460996674
13628,1,495.92083333333335,1,310.14,310.14,495.92083333333335,16,106.0,61.0,70.81666666666666,0.0,0.0,0.0,0,0.0,16.0,0.002012392986810441
15480,0,285.0736111111111,4,5373.5,1343.375,495.91527777777776,162,387.25,105.5,105.5,2.0,2.0,2686.75,1,0.5,40.5,0.008049661942148645
18064,0,54.90416666666667,10,4075.83,407.58299999999997,495.9090277777778,48,246.1,37.0,63.0,4.0,50.0,53.849999999999994,1,0.4,4.8,0.020124407972060613
17350,0,213.85763888888889,3,612.381,204.12700000000004,495.8833333333333,65,136.0,141.0,141.0,0.0,0.0,0.0,1,0.0,21.666666666666668,0.006037634588937712
15564,1,282.87361111111113,2,70.74000000000001,35.370000000000005,495.86944444444447,4,21.0,213.0,213.0,0.0,0.0,0.0,1,0.0,2.0,0.004025202238459689
15803,0,264.9875,3,1513.84,504.6133333333333,495.84791666666666,42,246.66666666666666,115.5,115.5,0.0,0.0,0.0,1,0.0,14.0,0.006038064967901814
13584,1,126.00069444444445,3,385.7,128.5666666666667,495.1736111111111,74,120.0,184.5,184.5,2.0,87.0,45.3,1,0.6666666666666666,24.666666666666668,0.006046270766560764
17146,0,82.9576388888889,12,5666.74,472.2283333333334,495.1326388888889,162,182.0,26.0,37.45454545454545,3.0,16.0,64.25,1,0.25,13.5,0.024187080347857246
13916,1,283.1152777777778,4,1275.81,318.9525,495.1138888888889,72,168.25,78.0,70.66666666666667,1.0,6.0,15.299999999999999,1,0.25,18.0,0.00806266482270536
15279,1,174.0847222222222,5,1580.54,316.108,495.1076388888889,74,160.4,83.5,80.25,2.0,64.0,25.700000000000003,1,0.4,14.8,0.010078457995926623
18175,1,495.10069444444446,1,176.1,176.1,495.10069444444446,7,70.0,61.0,70.81666666666666,0.0,0.0,0.0,0,0.0,7.0,0.0020157198149457225
17163,0,265.1125,2,406.68,203.34,495.0909722222222,24,232.5,230.0,230.0,0.0,0.0,0.0,1,0.0,12.0,0.004031518636674781
16300,1,249.98333333333332,3,1367.32,455.77333333333337,495.0486111111111,190,214.33333333333334,122.5,122.5,0.0,0.0,0.0,1,0.0,63.333333333333336,0.00604779437499125
12848,1,495.00347222222223,1,208.0,208.0,495.00347222222223,16,58.0,61.0,70.81666666666666,0.0,0.0,0.0,0,0.0,16.0,0.002016114918550357
13538,0,2.933333333333333,8,2441.78,305.2225,495.00208333333336,102,109.25,41.0,70.28571428571429,0.0,0.0,0.0,1,0.0,12.75,0.01612896451207782
17876,1,219.08194444444445,3,3424.02,1141.34,494.99305555555554,3,652.6666666666666,138.0,138.0,0.0,0.0,0.0,1,0.0,1.0,0.006048471780798903
13975,0,35.047916666666666,8,3749.17,468.64625,494.9840277777778,345,343.75,61.0,65.71428571428571,2.0,8.0,31.55,1,0.25,43.125,0.01612955166286997
17092,0,96.91597222222222,8,3872.28,484.035,494.8388888888889,201,343.375,49.0,66.33333333333333,3.0,6.0,31.650000000000002,1,0.375,25.125,0.016134273005344476
16067,1,382.01180555555555,3,3269.11,1089.7033333333334,494.7840277777778,60,412.0,56.5,56.5,3.0,70.0,369.1,1,1.0,20.0,0.006051021880327035
12805,1,201.01597222222222,4,1434.95,358.7375,494.15555555555557,44,148.25,100.0,97.66666666666667,0.0,0.0,0.0,1,0.0,11.0,0.008078269455165604
15321,0,111.06944444444444,10,5120.89,512.089,494.12708333333336,206,301.7,53.0,76.6,5.0,21.0,51.5,1,0.5,20.6,0.020196834987650476
15091,0,494.0416666666667,2,565.9,282.95,494.0444444444444,27,118.0,61.0,70.81666666666666,2.0,5.0,19.75,0,1.0,13.5,0.004040041298199937
13553,1,494.0201388888889,1,499.6,499.6,494.0201388888889,85,201.0,61.0,70.81666666666666,0.0,0.0,0.0,0,0.0,85.0,0.0020201198323861686
16928,0,9.977777777777778,19,2184.89,114.99421052631578,494.0138888888889,123,66.78947368421052,17.0,28.470588235294116,3.0,68.0,118.4,1,0.15789473684210525,6.473684210526316,0.038382761426447067
13757,1,494.00902777777776,1,195.55,195.55,494.00902777777776,8,54.0,61.0,70.81666666666666,0.0,0.0,0.0,0,0.0,8.0,0.0020201651765610336
17311,0,136.07916666666668,5,2738.17,547.634,494.0083333333333,93,432.0,95.0,89.5,1.0,46.0,75.9,1,0.2,18.6,0.010100840053197759
16840,1,422.87638888888887,2,139.85,69.925,494.00555555555553,9,58.5,71.0,71.0,1.0,1.0,13.14,1,0.5,4.5,0.0040403586940662845
16081,0,4.971527777777778,6,2471.91,411.98499999999996,494.0027777777778,155,196.66666666666666,100.0,97.8,0.0,0.0,0.0,1,0.0,25.833333333333332,0.012121144101323785
14399,1,213.97708333333333,8,2108.21,263.52625,493.9868055555556,119,120.625,30.0,40.0,1.0,8.0,14.999999999999998,1,0.125,14.875,0.01616204696814309
12396,1,493.97777777777776,1,931.43,931.43,493.97777777777776,65,591.0,61.0,70.81666666666666,0.0,0.0,0.0,0,0.0,65.0,0.0020202927179671366
15448,1,132.0888888888889,2,788.81,394.405,493.97291666666666,49,243.5,362.0,362.0,0.0,0.0,0.0,1,0.0,24.5,0.004040625118377689
18101,0,193.93680555555557,3,399.61,133.20333333333335,493.95694444444445,62,53.333333333333336,150.0,150.0,0.0,0.0,0.0,1,0.0,20.666666666666668,0.006061133263555472
13619,1,364.0493055555556,2,224.94,112.47,493.9402777777778,39,39.5,130.0,130.0,0.0,0.0,0.0,1,0.0,19.5,0.004040891577827852
16834,1,47.134027777777774,2,898.96,449.48,493.9347222222222,43,380.0,447.0,447.0,0.0,0.0,0.0,1,0.0,21.5,0.004040936936127941
17690,0,6.132638888888889,15,5269.78,351.3186666666667,493.93333333333334,192,147.0,17.0,37.53846153846154,0.0,0.0,0.0,1,0.0,12.8,0.030307112068965518
12840,0,2.097916666666667,6,3465.97,577.6616666666666,493.9159722222222,102,317.6666666666667,112.0,98.4,4.0,14.0,28.1,1,0.6666666666666666,17.0,0.012123270083726335
14545,1,493.89375,1,349.25,349.25,493.89375,23,236.0,61.0,70.81666666666666,0.0,0.0,0.0,0,0.0,23.0,0.0020206357425204906
15023,0,37.954166666666666,13,7633.62,587.2015384615385,493.87847222222223,386,271.15384615384613,42.0,41.45454545454545,2.0,7.0,38.89,1,0.15384615384615385,29.692307692307693,0.026269075600771793
14038,0,26.947916666666668,3,2225.82,741.94,493.1625,87,414.6666666666667,233.0,233.0,3.0,11.0,68.94999999999999,1,1.0,29.0,0.006070877494751221
15591,1,402.14375,3,217.9,72.63333333333334,493.1458333333333,6,19.333333333333332,45.5,45.5,0.0,0.0,0.0,1,0.0,2.0,0.006071082254732493
14497,1,128.82569444444445,2,697.0600000000001,348.53,493.11875,40,166.0,364.0,364.0,1.0,2.0,17.9,1,0.5,20.0,0.00404761001277527
15732,1,31.934722222222224,10,1543.97,154.397,493.1111111111111,53,126.4,29.5,57.625,2.0,9.0,44.550000000000004,1,0.2,5.3,0.02023836294130875
13107,0,153.01527777777778,6,4288.29,714.715,493.0833333333333,113,581.8333333333334,68.0,68.0,6.0,61.0,143.45000000000002,1,1.0,18.833333333333332,0.012143700455388767
12373,1,130.98611111111111,3,1127.65,375.8833333333334,493.02916666666664,36,172.0,181.0,181.0,0.0,0.0,0.0,1,0.0,12.0,0.006072515961439524
16583,1,193.0326388888889,2,297.95,148.975,493.02222222222224,18,76.5,300.0,300.0,0.0,0.0,0.0,1,0.0,9.0,0.004048400881651747
17281,1,193.78125,6,797.8499999999999,132.975,492.99305555555554,2,49.166666666666664,62.0,59.8,0.0,0.0,0.0,1,0.0,0.3333333333333333,0.012145919730090673
16383,0,87.99305555555556,6,2562.39,427.065,492.98055555555555,219,237.83333333333334,77.0,81.0,2.0,8.0,64.0,1,0.3333333333333333,36.5,0.01214622707821383
16412,0,213.0402777777778,4,457.2,114.3,492.9611111111111,72,56.25,64.0,93.33333333333333,0.0,0.0,0.0,1,0.0,18.0,0.008097803470808544
13783,1,307.14375,4,1542.09,385.5225,492.9604166666667,4,859.25,70.0,62.0,0.0,0.0,0.0,1,0.0,1.0,0.008097814855272648
15167,1,140.00625,5,1627.62,325.524,492.9423611111111,262,172.6,87.0,117.66666666666667,0.0,0.0,0.0,1,0.0,52.4,0.010122638578219175
17138,1,95.03888888888889,7,4417.27,631.0385714285715,492.93819444444443,234,289.14285714285717,49.5,66.33333333333333,0.0,0.0,0.0,1,0.0,33.42857142857143,0.014171813556295702
16986,0,264.90972222222223,9,3015.55,335.06111111111113,492.9194444444444,64,166.55555555555554,70.0,76.0,0.0,0.0,0.0,1,0.0,7.111111111111111,0.018221594839464377
12500,0,86.12152777777777,12,2907.59,242.29916666666668,492.90625,66,133.91666666666666,23.0,40.7,4.0,10.0,31.35,1,0.3333333333333333,5.5,0.024296108826320783
17309,0,200.96041666666667,2,237.64000000000001,118.82000000000001,492.87569444444443,22,70.0,292.0,292.0,0.0,0.0,0.0,1,0.0,11.0,0.004049602000053432
16266,0,19.98472222222222,10,1267.9,126.79,492.8534722222222,58,54.3,61.0,67.57142857142857,0.0,0.0,0.0,1,0.0,5.8,0.020248921112171994
15365,0,134.9875,7,2451.42,350.20285714285717,492.83819444444447,87,161.71428571428572,88.0,119.33333333333333,0.0,0.0,0.0,1,0.0,12.428571428571429,0.014174683284420363
17328,1,492.81875,1,104.7,104.7,492.81875,6,86.0,61.0,70.81666666666666,0.0,0.0,0.0,0,0.0,6.0,0.0020250344888686385
15810,0,51.70763888888889,6,2461.18,410.1966666666667,492.77222222222224,76,220.33333333333334,78.0,88.2,2.0,19.0,27.69,1,0.3333333333333333,12.666666666666666,0.012151351837891965
13874,1,177.77083333333334,7,2049.15,292.7357142857143,492.7576388888889,46,123.42857142857143,39.5,52.5,3.0,13.0,59.95,1,0.42857142857142855,6.571428571428571,0.01417699585519774
18267,1,492.1715277777778,1,269.37,269.37,492.1715277777778,17,135.0,61.0,70.81666666666666,1.0,4.0,16.5,0,1.0,17.0,0.0020276920780605127
12853,0,59.00486111111111,8,2835.4,354.425,492.03680555555553,81,149.25,76.0,86.6,4.0,17.0,126.0,1,0.5,10.125,0.01622596915657356
13009,1,492.01944444444445,1,234.0,234.0,492.01944444444445,4,120.0,61.0,70.81666666666666,0.0,0.0,0.0,0,0.0,4.0,0.0020283175669203943
16147,0,219.9125,4,2023.91,505.9775,492.01666666666665,101,287.25,102.0,90.66666666666667,2.0,73.0,31.89,1,0.5,25.25,0.008113315979851932
13658,0,23.81597222222222,5,4319.63,863.926,491.98125,119,290.4,117.0,117.0,3.0,21.0,86.43,1,0.6,23.8,0.01014237356897448
16704,1,437.95,2,664.16,332.08,491.94166666666666,50,216.5,54.0,54.0,0.0,0.0,0.0,1,0.0,25.0,0.0040572752015958615
15784,1,287.09166666666664,2,848.3299999999999,424.16499999999996,491.9222222222222,33,190.5,205.0,205.0,0.0,0.0,0.0,1,0.0,16.5,0.004057435250095801
14682,1,7.026388888888889,6,1514.81,252.46833333333333,491.91875,79,158.16666666666666,89.0,97.0,0.0,0.0,0.0,1,0.0,13.166666666666666,0.012172391494541444
15660,0,23.920833333333334,10,1741.85,174.185,491.8673611111111,53,116.3,61.5,58.5,2.0,10.0,45.1,1,0.2,5.3,0.020289434417925717
13700,0,59.97569444444444,8,1275.51,159.43875,490.08125,112,200.375,43.0,71.66666666666667,1.0,11.0,27.25,1,0.125,14.0,0.016290583279243504
16714,1,38.07013888888889,4,1497.33,374.3325,490.06458333333336,95,207.0,226.0,226.0,3.0,16.0,275.09,1,0.75,23.75,0.008145568089737008
15580,1,196.07638888888889,8,1375.39,171.92375,490.06180555555557,150,119.375,39.0,42.0,6.0,53.0,159.24,1,0.75,18.75,0.016291228333161274
15422,1,142.85625,7,1619.97,231.42428571428573,490.04027777777776,80,101.42857142857143,67.0,69.4,1.0,1.0,4.95,1,0.14285714285714285,11.428571428571429,0.01425544973964005
15584,0,219.05277777777778,2,547.34,273.67,490.0236111111111,93,85.0,271.0,271.0,0.0,0.0,0.0,1,0.0,46.5,0.004073123888023036
16788,0,73.98958333333333,4,1629.01,407.25250000000005,490.00694444444446,292,210.5,146.0,138.66666666666666,0.0,0.0,0.0,1,0.0,73.0,0.008146524291068524
16225,0,96.95555555555555,12,2179.6,181.63333333333333,490.00625,149,82.33333333333333,35.0,43.666666666666664,3.0,6.0,45.5,1,0.25,12.416666666666666,0.02443960743880551
12402,1,142.95902777777778,6,1256.9,209.48333333333335,490.00625,43,97.33333333333333,70.0,69.4,1.0,1.0,12.75,1,0.16666666666666666,7.166666666666667,0.012219803719402756
14562,0,2.704861111111111,12,2737.37,228.11416666666665,489.94444444444446,164,104.5,47.0,48.7,0.0,0.0,0.0,1,0.0,13.666666666666666,0.024442684168835577
17550,1,16.945138888888888,9,2506.64,278.5155555555555,489.90486111111113,250,107.55555555555556,82.0,78.83333333333333,1.0,60.0,341.09999999999997,1,0.1111111111111111,27.77777777777778,0.01833349129937205
16082,1,489.8986111111111,1,106.75,106.75,489.8986111111111,16,39.0,61.0,70.81666666666666,0.0,0.0,0.0,0,0.0,16.0,0.0020370805240955505
16212,0,102.99930555555555,3,1101.52,367.17333333333335,489.89166666666665,61,159.33333333333334,193.5,193.5,1.0,3.0,9.15,1,0.3333333333333333,20.333333333333332,0.00611132802553177
17342,1,199.0715277777778,4,1227.54,306.885,489.1486111111111,31,130.25,133.0,96.66666666666667,3.0,22.0,71.7,1,0.75,7.75,0.008160790236521236
17504,1,25.99375,18,9490.17,527.2316666666667,489.14444444444445,244,301.1111111111111,35.0,33.07142857142857,1.0,208.0,251.75,1,0.05555555555555555,13.555555555555555,0.036723868247455396
14227,0,15.916666666666666,12,5417.27,451.4391666666667,489.1333333333333,237,292.25,39.0,67.57142857142857,6.0,9.0,16.65,1,0.5,19.75,0.024483133841131665
13497,1,102.15694444444445,6,1166.83,194.47166666666666,489.09930555555553,52,87.5,86.0,77.4,1.0,4.0,27.0,1,0.16666666666666666,8.666666666666666,0.012242416857127878
16161,0,17.818055555555556,34,9307.45,273.7485294117647,489.0722222222222,348,139.6764705882353,10.0,14.71875,11.0,59.0,247.35,1,0.3235294117647059,10.235294117647058,0.06937752938909232
13870,0,107.15347222222222,8,3485.17,435.64625,489.02916666666664,113,313.5,65.0,63.666666666666664,1.0,1.0,2.55,1,0.125,14.125,0.016325558852789374
16246,1,279.03194444444443,2,821.35,410.675,489.0125,79,168.0,210.0,210.0,0.0,0.0,0.0,1,0.0,39.5,0.004081528532435397
13417,0,24.85,5,1264.66,252.93200000000002,489.0076388888889,42,88.4,71.0,154.66666666666666,1.0,24.0,75.6,1,0.2,8.4,0.01020392255789663
13304,1,170.92708333333334,4,1217.99,304.4975,489.00555555555553,59,179.0,104.0,106.0,3.0,28.0,97.2,1,0.75,14.75,0.00816317275314339
13834,1,396.09930555555553,2,324.19,162.095,488.99861111111113,15,110.5,93.0,93.0,1.0,7.0,76.3,1,0.5,7.5,0.004081644222347569
14884,1,488.99583333333334,1,120.6,120.6,488.99583333333334,8,72.0,61.0,70.81666666666666,0.0,0.0,0.0,0,0.0,8.0,0.002040833680558508
18070,1,488.9736111111111,1,314.1,314.1,488.9736111111111,9,86.0,61.0,70.81666666666666,1.0,1.0,6.35,0,1.0,9.0,0.0020409262403587496
16078,1,103.12708333333333,2,362.99,181.495,488.97291666666666,39,100.0,386.0,386.0,0.0,0.0,0.0,1,0.0,19.5,0.004081858265975585
15339,0,137.98263888888889,6,1504.85,250.8083333333333,488.96666666666664,134,146.83333333333334,74.5,87.75,3.0,41.0,177.25,1,0.5,22.333333333333332,0.012245731002108988
16781,1,191.93333333333334,2,623.0,311.5,488.95416666666665,36,96.0,297.0,297.0,1.0,2.0,16.599999999999998,1,0.5,18.0,0.00408201447414299
17514,0,488.9513888888889,1,313.35,313.35,488.9513888888889,41,149.0,61.0,70.81666666666666,0.0,0.0,0.0,0,0.0,41.0,0.0020410188085552704
17294,1,488.8597222222222,2,467.78999999999996,233.89499999999998,488.93680555555557,17,148.5,61.0,70.81666666666666,0.0,0.0,0.0,0,0.0,8.5,0.004082159121995609
17647,0,488.9236111111111,2,198.6,99.29999999999998,488.9243055555556,5,26.0,61.0,70.81666666666666,0.0,0.0,0.0,0,0.0,2.5,0.004082263274797268
12524,0,24.018055555555556,14,9473.77,676.6978571428572,488.92291666666665,130,400.14285714285717,30.5,38.75,1.0,5.0,34.75,1,0.07142857142857142,9.285714285714286,0.028575923933612007
12665,1,144.17777777777778,3,313.6,104.53333333333335,488.90208333333334,13,55.0,172.5,172.5,2.0,8.0,12.149999999999999,1,0.6666666666666666,4.333333333333333,0.006123672672685443
17319,1,488.87708333333336,1,29.1,29.1,488.87708333333336,3,14.0,61.0,70.81666666666666,0.0,0.0,0.0,0,0.0,3.0,0.00204132839445269
17774,0,68.99652777777777,7,2655.09,379.29857142857145,488.8638888888889,241,184.14285714285714,65.5,70.0,3.0,3.0,372.40000000000003,1,0.42857142857142855,34.42857142857143,0.014289683642281586
15892,1,488.8520833333333,1,128.2,128.2,488.8520833333333,38,46.0,61.0,70.81666666666666,0.0,0.0,0.0,0,0.0,38.0,0.0020414325753097236
13119,1,488.175,1,134.9,134.9,488.175,11,110.0,61.0,70.81666666666666,0.0,0.0,0.0,0,0.0,11.0,0.002044258189809373
12370,0,94.00138888888888,6,3577.28,596.2133333333333,488.13125,150,370.6666666666667,63.5,98.5,0.0,0.0,0.0,1,0.0,25.0,0.012266646222256296
13131,0,7.080555555555556,5,2565.37,513.074,488.12708333333336,98,240.8,136.0,160.33333333333334,0.0,0.0,0.0,1,0.0,19.6,0.0102222922638544
14609,0,116.02777777777777,7,1028.6399999999999,146.9485714285714,488.12638888888887,6,1156.2857142857142,65.5,62.0,1.0,2400.0,120.0,1,0.14285714285714285,0.8571428571428571,0.014311229487947616
17577,1,464.9923611111111,2,348.75,174.375,488.1111111111111,20,89.5,23.0,23.0,0.0,0.0,0.0,1,0.0,10.0,0.00408905043162199
15082,1,488.1020833333333,1,93.35000000000001,93.35000000000001,488.1020833333333,6,43.0,61.0,70.81666666666666,0.0,0.0,0.0,0,0.0,6.0,0.002044562953371186
12645,0,39.02708333333333,6,2563.02,427.17,488.0840277777778,91,252.66666666666666,93.0,89.8,1.0,24.0,20.4,1,0.16666666666666666,15.166666666666666,0.012267830596026302
17083,0,115.04444444444445,8,3640.03,455.00374999999997,488.0444444444444,29,218.125,50.0,53.285714285714285,2.0,5.0,14.71,1,0.25,3.625,0.016358431408188306
12621,0,19.883333333333333,25,17977.35,719.0939999999999,488.0340277777778,244,403.36,17.0,20.347826086956523,7.0,29.0,130.45,1,0.28,9.76,0.05112118703396293
13293,1,211.9736111111111,6,1192.94,198.82333333333335,488.03125,51,92.5,42.0,55.2,1.0,6.0,12.600000000000001,1,0.16666666666666666,8.5,0.01226915457856732
16344,0,329.0548611111111,3,741.3199999999999,247.10666666666665,488.0236111111111,42,229.33333333333334,79.5,79.5,0.0,0.0,0.0,1,0.0,14.0,0.006134673115647108
17731,0,2.9381944444444446,4,1131.45,282.8625,488.00902777777776,50,98.75,242.5,242.5,0.0,0.0,0.0,1,0.0,12.5,0.008179808086933183
13976,1,26.150694444444444,4,1192.36,298.09000000000003,487.9875,49,113.0,84.0,154.0,0.0,0.0,0.0,1,0.0,12.25,0.00818016820470871
13242,0,33.015277777777776,6,533.0,88.83333333333333,487.9847222222222,15,45.0,100.5,113.75,0.0,0.0,0.0,1,0.0,2.5,0.012270322010742213
16419,0,94.9173611111111,4,1021.9200000000001,255.48,487.975,48,119.5,91.0,131.0,1.0,1.0,12.75,1,0.25,12.0,0.00818037731990388
13985,0,3.9555555555555557,10,4126.03,412.60299999999995,487.95416666666665,91,204.9,30.0,53.77777777777778,2.0,9.0,38.550000000000004,1,0.2,9.1,0.02045181467247271
16873,0,17.088194444444444,9,10727.22,1191.9133333333332,487.93958333333336,170,706.6666666666666,50.0,58.875,4.0,13.0,58.85,1,0.4444444444444444,18.88888888888889,0.018407182209799266
12663,1,444.13194444444446,2,239.4,119.7,487.93194444444447,9,90.5,44.0,44.0,1.0,12.0,35.400000000000006,1,0.5,4.5,0.004090548843709786
16530,1,487.8888888888889,1,48.349999999999994,48.349999999999994,487.8888888888889,3,17.0,61.0,70.81666666666666,0.0,0.0,0.0,0,0.0,3.0,0.002045454545454545
13092,0,31.102777777777778,11,2102.2,191.1090909090909,487.17083333333335,48,43.63636363636363,47.0,45.6,3.0,63.0,132.95000000000002,1,0.2727272727272727,4.363636363636363,0.022533095483992113
12932,1,358.93611111111113,8,1698.56,212.32,487.1694444444444,69,201.125,18.0,21.333333333333332,0.0,0.0,0.0,1,0.0,8.625,0.016387752431134453
18058,0,360.96180555555554,2,603.9,301.95,487.1333333333333,11,153.0,126.0,126.0,0.0,0.0,0.0,1,0.0,5.5,0.00409724119093144
15176,1,487.09305555555557,1,988.04,988.04,487.09305555555557,52,448.0,61.0,70.81666666666666,1.0,1.0,2.95,0,1.0,52.0,0.002048789649059406
13164,1,388.95694444444445,2,372.2,186.10000000000002,487.04027777777776,7,60.0,98.0,98.0,1.0,6.0,74.74,1,0.5,3.5,0.004098022419597654
12776,1,487.02708333333334,1,55.5,55.5,487.02708333333334,4,46.0,61.0,70.81666666666666,0.0,0.0,0.0,0,0.0,4.0,0.002049066607471409
17201,0,343.0486111111111,3,853.3199999999999,284.44,487.01666666666665,119,257.6666666666667,72.0,72.0,1.0,24.0,15.600000000000001,1,0.3333333333333333,39.666666666666664,0.006147331033776169
17575,1,486.95972222222224,1,171.7,171.7,486.95972222222224,5,72.0,61.0,70.81666666666666,0.0,0.0,0.0,0,0.0,5.0,0.0020493494738579856
12474,0,20.0125,21,7767.79,369.8947619047619,486.13125,262,227.0952380952381,22.0,25.88888888888889,18.0,109.0,295.40000000000003,1,0.8571428571428571,12.476190476190476,0.04310953156875072
16577,1,486.12847222222223,1,380.0,380.0,486.12847222222223,23,142.0,61.0,70.81666666666666,0.0,0.0,0.0,0,0.0,23.0,0.002052846542593002
12670,0,19.14236111111111,4,1790.6299999999999,447.65749999999997,486.1090277777778,44,179.5,153.0,155.66666666666666,0.0,0.0,0.0,1,0.0,11.0,0.00821171395292806
15765,1,486.10069444444446,1,370.63,370.63,486.10069444444446,25,335.0,61.0,70.81666666666666,0.0,0.0,0.0,0,0.0,25.0,0.002052963609794347
12567,0,4.148611111111111,11,6823.2,620.2909090909092,486.09722222222223,228,278.54545454545456,54.0,53.55555555555556,2.0,222.0,316.04,1,0.18181818181818182,20.727272727272727,0.022582760685466625
14115,1,321.0097222222222,2,622.6700000000001,311.33500000000004,486.04583333333335,22,254.5,165.0,165.0,0.0,0.0,0.0,1,0.0,11.0,0.004106389713493768
14072,1,486.0131944444444,1,390.85,390.85,486.0131944444444,19,65.0,61.0,70.81666666666666,0.0,0.0,0.0,0,0.0,19.0,0.0020533324587658046
16992,0,19.145833333333332,10,4533.34,453.334,486.0097222222222,184,155.7,34.0,51.888888888888886,2.0,4.0,16.4,1,0.2,18.4,0.020533470983638818
14301,0,235.9451388888889,3,1352.04,450.68,485.98819444444445,29,360.0,125.0,125.0,2.0,7.0,27.85,1,0.6666666666666666,9.666666666666666,0.006160313605594477
17685,0,86.10694444444445,10,3811.84,381.184,485.9625,81,245.5,31.0,44.44444444444444,2.0,12.0,14.999999999999998,1,0.2,8.1,0.020535462176245606
12677,1,374.93055555555554,2,395.1,197.55,485.9548611111111,13,88.0,111.0,111.0,1.0,2.0,5.8,1,0.5,6.5,0.004107156863444165
13696,1,241.12916666666666,3,2020.4,673.4666666666667,485.93958333333336,24,184.0,122.5,122.5,1.0,6.0,11.7,1,0.3333333333333333,8.0,0.006160928588847863
14190,1,485.9326388888889,1,79.9,79.9,485.9326388888889,1,2.0,61.0,70.81666666666666,0.0,0.0,0.0,0,0.0,1.0,0.0020536721512073165
15244,0,67.90138888888889,2,578.45,289.225,485.91805555555555,28,153.5,418.0,418.0,1.0,2.0,61.900000000000006,1,0.5,14.0,0.0041074673185369425
13288,1,262.84583333333336,5,927.61,185.522,485.91041666666666,7,75.8,40.0,55.75,1.0,3.0,35.45,1,0.2,1.4,0.010268829396235619
13551,1,138.91944444444445,2,244.2,122.1,485.9090277777778,5,18.0,347.0,347.0,0.0,0.0,0.0,1,0.0,2.5,0.0041075434750673535
16839,0,5.186805555555556,24,12207.17,508.63208333333336,485.90833333333336,95,257.4583333333333,16.0,20.91304347826087,5.0,30.0,174.89,1,0.20833333333333334,3.9583333333333335,0.04929059200054767
15807,0,227.99027777777778,2,913.62,456.81,485.8875,40,551.0,258.0,258.0,1.0,1.0,9.95,1,0.5,20.0,0.0041077250904983185
16978,0,485.84513888888887,2,424.55,212.275,485.84930555555553,28,59.5,61.0,70.81666666666666,0.0,0.0,0.0,0,0.0,14.0,0.004108047350951341
13629,0,30.05902777777778,12,8466.5,705.5416666666666,485.8027777777778,7,416.6666666666667,34.0,41.45454545454545,0.0,0.0,0.0,1,0.0,0.5833333333333334,0.02465063994659028
13291,0,233.7423611111111,10,2909.68,290.96799999999996,485.7597222222222,134,136.7,28.0,28.0,0.0,0.0,0.0,1,0.0,13.4,0.02054401698305404
16553,0,24.994444444444444,30,15595.37,519.8456666666667,485.7527777777778,191,525.7,26.5,32.92857142857143,3.0,24.0,83.89,1,0.1,6.366666666666666,0.06163293024636052
13815,0,138.0236111111111,5,4460.39,892.0780000000001,485.1,151,685.8,87.0,86.75,1.0,20.0,177.5,1,0.2,30.2,0.010285949393128985
16895,0,258.0673611111111,4,900.63,225.1575,485.07152777777776,82,82.5,81.0,75.66666666666667,0.0,0.0,0.0,1,0.0,20.5,0.008229241523952664
15293,1,485.0388888888889,1,247.5,247.5,485.0388888888889,19,178.0,61.0,70.81666666666666,0.0,0.0,0.0,0,0.0,19.0,0.002057448535210946
15504,0,340.03333333333336,3,349.87,116.62333333333333,485.0111111111111,33,36.0,72.5,72.5,1.0,1.0,9.95,1,0.3333333333333333,11.0,0.006172698383667497
12695,0,29.98263888888889,4,914.27,228.5675,484.97777777777776,31,66.75,75.0,151.66666666666666,0.0,0.0,0.0,1,0.0,7.75,0.00823082902739037
13223,1,19.990972222222222,6,969.1200000000001,161.52,484.97430555555553,8,94.66666666666667,93.0,93.0,0.0,0.0,0.0,1,0.0,1.3333333333333333,0.012346331753364876
17226,1,128.0402777777778,3,895.47,298.49,484.9298611111111,51,284.3333333333333,178.5,178.5,0.0,0.0,0.0,1,0.0,17.0,0.0061737304909401935
17547,1,195.13125,2,727.85,363.925,484.9277777777778,22,111.5,290.0,290.0,2.0,10.0,35.5,1,1.0,11.0,0.004115837973178456
15278,1,381.11597222222224,4,496.15999999999997,124.03999999999999,484.9145833333333,29,114.5,104.0,104.0,0.0,0.0,0.0,1,0.0,7.25,0.008231899467927748
14103,1,484.9111111111111,1,0.0,0.0,484.9111111111111,1,5.0,61.0,70.81666666666666,0.0,0.0,0.0,0,0.0,1.0,0.002057989572852831
15288,0,20.091666666666665,8,3032.86,379.1075,484.8909722222222,114,141.75,67.0,77.5,0.0,0.0,0.0,1,0.0,14.25,0.01646459896838997
12976,1,31.12152777777778,8,3156.38,394.5475,484.8777777777778,106,335.5,69.5,75.66666666666667,0.0,0.0,0.0,1,0.0,13.25,0.0164650460792609
14827,1,484.87708333333336,1,0.0,0.0,484.87708333333336,1,5.0,61.0,70.81666666666666,0.0,0.0,0.0,0,0.0,1.0,0.002058133701510584
17258,1,216.0090277777778,2,417.3,208.65000000000003,484.87430555555557,46,94.0,269.0,269.0,0.0,0.0,0.0,1,0.0,23.0,0.004116290936013115
17955,1,18.03472222222222,6,949.9,158.31666666666666,484.84930555555553,16,113.5,15.0,116.75,0.0,0.0,0.0,1,0.0,2.6666666666666665,0.012349508235149503
17029,0,56.078472222222224,6,1779.3,296.55,483.1048611111111,19,177.5,90.0,85.4,0.0,0.0,0.0,1,0.0,3.1666666666666665,0.0123940089885255
15372,0,269.91527777777776,7,4009.66,572.8085714285714,483.0597222222222,19,498.0,24.5,53.25,2.0,74.0,62.64,1,0.2857142857142857,2.7142857142857144,0.014461025527727009
13446,1,249.74930555555557,11,3881.89,352.89909090909094,483.04027777777776,113,218.45454545454547,19.5,23.3,7.0,66.0,273.03000000000003,1,0.6363636363636364,10.272727272727273,0.022725381553991432
16608,1,273.04583333333335,2,1286.6200000000001,643.31,483.03680555555553,94,306.0,210.0,210.0,0.0,0.0,0.0,1,0.0,47.0,0.004131917195231653
15561,0,35.05,5,1399.55,279.90999999999997,483.01944444444445,49,223.6,123.0,112.0,0.0,0.0,0.0,1,0.0,9.8,0.010330163503532342
17108,1,483.01944444444445,1,174.95,174.95,483.01944444444445,9,31.0,61.0,70.81666666666666,0.0,0.0,0.0,0,0.0,9.0,0.0020660327007064683
15425,1,219.77569444444444,4,1941.1200000000001,485.28000000000003,483.0097222222222,114,260.25,100.0,87.66666666666667,0.0,0.0,0.0,1,0.0,28.5,0.008264296803037129
15538,1,357.0840277777778,6,3358.3999999999996,559.7333333333333,483.0083333333333,3,169.33333333333334,18.0,25.2,5.0,27.0,322.3,1,0.8333333333333334,0.5,0.012396480776846129
16136,0,97.12361111111112,2,396.72,198.36,483.00069444444443,17,150.0,386.0,386.0,1.0,52.0,25.72,1,0.5,8.5,0.00413222547603094
13587,0,268.95694444444445,3,961.1,320.3666666666667,482.98125,20,161.33333333333334,214.0,214.0,0.0,0.0,0.0,1,0.0,6.666666666666667,0.006198587238658523
14970,0,71.97013888888888,10,4109.54,410.954,482.96736111111113,56,84.7,56.0,58.714285714285715,4.0,219.0,1325.95,1,0.4,5.6,0.02066255041877537
15272,0,269.82152777777776,4,1309.01,327.2525,482.9659722222222,209,88.75,63.0,71.0,0.0,0.0,0.0,1,0.0,52.25,0.008265043886522095
17285,1,447.96666666666664,2,407.94,203.97,482.94444444444446,41,67.0,35.0,35.0,0.0,0.0,0.0,1,0.0,20.5,0.004132705774308345
13421,0,109.87777777777778,7,3050.08,435.7257142857143,482.9201388888889,157,245.42857142857142,98.0,93.25,3.0,3.0,14.299999999999999,1,0.42857142857142855,22.428571428571427,0.014465196708019717
17340,0,12.095833333333333,11,13067.47,1187.9518181818182,482.9138888888889,244,611.6363636363636,40.5,47.1,8.0,52.0,531.0699999999999,1,0.7272727272727273,22.181818181818183,0.022731316981327028
16838,1,16.98402777777778,4,1159.61,289.90250000000003,482.8909722222222,53,127.25,133.0,155.33333333333334,2.0,5.0,32.95,1,0.5,13.25,0.008266324915363454
15964,1,482.8888888888889,1,269.21000000000004,269.21000000000004,482.8888888888889,20,93.0,61.0,70.81666666666666,0.0,0.0,0.0,0,0.0,20.0,0.0020665901262916187
14909,1,256.82916666666665,3,1404.68,468.22666666666663,482.87708333333336,61,296.0,113.0,113.0,2.0,2.0,23.7,1,0.6666666666666666,20.333333333333332,0.006199921639879273
18179,0,71.97847222222222,6,1857.54,309.59,482.87430555555557,70,196.66666666666666,72.0,82.2,0.0,0.0,0.0,1,0.0,11.666666666666666,0.012399914463553006
14943,1,482.8652777777778,1,107.62,107.62,482.8652777777778,5,46.0,61.0,70.81666666666666,0.0,0.0,0.0,0,0.0,5.0,0.0020666909694215846
12426,1,14.016666666666667,2,1345.21,672.605,482.17291666666665,73,292.0,468.0,468.0,1.0,7.0,33.8,1,0.5,36.5,0.004139304855490831
12391,0,284.0083333333333,5,2285.18,457.03600000000006,482.1097222222222,159,182.2,58.0,66.0,1.0,8.0,25.6,1,0.2,31.8,0.01034961577051452
14282,0,22.904166666666665,15,5330.6,355.37333333333333,482.06111111111113,80,249.26666666666668,24.5,32.785714285714285,1.0,4.0,5.0,1,0.06666666666666667,5.333333333333333,0.031051971800209313
12380,0,5.125694444444444,8,7559.04,944.88,482.03125,125,315.125,90.5,119.25,3.0,29.0,1784.0500000000002,1,0.375,15.625,0.01656207543507796
16330,0,243.91041666666666,4,373.46999999999997,93.36749999999999,482.0097222222222,71,44.75,119.0,119.0,0.0,0.0,0.0,1,0.0,17.75,0.008281406803980826
17136,1,481.9840277777778,1,231.68,231.68,481.9840277777778,14,256.0,61.0,70.81666666666666,0.0,0.0,0.0,0,0.0,14.0,0.002070461842394719
15371,1,481.98333333333335,1,59.400000000000006,59.400000000000006,481.98333333333335,1,12.0,61.0,70.81666666666666,0.0,0.0,0.0,0,0.0,1.0,0.0020704648193519445
16544,1,339.06875,4,376.70000000000005,94.17500000000001,481.9791666666667,8,37.5,143.0,143.0,2.0,96.0,266.40000000000003,1,0.5,2.0,0.008281930725100289
16860,1,272.1145833333333,3,1610.62,536.8733333333333,481.9611111111111,35,208.33333333333334,105.0,105.0,1.0,1.0,16.95,1,0.3333333333333333,11.666666666666666,0.006211680259510198
17241,1,204.9923611111111,12,2736.64,228.05333333333337,481.91875,116,71.58333333333333,21.0,27.7,0.0,0.0,0.0,1,0.0,9.666666666666666,0.02484890056557133
17442,0,40.010416666666664,11,3186.57,289.6881818181818,481.8722222222222,145,197.27272727272728,55.0,49.111111111111114,6.0,23.0,93.89999999999999,1,0.5454545454545454,13.181818181818182,0.022780353670743353
17644,0,22.98263888888889,12,4054.73,337.89416666666665,481.17083333333335,117,182.33333333333334,40.0,45.8,6.0,44.0,128.51,1,0.5,9.75,0.024887444802585527
15323,1,382.1173611111111,3,434.6,144.86666666666667,481.1451388888889,29,62.666666666666664,49.5,49.5,1.0,49.0,113.7,1,0.3333333333333333,9.666666666666666,0.006222192775630898
13802,0,74.08055555555555,18,24790.75,1377.263888888889,481.11041666666665,210,741.7222222222222,20.5,25.4375,4.0,49.0,242.54999999999998,1,0.2222222222222222,11.666666666666666,0.03733584543651394
14369,1,461.87708333333336,2,469.13,234.565,481.0986111111111,24,127.5,19.0,19.0,0.0,0.0,0.0,1,0.0,12.0,0.004148528856763398
16359,0,33.99444444444445,12,1963.09,163.59083333333334,481.0909722222222,72,103.16666666666667,29.0,40.63636363636363,4.0,33.0,318.35,1,0.3333333333333333,6.0,0.02489156754934739
14989,1,481.09027777777777,1,342.4,342.4,481.09027777777777,18,200.0,61.0,70.81666666666666,0.0,0.0,0.0,0,0.0,18.0,0.0020743002837758026
16584,0,73.98333333333333,4,2832.03,708.0075,481.08958333333334,52,438.75,162.0,135.66666666666666,2.0,28.0,78.2,1,0.5,13.0,0.008297213087125058
13407,1,398.00625,3,2244.7,748.2333333333332,481.0673611111111,85,563.3333333333334,41.5,41.5,3.0,67.0,132.81,1,1.0,28.333333333333332,0.006223196677504441
17171,1,108.84236111111112,2,384.59,192.29500000000002,481.03333333333336,25,112.5,372.0,372.0,0.0,0.0,0.0,1,0.0,12.5,0.004149090657630869
14639,0,110.97847222222222,5,3229.6,645.92,481.0104166666667,133,298.0,90.5,92.5,2.0,3.0,32.15,1,0.4,26.6,0.010373219804205476
17778,1,481.00416666666666,1,197.70000000000002,197.70000000000002,481.00416666666666,10,214.0,61.0,70.81666666666666,0.0,0.0,0.0,0,0.0,10.0,0.002074670862112188
17789,1,100.98333333333333,2,397.15,198.575,480.9819444444444,27,99.5,380.0,380.0,0.0,0.0,0.0,1,0.0,13.5,0.004149533033452729
15325,0,214.98333333333332,7,1439.72,205.67428571428573,480.97222222222223,141,164.42857142857142,46.0,53.2,1.0,8.0,5.2,1,0.14285714285714285,20.142857142857142,0.014523658578756267
12960,1,233.13819444444445,4,1322.07,330.51750000000004,480.97083333333336,49,344.75,84.0,82.66666666666667,0.0,0.0,0.0,1,0.0,12.25,0.008299257389364847
13503,0,298.98125,5,1642.39,328.478,480.9590277777778,148,171.4,47.0,60.666666666666664,6.0,23.0,111.85,1,1.2,29.6,0.010374325848929642
12972,1,233.17291666666668,4,1161.2,290.3,480.93055555555554,69,211.0,65.0,82.66666666666667,2.0,15.0,45.25,1,0.5,17.25,0.008299951007233639
17931,0,75.01319444444445,13,3291.08,253.16,480.87708333333336,265,141.07692307692307,34.0,45.111111111111114,4.0,117.0,131.33,1,0.3076923076923077,20.384615384615383,0.02697783407767368
13842,0,19.083333333333332,15,3762.19,250.81266666666667,480.8722222222222,158,111.8,33.5,38.5,1.0,7.0,24.950000000000003,1,0.06666666666666667,10.533333333333333,0.03112858411058718
16911,1,455.02222222222224,2,255.25,127.62500000000001,480.8597222222222,30,80.5,26.0,26.0,1.0,2.0,3.9,1,0.5,15.0,0.004150585549621115
16774,0,242.92222222222222,4,905.96,226.49,480.83125,60,113.0,87.0,79.33333333333333,0.0,0.0,0.0,1,0.0,15.0,0.008301661629460522
14944,0,5.905555555555556,12,5716.45,476.37083333333334,480.16875,134,254.16666666666666,57.0,67.71428571428571,4.0,25.0,92.05,1,0.3333333333333333,11.166666666666666,0.024939275462091005
13659,1,25.009027777777778,12,4884.68,407.0566666666667,480.15625,224,210.58333333333334,29.5,45.5,5.0,35.0,178.25,1,0.4166666666666667,18.666666666666668,0.024939923361693837
18285,1,480.1013888888889,1,427.0,427.0,480.1013888888889,12,145.0,61.0,70.81666666666666,0.0,0.0,0.0,0,0.0,12.0,0.002078563943266752
14244,1,480.0486111111111,1,366.41999999999996,366.41999999999996,480.0486111111111,16,814.0,61.0,70.81666666666666,1.0,12.0,11.6,0,1.0,16.0,0.002078791990876413
17560,0,23.81736111111111,7,1526.9,254.48333333333335,480.02708333333334,33,178.28571428571428,88.0,76.0,0.0,0.0,0.0,1,0.0,4.714285714285714,0.014552195172655732
13613,1,272.0340277777778,5,1039.8500000000001,207.96999999999997,480.00694444444446,50,89.0,104.0,104.0,0.0,0.0,0.0,1,0.0,10.0,0.010394860319064463
14276,0,0.12083333333333333,6,1703.34,283.89,479.9861111111111,63,195.66666666666666,113.5,120.0,5.0,53.0,149.31,1,0.8333333333333334,10.5,0.012474372671883574
17426,0,101.84444444444445,8,4234.39,529.29875,479.9659722222222,151,329.875,158.0,126.0,3.0,85.0,456.40000000000003,1,0.375,18.875,0.016633193327663803
14584,0,2.6993055555555556,7,1524.71,217.81571428571428,479.9506944444444,123,125.42857142857143,66.5,79.5,0.0,0.0,0.0,1,0.0,17.571428571428573,0.014554506482386593
16447,0,409.9784722222222,2,471.19,235.595,479.9451388888889,27,47.0,70.0,70.0,0.0,0.0,0.0,1,0.0,13.5,0.004158478458937191
16938,0,128.13611111111112,6,4551.28,758.5466666666666,479.91875,429,438.0,73.0,70.4,0.0,0.0,0.0,1,0.0,71.5,0.012476119926702795
18218,1,30.997916666666665,4,1121.84,280.46,479.90208333333334,25,257.0,70.0,149.66666666666666,2.0,38.0,35.7,1,0.5,6.25,0.00831770154180728
14322,1,248.89791666666667,4,474.1,118.525,479.1673611111111,10,39.5,22.0,76.66666666666667,2.0,16.0,89.8,1,0.5,2.5,0.008330428771218368
14495,0,479.1673611111111,1,51.0,51.0,479.1673611111111,1,6.0,61.0,70.81666666666666,1.0,1.0,8.5,0,1.0,1.0,0.002082607192804592
14890,1,73.03680555555556,3,817.25,272.4166666666667,479.15972222222223,55,212.0,203.0,203.0,0.0,0.0,0.0,1,0.0,18.333333333333332,0.006247920975369885
13773,1,216.04236111111112,2,301.54,150.77,479.09930555555553,19,87.0,263.0,263.0,0.0,0.0,0.0,1,0.0,9.5,0.004165804817579696
13020,1,382.06805555555553,2,618.96,309.48,479.09375,38,139.0,97.0,97.0,3.0,7.0,12.0,1,1.5,19.0,0.004165853023498015
12993,0,27.09861111111111,6,1020.17,170.02833333333334,479.09375,54,100.5,119.0,113.0,2.0,103.0,68.37,1,0.3333333333333333,9.0,0.012497559070494045
13431,0,225.9451388888889,6,2047.14,341.19,479.0395833333333,74,149.66666666666666,62.5,63.25,1.0,4.0,27.0,1,0.16666666666666666,12.333333333333334,0.012498969269027294
12898,1,283.1958333333333,2,296.21000000000004,148.10500000000002,479.0097222222222,27,117.5,196.0,196.0,0.0,0.0,0.0,1,0.0,13.5,0.004166582274085884
16170,0,3.0069444444444446,17,5928.82,348.7541176470588,478.9583333333333,217,291.29411764705884,16.0,29.75,4.0,21.0,50.699999999999996,1,0.23529411764705882,12.764705882352942,0.035419741296987585
13579,0,188.86111111111111,4,1072.0,268.0,478.95625,62,147.0,54.0,96.66666666666667,1.0,4.0,3.2,1,0.25,15.5,0.008334092951180446
14152,0,53.87777777777778,6,1690.56,281.76,478.9534722222222,90,250.33333333333334,105.0,106.25,2.0,18.0,21.9,1,0.3333333333333333,15.0,0.012501211778340782
18178,0,39.107638888888886,10,5612.87,561.287,478.93402777777777,190,356.3,50.0,48.888888888888886,3.0,7.0,39.35,1,0.3,19.0,0.02083619710463678
17763,1,82.93402777777777,4,86.15,21.5375,478.9291666666667,11,10.25,198.0,198.0,1.0,14.0,35.0,1,0.25,2.75,0.008334563260203329
12891,1,5.013194444444444,11,840.5,76.4090909090909,478.9291666666667,2,211.36363636363637,34.0,47.4,1.0,50.0,21.0,1,0.09090909090909091,0.18181818181818182,0.022920048965559152
15693,1,478.92569444444445,1,37.5,37.5,478.92569444444445,1,30.0,61.0,70.81666666666666,0.0,0.0,0.0,0,0.0,1.0,0.0020836558900176965
17721,1,478.89722222222224,1,307.21000000000004,307.21000000000004,478.89722222222224,11,107.0,61.0,70.81666666666666,0.0,0.0,0.0,0,0.0,11.0,0.0020837795129744216
18153,1,478.875,1,246.22,246.22,478.875,17,200.0,61.0,70.81666666666666,0.0,0.0,0.0,0,0.0,17.0,0.002083876009377442
14783,1,478.8569444444444,1,307.3,307.3,478.8569444444444,17,262.0,61.0,70.81666666666666,1.0,1.0,1.95,0,1.0,17.0,0.0020839544192858407
18257,0,26.11111111111111,7,2983.72,426.2457142857143,478.8541666666667,162,234.85714285714286,72.5,75.5,6.0,40.0,103.35000000000001,1,0.8571428571428571,23.142857142857142,0.014587765380106803
15306,0,319.9243055555556,6,2310.38,385.06333333333333,478.81805555555553,80,377.3333333333333,19.0,31.8,1.0,1.0,3.75,1,0.16666666666666666,13.333333333333334,0.012504739933250162
16487,1,396.96666666666664,2,209.4,104.7,478.8013888888889,28,81.5,82.0,82.0,0.0,0.0,0.0,1,0.0,14.0,0.004168391435113487
14686,1,233.76319444444445,5,852.53,170.50600000000003,478.76458333333335,185,91.4,245.0,245.0,1.0,1.0,7.95,1,0.2,37.0,0.010421778042182146
13333,1,230.9763888888889,3,1015.74,338.58000000000004,478.14166666666665,54,228.33333333333334,123.5,123.5,0.0,0.0,0.0,1,0.0,18.0,0.0062611962363253735
13957,1,237.11666666666667,3,458.25,152.75,478.09583333333336,21,52.333333333333336,120.5,120.5,0.0,0.0,0.0,1,0.0,7.0,0.006261795221902368
16574,0,243.14236111111111,2,850.34,425.16999999999996,478.0444444444444,58,293.0,235.0,235.0,0.0,0.0,0.0,1,0.0,29.0,0.004174977965394072
13604,1,478.03333333333336,1,717.62,717.62,478.03333333333336,21,242.0,61.0,70.81666666666666,1.0,3.0,4.23,0,1.0,21.0,0.0020875374017117806
17145,1,332.15833333333336,4,3120.91,780.2275,478.02986111111113,168,647.75,73.0,73.0,3.0,28.0,106.27,1,0.75,42.0,0.008350210132458107
13662,0,31.977083333333333,10,1868.79,186.879,477.9784722222222,109,98.9,95.0,89.2,6.0,27.0,66.98,1,0.6,10.9,0.020877765035252977
13552,0,24.88125,15,5070.14,338.00933333333336,477.9736111111111,125,120.4,51.0,56.625,8.0,57.0,311.54,1,0.5333333333333333,8.333333333333334,0.031316965386054094
13191,1,477.825,1,164.69,164.69,477.825,58,115.0,61.0,70.81666666666666,0.0,0.0,0.0,0,0.0,58.0,0.002088445674306897
18283,0,20.053472222222222,11,1134.89,103.1718181818182,477.8152777777778,240,58.90909090909091,36.0,50.888888888888886,0.0,0.0,0.0,1,0.0,21.818181818181817,0.022973368876306393
12416,1,476.1048611111111,1,202.56,202.56,476.1048611111111,11,132.0,61.0,70.81666666666666,0.0,0.0,0.0,0,0.0,11.0,0.0020959752907801833
13761,0,322.0,4,881.52,220.38,476.0708333333333,50,109.25,77.0,77.0,0.0,0.0,0.0,1,0.0,12.5,0.008384499157183157
14878,0,0.058333333333333334,21,3563.18,169.6752380952381,476.06666666666666,150,103.57142857142857,28.0,29.75,3.0,253.0,293.02,1,0.14285714285714285,7.142857142857143,0.044019005030743436
15988,0,371.00347222222223,2,582.11,291.055,476.0513888888889,93,148.0,105.0,105.0,0.0,0.0,0.0,1,0.0,46.5,0.004192420453189005
15182,0,88.00555555555556,10,2746.582,274.6582,476.03263888888887,75,107.7,64.0,77.6,3.0,12.0,56.2,1,0.3,7.5,0.020962926191574943
16693,0,91.07222222222222,4,855.03,213.7575,476.00555555555553,117,126.25,140.0,128.33333333333334,0.0,0.0,0.0,1,0.0,29.25,0.008385646568290609
15774,0,237.99375,5,1017.54,203.50799999999998,475.9951388888889,69,75.6,57.0,59.5,1.0,1.0,5.74,1,0.2,13.8,0.010482287118579417
16948,0,81.18333333333334,6,674.2900000000001,112.38166666666666,475.95972222222224,17,120.5,78.0,79.0,0.0,0.0,0.0,1,0.0,2.8333333333333335,0.012579678577564491
13980,0,258.99444444444447,4,568.68,142.17000000000002,475.93888888888887,47,72.75,79.0,72.33333333333333,4.0,6.0,46.8,1,1.0,11.75,0.008386818716583769
17332,1,347.8611111111111,5,838.27,167.654,475.92291666666665,82,158.8,32.5,32.0,0.0,0.0,0.0,1,0.0,16.4,0.010483874490549225
15928,1,475.8986111111111,1,293.53,293.53,475.8986111111111,11,164.0,61.0,70.81666666666666,0.0,0.0,0.0,0,0.0,11.0,0.002096881762079641
12945,1,107.94097222222223,2,900.11,450.055,475.89722222222224,47,223.0,368.0,368.0,0.0,0.0,0.0,1,0.0,23.5,0.0041937757378424185
16450,0,403.96319444444447,2,1193.81,596.905,475.8777777777778,27,240.5,72.0,72.0,1.0,24.0,30.0,1,0.5,13.5,0.004193946736876441
14602,1,475.87708333333336,1,205.35999999999999,205.35999999999999,475.87708333333336,31,80.0,61.0,70.81666666666666,0.0,0.0,0.0,0,0.0,31.0,0.0020969764221213535
16273,1,467.9763888888889,2,318.34000000000003,159.17000000000002,475.8666666666667,15,20.0,8.0,8.0,0.0,0.0,0.0,1,0.0,7.5,0.004194044456871243
13540,1,286.9375,3,632.39,210.79666666666665,475.14444444444445,26,63.0,188.0,188.0,0.0,0.0,0.0,1,0.0,8.666666666666666,0.006300609058875691
12360,0,20.12986111111111,6,2674.41,445.73499999999996,475.1375,108,288.0,62.0,91.0,1.0,1.0,40.0,1,0.16666666666666666,18.0,0.012601401905962038
13434,0,204.90347222222223,3,1132.6200000000001,377.54,475.1222222222222,14,188.0,135.0,135.0,0.0,0.0,0.0,1,0.0,4.666666666666667,0.006300903129448554
12389,1,222.0402777777778,3,1433.33,477.77666666666664,475.1076388888889,41,204.66666666666666,126.5,126.5,0.0,0.0,0.0,1,0.0,13.666666666666666,0.006301096128180631
16619,1,83.18888888888888,4,1938.33,484.5825,475.03125,103,263.75,120.0,130.66666666666666,1.0,4.0,21.8,1,0.25,25.75,0.008402809689489922
14997,0,475.02708333333334,1,230.4,230.4,475.02708333333334,12,288.0,61.0,70.81666666666666,0.0,0.0,0.0,0,0.0,12.0,0.0021007208098278722
17439,1,475.00138888888887,1,325.74,325.74,475.00138888888887,8,370.0,61.0,70.81666666666666,0.0,0.0,0.0,0,0.0,8.0,0.0021008342062493984
13217,0,475.00069444444443,1,132.5,132.5,475.00069444444443,1,250.0,61.0,70.81666666666666,0.0,0.0,0.0,0,0.0,1.0,0.0021008372711874544
17195,1,474.9895833333333,1,562.98,562.98,474.9895833333333,31,486.0,61.0,70.81666666666666,0.0,0.0,0.0,0,0.0,31.0,0.002100886311412627
17081,0,215.00416666666666,4,660.48,165.12,474.9798611111111,121,76.0,90.0,86.66666666666667,0.0,0.0,0.0,1,0.0,30.25,0.00840371689395122
15754,0,66.01805555555555,7,2670.84,381.54857142857145,474.9715277777778,96,228.42857142857142,18.5,68.16666666666667,2.0,5.0,32.85,1,0.2857142857142857,13.714285714285714,0.01470676204663269
17259,0,187.99652777777777,5,1239.11,247.82200000000003,474.96666666666664,159,142.4,84.0,95.66666666666667,0.0,0.0,0.0,1,0.0,31.8,0.010504937320540655
15673,0,34.020833333333336,7,5174.13,739.1614285714286,474.93194444444447,147,379.14285714285717,60.0,73.5,1.0,1.0,4.95,1,0.14285714285714285,21.0,0.01470798521030376
16071,0,346.96458333333334,3,750.5600000000001,250.1866666666667,474.91805555555555,47,172.33333333333334,64.0,64.0,0.0,0.0,0.0,1,0.0,15.666666666666666,0.006303606188040075
13340,0,96.04930555555555,6,15042.11,2507.0183333333334,474.9138888888889,116,911.8333333333334,101.5,94.75,0.0,0.0,0.0,1,0.0,19.333333333333332,0.012607322753299208
17829,1,118.00277777777778,5,4756.74,951.348,474.8826388888889,121,601.8,82.0,89.25,1.0,72.0,76.32000000000001,1,0.2,24.2,0.010506792203376475
13513,0,260.85069444444446,2,619.49,309.745,474.84305555555557,24,127.5,214.0,214.0,1.0,12.0,27.6,1,0.5,12.0,0.004203066487257995
12727,0,6.889583333333333,8,4499.2300000000005,562.4037500000001,474.1222222222222,113,292.75,99.5,77.83333333333333,2.0,13.0,33.0,1,0.25,14.125,0.016837772736839646
17667,0,30.895138888888887,7,3251.86,464.5514285714286,474.1201388888889,135,269.42857142857144,87.0,88.6,3.0,10.0,66.9,1,0.42857142857142855,19.285714285714285,0.014733115747040587
13330,0,5.022222222222222,5,2383.39,476.678,474.1097222222222,66,320.0,120.0,117.25,0.0,0.0,0.0,1,0.0,13.2,0.010523884833620304
15493,0,69.05694444444444,6,3087.7200000000003,514.62,474.06666666666666,234,152.0,111.0,81.0,1.0,1.0,12.75,1,0.16666666666666666,39.0,0.012629806342969408
16416,0,209.9763888888889,6,1906.48,317.74666666666667,474.03472222222223,92,254.33333333333334,54.5,66.0,0.0,0.0,0.0,1,0.0,15.333333333333334,0.012630655653826475
13052,1,31.943055555555556,7,3119.33,445.61857142857144,474.0131944444444,161,203.42857142857142,49.0,88.4,0.0,0.0,0.0,1,0.0,23.0,0.014736432759908717
14726,1,474.0104166666667,1,116.5,116.5,474.0104166666667,15,82.0,61.0,70.81666666666666,0.0,0.0,0.0,0,0.0,15.0,0.0021052169908554637
15295,1,473.99097222222224,1,207.04,207.04,473.99097222222224,50,139.0,61.0,70.81666666666666,0.0,0.0,0.0,0,0.0,50.0,0.0021053031709666998
13772,0,59.013194444444444,6,2205.81,367.635,473.9548611111111,313,165.33333333333334,92.0,103.75,1.0,22.0,19.5,1,0.16666666666666666,52.166666666666664,0.012632779430793863
15241,0,3.1326388888888888,7,2359.08,337.01142857142855,473.95208333333335,101,355.14285714285717,85.0,78.5,1.0,3.0,17.85,1,0.14285714285714285,14.428571428571429,0.014738328866508462
14112,0,23.093055555555555,9,4071.94,452.4377777777778,473.9402777777778,160,284.44444444444446,77.5,75.16666666666667,11.0,98.0,252.1,1,1.2222222222222223,17.77777777777778,0.0189497509920838
13490,1,473.91805555555555,1,154.25,154.25,473.91805555555555,8,25.0,61.0,70.81666666666666,0.0,0.0,0.0,0,0.0,8.0,0.0021056264092343415
15955,0,23.161805555555556,11,5115.34,465.0309090909091,473.84305555555557,130,220.1818181818182,29.5,45.1,2.0,5.0,19.25,1,0.18181818181818182,11.818181818181818,0.023165548850936128
14681,0,31.086805555555557,4,770.1500000000001,192.53750000000002,473.1638888888889,18,36.0,176.0,147.33333333333334,0.0,0.0,0.0,1,0.0,4.5,0.008435901792043305
15290,0,22.927083333333332,16,4585.63,286.601875,473.1076388888889,62,199.9375,32.5,32.142857142857146,3.0,38.0,47.9,1,0.1875,3.875,0.033747610642801164
16388,1,473.1041666666667,1,186.05,186.05,473.1041666666667,13,83.0,61.0,70.81666666666666,0.0,0.0,0.0,0,0.0,13.0,0.002109241112624687
12482,1,395.8326388888889,29,23691.4,816.944827586207,473.1013888888889,42,932.4827586206897,11.0,15.4,3.0,3.0,1797.8700000000001,1,0.10344827586206896,1.4482758620689655,0.061168350651671435
16406,0,270.0395833333333,2,374.01,187.005,473.0409722222222,85,70.5,203.0,203.0,1.0,22.0,18.7,1,0.5,42.5,0.004219044591492473
12998,1,312.1979166666667,3,920.08,306.6933333333333,473.03819444444446,58,374.6666666666667,80.5,80.5,1.0,22.0,22.7,1,0.3333333333333333,19.333333333333332,0.006328603971491983
15439,1,224.09166666666667,4,1269.05,317.26250000000005,473.03125,49,143.0,124.5,124.5,0.0,0.0,0.0,1,0.0,12.25,0.008438262245368843
14284,0,473.03055555555557,1,704.4,704.4,473.03055555555557,35,349.0,61.0,70.81666666666666,0.0,0.0,0.0,0,0.0,35.0,0.002109568651809834
12909,0,21.040277777777778,6,2452.89,408.815,473.025,98,242.33333333333334,114.5,113.0,4.0,13.0,61.03,1,0.6666666666666666,16.333333333333332,0.012657560255260799
15659,0,206.08263888888888,2,226.04,113.02,472.97083333333336,8,25.0,267.0,267.0,0.0,0.0,0.0,1,0.0,4.0,0.004219668931808392
13765,1,472.9611111111111,1,352.821,352.821,472.9611111111111,17,297.0,61.0,70.81666666666666,0.0,0.0,0.0,0,0.0,17.0,0.0021098777443062603
15058,0,2.8569444444444443,11,2285.45,207.7681818181818,472.94652777777776,163,96.81818181818181,60.5,58.75,1.0,3.0,32.849999999999994,1,0.09090909090909091,14.818181818181818,0.02320936931762403
16208,0,108.96736111111112,9,3273.78,363.75333333333333,472.9347222222222,164,161.22222222222223,36.5,45.5,0.0,0.0,0.0,1,0.0,18.22222222222222,0.018989957008847327
13944,1,472.90833333333336,1,200.43,200.43,472.90833333333336,35,153.0,61.0,70.81666666666666,0.0,0.0,0.0,0,0.0,35.0,0.0021101127151875363
14535,0,68.0,7,3971.26,567.3228571428572,472.90763888888887,437,264.2857142857143,42.5,67.5,1.0,20.0,135.0,1,0.14285714285714285,62.42857142857143,0.014770810650809537
13469,1,472.90763888888887,1,82.4,82.4,472.90763888888887,6,52.0,61.0,70.81666666666666,0.0,0.0,0.0,0,0.0,6.0,0.0021101158072585053
13104,0,86.97430555555556,5,824.34,164.868,472.90555555555557,5,92.4,102.5,96.5,0.0,0.0,0.0,1,0.0,1.0,0.010550625417628922
17358,1,122.82847222222222,5,861.01,172.202,472.8388888888889,126,86.0,43.5,87.5,0.0,0.0,0.0,1,0.0,25.2,0.010552109835738822
16118,1,472.13194444444446,1,4376.25,4376.25,472.13194444444446,41,2851.0,61.0,70.81666666666666,4.0,29.0,120.82000000000001,0,4.0,41.0,0.002113575318137118
14006,0,60.85625,6,1896.57,316.09499999999997,472.12847222222223,53,331.1666666666667,56.0,82.2,0.0,0.0,0.0,1,0.0,8.833333333333334,0.012681544976185408
16471,1,94.13125,4,1189.98,297.495,472.11319444444445,48,167.5,119.0,126.0,2.0,4.0,3.8,1,0.5,12.0,0.008454636325873389
14740,1,16.772916666666667,11,4161.06,378.27818181818185,472.0486111111111,173,189.1818181818182,28.0,45.5,2.0,22.0,92.2,1,0.18181818181818182,15.727272727272727,0.023253424154787945
18009,1,54.96805555555556,8,2144.23,268.02875,472.0423611111111,145,81.375,25.5,69.5,6.0,16.0,78.75,1,0.75,18.125,0.01691180464516773
17863,0,74.04930555555555,9,3572.38,396.93111111111114,472.0340277777778,100,350.6666666666667,50.0,49.75,0.0,0.0,0.0,1,0.0,11.11111111111111,0.019026115398674923
13334,0,10.053472222222222,4,5408.07,1352.0175,472.0201388888889,280,694.25,116.0,154.0,1.0,1.0,6.75,1,0.25,70.0,0.008456299576157346
13771,0,18.99513888888889,7,4559.22,651.3171428571429,472.00902777777776,135,355.42857142857144,48.0,90.6,0.0,0.0,0.0,1,0.0,19.285714285714285,0.014798871879647587
13240,0,76.88680555555555,6,1254.55,209.09166666666667,471.98125,147,102.66666666666667,80.0,98.75,1.0,13.0,77.35000000000001,1,0.16666666666666666,24.5,0.012685492289599217
14402,1,471.9791666666667,1,285.6,285.6,471.9791666666667,8,240.0,61.0,70.81666666666666,0.0,0.0,0.0,0,0.0,8.0,0.0021142580275734482
17200,1,206.99027777777778,4,356.71,89.1775,471.9770833333333,25,91.75,265.0,265.0,0.0,0.0,0.0,1,0.0,6.25,0.008457069361182932
13935,1,416.06180555555557,3,6116.92,2038.9733333333334,471.8673611111111,67,750.6666666666666,28.0,28.0,0.0,0.0,0.0,1,0.0,22.333333333333332,0.00634427377891087
16677,1,230.91458333333333,2,880.62,440.31,471.86041666666665,45,228.5,241.0,241.0,1.0,3.0,30.85,1,0.5,22.5,0.004229577967423438
17534,0,270.97083333333336,4,1445.47,361.3675,471.8298611111111,69,189.25,85.0,67.0,0.0,0.0,0.0,1,0.0,17.25,0.008459702588580871
13652,0,76.1451388888889,4,1805.21,451.3025,471.80069444444445,102,292.5,112.0,132.0,0.0,0.0,0.0,1,0.0,25.5,0.008460224460330214
14770,1,51.93680555555556,8,3637.64,454.705,471.74444444444447,152,199.75,41.0,60.0,1.0,1.0,12.75,1,0.125,19.0,0.016922462218252755
17207,1,471.7375,1,292.62,292.62,471.7375,55,233.0,61.0,70.81666666666666,0.0,0.0,0.0,0,0.0,55.0,0.0021153388508421693
17883,0,65.73194444444445,4,443.43,110.85749999999999,471.69652777777776,46,37.5,203.0,203.0,1.0,2.0,15.9,1,0.25,11.5,0.008462088813735617
17011,0,466.9583333333333,2,400.8,200.39999999999998,471.12708333333336,12,303.0,4.0,4.0,1.0,108.0,135.0,1,0.5,6.0,0.004236147576791206
15366,0,177.86875,6,1892.11,315.35166666666663,471.1111111111111,68,314.5,51.0,58.6,0.0,0.0,0.0,1,0.0,11.333333333333334,0.012708872675923747
16631,1,301.0625,7,1892.52,270.36,471.0840277777778,46,110.71428571428571,28.0,34.0,1.0,2.0,25.5,1,0.14285714285714285,6.571428571428571,0.014827868743941241
15124,0,11.155555555555555,3,357.38,119.12666666666667,471.0840277777778,25,106.0,230.0,230.0,0.0,0.0,0.0,1,0.0,8.333333333333334,0.006354800890260532
13598,0,314.9784722222222,4,601.92,150.48,471.06111111111113,46,85.25,78.0,78.0,0.0,0.0,0.0,1,0.0,11.5,0.008473479187016747
14177,0,200.93541666666667,9,1660.23,184.47,471.03541666666666,118,93.22222222222223,34.0,54.0,0.0,0.0,0.0,1,0.0,13.11111111111111,0.019066365959475147
16913,1,109.99583333333334,3,423.90999999999997,141.3033333333333,471.03055555555557,18,76.33333333333333,361.0,361.0,0.0,0.0,0.0,1,0.0,6.0,0.0063555207701949615
14459,0,470.975,1,3537.821,3537.821,470.975,76,1543.0,61.0,70.81666666666666,1.0,1.0,36.6,0,1.0,76.0,0.002118756290057736
15477,1,469.09236111111113,1,368.4,368.4,469.09236111111113,2,216.0,61.0,70.81666666666666,0.0,0.0,0.0,0,0.0,2.0,0.0021272415438455504
15569,0,151.975,6,2496.24,416.03999999999996,469.0798611111111,108,208.33333333333334,58.0,63.4,0.0,0.0,0.0,1,0.0,18.0,0.012763788658841953
15149,0,395.8652777777778,4,1033.81,258.4525,469.0673611111111,44,63.0,36.5,36.5,0.0,0.0,0.0,1,0.0,11.0,0.00850941871510732
14807,1,210.00208333333333,2,504.14,252.07,469.05347222222224,37,117.0,259.0,259.0,0.0,0.0,0.0,1,0.0,18.5,0.004254835073432839
18046,1,469.0513888888889,1,189.63,189.63,469.0513888888889,26,44.0,61.0,70.81666666666666,0.0,0.0,0.0,0,0.0,26.0,0.0021274269657277425
17760,0,192.90416666666667,5,631.34,126.26799999999999,469.02430555555554,44,91.4,43.0,92.0,1.0,1.0,7.25,1,0.2,8.8,0.010637747752406421
15990,0,106.88541666666667,6,1607.01,267.835,469.0138888888889,95,135.66666666666666,32.0,72.4,0.0,0.0,0.0,1,0.0,15.833333333333334,0.012765580213350669
15664,0,268.7784722222222,3,867.6,289.2,469.0,46,124.33333333333333,100.0,100.0,3.0,19.0,41.68,1,1.0,15.333333333333334,0.006382978723404255
16939,1,308.0180555555556,3,433.85,144.61666666666667,468.97013888888887,38,76.33333333333333,80.5,80.5,0.0,0.0,0.0,1,0.0,12.666666666666666,0.0063833842871222615
13561,1,35.00763888888889,11,1803.4,163.94545454545457,468.9638888888889,131,102.27272727272727,32.0,48.22222222222222,0.0,0.0,0.0,1,0.0,11.909090909090908,0.023406053656604822
16283,0,27.96736111111111,4,3057.32,764.33,468.94305555555553,312,447.75,122.0,147.0,2.0,11.0,53.15,1,0.5,78.0,0.008511669558072935
17373,0,132.04444444444445,4,665.83,166.4575,468.93958333333336,44,104.75,106.0,112.33333333333333,0.0,0.0,0.0,1,0.0,11.0,0.008511732447876721
18069,0,54.84652777777778,8,3129.69,391.21125,468.85833333333335,465,289.875,62.5,69.0,1.0,1.0,4.95,1,0.125,58.125,0.017026408669279746
14798,0,129.89166666666668,6,626.25,104.375,468.175,26,87.83333333333333,71.0,67.6,1.0,2.0,9.2,1,0.16666666666666666,4.333333333333333,0.012788405179304097
12598,0,40.111805555555556,6,2796.75,466.125,468.11944444444447,97,271.3333333333333,121.5,107.0,4.0,66.0,119.41999999999999,1,0.6666666666666666,16.166666666666668,0.012789919648514059
13010,1,193.90347222222223,2,330.12,165.06,468.05694444444447,10,161.5,274.0,274.0,0.0,0.0,0.0,1,0.0,5.0,0.004263874618398026
15219,0,468.05347222222224,1,379.7,379.7,468.05347222222224,17,226.0,61.0,70.81666666666666,0.0,0.0,0.0,0,0.0,17.0,0.0021319530911099037
14131,1,468.03541666666666,1,168.22,168.22,468.03541666666666,45,105.0,61.0,70.81666666666666,0.0,0.0,0.0,0,0.0,45.0,0.002132035160813194
16511,0,86.05972222222222,4,1172.51,293.1275,468.0201388888889,166,120.5,131.0,127.33333333333333,0.0,0.0,0.0,1,0.0,41.5,0.00852841843737461
16037,1,89.15069444444444,5,1509.34,301.86800000000005,468.0131944444444,62,153.2,79.0,94.75,2.0,2.0,19.9,1,0.4,12.4,0.010660680891765957
13018,0,15.981944444444444,18,6159.42,342.19,468.0111111111111,285,220.72222222222223,15.5,37.666666666666664,2.0,5.0,20.35,1,0.1111111111111111,15.833333333333334,0.038378621686290304
17305,1,468.00208333333336,1,2135.46,2135.46,468.00208333333336,9,1006.0,61.0,70.81666666666666,0.0,0.0,0.0,0,0.0,9.0,0.002132186690712994
16521,1,234.98680555555555,3,1140.11,380.03666666666663,467.97777777777776,212,338.0,233.0,233.0,0.0,0.0,0.0,1,0.0,70.66666666666667,0.006396891584533738
16519,0,184.94583333333333,3,327.68,109.22666666666667,467.9576388888889,25,40.0,141.5,141.5,0.0,0.0,0.0,1,0.0,8.333333333333334,0.006397166292264612
17359,0,467.91805555555555,1,156.6,156.6,467.91805555555555,23,76.0,61.0,70.81666666666666,0.0,0.0,0.0,0,0.0,23.0,0.002132568767938013
16731,1,467.90625,1,170.3,170.3,467.90625,40,124.0,61.0,70.81666666666666,0.0,0.0,0.0,0,0.0,40.0,0.002132622459180273
14257,0,4.1194444444444445,6,3885.32,647.5533333333334,467.8847222222222,138,375.5,64.0,92.8,0.0,0.0,0.0,1,0.0,23.0,0.012796322242200021
15603,0,467.8666666666667,1,40.0,40.0,467.8666666666667,2,32.0,61.0,70.81666666666666,1.0,11.0,13.75,0,1.0,2.0,0.0021328025024882694
17116,1,467.84791666666666,1,389.78,389.78,467.84791666666666,47,392.0,61.0,70.81666666666666,0.0,0.0,0.0,0,0.0,47.0,0.002132887796771341
13911,0,16.73402777777778,17,3357.99,197.52882352941174,467.8465277777778,152,189.47058823529412,26.0,30.066666666666666,2.0,11.0,34.95,1,0.11764705882352941,8.941176470588236,0.036259199957342114
17330,0,364.0111111111111,2,59.900000000000006,29.950000000000003,467.1458333333333,2,1.0,103.0,103.0,0.0,0.0,0.0,1,0.0,1.0,0.004272173023007432
12731,0,31.90486111111111,11,15109.89,1373.6263636363635,467.14375,106,662.8181818181819,52.0,48.333333333333336,1.0,61.0,86.0,1,0.09090909090909091,9.636363636363637,0.02349705619267586
16946,1,202.94722222222222,5,1222.04,244.408,467.0840277777778,69,101.8,64.0,66.0,1.0,6.0,22.5,1,0.2,13.8,0.010681842795913008
17477,1,432.1138888888889,2,1144.3,572.15,467.0395833333333,44,112.5,35.0,35.0,3.0,14.0,65.30000000000001,1,1.5,22.0,0.0042731428520557824
13797,1,256.09444444444443,3,1179.45,393.15000000000003,467.0229166666667,71,191.0,105.5,105.5,1.0,3.0,11.0,1,0.3333333333333333,23.666666666666668,0.006409942533084651
13126,0,72.84027777777777,10,2752.59,275.259,467.0180555555556,123,220.8,46.0,49.25,5.0,27.0,75.83,1,0.5,12.3,0.021366697035074024
14818,0,73.01527777777778,4,614.01,153.5025,467.00138888888887,62,62.5,125.0,131.33333333333334,0.0,0.0,0.0,1,0.0,15.5,0.008546983182029969
15927,1,466.97569444444446,1,106.54,106.54,466.97569444444446,13,66.0,61.0,70.81666666666666,0.0,0.0,0.0,0,0.0,13.0,0.0021368631146263827
16960,0,72.03888888888889,6,1685.36,280.8933333333334,466.96805555555557,301,213.83333333333334,91.0,79.0,1.0,11.0,21.45,1,0.16666666666666666,50.166666666666664,0.01282138797460653
12525,1,317.8625,3,973.73,324.57666666666665,466.9506944444444,56,169.66666666666666,74.5,74.5,5.0,22.0,138.54999999999998,1,1.6666666666666667,18.666666666666668,0.006410931825972881
16177,0,256.1097222222222,7,1915.36,273.62285714285713,466.94930555555555,66,132.28571428571428,37.0,42.2,4.0,20.0,105.7,1,0.5714285714285714,9.428571428571429,0.01495888532560062
12809,0,385.0708333333333,2,1266.63,633.315,466.93819444444443,52,149.0,82.0,82.0,4.0,9.0,45.65,1,2.0,26.0,0.004274068720495198
15606,0,42.08263888888889,14,4137.18,295.5128571428572,466.91805555555555,73,91.14285714285714,28.0,32.69230769230769,0.0,0.0,0.0,1,0.0,5.214285714285714,0.02991976871543866
13593,0,83.02777777777777,12,4479.16,373.2633333333333,466.84305555555557,190,150.75,36.5,38.4,2.0,28.0,48.48,1,0.16666666666666666,15.833333333333334,0.025649627278853605
16520,1,5.976388888888889,6,2148.38,358.06333333333333,466.8333333333333,251,174.16666666666666,59.0,92.2,2.0,2.0,16.7,1,0.3333333333333333,41.833333333333336,0.01282508015675098
13793,1,466.18402777777777,1,96.0,96.0,466.18402777777777,7,52.0,61.0,70.81666666666666,0.0,0.0,0.0,0,0.0,7.0,0.0021404841358910135
13663,0,199.95486111111111,4,1858.04,464.51,466.11041666666665,75,200.5,38.0,88.66666666666667,1.0,2.0,33.9,1,0.25,18.75,0.008563285804123758
16947,1,55.13333333333333,5,955.21,191.042,466.0805555555556,50,131.0,99.0,137.0,5.0,42.0,58.480000000000004,1,1.0,10.0,0.010704791583654972
16099,0,45.17777777777778,5,1159.6,231.92,466.0673611111111,36,146.4,87.5,105.25,1.0,1.0,4.95,1,0.2,7.2,0.010705093989238407
18148,1,466.0486111111111,1,112.85000000000001,112.85000000000001,466.0486111111111,9,63.0,61.0,70.81666666666666,0.0,0.0,0.0,0,0.0,9.0,0.0021411047505761655
17020,1,361.9888888888889,2,935.62,467.81,466.0159722222222,64,430.0,104.0,104.0,0.0,0.0,0.0,1,0.0,32.0,0.0042825087769125195
13873,0,38.15069444444445,7,879.72,125.67428571428572,466.0131944444444,47,56.857142857142854,73.0,71.33333333333333,1.0,2.0,7.9,1,0.14285714285714285,6.714285714285714,0.01498886987192546
13294,1,9.16388888888889,3,1689.53,563.1766666666666,465.9972222222222,93,332.0,228.5,228.5,0.0,0.0,0.0,1,0.0,31.0,0.006424021080306212
12594,0,3.1145833333333335,12,3559.84,296.65333333333336,465.9576388888889,73,159.16666666666666,39.5,46.3,2.0,25.0,45.599999999999994,1,0.16666666666666666,6.083333333333333,0.025698262541659293
16461,0,410.0388888888889,2,1402.91,701.4549999999999,465.9534722222222,196,442.5,56.0,56.0,0.0,0.0,0.0,1,0.0,98.0,0.004283081974917201
16636,1,257.9840277777778,4,3802.04,950.51,465.9472222222222,62,546.5,48.0,69.33333333333333,0.0,0.0,0.0,1,0.0,15.5,0.008566278606314062
13214,1,237.11805555555554,7,3264.23,466.31857142857143,465.94444444444446,207,423.7142857142857,41.5,38.166666666666664,0.0,0.0,0.0,1,0.0,29.571428571428573,0.014991076740035693
13722,0,102.04652777777778,8,4723.47,590.4337499999999,465.9423611111111,112,327.0,94.5,91.0,0.0,0.0,0.0,1,0.0,14.0,0.017132735571396066
13595,1,336.0097222222222,3,784.48,261.49333333333334,465.9222222222222,114,113.66666666666667,65.0,65.0,0.0,0.0,0.0,1,0.0,38.0,0.006425052947195584
14142,1,192.8451388888889,2,671.34,335.67,465.90069444444447,42,259.0,273.0,273.0,2.0,6.0,15.4,1,1.0,21.0,0.00428356612829578
18152,1,465.89166666666665,1,426.69,426.69,465.89166666666665,10,75.0,61.0,70.81666666666666,0.0,0.0,0.0,0,0.0,10.0,0.00214182447748407
16285,1,465.86597222222224,1,176.9,176.9,465.86597222222224,31,60.0,61.0,70.81666666666666,0.0,0.0,0.0,0,0.0,31.0,0.0021419423549763716
14157,0,104.99027777777778,4,822.98,205.745,465.8340277777778,68,109.0,104.0,120.33333333333333,1.0,11.0,32.45,1,0.25,17.0,0.00856835569386574
15875,1,465.8326388888889,1,108.52,108.52,465.8326388888889,18,74.0,61.0,70.81666666666666,0.0,0.0,0.0,0,0.0,18.0,0.0021420952964645015
13835,0,34.894444444444446,4,589.15,147.2875,465.18333333333334,34,58.75,106.0,143.33333333333334,1.0,7.0,50.45,1,0.25,8.5,0.008580315326588253
13377,1,216.02083333333334,2,1552.88,776.44,465.1138888888889,71,374.0,249.0,249.0,2.0,4.0,57.45,1,1.0,35.5,0.004290796836729221
17049,0,34.14861111111111,13,5869.3,451.4846153846154,465.1020833333333,205,170.46153846153845,27.0,47.888888888888886,4.0,52.0,288.5,1,0.3076923076923077,15.76923076923077,0.02789088584850422
15622,0,16.945138888888888,13,6745.05,518.85,465.09791666666666,296,280.15384615384613,49.0,64.0,11.0,23.0,150.5,1,0.8461538461538461,22.76923076923077,0.027891135178141218
17930,0,58.87777777777778,9,2925.34,325.0377777777778,465.08958333333334,25,263.6666666666667,47.0,50.75,2.0,25.0,32.3,1,0.2222222222222222,2.7777777777777777,0.019309592665930637
15084,1,199.0361111111111,2,965.2,482.59999999999997,465.08680555555554,31,300.0,266.0,266.0,0.0,0.0,0.0,1,0.0,15.5,0.004291046165994949
14097,1,300.9375,2,422.85999999999996,211.43,465.0861111111111,39,176.0,164.0,164.0,0.0,0.0,0.0,1,0.0,19.5,0.004291052559434058
18151,0,109.18125,5,1538.64,307.728,465.0854166666667,78,148.4,88.0,89.0,1.0,6.0,25.5,1,0.2,15.6,0.010727647382230546
13879,1,465.0840277777778,1,395.5,395.5,465.0840277777778,25,204.0,61.0,70.81666666666666,0.0,0.0,0.0,0,0.0,25.0,0.0021455358699328476
17663,0,17.968055555555555,13,4163.7300000000005,320.28692307692313,465.0472222222222,125,141.92307692307693,30.5,37.25,5.0,26.0,88.1,1,0.38461538461538464,9.615384615384615,0.02789416904581677
16859,0,80.96597222222222,6,1444.44,240.74,465.00902777777776,57,241.33333333333334,105.0,96.0,0.0,0.0,0.0,1,0.0,9.5,0.012875287048862013
18272,0,44.77708333333333,5,2287.94,457.588,464.99791666666664,94,323.6,48.5,105.0,2.0,9.0,38.65,1,0.4,18.8,0.010729661702707899
17847,1,335.11805555555554,2,129.69,64.845,464.9951388888889,9,14.5,130.0,130.0,0.0,0.0,0.0,1,0.0,4.5,0.004291890264711273
14018,1,464.93541666666664,1,367.15000000000003,367.15000000000003,464.93541666666664,13,224.0,61.0,70.81666666666666,0.0,0.0,0.0,0,0.0,13.0,0.0021462201932492433
14426,0,95.89791666666666,10,8741.85,874.1850000000001,464.9263888888889,384,516.6,42.0,46.125,7.0,11.0,85.45,1,0.7,38.4,0.021462617783567384
13881,0,33.08819444444445,27,31589.04,1169.9644444444446,464.92291666666665,161,821.5555555555555,18.0,22.736842105263158,6.0,258.0,616.6,1,0.2222222222222222,5.962962962962963,0.05794949987256476
17159,0,297.04305555555555,2,560.71,280.355,464.9145833333333,27,118.5,168.0,168.0,0.0,0.0,0.0,1,0.0,13.5,0.004292632322627091
16096,1,83.96666666666667,4,1584.97,396.2425,464.87916666666666,58,175.0,152.0,127.0,0.0,0.0,0.0,1,0.0,14.5,0.008585917306883939
14748,0,31.898611111111112,8,2037.28,254.66,464.8208333333333,94,226.0,70.5,72.16666666666667,6.0,432.0,480.07,1,0.75,11.75,0.017173984990652702
15030,0,87.8861111111111,7,1614.39,230.62714285714287,464.81944444444446,21,144.14285714285714,54.0,62.833333333333336,1.0,2.0,15.25,1,0.14285714285714285,3.0,0.015027281672083247
17448,1,316.94652777777776,46,14523.67,315.7319565217391,464.80625,569,250.7391304347826,4.0,8.705882352941176,7.0,29.0,73.66,1,0.15217391304347827,12.369565217391305,0.09875350534691195
12371,0,228.9673611111111,3,2179.42,726.4733333333334,464.76875,91,281.6666666666667,236.0,236.0,0.0,0.0,0.0,1,0.0,30.333333333333332,0.0064409645344390325
17718,1,51.96597222222222,2,439.18,219.58999999999997,464.2006944444444,22,137.0,412.0,412.0,1.0,36.0,52.199999999999996,1,0.5,11.0,0.004299219721476245
12399,0,2.9868055555555557,6,1752.68,292.11333333333334,464.1701388888889,58,337.1666666666667,124.0,92.2,0.0,0.0,0.0,1,0.0,9.666666666666666,0.012898506370876844
13280,0,135.84791666666666,6,2177.83,362.97166666666664,464.15486111111113,157,236.5,45.5,82.0,1.0,2.0,25.5,1,0.16666666666666666,26.166666666666668,0.012898930015840004
12568,1,464.14930555555554,1,70.0,70.0,464.14930555555554,5,48.0,61.0,70.81666666666666,0.0,0.0,0.0,0,0.0,5.0,0.002149847345908945
13476,0,100.92152777777778,4,1550.6000000000001,387.65000000000003,464.1326388888889,61,115.0,125.0,121.0,2.0,3.0,145.7,1,0.5,15.25,0.008599697517583844
12497,0,220.01319444444445,2,5205.400000000001,2602.7000000000003,464.1326388888889,30,2224.5,244.0,244.0,1.0,1.0,36.75,1,0.5,15.0,0.004299848758791922
18226,0,5.124305555555556,21,9251.17,440.53190476190474,464.1145833333333,254,298.0952380952381,15.0,24.157894736842106,10.0,47.0,98.60000000000001,1,0.47619047619047616,12.095238095238095,0.04515016460997514
14957,1,72.78541666666666,2,261.69,130.845,464.0833333333333,27,48.5,391.0,391.0,0.0,0.0,0.0,1,0.0,13.5,0.004300304604909514
14186,1,246.97222222222223,5,1550.63,310.12600000000003,464.06458333333336,75,310.0,46.5,54.25,0.0,0.0,0.0,1,0.0,15.0,0.010751194950522104
13544,0,60.02847222222222,5,627.15,125.42999999999999,464.0548611111111,186,56.4,145.0,134.66666666666666,1.0,1.0,8.5,1,0.2,37.2,0.010751419710040183
13515,0,67.09513888888888,3,578.1,192.70000000000002,464.0361111111111,28,106.0,198.5,198.5,0.0,0.0,0.0,1,0.0,9.333333333333334,0.006451111920818575
15094,1,282.8298611111111,2,83.0,41.5,463.99583333333334,4,14.0,181.0,181.0,0.0,0.0,0.0,1,0.0,2.0,0.004301113809263524
17190,0,26.889583333333334,6,1476.83,246.13833333333332,463.9784722222222,144,343.0,146.0,145.66666666666666,1.0,1.0,195.0,1,0.16666666666666666,24.0,0.0129038232056741
17006,0,211.96319444444444,4,853.49,213.3725,463.97013888888887,77,75.0,32.0,84.0,0.0,0.0,0.0,1,0.0,19.25,0.0086027029812249
15630,0,24.106944444444444,2,691.91,345.95500000000004,463.93055555555554,41,233.5,440.0,440.0,1.0,1.0,5.95,1,0.5,20.5,0.0043017176997759525
15978,0,251.94583333333333,2,2180.64,1090.32,463.9243055555556,72,778.0,212.0,212.0,2.0,4.0,6.8,1,1.0,36.0,0.004301775527975731
14852,0,71.97777777777777,13,3786.14,291.2415384615384,463.9159722222222,92,229.76923076923077,34.0,56.0,3.0,5.0,23.549999999999997,1,0.23076923076923078,7.076923076923077,0.027962042125294448
15929,1,463.9125,1,594.0,594.0,463.9125,1,120.0,61.0,70.81666666666666,0.0,0.0,0.0,0,0.0,1.0,0.002150942381630952
14233,0,31.086805555555557,6,2400.65,400.10833333333335,463.84375,30,165.16666666666666,99.0,86.6,2.0,26.0,122.10000000000001,1,0.3333333333333333,5.0,0.012907563025210084
13799,0,113.93888888888888,8,2456.41,307.05125,463.8409722222222,52,165.375,33.0,50.0,4.0,181.0,763.75,1,0.5,6.5,0.01721018687693372
16331,1,251.96041666666667,6,2037.7,339.6166666666667,462.0798611111111,33,126.0,30.0,70.0,0.0,0.0,0.0,1,0.0,5.5,0.012956728426072418
14172,1,424.975,3,369.02,123.00666666666666,462.0777777777778,38,26.0,18.5,18.5,1.0,1.0,12.75,1,0.3333333333333333,12.666666666666666,0.006478393358447105
13201,1,321.93055555555554,4,1233.06,308.265,462.0756944444444,65,259.0,45.0,46.666666666666664,0.0,0.0,0.0,1,0.0,16.25,0.00863789667216033
13508,1,63.03611111111111,2,287.05,143.52499999999998,462.0361111111111,27,90.0,399.0,399.0,0.0,0.0,0.0,1,0.0,13.5,0.004319317547827444
16271,0,177.84305555555557,6,2126.4,354.40000000000003,462.03263888888887,122,243.83333333333334,44.0,56.8,0.0,0.0,0.0,1,0.0,20.333333333333332,0.012958049813503068
15443,0,139.97569444444446,8,2338.35,292.29375,462.02777777777777,249,155.25,35.0,46.0,1.0,36.0,35.04,1,0.125,31.125,0.017277581138640592
14205,0,83.90486111111112,8,2170.4,271.3,462.0208333333333,70,158.0,57.5,63.0,2.0,106.0,257.9,1,0.25,8.75,0.017277840269966253
14877,1,237.98680555555555,2,425.85,212.925,462.0173611111111,57,84.0,224.0,224.0,0.0,0.0,0.0,1,0.0,28.5,0.004319492459635993
18253,1,462.0083333333333,1,317.88,317.88,462.0083333333333,7,128.0,61.0,70.81666666666666,0.0,0.0,0.0,0,0.0,7.0,0.0021597883407426075
13764,0,156.91458333333333,4,1900.09,475.02250000000004,461.99583333333334,196,360.0,152.5,152.5,0.0,0.0,0.0,1,0.0,49.0,0.008639386603551147
17236,0,61.86875,10,1576.95,157.695,461.99305555555554,81,64.7,44.0,44.44444444444444,0.0,0.0,0.0,1,0.0,8.1,0.021598596091254068
17589,0,6.892361111111111,16,12645.19,790.3243749999999,461.95972222222224,553,493.1875,21.0,35.0,3.0,52.0,145.05,1,0.1875,34.5625,0.03456024192169345
17734,0,53.11527777777778,4,854.67,213.66750000000002,461.9548611111111,49,96.25,82.0,136.33333333333334,0.0,0.0,0.0,1,0.0,12.25,0.008640151202646046
13276,0,216.93958333333333,3,1300.98,433.66,461.9479166666667,184,226.33333333333334,122.5,122.5,2.0,2.0,20.7,1,0.6666666666666666,61.333333333333336,0.006480210606844722
16466,0,0.04375,11,2691.42,244.67454545454547,461.9298611111111,154,119.0,38.5,46.2,1.0,1.0,125.0,1,0.09090909090909091,14.0,0.023761698961475744
12530,0,53.138194444444444,7,2901.98,414.56857142857143,461.92569444444445,76,303.85714285714283,62.0,68.16666666666667,2.0,2.0,30.75,1,0.2857142857142857,10.857142857142858,0.015121217257989268
15631,1,461.91527777777776,1,596.67,596.67,461.91527777777776,39,525.0,61.0,70.81666666666666,0.0,0.0,0.0,0,0.0,39.0,0.0021602225029178006
18029,1,461.8888888888889,1,433.77,433.77,461.8888888888889,18,253.0,61.0,70.81666666666666,0.0,0.0,0.0,0,0.0,18.0,0.0021603456553048487
16984,0,223.85,7,5891.01,841.5728571428572,461.8861111111111,476,392.42857142857144,37.5,39.666666666666664,7.0,18.0,66.45,1,1.0,68.0,0.015122510336715895
16310,1,233.91875,2,460.08,230.04,461.88125,26,135.0,228.0,228.0,0.0,0.0,0.0,1,0.0,13.0,0.004320762614601477
16534,1,461.87708333333336,1,635.9,635.9,461.87708333333336,36,168.0,61.0,70.81666666666666,0.0,0.0,0.0,0,0.0,36.0,0.0021604007543399298
17158,0,52.109722222222224,4,1411.58,352.895,461.875,61,207.5,128.0,136.66666666666666,1.0,4.0,17.7,1,0.25,15.25,0.008641641911963273
12369,1,232.98402777777778,3,1791.15,597.05,461.1951388888889,90,413.6666666666667,114.0,114.0,0.0,0.0,0.0,1,0.0,30.0,0.006490764933642446
14493,0,209.85694444444445,5,2704.62,540.924,461.17847222222224,204,372.6,52.5,62.75,2.0,6.0,73.7,1,0.4,40.8,0.010818331663002959
15847,0,107.83611111111111,4,613.98,153.495,461.16875,28,135.5,140.0,117.66666666666667,0.0,0.0,0.0,1,0.0,7.0,0.008654847390698744
17298,0,193.78819444444446,3,455.84000000000003,151.9466666666667,461.1625,38,155.0,133.5,133.5,1.0,12.0,5.04,1,0.3333333333333333,12.666666666666666,0.006491223325129148
15791,0,23.899305555555557,4,3218.89,804.7225,461.13125,112,449.25,61.0,145.66666666666666,4.0,21.0,66.55,1,1.0,28.0,0.008655549695027116
12765,1,291.9576388888889,6,1404.58,234.09666666666666,461.1298611111111,49,168.16666666666666,31.0,33.8,0.0,0.0,0.0,1,0.0,8.166666666666666,0.012983363562731135
17682,0,12.166666666666666,8,2698.36,337.295,461.12569444444443,73,186.125,55.0,64.14285714285714,1.0,2.0,15.0,1,0.125,9.125,0.01731130749961305
12825,1,340.95416666666665,2,518.63,259.315,461.10625,20,69.5,120.0,120.0,0.0,0.0,0.0,1,0.0,10.0,0.004328008980618635
17325,1,99.98680555555555,3,609.5699999999999,203.18999999999997,461.0548611111111,39,155.0,180.5,180.5,0.0,0.0,0.0,1,0.0,13.0,0.006492735500684593
16754,1,191.8,29,65500.07,2258.6231034482757,461.0541666666667,38,2191.4137931034484,11.0,14.944444444444445,6.0,9361.0,10941.89,1,0.20689655172413793,1.3103448275862069,0.06276320416978529
13157,0,60.94861111111111,7,4444.08,634.8685714285714,461.03541666666666,128,542.4285714285714,67.0,80.0,1.0,9.0,19.65,1,0.14285714285714285,18.285714285714285,0.015150353733705478
17542,1,89.04513888888889,3,340.85,113.61666666666667,461.02916666666664,57,107.66666666666667,372.0,372.0,0.0,0.0,0.0,1,0.0,19.0,0.006493096575793376
17857,0,26.06875,10,9251.84,925.184,461.0284722222222,12,576.6,18.0,48.333333333333336,1.0,50.0,72.5,1,0.1,1.2,0.021643687783791585
12514,1,86.84166666666667,2,1597.76,798.88,461.02222222222224,76,420.0,374.0,374.0,0.0,0.0,0.0,1,0.0,38.0,0.004328796113703045
17960,0,342.12083333333334,2,61.300000000000004,30.650000000000002,461.01944444444445,11,9.5,119.0,119.0,0.0,0.0,0.0,1,0.0,5.5,0.004328822139520343
16628,0,37.87916666666667,4,842.96,210.74,461.0180555555556,43,102.25,173.0,141.0,0.0,0.0,0.0,1,0.0,10.75,0.008657670305092693
17289,0,195.96527777777777,6,1110.78,185.13,460.99861111111113,130,120.66666666666667,68.0,53.0,1.0,1.0,1.25,1,0.16666666666666666,21.666666666666668,0.012987052029377192
17025,0,192.87777777777777,4,1152.87,288.21750000000003,460.96736111111113,28,197.25,134.0,134.0,0.0,0.0,0.0,1,0.0,7.0,0.008658620363090827
16537,1,460.96458333333334,1,23.35,23.35,460.96458333333334,3,59.0,61.0,70.81666666666666,0.0,0.0,0.0,0,0.0,3.0,0.0021646681067722545
17488,1,460.94652777777776,1,336.5,336.5,460.94652777777776,18,136.0,61.0,70.81666666666666,0.0,0.0,0.0,0,0.0,18.0,0.002164752714584871
16681,0,24.831944444444446,4,1027.34,256.835,460.94444444444446,17,204.75,26.0,145.33333333333334,0.0,0.0,0.0,1,0.0,4.25,0.008659049909801562
13454,1,460.9236111111111,1,219.87,219.87,460.9236111111111,23,198.0,61.0,70.81666666666666,0.0,0.0,0.0,0,0.0,23.0,0.002164860110949081
16275,1,16.00625,3,2151.11,717.0366666666667,460.92291666666665,105,422.6666666666667,222.5,222.5,0.0,0.0,0.0,1,0.0,35.0,0.00649459009665213
16568,1,247.08055555555555,2,1020.9000000000001,510.45000000000005,460.9159722222222,5,183.0,214.0,214.0,0.0,0.0,0.0,1,0.0,2.5,0.004329791824210452
18245,0,31.115972222222222,17,5064.21,297.8947058823529,460.89166666666665,275,254.88235294117646,25.5,35.833333333333336,3.0,20.0,88.75,1,0.17647058823529413,16.176470588235293,0.036805167156800836
17002,0,35.06180555555556,6,2071.34,345.22333333333336,460.8777777777778,48,168.0,107.0,106.5,0.0,0.0,0.0,1,0.0,8.0,0.012990449613894969
17438,1,73.1,5,1422.77,284.554,460.83125,49,110.6,92.5,97.0,1.0,3.0,10.15,1,0.2,9.8,0.01082646529441219
15250,1,460.21875,1,60.0,60.0,460.21875,3,48.0,61.0,70.81666666666666,0.0,0.0,0.0,0,0.0,3.0,0.0021681685751067147
16182,0,23.074305555555554,7,5871.0,838.7142857142857,460.1361111111111,12,513.7142857142857,62.5,72.83333333333333,0.0,0.0,0.0,1,0.0,1.7142857142857142,0.015179899884945997
17266,0,318.8409722222222,2,205.14,102.57,460.0888888888889,43,45.0,141.0,141.0,0.0,0.0,0.0,1,0.0,21.5,0.004337558436551159
15437,1,81.98541666666667,2,393.45,196.72500000000002,460.08680555555554,56,88.5,378.0,378.0,0.0,0.0,0.0,1,0.0,28.0,0.004337578034986784
12495,1,460.08125,1,357.4,357.4,460.08125,17,130.0,61.0,70.81666666666666,1.0,4.0,34.0,0,1.0,17.0,0.002168815149173817
15921,0,216.1013888888889,3,452.23,150.74333333333334,460.07430555555555,52,57.666666666666664,122.0,122.0,0.0,0.0,0.0,1,0.0,17.333333333333332,0.006506543443979715
18039,1,193.98819444444445,4,548.22,137.055,460.06319444444443,137,138.75,68.0,88.66666666666667,0.0,0.0,0.0,1,0.0,34.25,0.008675600325937484
17907,1,460.01180555555555,1,291.76,291.76,460.01180555555555,13,1046.0,61.0,70.81666666666666,0.0,0.0,0.0,0,0.0,13.0,0.0021691418483197437
14147,0,105.04722222222222,8,2289.6,286.2,459.96319444444447,23,115.875,62.0,71.0,2.0,146.0,555.9,1,0.25,2.875,0.01735496477032542
13627,0,24.127083333333335,4,1213.35,303.3375,459.94930555555555,76,200.5,152.0,145.33333333333334,1.0,2.0,13.9,1,0.25,19.0,0.008677743846861926
16854,1,236.84652777777777,2,1408.96,704.48,459.9291666666667,72,498.5,223.0,223.0,0.0,0.0,0.0,1,0.0,36.0,0.004339061497157011
13283,0,5.007638888888889,3,305.2,101.73333333333335,459.9263888888889,14,48.0,227.5,227.5,0.0,0.0,0.0,1,0.0,4.666666666666667,0.006508631469835808
15722,0,7.026388888888889,8,3782.09,472.76125,459.90625,83,193.875,62.5,75.5,4.0,20.0,138.05,1,0.5,10.375,0.017357108956539427
16707,1,219.92430555555555,4,533.41,133.3525,459.8986111111111,64,99.0,58.0,80.0,0.0,0.0,0.0,1,0.0,16.0,0.008678698315790108
16756,1,34.136805555555554,7,1312.3700000000001,187.48142857142858,459.87083333333334,64,101.0,51.5,71.0,2.0,7.0,24.950000000000003,1,0.2857142857142857,9.142857142857142,0.015188637452648519
12542,1,303.7347222222222,2,481.88,240.94,459.85,39,261.0,156.0,156.0,2.0,8.0,58.5,1,1.0,19.5,0.004339806878593902
14676,0,26.89027777777778,9,6957.07,773.0077777777777,459.1388888888889,66,819.1111111111111,58.5,54.0,4.0,48.0,71.3,1,0.4444444444444444,7.333333333333333,0.019559311801992153
13316,0,73.99236111111111,7,8830.37,1261.4814285714288,459.1173611111111,71,2353.0,35.0,64.16666666666667,2.0,49.0,284.64,1,0.2857142857142857,10.142857142857142,0.015213509838220623
12638,0,459.09722222222223,1,249.8,249.8,459.09722222222223,9,86.0,61.0,70.81666666666666,0.0,0.0,0.0,0,0.0,9.0,0.002173453678268482
13484,1,60.84722222222222,3,790.72,263.5733333333333,459.0444444444444,38,74.66666666666667,199.0,199.0,1.0,12.0,23.4,1,0.3333333333333333,12.666666666666666,0.006521109071587286
16846,0,396.96180555555554,2,628.09,314.045,459.03263888888887,36,191.0,62.0,62.0,0.0,0.0,0.0,1,0.0,18.0,0.0043475176127297736
17348,0,117.08402777777778,5,1445.84,289.168,459.02569444444447,206,313.4,94.0,85.5,0.0,0.0,0.0,1,0.0,41.2,0.010868958104695238
13566,0,254.01597222222222,3,831.76,277.25333333333333,459.01944444444445,159,230.0,102.5,102.5,0.0,0.0,0.0,1,0.0,53.0,0.006521463464708617
14924,1,65.14236111111111,3,931.01,310.33666666666664,458.99930555555557,30,104.0,197.0,197.0,0.0,0.0,0.0,1,0.0,10.0,0.006521748976070314
14403,0,36.834722222222226,4,1380.71,345.1775,458.9513888888889,20,155.25,50.0,140.66666666666666,3.0,11.0,57.75,1,0.75,5.0,0.008696571195627556
16258,0,38.928472222222226,11,7771.47,706.4972727272727,458.93819444444443,192,416.1818181818182,51.0,52.5,1.0,20.0,109.0,1,0.09090909090909091,17.454545454545453,0.0239162568642224
13305,0,64.93333333333334,10,2255.8,225.57999999999998,458.9173611111111,123,148.3,28.0,43.77777777777778,0.0,0.0,0.0,1,0.0,12.3,0.02174303656604976
15558,1,458.8923611111111,1,202.68,202.68,458.8923611111111,23,73.0,61.0,70.81666666666666,1.0,24.0,70.80000000000001,0,1.0,23.0,0.0021744218529396223
16611,1,5.877777777777778,6,1785.13,297.5216666666667,458.86319444444445,86,145.66666666666666,76.0,90.6,1.0,1.0,8.5,1,0.16666666666666666,14.333333333333334,0.013047358589435567
17338,0,24.885416666666668,14,9016.64,644.0457142857143,458.8618055555556,478,307.85714285714283,30.0,33.38461538461539,1.0,11.0,74.25,1,0.07142857142857142,34.142857142857146,0.030443928656102903
14060,0,3.0861111111111112,22,6152.92,279.6781818181818,458.12708333333336,74,239.77272727272728,21.0,23.94736842105263,1.0,2.0,10.9,1,0.045454545454545456,3.3636363636363638,0.047917016439711226
12954,1,458.1069444444444,1,162.45,162.45,458.1069444444444,10,83.0,61.0,70.81666666666666,0.0,0.0,0.0,0,0.0,10.0,0.002178141742573898
16387,1,142.05277777777778,5,882.46,176.492,458.01944444444445,68,89.6,55.0,79.0,0.0,0.0,0.0,1,0.0,13.6,0.010892784740418889
13715,1,100.72847222222222,17,8153.04,479.5905882352941,457.88680555555555,277,282.3529411764706,20.0,23.8,4.0,15.0,44.95,1,0.23529411764705882,16.294117647058822,0.037046173030446564
14745,0,4.183333333333334,9,1912.82,212.53555555555556,457.09513888888887,58,155.77777777777777,42.0,64.71428571428571,5.0,24.0,80.35,1,0.5555555555555556,6.444444444444445,0.01964657390128506
15221,1,185.9875,4,2062.2000000000003,515.55,457.09027777777777,21,61.0,44.0,90.33333333333333,3.0,30.0,360.2,1,0.75,5.25,0.008731903282043508
15008,1,299.9868055555556,2,360.0,180.0,457.0673611111111,6,750.0,157.0,157.0,0.0,0.0,0.0,1,0.0,3.0,0.0043661700653561085
17065,1,457.04791666666665,2,194.7,97.35,457.0486111111111,6,41.0,61.0,70.81666666666666,0.0,0.0,0.0,0,0.0,3.0,0.004366348792431663
17228,0,27.09027777777778,9,1601.52,177.94666666666666,457.0388888888889,132,159.22222222222223,54.5,53.75,0.0,0.0,0.0,1,0.0,14.666666666666666,0.01964898662170849
17588,0,52.09652777777778,5,2096.55,419.31000000000006,457.0111111111111,30,151.8,94.0,101.25,2.0,12.0,37.9,1,0.4,6.0,0.010916765726207516
16347,0,207.94097222222223,9,2595.51,288.39000000000004,457.00625,167,152.66666666666666,20.0,35.57142857142857,2.0,6.0,27.4,1,0.2222222222222222,18.555555555555557,0.019650386866991443
13795,1,207.80902777777777,4,836.3,209.075,457.00416666666666,23,312.5,102.0,83.0,0.0,0.0,0.0,1,0.0,5.75,0.008733545000500359
14824,0,199.00694444444446,6,2895.2000000000003,482.53333333333336,456.98819444444445,76,238.16666666666666,34.0,51.6,2.0,20.0,70.4,1,0.3333333333333333,12.666666666666666,0.01310077437100362
12692,1,456.95,1,110.95,110.95,456.95,13,36.0,61.0,70.81666666666666,0.0,0.0,0.0,0,0.0,13.0,0.0021836445026749644
15941,1,456.9201388888889,1,405.0,405.0,456.9201388888889,6,60.0,61.0,70.81666666666666,1.0,32.0,174.4,0,1.0,6.0,0.0021837868987951256
13824,0,22.948611111111113,10,2848.8,284.88,456.8979166666667,47,119.2,47.0,48.22222222222222,2.0,8.0,41.4,1,0.2,4.7,0.021838928800542334
13724,1,456.8902777777778,1,213.01,213.01,456.8902777777778,39,130.0,61.0,70.81666666666666,0.0,0.0,0.0,0,0.0,39.0,0.002183929313487887
13573,0,72.91875,5,646.04,129.208,456.8638888888889,54,71.0,126.0,128.0,0.0,0.0,0.0,1,0.0,10.8,0.010920275918971553
16586,1,68.1375,3,1462.78,487.5933333333333,455.0597222222222,27,116.0,193.5,193.5,0.0,0.0,0.0,1,0.0,9.0,0.006578085837929365
15994,0,231.025,2,761.4100000000001,380.70500000000004,455.03819444444446,69,144.5,224.0,224.0,2.0,2.0,3.34,1,1.0,34.5,0.004385597575739118
13183,0,28.002777777777776,9,4605.4800000000005,511.72,455.0125,43,303.8888888888889,52.5,53.375,3.0,26.0,25.3,1,0.3333333333333333,4.777777777777778,0.019736301088237714
18149,0,35.00138888888889,6,1491.56,248.59333333333333,455.00625,54,139.83333333333334,84.0,84.0,0.0,0.0,0.0,1,0.0,9.0,0.013157714395361906
13688,1,454.94375,1,375.5,375.5,454.94375,5,130.0,61.0,70.81666666666666,0.0,0.0,0.0,0,0.0,5.0,0.002193253005442009
15665,0,62.90347222222222,4,3221.28,805.3199999999999,454.90486111111113,156,571.25,161.0,130.66666666666666,0.0,0.0,0.0,1,0.0,39.0,0.008773760363623623
17849,1,37.96111111111111,8,1063.76,132.97,454.8979166666667,24,28.0,57.0,69.5,0.0,0.0,0.0,1,0.0,3.0,0.01754778801906494
14857,0,261.9451388888889,5,2478.731,495.74620000000004,454.0763888888889,125,323.4,96.0,96.0,2.0,7.0,65.45,1,0.4,25.0,0.010987166379270878
14645,0,95.12361111111112,2,519.9,259.95000000000005,454.05347222222224,26,142.0,359.0,359.0,1.0,13.0,36.650000000000006,1,0.5,13.0,0.004395087878866494
14315,0,10.922222222222222,4,1572.8899999999999,393.22249999999997,454.00069444444443,52,176.75,75.0,147.66666666666666,1.0,1.0,4.95,1,0.25,13.0,0.008791195373633435
15117,0,35.00833333333333,4,1246.5900000000001,311.64750000000004,453.9659722222222,51,453.75,209.5,209.5,0.0,0.0,0.0,1,0.0,12.75,0.008791866302577575
18135,0,9.948611111111111,6,677.53,112.92166666666667,453.9548611111111,21,82.0,75.0,88.8,3.0,4.0,20.4,1,0.5,3.5,0.013188121532203287
13530,1,453.94444444444446,1,402.97999999999996,402.97999999999996,453.94444444444446,18,272.0,61.0,70.81666666666666,0.0,0.0,0.0,0,0.0,18.0,0.0021980705824887043
14534,0,6.019444444444445,17,3652.56,214.85647058823528,453.9402777777778,289,98.29411764705883,15.0,28.0,6.0,16.0,116.74,1,0.35294117647058826,17.0,0.037367542137704275
16242,0,33.89791666666667,9,4217.69,468.63222222222225,453.8666666666667,263,236.22222222222223,63.0,60.0,4.0,8.0,34.15,1,0.4444444444444444,29.22222222222222,0.01978601788069764
14195,1,21.097916666666666,6,2615.6,435.93333333333334,453.81805555555553,10,357.3333333333333,97.5,108.25,4.0,300.0,234.36,1,0.6666666666666666,1.6666666666666667,0.013192088411422151
13600,1,131.89097222222222,2,518.42,259.21,453.8152777777778,35,299.5,322.0,322.0,0.0,0.0,0.0,1,0.0,17.5,0.00439738966063756
15227,0,35.110416666666666,7,2145.91,306.5585714285715,453.18541666666664,79,150.85714285714286,68.0,69.66666666666667,0.0,0.0,0.0,1,0.0,11.285714285714286,0.015412207752890936
15123,0,25.911805555555556,4,3526.33,881.5825,453.12569444444443,113,459.5,195.0,142.33333333333334,0.0,0.0,0.0,1,0.0,28.25,0.008808134067140613
12366,1,453.0986111111111,1,500.24,500.24,453.0986111111111,3,296.0,61.0,70.81666666666666,0.0,0.0,0.0,0,0.0,3.0,0.0022021648503904256
15946,1,322.02222222222224,3,2304.18,768.06,453.0840277777778,25,538.0,131.0,131.0,0.0,0.0,0.0,1,0.0,8.333333333333334,0.006606706724923954
14873,1,29.956944444444446,2,854.13,427.06499999999994,453.0826388888889,48,155.5,423.0,423.0,0.0,0.0,0.0,1,0.0,24.0,0.0044044846217725295
14604,1,452.99305555555554,1,143.85999999999999,143.85999999999999,452.99305555555554,20,88.0,61.0,70.81666666666666,0.0,0.0,0.0,0,0.0,20.0,0.002202676864244742
18063,1,210.0861111111111,2,186.60000000000002,93.30000000000001,452.9895833333333,2,24.0,243.0,243.0,0.0,0.0,0.0,1,0.0,1.0,0.004405387421701122
14496,1,131.15902777777777,7,2363.89,337.6985714285714,452.9826388888889,64,129.28571428571428,35.0,53.666666666666664,3.0,11.0,22.349999999999998,1,0.42857142857142855,9.142857142857142,0.015419091833847048
12701,0,61.99166666666667,5,1985.78,397.156,452.9770833333333,92,259.0,50.5,97.75,0.0,0.0,0.0,1,0.0,18.4,0.011013771803826369
17478,1,227.90902777777777,2,1272.8,636.4000000000001,452.93819444444443,40,258.0,225.0,225.0,0.0,0.0,0.0,1,0.0,20.0,0.004405886141499317
14872,1,303.0111111111111,3,816.6,272.2,452.92291666666665,34,220.66666666666666,75.0,75.0,1.0,48.0,13.919999999999998,1,0.3333333333333333,11.333333333333334,0.00660905164698485
17568,1,452.83680555555554,1,374.45,374.45,452.83680555555554,61,275.0,61.0,70.81666666666666,0.0,0.0,0.0,0,0.0,61.0,0.0022034352167093836
17479,1,452.14166666666665,1,389.26000000000005,389.26000000000005,452.14166666666665,18,266.0,61.0,70.81666666666666,0.0,0.0,0.0,0,0.0,18.0,0.0022068153815032092
16652,0,32.0,12,13831.04,1152.5866666666668,452.10277777777776,108,469.0,39.0,46.666666666666664,6.0,19.0,165.25,1,0.5,9.0,0.026484057455691316
13612,1,452.025,1,818.29,818.29,452.025,50,444.0,61.0,70.81666666666666,1.0,6.0,40.5,0,1.0,50.0,0.002207383698471387
16777,0,76.92777777777778,4,1243.08,310.77000000000004,452.00555555555553,118,114.0,117.0,125.0,1.0,5.0,30.75,1,0.25,29.5,0.008829913785702899
13275,1,203.02847222222223,2,238.86,119.43,451.9479166666667,48,69.0,249.0,249.0,0.0,0.0,0.0,1,0.0,24.0,0.004415518708460777
18196,0,109.85902777777778,3,1221.34,407.1133333333333,451.91319444444446,160,282.6666666666667,171.0,171.0,0.0,0.0,0.0,1,0.0,53.333333333333336,0.0066237858309247995
17933,1,451.90208333333334,1,114.69,114.69,451.90208333333334,12,63.0,61.0,70.81666666666666,0.0,0.0,0.0,0,0.0,12.0,0.002207982777734334
16917,1,96.03819444444444,2,1851.88,925.94,451.8930555555556,45,396.0,356.0,356.0,1.0,1.0,8.95,1,0.5,22.5,0.004416053581450121
13371,1,324.80347222222224,2,2297.66,1148.83,451.88958333333335,75,509.5,127.0,127.0,2.0,3.0,26.2,1,1.0,37.5,0.004416087438531282
16254,1,197.9777777777778,3,967.44,322.48,451.8798611111111,65,181.0,127.0,127.0,0.0,0.0,0.0,1,0.0,21.666666666666668,0.006624273361680725
13406,1,246.92083333333332,2,568.92,284.46,451.22291666666666,7,146.0,204.0,204.0,1.0,6.0,11.7,1,0.5,3.5,0.0044225976311461435
15775,1,64.99583333333334,2,150.5,75.25,451.22083333333336,9,130.0,386.0,386.0,0.0,0.0,0.0,1,0.0,4.5,0.004422618005583555
16336,1,240.0125,4,3517.69,879.4224999999999,451.1979166666667,64,368.25,105.5,105.5,0.0,0.0,0.0,1,0.0,16.0,0.008845684273571214
18131,1,451.16805555555555,1,222.95999999999998,222.95999999999998,451.16805555555555,4,552.0,61.0,70.81666666666666,0.0,0.0,0.0,0,0.0,4.0,0.0022115671103111246
16571,0,101.13125,8,3263.73,407.96625,451.1513888888889,118,355.25,36.0,50.0,5.0,39.0,87.22,1,0.625,14.75,0.017693189043738424
18187,1,451.12569444444443,1,724.89,724.89,451.12569444444443,48,310.0,61.0,70.81666666666666,2.0,6.0,42.7,0,2.0,48.0,0.0022117743191498187
14427,0,314.05902777777777,2,900.1800000000001,450.09000000000003,451.12569444444443,27,155.0,137.0,137.0,0.0,0.0,0.0,1,0.0,13.5,0.004423548638299637
16977,1,214.98125,4,496.0,124.0,451.0722222222222,25,35.5,118.0,118.0,0.0,0.0,0.0,1,0.0,6.25,0.00884814373317931
15819,0,18.925,8,3206.48,400.81,451.0708333333333,162,310.625,77.0,86.4,1.0,15.0,23.509999999999998,1,0.125,20.25,0.017696341834336434
14651,0,30.847916666666666,8,1787.24,223.405,451.0493055555556,185,90.25,36.5,70.0,0.0,0.0,0.0,1,0.0,23.125,0.017697184580713447
15918,1,10.047222222222222,3,582.88,194.29333333333332,451.0486111111111,49,80.0,220.5,220.5,0.0,0.0,0.0,1,0.0,16.333333333333332,0.00663645441278132
14400,0,227.95208333333332,2,1157.77,578.885,451.02708333333334,47,626.0,223.0,223.0,1.0,9.0,14.47,1,0.5,23.5,0.004424513649163721
13057,1,349.87916666666666,3,709.59,236.53,451.025,34,152.0,50.5,50.5,1.0,13.0,181.34999999999997,1,0.3333333333333333,11.333333333333334,0.00663680106188817
15461,1,280.0131944444444,2,429.7,214.85,451.00694444444446,1,115.0,171.0,171.0,1.0,4.0,38.4,1,0.5,0.5,0.004424710780623454
16385,0,185.99583333333334,3,473.69,157.89666666666668,451.00347222222223,64,95.0,132.5,132.5,0.0,0.0,0.0,1,0.0,21.333333333333332,0.006637117155872389
13243,1,22.983333333333334,5,1220.38,244.07600000000002,450.9861111111111,165,110.8,214.0,214.0,0.0,0.0,0.0,1,0.0,33.0,0.011062286820514397
15496,1,450.9819444444444,1,146.14000000000001,146.14000000000001,450.9819444444444,22,98.0,61.0,70.81666666666666,0.0,0.0,0.0,0,0.0,22.0,0.0022124777599891836
12615,0,233.12847222222223,4,3449.79,862.4475,450.9451388888889,147,485.25,109.0,109.0,3.0,22.0,176.1,1,0.75,36.75,0.008850631759938906
16303,0,152.94027777777777,5,3394.82,678.964,450.94305555555553,82,323.6,61.0,74.5,1.0,5.0,49.75,1,0.2,16.4,0.011063340698649966
16108,0,253.90277777777777,3,1393.42,464.47333333333336,450.94166666666666,79,286.0,98.5,98.5,3.0,11.0,37.59,1,1.0,26.333333333333332,0.0066380248188372395
17349,0,199.90347222222223,4,674.16,168.54,450.93333333333334,66,167.5,92.0,83.66666666666667,0.0,0.0,0.0,1,0.0,16.5,0.008850862959138516
13128,1,450.90416666666664,1,263.5,263.5,450.90416666666664,1,31.0,61.0,70.81666666666666,0.0,0.0,0.0,0,0.0,1.0,0.002212858552237292
18247,1,234.12569444444443,3,839.73,279.91,450.87361111111113,28,111.66666666666667,108.5,108.5,3.0,30.0,118.3,1,1.0,9.333333333333334,0.006639024555169987
16668,0,2.042361111111111,10,752.4399999999999,75.244,450.7673611111111,27,62.3,52.5,56.125,0.0,0.0,0.0,1,0.0,2.7,0.022135286567416552
16199,1,211.99652777777777,7,942.75,134.67857142857142,450.75208333333336,2,45.857142857142854,32.0,39.833333333333336,0.0,0.0,0.0,1,0.0,0.2857142857142857,0.015495224611581758
13230,0,21.056944444444444,25,5128.01,205.12040000000002,450.7,542,111.12,12.5,17.916666666666668,0.0,0.0,0.0,1,0.0,21.68,0.05534646889528448
13150,1,303.99375,3,449.96999999999997,149.98999999999998,450.15763888888887,7,57.0,146.0,146.0,1.0,1.0,14.95,1,0.3333333333333333,2.3333333333333335,0.006649560467131623
17838,0,111.95694444444445,11,4538.84,412.6218181818182,450.12291666666664,111,243.8181818181818,28.0,37.55555555555556,1.0,5.0,16.75,1,0.09090909090909091,10.090909090909092,0.02438359833563469
17738,0,101.85,10,3084.43,308.443,450.11319444444445,139,203.9,43.5,58.0,1.0,6.0,22.5,1,0.1,13.9,0.022167385310720548
16716,1,86.11597222222223,3,2149.6800000000003,716.5600000000001,450.0729166666667,7,304.0,182.0,182.0,1.0,76.0,581.4,1,0.3333333333333333,2.3333333333333335,0.006650809412742766
16008,0,24.080555555555556,13,4999.5,384.5769230769231,450.07152777777776,58,229.92307692307693,17.5,35.5,0.0,0.0,0.0,1,0.0,4.461538461538462,0.0288202628617351
14292,0,23.80902777777778,9,5479.53,608.8366666666666,450.06944444444446,98,247.66666666666666,73.0,71.0,9.0,50.0,323.65000000000003,1,1.0,10.88888888888889,0.019952581827139205
15760,1,450.0451388888889,2,13916.34,6958.17,450.0520833333333,1,1.0,61.0,70.81666666666666,3.0,3.0,19712.21,0,1.5,0.5,0.004434077734925291
14851,0,75.91041666666666,2,524.19,262.095,450.04027777777776,24,222.5,374.0,374.0,0.0,0.0,0.0,1,0.0,12.0,0.004434193792744551
16508,1,449.96458333333334,1,240.95,240.95,449.96458333333334,42,103.0,61.0,70.81666666666666,0.0,0.0,0.0,0,0.0,42.0,0.0022174690362787176
17673,0,5.9430555555555555,10,3612.0099999999998,361.20099999999996,449.95,183,275.4,54.5,55.5,1.0,3.0,10.350000000000001,1,0.1,18.3,0.022175407473112318
12418,0,233.09791666666666,3,1352.62,450.8733333333334,449.91875,61,227.0,108.5,108.5,1.0,1.0,4.25,1,0.3333333333333333,20.333333333333332,0.006653083288286415
14832,1,449.9,1,322.69,322.69,449.9,1,1.0,61.0,70.81666666666666,2.0,2.0,597.3199999999999,0,2.0,1.0,0.0022177866489243737
14316,1,241.84652777777777,5,1370.34,274.068,449.89722222222224,21,898.8,49.0,69.33333333333333,1.0,12.0,15.0,1,0.2,4.2,0.011089001558620774
12908,0,132.0090277777778,4,1344.0,336.0,449.86875,1,600.0,125.0,106.0,1.0,600.0,390.0,1,0.25,0.25,0.00887176146051373
15650,1,341.08958333333334,2,553.88,276.94,448.0444444444444,33,105.0,107.0,107.0,1.0,3.0,14.850000000000001,1,0.5,16.5,0.004453902113129114
18085,1,149.89791666666667,4,1341.8500000000001,335.4625,448.03680555555553,42,126.75,43.0,99.33333333333333,0.0,0.0,0.0,1,0.0,10.5,0.008907955763339123
17133,0,9.919444444444444,8,12208.880000000001,1526.1100000000001,448.0131944444444,21,1062.75,32.0,62.57142857142857,1.0,1088.0,1650.24,1,0.125,2.625,0.01781684836655691
17472,1,10.911805555555556,4,922.35,230.5875,447.97430555555553,183,137.75,97.0,145.66666666666666,0.0,0.0,0.0,1,0.0,45.75,0.008909195805872336
13466,1,3.8409722222222222,5,1013.35,202.67,447.9583333333333,49,132.0,128.0,148.0,1.0,11.0,51.15,1,0.2,9.8,0.011136890951276103
17587,1,447.9402777777778,1,176.71,176.71,447.9402777777778,42,67.0,61.0,70.81666666666666,0.0,0.0,0.0,0,0.0,42.0,0.0022274677713256833
17051,1,13.942361111111111,4,706.49,176.6225,447.91319444444446,107,126.75,140.0,144.66666666666666,0.0,0.0,0.0,1,0.0,26.75,0.008910408625770572
16039,1,243.0875,2,456.4,228.20000000000002,447.8979166666667,27,204.5,205.0,205.0,1.0,1.0,6.75,1,0.5,13.5,0.004455355941170738
16397,1,447.8847222222222,1,123.13,123.13,447.8847222222222,9,43.0,61.0,70.81666666666666,0.0,0.0,0.0,0,0.0,9.0,0.0022277434505889597
12796,1,447.87569444444443,1,381.0,381.0,447.87569444444443,7,182.0,61.0,70.81666666666666,0.0,0.0,0.0,0,0.0,7.0,0.002227788254914671
18078,1,36.92916666666667,4,725.53,181.3825,447.875,65,92.5,166.0,137.0,0.0,0.0,0.0,1,0.0,16.25,0.008911166805903648
12368,1,447.87083333333334,1,917.6999999999999,917.6999999999999,447.87083333333334,18,330.0,61.0,70.81666666666666,0.0,0.0,0.0,0,0.0,18.0,0.002227812381067308
13451,0,30.750694444444445,9,5781.28,642.3644444444444,447.8590277777778,490,466.22222222222223,56.0,52.125,2.0,9.0,70.94999999999999,1,0.2222222222222222,54.44444444444444,0.020050838777950886
12639,1,58.00138888888889,3,1312.37,437.45666666666665,447.15625,58,210.33333333333334,194.5,194.5,0.0,0.0,0.0,1,0.0,19.333333333333332,0.006694093856774283
14928,1,447.15,1,223.91000000000003,223.91000000000003,447.15,21,268.0,61.0,70.81666666666666,1.0,5.0,19.450000000000003,0,1.0,21.0,0.0022313957380341405
17552,0,191.75277777777777,10,2154.88,215.488,447.1465277777778,64,137.6,45.0,42.5,2.0,12.0,25.64,1,0.2,6.4,0.022314130268032993
16132,1,363.9590277777778,2,664.1999999999999,332.1,447.10069444444446,14,140.0,83.0,83.0,0.0,0.0,0.0,1,0.0,7.0,0.004463282527333731
13151,1,115.01458333333333,3,2465.21,821.7366666666667,447.1,131,271.0,166.0,166.0,2.0,7.0,69.05,1,0.6666666666666666,43.666666666666664,0.006694934166480696
13482,1,51.824305555555554,2,336.09,168.045,447.0965277777778,20,93.5,395.0,395.0,0.0,0.0,0.0,1,0.0,10.0,0.004463324029575721
14175,0,149.01944444444445,6,4779.16,796.5266666666666,447.08819444444447,136,273.3333333333333,56.0,59.6,7.0,75.0,273.8,1,1.1666666666666667,22.666666666666668,0.013390221109125652
14817,1,19.96875,7,3959.86,565.6942857142857,447.02777777777777,142,351.7142857142857,82.5,71.16666666666667,2.0,17.0,70.65,1,0.2857142857142857,20.285714285714285,0.015624031248062496
13357,1,76.95416666666667,5,3805.5099999999998,761.1020000000001,446.93055555555554,284,422.4,67.0,123.33333333333333,0.0,0.0,0.0,1,0.0,56.8,0.011162444575362005
14355,1,185.0236111111111,3,840.0500000000001,280.0166666666667,446.90416666666664,57,205.66666666666666,131.0,131.0,0.0,0.0,0.0,1,0.0,19.0,0.006697861335665182
14464,1,387.78472222222223,2,111.0,55.5,446.8958333333333,4,31.0,59.0,59.0,0.0,0.0,0.0,1,0.0,2.0,0.004465323968556677
16441,0,110.80208333333333,4,848.93,212.23250000000002,446.78472222222223,60,103.75,126.0,112.0,1.0,1.0,10.95,1,0.25,15.0,0.008932863944417736
17640,0,198.9326388888889,5,2547.28,509.45599999999996,446.14930555555554,47,288.4,75.5,61.75,2.0,21.0,61.35,1,0.4,9.4,0.011181947367194963
13706,1,122.1451388888889,2,631.17,315.58500000000004,446.14722222222224,38,150.5,324.0,324.0,0.0,0.0,0.0,1,0.0,19.0,0.004472799786299566
15614,1,257.0861111111111,4,3147.36,786.84,446.0673611111111,73,408.0,94.5,94.5,3.0,26.0,138.5,1,0.75,18.25,0.008947197554432669
14596,1,446.02569444444447,1,222.22000000000003,222.22000000000003,446.02569444444447,50,75.0,61.0,70.81666666666666,0.0,0.0,0.0,0,0.0,50.0,0.00223700787768538
15105,0,249.94305555555556,2,795.98,397.99,446.02222222222224,50,268.0,196.0,196.0,0.0,0.0,0.0,1,0.0,25.0,0.004474050507059057
16970,1,445.9583333333333,1,71.4,71.4,445.9583333333333,2,12.0,61.0,70.81666666666666,0.0,0.0,0.0,0,0.0,2.0,0.0022373450172462014
14166,1,324.7138888888889,2,251.15,125.575,445.90277777777777,39,41.0,121.0,121.0,0.0,0.0,0.0,1,0.0,19.5,0.004475246293936663
16578,1,445.90208333333334,1,156.6,156.6,445.90208333333334,9,108.0,61.0,70.81666666666666,0.0,0.0,0.0,0,0.0,9.0,0.002237626624027448
16615,1,445.90069444444447,1,291.5,291.5,445.90069444444447,19,211.0,61.0,70.81666666666666,1.0,4.0,27.0,0,1.0,19.0,0.0022376335781781
12918,1,445.89444444444445,1,10953.5,10953.5,445.89444444444445,1,1.0,61.0,70.81666666666666,2.0,2.0,21907.0,0,2.0,1.0,0.002237664872390945
13445,1,445.8861111111111,1,241.89999999999998,241.89999999999998,445.8861111111111,7,198.0,61.0,70.81666666666666,0.0,0.0,0.0,0,0.0,7.0,0.0022377065993697126
14762,1,83.1875,2,417.57,208.785,445.8847222222222,28,214.0,363.0,363.0,0.0,0.0,0.0,1,0.0,14.0,0.004475427108034946
14344,0,26.131944444444443,18,2749.0,152.72222222222223,445.87708333333336,124,77.88888888888889,19.0,24.705882352941178,0.0,0.0,0.0,1,0.0,6.888888888888889,0.040279532496351994
15869,1,96.81041666666667,3,321.11,107.03666666666668,445.8333333333333,29,91.0,349.0,349.0,0.0,0.0,0.0,1,0.0,9.666666666666666,0.006713912719134652
13896,1,445.16319444444446,1,388.55,388.55,445.16319444444446,21,149.0,61.0,70.81666666666666,0.0,0.0,0.0,0,0.0,21.0,0.0022413323475621617
18189,0,87.12569444444445,2,946.59,473.295,445.1201388888889,54,311.0,358.0,358.0,2.0,3.0,7.15,1,1.0,27.0,0.004483097322127666
13252,1,213.86805555555554,2,399.3,199.64999999999998,445.09722222222223,19,67.0,231.0,231.0,1.0,6.0,57.99999999999999,1,0.5,9.5,0.004483327625393069
16077,1,445.0888888888889,1,2300.4,2300.4,445.0888888888889,8,840.0,61.0,70.81666666666666,1.0,312.0,1700.4,0,1.0,8.0,0.0022417056889508817
13988,0,20.12986111111111,4,1965.92,491.47999999999996,445.0729166666667,110,277.5,129.0,141.66666666666666,1.0,1.0,6.65,1,0.25,27.5,0.008967143824580248
12742,1,445.0048611111111,1,1201.52,1201.52,445.0048611111111,67,1359.0,61.0,70.81666666666666,1.0,10.0,16.5,0,1.0,67.0,0.002242128028624501
16002,1,444.9875,1,169.21,169.21,444.9875,42,70.0,61.0,70.81666666666666,0.0,0.0,0.0,0,0.0,42.0,0.0022422153087250205
14729,1,193.0048611111111,3,586.24,195.41333333333333,444.97222222222223,126,124.0,252.0,252.0,0.0,0.0,0.0,1,0.0,42.0,0.006726876362503893
15086,1,384.0159722222222,2,218.53,109.265,444.95416666666665,10,47.5,61.0,61.0,0.0,0.0,0.0,1,0.0,5.0,0.0044847658111353
16444,0,14.074305555555556,15,3211.29,214.08599999999998,444.9472222222222,188,111.46666666666667,22.0,33.15384615384615,3.0,12.0,74.19999999999999,1,0.2,12.533333333333333,0.03363626737095197
14026,1,290.0965277777778,2,713.11,356.555,444.94444444444446,43,213.5,155.0,155.0,0.0,0.0,0.0,1,0.0,21.5,0.004484863585399277
15447,1,150.05833333333334,5,492.88,98.576,444.9236111111111,27,45.6,71.0,98.33333333333333,1.0,1.0,7.95,1,0.2,5.4,0.011212682790089235
16741,1,444.89930555555554,1,173.06,173.06,444.89930555555554,11,81.0,61.0,70.81666666666666,0.0,0.0,0.0,0,0.0,11.0,0.0022426587965955194
17072,1,444.84513888888887,1,273.35,273.35,444.84513888888887,20,212.0,61.0,70.81666666666666,0.0,0.0,0.0,0,0.0,20.0,0.002242931261944777
14202,1,200.8173611111111,3,847.76,282.58666666666664,444.09305555555557,27,55.333333333333336,121.5,121.5,0.0,0.0,0.0,1,0.0,9.0,0.006740163573784508
14947,0,207.76388888888889,4,758.97,189.7425,444.05625,37,59.25,74.0,78.66666666666667,0.0,0.0,0.0,1,0.0,9.25,0.008987627968374785
15374,0,444.03263888888887,1,139.32,139.32,444.03263888888887,6,164.0,61.0,70.81666666666666,0.0,0.0,0.0,0,0.0,6.0,0.0022470262012617677
13849,0,217.02569444444444,3,1931.35,643.7833333333333,444.03263888888887,108,289.0,113.5,113.5,1.0,2.0,25.5,1,0.3333333333333333,36.0,0.006741078603785303
17001,0,27.158333333333335,13,4453.17,342.5515384615385,444.00625,86,198.6153846153846,38.0,37.90909090909091,0.0,0.0,0.0,1,0.0,6.615384615384615,0.029213072850100417
17353,0,311.1638888888889,2,1502.0,751.0,443.99861111111113,6,484.0,133.0,133.0,3.0,32.0,86.45,1,1.5,3.0,0.004494396049925249
16090,1,443.9895833333333,1,180.56,180.56,443.9895833333333,18,58.0,61.0,70.81666666666666,0.0,0.0,0.0,0,0.0,18.0,0.002247243615253166
13969,0,2.75625,24,5941.77,247.57375000000002,443.9826388888889,329,133.08333333333334,14.0,21.0,2.0,3.0,85.85000000000001,1,0.08333333333333333,13.708333333333334,0.05393468846318911
17301,0,443.9819444444444,1,131.15,131.15,443.9819444444444,52,79.0,61.0,70.81666666666666,0.0,0.0,0.0,0,0.0,52.0,0.0022472821930977225
16943,1,31.036805555555556,5,1299.49,259.898,443.96944444444443,24,29.4,71.0,103.25,2.0,2.0,482.76,1,0.4,4.8,0.011236726616684043
13900,1,2.725,6,1610.59,268.4316666666667,443.9611111111111,80,156.33333333333334,115.0,88.2,1.0,2.0,2.5,1,0.16666666666666666,13.333333333333334,0.013484324472800369
13285,0,45.990972222222226,4,1828.74,457.185,443.93333333333334,112,330.0,64.0,132.66666666666666,0.0,0.0,0.0,1,0.0,28.0,0.008990110878034162
12870,1,194.9638888888889,3,1676.95,558.9833333333333,443.9291666666667,85,302.0,124.5,124.5,1.0,2.0,14.899999999999999,1,0.3333333333333333,28.333333333333332,0.00674264630137756
15027,0,38.892361111111114,8,2783.57,347.94624999999996,443.9243055555556,52,327.625,30.5,67.5,3.0,578.0,221.55999999999997,1,0.375,6.5,0.01798058658542105
16794,0,200.00347222222223,5,856.1999999999999,171.24,443.8979166666667,151,130.6,50.5,61.0,0.0,0.0,0.0,1,0.0,30.2,0.011238533184110586
17484,1,395.88125,2,209.57,104.785,443.85625,14,169.5,48.0,48.0,0.0,0.0,0.0,1,0.0,7.0,0.004495834328504995
12726,0,4.111111111111111,9,2872.82,319.20222222222225,443.85069444444446,52,379.6666666666667,47.0,55.0,0.0,0.0,0.0,1,0.0,5.777777777777778,0.020231507138006664
13187,1,156.7451388888889,4,341.36,85.34,443.81388888888887,51,74.0,287.0,287.0,1.0,22.0,18.7,1,0.25,12.75,0.008992524963623988
13705,0,193.09791666666666,5,1323.47,264.694,443.81319444444443,43,129.2,67.5,62.75,0.0,0.0,0.0,1,0.0,8.6,0.011240673753495148
14704,0,244.03958333333333,2,258.96,129.48,443.81180555555557,53,60.5,200.0,200.0,0.0,0.0,0.0,1,0.0,26.5,0.004496283540635943
12791,1,193.0576388888889,6,863.51,143.91833333333332,443.80625,17,58.833333333333336,21.0,62.75,2.0,2.0,278.36,1,0.3333333333333333,2.8333333333333335,0.013489019095392657
15698,1,443.8,1,46.2,46.2,443.8,2,60.0,61.0,70.81666666666666,0.0,0.0,0.0,0,0.0,2.0,0.0022482014388489208
14330,1,443.15277777777777,1,200.63,200.63,443.15277777777777,13,103.0,61.0,70.81666666666666,0.0,0.0,0.0,0,0.0,13.0,0.0022514775321304608
16286,1,296.91805555555555,2,328.95,164.475,443.11944444444447,17,50.5,146.0,146.0,2.0,14.0,65.30000000000001,1,1.0,8.5,0.004503293033030403
14013,0,95.16041666666666,3,730.05,243.35,443.1166666666667,35,134.33333333333334,174.0,174.0,1.0,9.0,78.35,1,0.3333333333333333,11.666666666666666,0.006754981799076819
15789,1,177.92708333333334,6,1962.01,327.00166666666667,443.06180555555557,110,416.5,67.0,66.25,1.0,24.0,30.0,1,0.16666666666666666,18.333333333333332,0.013511632671252907
18188,0,109.92152777777778,4,1706.15,426.5375,443.05069444444445,65,221.0,140.0,111.0,1.0,3.0,14.850000000000001,1,0.25,16.25,0.009007980507731068
17582,1,55.980555555555554,5,1446.95,289.39,443.01875,92,120.6,69.0,96.75,1.0,2.0,17.0,1,0.2,18.4,0.011260785721323704
18166,1,443.01666666666665,1,175.5,175.5,443.01666666666665,10,90.0,61.0,70.81666666666666,0.0,0.0,0.0,0,0.0,10.0,0.002252167711422244
18215,0,256.85555555555555,4,1933.15,483.2875,442.99097222222224,49,253.25,49.0,62.0,1.0,1.0,8.5,1,0.25,12.25,0.009009192191407795
16493,0,104.88055555555556,5,1148.26,229.652,442.9895833333333,54,213.6,89.5,84.5,0.0,0.0,0.0,1,0.0,10.8,0.011261525467470616
16601,0,210.05555555555554,2,434.3,217.15,442.9659722222222,38,129.0,233.0,233.0,0.0,0.0,0.0,1,0.0,19.0,0.004504849752311473
14537,0,442.9625,1,285.84000000000003,285.84000000000003,442.9625,13,108.0,61.0,70.81666666666666,1.0,1.0,5.95,0,1.0,13.0,0.002252442492327618
13117,0,37.08680555555556,16,2022.12,126.3825,442.9583333333333,113,94.875,28.0,27.066666666666666,1.0,2.0,1.7,1,0.0625,7.0625,0.03603941811356171
14074,1,442.9548611111111,1,219.39999999999998,219.39999999999998,442.9548611111111,6,228.0,61.0,70.81666666666666,0.0,0.0,0.0,0,0.0,6.0,0.002252481248875715
12477,0,58.952083333333334,5,11633.6,2326.7200000000003,442.9506944444444,249,766.6,98.0,96.0,1.0,2.0,4.199999999999999,1,0.2,49.8,0.011262511946865972
14994,1,201.99375,5,946.72,189.344,442.9402777777778,233,113.6,42.0,60.25,3.0,88.0,74.3,1,0.6,46.6,0.01126277621176522
16807,0,35.05277777777778,5,1654.12,330.824,442.925,94,226.8,80.0,102.0,2.0,20.0,59.00000000000001,1,0.4,18.8,0.011263163822717802
15249,0,16.104166666666668,10,5418.91,541.891,442.9159722222222,214,283.8,21.0,47.44444444444444,2.0,16.0,96.2,1,0.2,21.4,0.02252678575618822
14253,1,312.91319444444446,2,363.40000000000003,181.70000000000002,442.90416666666664,11,44.0,130.0,130.0,0.0,0.0,0.0,1,0.0,5.5,0.004505476970442194
16833,0,79.16458333333334,5,1973.8,394.76,442.8881944444444,74,148.8,105.0,121.33333333333333,0.0,0.0,0.0,1,0.0,14.8,0.011264097722305574
15552,1,36.91875,2,252.52,126.26,442.85625,29,83.0,406.0,406.0,0.0,0.0,0.0,1,0.0,14.5,0.004505963360885422
15848,1,441.0805555555556,1,137.99,137.99,441.0805555555556,34,45.0,61.0,70.81666666666666,0.0,0.0,0.0,0,0.0,34.0,0.002262031178329741
13053,1,441.05694444444447,1,127.65,127.65,441.05694444444447,17,47.0,61.0,70.81666666666666,0.0,0.0,0.0,0,0.0,17.0,0.002262151997762983
15289,0,69.00416666666666,3,1028.76,342.92,441.0451388888889,45,317.3333333333333,186.0,186.0,1.0,6.0,17.700000000000003,1,0.3333333333333333,15.0,0.006786637236958895
17827,0,61.829166666666666,5,1969.31,393.86199999999997,441.0208333333333,191,259.8,189.5,189.5,1.0,1.0,6.75,1,0.2,38.2,0.011311684026959513
14378,1,441.01944444444445,1,131.25,131.25,441.01944444444445,9,57.0,61.0,70.81666666666666,0.0,0.0,0.0,0,0.0,9.0,0.0022623439139806568
14805,0,133.08819444444444,4,645.4,161.35,441.0111111111111,82,82.75,105.0,102.66666666666667,0.0,0.0,0.0,1,0.0,20.5,0.009049546265805284
16934,0,203.04930555555555,4,1152.1100000000001,288.02750000000003,441.0048611111111,77,134.75,63.0,79.33333333333333,1.0,3.0,20.25,1,0.25,19.25,0.009049674227439053
16784,0,196.03680555555556,4,784.73,196.1825,440.99652777777777,137,117.5,89.0,81.66666666666667,0.0,0.0,0.0,1,0.0,34.25,0.00904984484858007
12910,0,17.10902777777778,8,3863.98,482.9975,440.9861111111111,53,324.25,66.0,84.8,1.0,30.0,49.5,1,0.125,6.625,0.018100116268107973
15068,0,75.93263888888889,3,861.5,287.1666666666667,440.98055555555555,139,199.33333333333334,182.5,182.5,0.0,0.0,0.0,1,0.0,46.333333333333336,0.006787628917813126
17518,1,245.00694444444446,2,329.42,164.71,440.9715277777778,71,133.5,196.0,196.0,0.0,0.0,0.0,1,0.0,35.5,0.004525178375303839
14101,0,17.10763888888889,11,8144.53,740.4118181818181,440.96805555555557,19,859.0909090909091,40.0,42.4,1.0,12.0,19.799999999999997,1,0.09090909090909091,1.7272727272727273,0.02488867659490222
15423,0,401.1451388888889,2,223.39,111.695,440.9638888888889,12,48.5,40.0,40.0,1.0,5.0,47.75,1,0.5,6.0,0.004525256588333637
14572,0,73.84444444444445,7,3795.67,542.2385714285714,440.9604166666667,251,274.14285714285717,63.0,73.4,2.0,2.0,27.7,1,0.2857142857142857,35.857142857142854,0.01583852249211609
15570,0,25.919444444444444,21,7096.39,337.92333333333335,440.9486111111111,392,140.42857142857142,18.5,23.055555555555557,2.0,10.0,64.05,1,0.09523809523809523,18.666666666666668,0.047516836736297266
17068,0,8.922222222222222,37,7084.39,191.47,440.93333333333334,226,90.48648648648648,10.5,12.0,1.0,3.0,13.85,1,0.02702702702702703,6.108108108108108,0.08372303514858953
13684,1,105.10902777777778,4,594.88,148.72,440.91805555555555,81,58.5,105.0,112.0,2.0,12.0,50.46,1,0.5,20.25,0.009051451846590463
14078,0,4.000694444444444,8,1332.01,166.50125,440.90625,98,64.125,58.0,62.42857142857143,0.0,0.0,0.0,1,0.0,12.25,0.018103387313485608
15231,1,440.9013888888889,1,250.26,250.26,440.9013888888889,14,190.0,61.0,70.81666666666666,1.0,8.0,21.900000000000002,0,1.0,14.0,0.002262948307346096
16666,0,440.90069444444447,1,98.73,98.73,440.90069444444447,15,121.0,61.0,70.81666666666666,0.0,0.0,0.0,0,0.0,15.0,0.0022629518635565744
14583,0,5.002083333333333,5,948.94,189.788,440.8986111111111,216,111.0,119.0,109.0,0.0,0.0,0.0,1,0.0,43.2,0.011314812661275368
14809,1,440.87916666666666,2,686.76,343.38,440.88055555555553,18,116.0,61.0,70.81666666666666,0.0,0.0,0.0,0,0.0,9.0,0.004526109997045456
16549,0,153.94930555555555,25,8866.39,354.6556,440.87847222222223,647,193.96,9.0,12.478260869565217,3.0,5.0,22.55,1,0.12,25.88,0.0565766417048428
15141,1,277.05347222222224,7,1388.47,198.35285714285715,440.86944444444447,44,171.0,32.0,32.8,2.0,13.0,10.16,1,0.2857142857142857,6.285714285714286,0.015841783332180823
13113,0,12.07013888888889,29,14840.27,511.7334482758621,440.8590277777778,155,119.3103448275862,10.0,15.88888888888889,19.0,188.0,1267.47,1,0.6551724137931034,5.344827586206897,0.06563179244259969
15981,0,30.16111111111111,17,7576.49,445.6758823529412,440.11319444444445,124,224.52941176470588,17.5,25.625,6.0,49.0,94.7,1,0.35294117647058826,7.294117647058823,0.03853886080512844
16532,0,158.0090277777778,3,3918.24,1306.08,440.1,1,336.0,141.0,141.0,0.0,0.0,0.0,1,0.0,0.3333333333333333,0.0068011788710043075
17994,0,9.125,10,2149.32,214.93200000000002,440.09236111111113,226,205.4,36.0,47.888888888888886,2.0,5.0,25.450000000000003,1,0.2,22.6,0.022670988848707357
16456,0,47.12916666666667,11,5419.18,492.6527272727273,440.0652777777778,217,273.1818181818182,36.0,43.666666666666664,1.0,1.0,677.5,1,0.09090909090909091,19.727272727272727,0.024939619041021262
16502,1,439.9625,2,258.55,129.275,439.9659722222222,41,110.0,61.0,70.81666666666666,0.0,0.0,0.0,0,0.0,20.5,0.004535497353505798
17046,0,263.96527777777777,4,1264.05,316.01250000000005,439.9611111111111,57,281.5,88.0,88.0,0.0,0.0,0.0,1,0.0,14.25,0.009071094704748466
12496,1,439.9472222222222,2,45.34,22.67,439.9534722222222,10,15.0,61.0,70.81666666666666,0.0,0.0,0.0,0,0.0,5.0,0.004535625924251897
16036,0,82.99236111111111,3,1986.65,662.2166666666667,439.91875,88,260.0,178.5,178.5,0.0,0.0,0.0,1,0.0,29.333333333333332,0.00680397465519441
16176,1,240.95555555555555,4,2052.69,513.1725,439.91527777777776,53,238.0,68.0,66.33333333333333,3.0,39.0,88.64999999999999,1,0.75,13.25,0.009072037648956243
13412,1,439.8486111111111,1,487.34999999999997,487.34999999999997,439.8486111111111,33,176.0,61.0,70.81666666666666,0.0,0.0,0.0,0,0.0,33.0,0.00226835238854356
17664,0,31.939583333333335,3,887.78,295.9266666666667,439.81458333333336,51,287.6666666666667,204.0,204.0,0.0,0.0,0.0,1,0.0,17.0,0.006805582468063386
16570,0,24.84236111111111,13,5169.14,397.6261538461538,439.1375,97,235.92307692307693,40.5,41.4,8.0,94.0,522.1899999999999,1,0.6153846153846154,7.461538461538462,0.029536224475306013
16455,0,24.056944444444444,9,3288.17,365.3522222222222,439.0965277777778,92,275.0,29.0,59.285714285714285,2.0,43.0,77.65,1,0.2222222222222222,10.222222222222221,0.02045005909372786
17676,0,185.95902777777778,5,1378.16,275.63199999999995,439.0840277777778,57,200.0,55.5,63.25,2.0,65.0,38.91,1,0.4,11.4,0.01136146663910459
13051,1,398.15,2,155.8,77.9,439.06875,4,36.0,41.0,41.0,0.0,0.0,0.0,1,0.0,2.0,0.004544744429137493
12990,0,4.932638888888889,6,809.9,134.98333333333332,439.0513888888889,6,68.33333333333333,107.0,86.8,0.0,0.0,0.0,1,0.0,1.0,0.013634771191495943
12861,1,439.0493055555556,1,68.25,68.25,439.0493055555556,4,27.0,61.0,70.81666666666666,0.0,0.0,0.0,0,0.0,4.0,0.00227247262380636
14935,1,116.92083333333333,2,2849.83,1424.915,439.04305555555555,25,965.5,322.0,322.0,0.0,0.0,0.0,1,0.0,12.5,0.004545009800177382
15029,1,439.0236111111111,1,365.1,365.1,439.0236111111111,10,234.0,61.0,70.81666666666666,1.0,1.0,2.95,0,1.0,10.0,0.0022726053210528475
15715,1,375.12083333333334,5,658.02,131.60399999999998,439.0229166666667,33,49.2,32.0,32.0,0.0,0.0,0.0,1,0.0,6.6,0.011363044538399989
15575,1,439.0,1,30.1,30.1,439.0,3,6.0,61.0,70.81666666666666,0.0,0.0,0.0,0,0.0,3.0,0.0022727272727272726
17586,1,438.9847222222222,1,167.4,167.4,438.9847222222222,8,68.0,61.0,70.81666666666666,0.0,0.0,0.0,0,0.0,8.0,0.0022728061896088564
17464,0,341.9763888888889,2,617.1800000000001,308.59000000000003,438.9826388888889,28,194.0,97.0,97.0,1.0,60.0,90.6,1,0.5,14.0,0.004545633902852859
17217,1,53.81319444444444,2,210.1,105.05,438.96875,27,46.5,385.0,385.0,0.0,0.0,0.0,1,0.0,13.5,0.0045457773989629946
14235,0,45.99513888888889,6,2837.68,472.9466666666667,438.96805555555557,89,318.5,60.5,98.25,0.0,0.0,0.0,1,0.0,14.833333333333334,0.01363735372201896
15122,0,23.720833333333335,10,3784.1,378.41,438.9479166666667,139,173.0,38.5,51.875,4.0,25.0,33.95,1,0.4,13.9,0.022729963300580087
14492,1,249.97847222222222,7,1921.91,274.55857142857144,438.93541666666664,70,107.28571428571429,20.5,31.5,3.0,112.0,347.55,1,0.42857142857142855,10.0,0.01591142639307853
14882,0,209.99027777777778,12,2956.9500000000003,246.4125,438.90833333333336,31,121.33333333333333,8.0,25.444444444444443,1.0,192.0,201.6,1,0.08333333333333333,2.5833333333333335,0.027278410274867868
15742,1,438.8923611111111,1,156.87,156.87,438.8923611111111,41,51.0,61.0,70.81666666666666,0.0,0.0,0.0,0,0.0,41.0,0.0022732833947698696
13856,0,3.170138888888889,10,972.53,97.253,438.88194444444446,31,87.5,21.0,48.44444444444444,2.0,9.0,58.05,1,0.2,3.1,0.022733372274758062
16658,1,187.96041666666667,6,690.83,115.13833333333334,438.8513888888889,49,46.166666666666664,62.0,62.75,3.0,41.0,117.35000000000001,1,0.5,8.166666666666666,0.013640970908734958
13676,1,358.80555555555554,2,243.9,121.95000000000002,438.83125,13,52.0,80.0,80.0,1.0,45.0,90.75,1,0.5,6.5,0.004547198499424495
17602,0,143.85486111111112,9,3067.06,340.78444444444443,438.80902777777777,270,284.77777777777777,23.0,42.142857142857146,2.0,6.0,61.5,1,0.2222222222222222,30.0,0.020463427150357243
18025,1,199.0090277777778,6,1177.72,196.28666666666666,438.80347222222224,83,175.5,35.0,60.0,0.0,0.0,0.0,1,0.0,13.833333333333334,0.013642457094946133
15792,1,219.18680555555557,2,933.84,466.92,438.13055555555553,57,303.0,219.0,219.0,0.0,0.0,0.0,1,0.0,28.5,0.004554454192944392
15216,0,438.12361111111113,1,389.49,389.49,438.12361111111113,22,189.0,61.0,70.81666666666666,0.0,0.0,0.0,0,0.0,22.0,0.002277263109286489
13803,1,74.99513888888889,3,1338.91,446.3033333333333,438.11805555555554,73,277.0,181.5,181.5,1.0,12.0,19.799999999999997,1,0.3333333333333333,24.333333333333332,0.006831875761074123
18093,0,117.08194444444445,6,3463.71,577.2850000000001,438.09930555555553,36,460.1666666666667,26.0,64.2,1.0,11.0,23.1,1,0.16666666666666666,6.0,0.013664334978641569
17889,1,31.85,7,746.42,106.63142857142857,438.0805555555556,97,57.57142857142857,81.0,101.5,0.0,0.0,0.0,1,0.0,13.857142857142858,0.01594240489912633
14706,1,438.0701388888889,1,367.54,367.54,438.0701388888889,25,246.0,61.0,70.81666666666666,0.0,0.0,0.0,0,0.0,25.0,0.0022775404461132347
13179,1,438.0486111111111,1,572.3100000000001,572.3100000000001,438.0486111111111,34,368.0,61.0,70.81666666666666,0.0,0.0,0.0,0,0.0,34.0,0.0022776521202726857
15741,1,277.8534722222222,2,208.62,104.31,438.03819444444446,11,35.0,160.0,160.0,0.0,0.0,0.0,1,0.0,5.5,0.004555412320175889
16133,0,5.034027777777778,35,15194.59,434.13114285714283,438.0201388888889,191,246.82857142857142,10.0,14.433333333333334,13.0,75.0,543.9,1,0.37142857142857144,5.457142857142857,0.07972299423115556
13059,1,69.09027777777777,10,2291.77,229.177,438.01875,155,86.0,23.0,46.125,2.0,5.0,30.55,1,0.2,15.5,0.022778070412710162
18056,1,107.93263888888889,2,554.6,277.29999999999995,438.01458333333335,28,167.0,330.0,330.0,1.0,3.0,14.850000000000001,1,0.5,14.0,0.004555657319660034
17531,1,9.73125,3,1266.82,422.2733333333333,437.9951388888889,54,157.33333333333334,214.0,214.0,5.0,11.0,72.35,1,1.6666666666666667,18.0,0.006833788655594452
16845,1,437.9868055555556,1,253.88,253.88,437.9868055555556,20,167.0,61.0,70.81666666666666,0.0,0.0,0.0,0,0.0,20.0,0.002277972794044367
15796,0,7.05625,13,3709.9900000000002,285.38384615384615,437.9861111111111,132,98.84615384615384,28.5,35.916666666666664,5.0,20.0,155.88,1,0.38461538461538464,10.153846153846153,0.029613693169234664
15454,1,181.93680555555557,2,305.99,152.995,437.9826388888889,35,73.0,256.0,256.0,0.0,0.0,0.0,1,0.0,17.5,0.0045559888314996005
15800,0,66.00763888888889,6,774.68,129.11333333333332,437.98125,110,58.5,186.0,186.0,0.0,0.0,0.0,1,0.0,18.333333333333332,0.01366800973845694
15125,0,27.020833333333332,13,12807.11,985.1623076923078,437.97291666666666,127,477.2307692307692,32.0,58.714285714285715,7.0,158.0,586.8000000000001,1,0.5384615384615384,9.76923076923077,0.029614583283896597
16847,0,437.97083333333336,1,421.45000000000005,421.45000000000005,437.97083333333336,25,177.0,61.0,70.81666666666666,0.0,0.0,0.0,0,0.0,25.0,0.002278055679477566
13219,1,437.93888888888887,1,76.23,76.23,437.93888888888887,11,11.0,61.0,70.81666666666666,0.0,0.0,0.0,0,0.0,11.0,0.0022782214684403043
13464,0,214.01805555555555,5,2422.96,484.592,437.89444444444445,95,207.4,56.0,74.66666666666667,1.0,11.0,13.75,1,0.2,19.0,0.0113922608574575
13361,1,291.9125,2,1450.5,725.25,437.2090277777778,29,162.0,145.0,145.0,0.0,0.0,0.0,1,0.0,14.5,0.004564031941884659
14893,0,437.15763888888887,1,571.76,571.76,437.15763888888887,33,248.0,61.0,70.81666666666666,3.0,13.0,27.35,0,3.0,33.0,0.002282283614947056
12662,0,6.961805555555555,14,4714.84,336.7742857142857,437.125,125,171.0,33.0,33.07692307692308,2.0,21.0,38.849999999999994,1,0.14285714285714285,8.928571428571429,0.03195435092724679
15689,0,181.1201388888889,2,370.43,185.215,437.12291666666664,19,89.5,256.0,256.0,0.0,0.0,0.0,1,0.0,9.5,0.004564928982068389
16377,1,86.88125,2,1308.48,654.24,437.09305555555557,6,1464.0,350.0,350.0,0.0,0.0,0.0,1,0.0,3.0,0.0045652401348013965
14916,0,143.88888888888889,5,2069.02,413.804,437.0784722222222,62,304.4,69.5,73.25,2.0,32.0,150.6,1,0.4,12.4,0.01141348027132379
13582,1,209.05277777777778,2,241.68,120.84,437.05,10,53.0,228.0,228.0,0.0,0.0,0.0,1,0.0,5.0,0.004565688848304988
18241,0,37.144444444444446,5,1279.73,255.946,437.03819444444446,66,132.2,93.5,100.0,1.0,2.0,17.9,1,0.2,13.2,0.01141452974515477
15173,1,200.10347222222222,7,1494.6,213.5142857142857,437.01666666666665,68,120.0,26.5,39.5,1.0,12.0,95.34,1,0.14285714285714285,9.714285714285714,0.015981127049960048
13196,0,81.93472222222222,4,1783.19,445.7975,436.9972222222222,89,275.5,130.0,118.33333333333333,1.0,2.0,9.2,1,0.25,22.25,0.009132478009119795
14200,1,436.9923611111111,1,379.2,379.2,436.9923611111111,21,140.0,61.0,70.81666666666666,0.0,0.0,0.0,0,0.0,21.0,0.0022831448417574506
16130,1,241.9,4,987.48,246.87,436.9527777777778,53,74.0,39.0,65.0,0.0,0.0,0.0,1,0.0,13.25,0.009133404793768988
14692,0,54.9,11,1603.8899999999999,145.80818181818182,436.9486111111111,95,77.63636363636364,38.5,38.2,1.0,10.0,9.5,1,0.09090909090909091,8.636363636363637,0.02511710214605341
17993,1,436.93541666666664,1,225.99,225.99,436.93541666666664,60,108.0,61.0,70.81666666666666,0.0,0.0,0.0,0,0.0,60.0,0.0022834417175287454
13750,0,116.15416666666667,8,2643.7200000000003,330.46500000000003,436.9173611111111,39,136.75,38.0,45.857142857142854,2.0,10.0,38.58,1,0.25,4.875,0.01826828691993828
14049,0,20.071527777777778,11,10462.49,951.1354545454545,436.91527777777776,465,607.9090909090909,54.0,59.57142857142857,4.0,42.0,144.45,1,0.36363636363636365,42.27272727272727,0.02511901401526805
16054,0,238.05,3,1327.98,442.66,436.75902777777776,49,137.0,99.5,99.5,3.0,12.0,21.2,1,1.0,16.333333333333332,0.0068530853954722045
17669,0,29.972916666666666,6,4346.63,724.4383333333334,436.75138888888887,70,413.5,67.0,81.4,0.0,0.0,0.0,1,0.0,11.666666666666666,0.013706409967605917
14835,1,348.1125,2,297.0,148.5,436.71944444444443,1,90.0,89.0,89.0,1.0,2.0,3.9,1,0.5,0.5,0.004569136750455327
14694,1,436.7111111111111,1,244.31,244.31,436.7111111111111,15,193.0,61.0,70.81666666666666,0.0,0.0,0.0,0,0.0,15.0,0.0022846118698278926
14489,1,26.915972222222223,4,1574.93,393.7325,432.12361111111113,65,252.75,120.0,135.0,0.0,0.0,0.0,1,0.0,16.25,0.009235238849571427
18173,0,18.93402777777778,4,2318.36,579.59,432.08819444444447,31,384.5,40.0,137.66666666666666,0.0,0.0,0.0,1,0.0,7.75,0.00923599407998435
12997,0,55.99166666666667,6,1492.49,248.74833333333333,432.0722222222222,52,137.0,79.0,75.2,7.0,20.0,42.05,1,1.1666666666666667,8.666666666666666,0.01385450207176119
15215,0,213.08333333333334,4,1687.49,421.8725,432.06180555555557,59,137.75,53.0,73.0,3.0,296.0,847.82,1,0.75,14.75,0.009236556880994342
15770,1,432.04375,1,321.45,321.45,432.04375,18,67.0,61.0,70.81666666666666,0.0,0.0,0.0,0,0.0,18.0,0.0023092354987227044
14035,0,87.11736111111111,6,2067.31,344.5516666666667,432.0076388888889,47,173.33333333333334,43.0,69.0,2.0,3.0,4.25,1,0.3333333333333333,7.833333333333333,0.01385656847855199
13939,0,131.05555555555554,5,1176.91,235.38199999999998,432.0048611111111,62,192.6,84.0,75.25,3.0,8.0,27.3,1,0.6,12.4,0.011547214475074856
13710,0,243.1027777777778,2,329.04,164.51999999999998,431.9972222222222,7,80.0,189.0,189.0,0.0,0.0,0.0,1,0.0,3.5,0.0046189672758998965
16654,0,6.925,7,1420.05,202.8642857142857,431.97291666666666,61,82.57142857142857,61.5,70.83333333333333,1.0,2.0,6.3,1,0.14285714285714285,8.714285714285714,0.016167292988880175
13071,1,431.96736111111113,1,129.22,129.22,431.96736111111113,12,30.0,61.0,70.81666666666666,0.0,0.0,0.0,0,0.0,12.0,0.0023096429195811207
14221,0,9.82638888888889,12,4738.52,394.8766666666667,431.94444444444446,115,205.41666666666666,29.0,46.888888888888886,2.0,2.0,10.9,1,0.16666666666666666,9.583333333333334,0.027717182086487872
14825,0,23.829166666666666,17,3534.04,207.88470588235296,431.94166666666666,170,129.11764705882354,18.5,25.5,3.0,7.0,38.8,1,0.17647058823529413,10.0,0.039266259888745596
14265,0,284.0208333333333,2,843.17,421.585,431.9243055555556,47,192.5,148.0,148.0,0.0,0.0,0.0,1,0.0,23.5,0.004619745240298936
13432,1,390.98055555555555,2,439.1,219.55,431.9222222222222,98,108.5,41.0,41.0,0.0,0.0,0.0,1,0.0,49.0,0.0046197674717039245
13207,0,270.87916666666666,2,285.6,142.8,431.84236111111113,4,24.0,161.0,161.0,0.0,0.0,0.0,1,0.0,2.0,0.004620619836898537
17563,1,397.9138888888889,2,392.38,196.19,431.1166666666667,27,128.0,33.0,33.0,3.0,29.0,83.10000000000001,1,1.5,13.5,0.004628379681413199
15252,0,2.9409722222222223,4,1663.18,415.795,431.1013888888889,82,251.75,155.0,142.66666666666666,2.0,15.0,50.349999999999994,1,0.5,20.5,0.009257086653402462
13632,0,53.045138888888886,5,2137.57,427.514,431.07708333333335,110,167.0,93.0,94.5,1.0,2.0,9.2,1,0.2,22.0,0.011572009238320708
16941,1,431.0673611111111,1,33.0,33.0,431.0673611111111,2,12.0,61.0,70.81666666666666,0.0,0.0,0.0,0,0.0,2.0,0.002314453925490656
14264,0,65.02083333333333,5,1299.09,259.818,430.9784722222222,52,100.2,96.5,91.5,2.0,8.0,41.5,1,0.4,10.4,0.011574650871555136
12643,0,2.091666666666667,10,6852.1,685.21,430.9402777777778,14,391.5,44.5,53.625,2.0,308.0,469.52,1,0.2,1.4,0.023151348726836593
15112,1,430.93958333333336,1,209.4,209.4,430.93958333333336,7,72.0,61.0,70.81666666666666,0.0,0.0,0.0,0,0.0,7.0,0.002315138594807337
13723,1,36.82361111111111,6,1194.08,199.01333333333332,430.9291666666667,51,98.83333333333333,98.0,98.5,0.0,0.0,0.0,1,0.0,8.5,0.013891166568592458
15201,0,23.861805555555556,4,1208.68,302.17,430.9166666666667,36,277.25,172.0,135.66666666666666,3.0,15.0,20.13,1,0.75,9.0,0.009261045726413274
12821,1,33.87430555555556,2,220.8,110.39999999999999,430.9,13,81.0,397.0,397.0,0.0,0.0,0.0,1,0.0,6.5,0.00463070155128502
13640,1,430.88680555555555,1,405.0,405.0,430.88680555555555,4,108.0,61.0,70.81666666666666,0.0,0.0,0.0,0,0.0,4.0,0.0023154215112305985
16454,0,426.12361111111113,2,24.05,12.025,430.8722222222222,2,3.0,5.0,5.0,4.0,4.0,29.05,1,2.0,1.0,0.004630999395397301
16369,0,16.132638888888888,5,1465.6,293.12,430.83194444444445,42,151.6,70.5,103.75,0.0,0.0,0.0,1,0.0,8.4,0.011578578343555718
17497,1,209.93958333333333,2,287.25,143.625,430.2006944444444,7,29.5,220.0,220.0,0.0,0.0,0.0,1,0.0,3.5,0.004638211454127606
14758,0,25.02986111111111,6,2587.85,431.30833333333334,430.1826388888889,84,123.33333333333333,102.0,81.0,0.0,0.0,0.0,1,0.0,14.0,0.01391521703067951
13852,1,430.15555555555557,1,187.35000000000002,187.35000000000002,430.15555555555557,11,85.0,61.0,70.81666666666666,1.0,6.0,16.9,0,1.0,11.0,0.0023193485207710545
17553,0,292.12569444444443,3,2270.0,756.6666666666666,430.12916666666666,2,413.3333333333333,69.0,69.0,0.0,0.0,0.0,1,0.0,0.6666666666666666,0.006958471455770216
14145,0,36.99236111111111,4,4986.45,1246.6125,430.12708333333336,11,281.75,78.0,131.0,0.0,0.0,0.0,1,0.0,2.75,0.009278006774877863
14855,0,293.96736111111113,5,5874.65,1174.93,430.09722222222223,156,648.6,68.0,68.0,0.0,0.0,0.0,1,0.0,31.2,0.011598311801282258
16053,0,233.04722222222222,4,2122.89,530.7225000000001,430.06875,101,318.5,98.5,98.5,2.0,6.0,28.7,1,0.5,25.25,0.009279262298647258
13712,1,66.01180555555555,2,766.42,383.21000000000004,430.0652777777778,32,564.0,364.0,364.0,0.0,0.0,0.0,1,0.0,16.0,0.004639668521460078
14918,0,224.00625,7,4345.66,620.8085714285714,430.06388888888887,64,268.0,34.0,41.2,0.0,0.0,0.0,1,0.0,9.142857142857142,0.016238892146691327
14813,1,189.03680555555556,4,888.91,222.22750000000002,430.0423611111111,110,98.0,120.5,120.5,0.0,0.0,0.0,1,0.0,27.5,0.009279830385322402
13278,0,219.04722222222222,3,893.12,297.70666666666665,430.03541666666666,48,273.6666666666667,105.5,105.5,1.0,3.0,7.6499999999999995,1,0.3333333333333333,16.0,0.006959984920032673
14450,1,0.08611111111111111,7,1128.44,161.2057142857143,430.0284722222222,47,74.57142857142857,61.0,71.66666666666667,0.0,0.0,0.0,1,0.0,6.714285714285714,0.01624022646093565
14533,0,172.0715277777778,5,1950.15,390.03000000000003,430.02569444444447,32,511.8,62.5,64.5,2.0,13.0,144.14999999999998,1,0.4,6.4,0.011600236515933407
15613,1,429.99930555555557,1,433.71999999999997,433.71999999999997,429.99930555555557,27,700.0,61.0,70.81666666666666,0.0,0.0,0.0,0,0.0,27.0,0.0023201893532311052
17746,1,59.92986111111111,4,904.1800000000001,226.04500000000002,429.9972222222222,32,172.0,185.0,185.0,3.0,29.0,30.75,1,0.75,8.0,0.009280802273796558
17110,0,340.0201388888889,2,336.59999999999997,168.3,429.97083333333336,32,43.0,90.0,90.0,0.0,0.0,0.0,1,0.0,16.0,0.004640685274525538
17805,0,429.9263888888889,1,414.72,414.72,429.9263888888889,1,648.0,61.0,70.81666666666666,0.0,0.0,0.0,0,0.0,1.0,0.002320581950384669
15638,1,198.0402777777778,6,2265.2,377.5333333333333,429.92569444444445,20,189.0,33.5,58.0,3.0,56.0,128.0,1,0.5,3.3333333333333335,0.01392351414026329
15062,0,37.10486111111111,7,2411.8,344.54285714285714,429.88125,95,235.71428571428572,71.0,65.5,0.0,0.0,0.0,1,0.0,13.571428571428571,0.01624577537314515
13163,1,429.8534722222222,1,17.65,17.65,429.8534722222222,2,3.0,61.0,70.81666666666666,1.0,3.0,17.65,0,1.0,2.0,0.00232097468042274
15129,0,30.195138888888888,16,4533.16,283.3225,429.81597222222223,68,191.6875,19.0,28.571428571428573,0.0,0.0,0.0,1,0.0,4.25,0.03713882732218416
13197,1,429.15,1,373.01000000000005,373.01000000000005,429.15,19,204.0,61.0,70.81666666666666,0.0,0.0,0.0,0,0.0,19.0,0.002324770428920144
16040,0,88.11944444444444,5,1525.78,305.156,429.1097222222222,69,157.2,77.0,85.25,1.0,24.0,33.2,1,0.2,13.8,0.01162494066436536
18246,0,52.954861111111114,2,395.62,197.81,429.1048611111111,2,59.0,376.0,376.0,0.0,0.0,0.0,1,0.0,1.0,0.004650028820491127
16341,0,20.979166666666668,4,2676.57,669.1425,429.09722222222223,81,539.5,166.0,136.0,2.0,11.0,11.45,1,0.5,20.25,0.009300222817838344
16944,1,429.07430555555555,1,101.36,101.36,429.07430555555555,7,27.0,61.0,70.81666666666666,0.0,0.0,0.0,0,0.0,7.0,0.002325179595903163
12786,1,429.0263888888889,1,728.5,728.5,429.0263888888889,18,324.0,61.0,70.81666666666666,0.0,0.0,0.0,0,0.0,18.0,0.0023254386843184686
13080,0,220.92777777777778,3,222.65,74.21666666666667,428.98819444444445,11,24.333333333333332,104.0,104.0,1.0,2.0,19.9,1,0.3333333333333333,3.6666666666666665,0.006976935736284749
15331,1,319.13055555555553,3,767.91,255.97000000000003,428.93333333333334,41,233.66666666666666,110.0,110.0,1.0,4.0,12.5,1,0.3333333333333333,13.666666666666666,0.006977826019537912
17609,0,121.78888888888889,8,1313.37,164.17125000000001,428.8305555555556,231,108.625,28.0,61.4,3.0,77.0,135.35,1,0.375,28.875,0.018611985343061542
16276,0,298.96527777777777,2,1818.79,909.3950000000001,427.03333333333336,16,523.5,128.0,128.0,0.0,0.0,0.0,1,0.0,8.0,0.004672533291799704
14275,1,215.15555555555557,6,1189.3799999999999,198.23,427.0125,14,89.66666666666667,50.0,53.0,0.0,0.0,0.0,1,0.0,2.3333333333333335,0.014018282176338309
16814,0,12.088194444444444,27,9606.01,355.77814814814815,427.00347222222223,224,138.22222222222223,14.5,15.961538461538462,0.0,0.0,0.0,1,0.0,8.296296296296296,0.06308360037317974
12481,0,24.18263888888889,12,9689.74,807.4783333333334,426.9861111111111,207,483.1666666666667,34.0,44.77777777777778,3.0,138.0,144.35999999999999,1,0.25,17.25,0.028038293039104333
17608,0,268.8576388888889,2,296.07,148.035,426.96736111111113,90,149.5,158.0,158.0,0.0,0.0,0.0,1,0.0,45.0,0.0046732535743087885
13180,1,426.96736111111113,1,86.10000000000001,86.10000000000001,426.96736111111113,4,42.0,61.0,70.81666666666666,0.0,0.0,0.0,0,0.0,4.0,0.0023366267871543943
14011,1,299.8881944444444,2,457.82,228.91,426.96527777777777,32,322.0,127.0,127.0,1.0,2.0,5.9,1,0.5,16.0,0.004673276323689292
16372,0,228.99722222222223,3,934.58,311.52666666666664,426.8958333333333,203,188.0,99.0,99.0,1.0,24.0,30.0,1,0.3333333333333333,67.66666666666667,0.007011052144700327
17221,0,411.09930555555553,3,642.14,214.04666666666665,426.8861111111111,58,142.0,16.0,16.0,0.0,0.0,0.0,1,0.0,19.333333333333332,0.007011211446451873
15067,0,102.02777777777777,3,2966.17,988.7233333333334,426.8722222222222,125,510.6666666666667,162.5,162.5,1.0,1.0,12.75,1,0.3333333333333333,41.666666666666664,0.00701143903294078
14430,1,331.0520833333333,3,1220.9,406.9666666666667,426.86875,29,148.66666666666666,96.0,96.0,2.0,38.0,264.5,1,0.6666666666666666,9.666666666666666,0.0070114959318716315
12935,0,23.008333333333333,10,2949.39,294.93899999999996,426.86875,78,197.6,52.0,50.5,4.0,31.0,61.849999999999994,1,0.4,7.8,0.02337165310623877
15524,0,426.1465277777778,1,151.4,151.4,426.1465277777778,8,24.0,61.0,70.81666666666666,0.0,0.0,0.0,0,0.0,8.0,0.0023411170054512256
15590,1,201.91736111111112,5,1496.6,299.32,426.1118055555556,75,166.4,36.0,74.66666666666667,1.0,1.0,30.19,1,0.2,15.0,0.011706536637394904
14791,1,426.1013888888889,1,303.63,303.63,426.1013888888889,19,127.0,61.0,70.81666666666666,0.0,0.0,0.0,0,0.0,19.0,0.0023413644301216534
14114,1,93.13055555555556,7,1364.09,194.86999999999998,426.07152777777776,72,92.85714285714286,60.0,55.5,0.0,0.0,0.0,1,0.0,10.285714285714286,0.01639069697861567
14930,0,93.92222222222222,4,3977.9,994.475,426.06111111111113,166,433.5,93.0,110.66666666666667,3.0,7.0,109.99000000000001,1,0.75,41.5,0.00936634101286571
15546,1,426.0409722222222,2,1079.1000000000001,539.5500000000001,426.0451388888889,6,99.0,61.0,70.81666666666666,1.0,99.0,539.5500000000001,0,0.5,3.0,0.0046833456650594765
14844,0,60.986111111111114,7,4387.17,626.7385714285714,426.0,122,445.42857142857144,78.5,91.25,2.0,4.0,14.0,1,0.2857142857142857,17.428571428571427,0.01639344262295082
12982,1,62.04097222222222,8,2744.81,343.10125,425.9583333333333,139,216.125,28.0,52.0,9.0,64.0,182.69,1,1.125,17.375,0.018737191373084806
12671,1,425.84722222222223,1,2622.481,2622.481,425.84722222222223,45,1460.0,61.0,70.81666666666666,0.0,0.0,0.0,0,0.0,45.0,0.0023427585982494386
14853,0,30.897916666666667,4,1115.57,278.89250000000004,425.14166666666665,21,74.25,120.0,131.33333333333334,1.0,1.0,12.75,1,0.25,5.25,0.009386549856268456
12943,1,377.95694444444445,2,496.5,248.25,425.07430555555555,22,111.0,47.0,47.0,2.0,2.0,7.5,1,1.0,11.0,0.004694016921279054
15268,1,298.09513888888887,3,961.9000000000001,320.6333333333334,425.0576388888889,21,142.66666666666666,127.0,127.0,1.0,6.0,20.65,1,0.3333333333333333,7.0,0.007041300815128365
15639,0,271.15625,2,639.76,319.88,424.98541666666665,40,263.0,154.0,154.0,2.0,17.0,36.75,1,1.0,20.0,0.004694996405393378
12459,1,424.9145833333333,1,454.36,454.36,424.9145833333333,23,258.0,61.0,70.81666666666666,0.0,0.0,0.0,0,0.0,23.0,0.0023478886122510873
16809,0,27.997916666666665,6,1155.82,192.63666666666666,424.8861111111111,94,119.5,70.0,79.4,1.0,1.0,1.95,1,0.16666666666666666,15.666666666666666,0.01408827346904167
15982,1,424.87708333333336,1,324.51,324.51,424.87708333333336,45,131.0,61.0,70.81666666666666,0.0,0.0,0.0,0,0.0,45.0,0.002348095352238762
14998,0,60.84861111111111,3,521.95,173.98333333333335,424.86319444444445,85,66.33333333333333,182.0,182.0,0.0,0.0,0.0,1,0.0,28.333333333333332,0.007044515795532929
17505,0,25.159027777777776,4,1776.63,444.1575,424.84513888888887,65,238.75,200.0,200.0,0.0,0.0,0.0,1,0.0,16.25,0.009393085971197798
16259,1,229.9326388888889,3,340.94,113.64666666666666,424.8284722222222,75,47.666666666666664,195.0,195.0,0.0,0.0,0.0,1,0.0,25.0,0.007045090208140015
15890,1,214.00277777777777,5,535.65,107.13,424.1715277777778,10,23.8,105.0,105.0,0.0,0.0,0.0,1,0.0,2.0,0.011759959624138623
17594,0,74.09583333333333,3,1819.7,606.5666666666667,424.1645833333333,52,346.0,175.0,175.0,0.0,0.0,0.0,1,0.0,17.333333333333332,0.007056091023574204
14624,0,234.8986111111111,4,588.22,147.055,424.0875,30,120.75,50.0,63.0,0.0,0.0,0.0,1,0.0,7.5,0.009409827388478844
17039,1,423.99583333333334,1,1954.99,1954.99,423.99583333333334,44,689.0,61.0,70.81666666666666,0.0,0.0,0.0,0,0.0,44.0,0.0023529642447474974
16105,1,68.10902777777778,5,2386.19,477.238,423.97430555555553,92,425.0,61.0,89.0,0.0,0.0,0.0,1,0.0,18.4,0.011765417190254967
16292,0,199.97847222222222,4,951.51,237.8775,423.97291666666666,38,124.25,80.0,74.66666666666667,3.0,5.0,60.95,1,0.75,9.5,0.009412364513424875
13878,0,367.1076388888889,3,1145.33,381.77666666666664,423.9583333333333,59,154.66666666666666,28.5,28.5,0.0,0.0,0.0,1,0.0,19.666666666666668,0.007059515638788117
15572,0,68.08611111111111,6,2305.32,384.22,423.925,174,216.0,68.5,89.0,0.0,0.0,0.0,1,0.0,29.0,0.014120138848032005
13388,0,423.10555555555555,1,508.55,508.55,423.10555555555555,34,419.0,61.0,70.81666666666666,0.0,0.0,0.0,0,0.0,34.0,0.002357903561744325
14569,0,272.0826388888889,3,369.94,123.31333333333333,423.0423611111111,21,59.333333333333336,75.5,75.5,0.0,0.0,0.0,1,0.0,7.0,0.007074764870517064
14656,0,102.9798611111111,4,632.0600000000001,158.01500000000001,423.02777777777777,112,57.25,98.0,106.66666666666667,0.0,0.0,0.0,1,0.0,28.0,0.009433344251555847
18174,0,423.0229166666667,1,58.5,58.5,423.0229166666667,1,30.0,61.0,70.81666666666666,0.0,0.0,0.0,0,0.0,1.0,0.0023583630994787035
13647,0,54.12569444444444,5,1818.2,363.64,422.99652777777777,68,235.0,71.0,123.0,0.0,0.0,0.0,1,0.0,13.6,0.011792549401773796
18236,0,5.942361111111111,8,1217.6100000000001,152.20125000000002,422.9659722222222,59,51.375,54.0,83.4,0.0,0.0,0.0,1,0.0,7.375,0.018869438879889143
17678,1,83.04027777777777,2,599.76,299.88,422.9555555555556,27,184.0,340.0,340.0,1.0,1.0,19.95,1,0.5,13.5,0.00471747562637593
15814,0,212.78819444444446,2,689.11,344.555,422.9298611111111,23,228.5,210.0,210.0,0.0,0.0,0.0,1,0.0,11.5,0.004717761553191943
17709,0,289.95,4,533.56,133.39,422.91805555555555,31,69.5,18.0,44.333333333333336,0.0,0.0,0.0,1,0.0,7.75,0.00943578587318697
13661,1,422.9111111111111,1,325.24,325.24,422.9111111111111,17,118.0,61.0,70.81666666666666,0.0,0.0,0.0,0,0.0,17.0,0.0023589851121828477
16174,0,311.01180555555555,4,1237.2,309.3,422.9013888888889,15,195.0,44.0,37.333333333333336,0.0,0.0,0.0,1,0.0,3.75,0.009436156863002074
15354,1,422.8513888888889,3,284.4,94.8,422.85625,1,1.0,61.0,70.81666666666666,4.0,4.0,379.2,0,1.3333333333333333,0.3333333333333333,0.0070778713301974435
13015,0,16.850694444444443,10,5003.18,500.31800000000004,422.84375,202,262.3,48.0,58.0,3.0,72.0,120.69999999999999,1,0.3,20.2,0.023593600235936003
13414,0,116.02569444444444,4,1493.64,373.41,422.8263888888889,27,432.0,73.0,102.33333333333333,1.0,2.0,11.9,1,0.25,6.75,0.00943782667824548
13450,0,24.009722222222223,9,2754.86,306.0955555555555,422.7326388888889,47,323.77777777777777,28.0,49.875,1.0,2.0,2.5,1,0.1111111111111111,5.222222222222222,0.02123980825173106
13734,1,328.03194444444443,4,6695.6900000000005,1673.9225000000001,422.1722222222222,24,75.5,47.0,47.0,2.0,93.0,3250.3500000000004,1,0.5,6.0,0.009452416273910018
18262,0,212.97222222222223,2,428.06,214.03,422.15625,27,185.0,209.0,209.0,0.0,0.0,0.0,1,0.0,13.5,0.00472638652979839
12778,0,2.8895833333333334,7,1445.51,206.50142857142856,422.1201388888889,66,195.42857142857142,65.5,69.83333333333333,0.0,0.0,0.0,1,0.0,9.428571428571429,0.016543764658382747
12395,0,31.10763888888889,9,3272.26,363.58444444444444,422.1069444444444,117,286.44444444444446,41.5,48.875,2.0,4.0,17.8,1,0.2222222222222222,13.0,0.021271217875701246
12969,1,422.0833333333333,1,122.45,122.45,422.0833333333333,5,55.0,61.0,70.81666666666666,0.0,0.0,0.0,0,0.0,5.0,0.0023636005515067955
15979,1,422.0520833333333,1,329.22,329.22,422.0520833333333,22,450.0,61.0,70.81666666666666,0.0,0.0,0.0,0,0.0,22.0,0.0023637751458892475
17626,1,422.02430555555554,1,254.0,254.0,422.02430555555554,18,202.0,61.0,70.81666666666666,0.0,0.0,0.0,0,0.0,18.0,0.002363930362551403
14988,1,31.03125,7,2038.65,291.2357142857143,421.96944444444443,171,180.0,27.0,65.16666666666667,0.0,0.0,0.0,1,0.0,24.428571428571427,0.016549658827469806
14907,0,180.07361111111112,12,3007.31,250.6091666666667,421.96527777777777,82,104.66666666666667,11.0,34.57142857142857,5.0,30.0,50.1,1,0.4166666666666667,6.833333333333333,0.028371123187810925
16094,0,38.953472222222224,8,2869.43,358.67875,421.9513888888889,81,192.125,32.0,54.714285714285715,8.0,28.0,96.39999999999999,1,1.0,10.125,0.018914703226336097
17842,1,421.93541666666664,1,430.69,430.69,421.93541666666664,18,89.0,61.0,70.81666666666666,0.0,0.0,0.0,0,0.0,18.0,0.002364427192883074
14623,0,5.961111111111111,7,1528.14,218.3057142857143,421.81805555555553,157,114.57142857142857,68.0,69.33333333333333,1.0,3.0,8.85,1,0.14285714285714285,22.428571428571427,0.01655558438913507
13262,1,82.90555555555555,3,573.45,191.15,420.025,48,82.33333333333333,168.5,168.5,0.0,0.0,0.0,1,0.0,16.0,0.007125467608811829
17346,0,6.9375,17,3305.57,194.44529411764708,420.02222222222224,373,145.47058823529412,16.0,25.8125,0.0,0.0,0.0,1,0.0,21.941176470588236,0.04037791618283543
14395,0,42.00625,16,5947.96,371.7475,419.9847222222222,254,188.0625,21.0,27.0,2.0,3.0,21.35,1,0.125,15.875,0.03800612980808884
17256,0,131.91458333333333,4,386.83,96.7075,419.96527777777777,18,56.5,144.0,144.0,0.0,0.0,0.0,1,0.0,4.5,0.009501971329121233
15972,1,275.9791666666667,5,1769.33,353.866,419.9472222222222,104,93.6,26.0,48.0,0.0,0.0,0.0,1,0.0,20.8,0.011877973617700821
17041,0,180.04652777777778,4,888.21,222.0525,419.93402777777777,58,141.5,120.0,120.0,1.0,4.0,15.8,1,0.25,14.5,0.009502676752262247
16921,0,261.9458333333333,2,255.03,127.515,419.8861111111111,28,60.5,158.0,158.0,0.0,0.0,0.0,1,0.0,14.0,0.0047518793022657225
13286,1,419.8854166666667,1,734.91,734.91,419.8854166666667,46,274.0,61.0,70.81666666666666,0.0,0.0,0.0,0,0.0,46.0,0.0023759435713401806
14506,0,103.00277777777778,4,1553.76,388.44,419.1826388888889,133,111.25,86.0,105.33333333333333,0.0,0.0,0.0,1,0.0,33.25,0.009519669852560808
15410,0,22.963194444444444,6,3035.77,505.96166666666664,419.16180555555553,71,211.16666666666666,31.0,79.2,0.0,0.0,0.0,1,0.0,11.833333333333334,0.014280212814838199
17540,0,135.92708333333334,5,1280.5,256.1,419.12708333333336,35,91.6,75.5,70.75,0.0,0.0,0.0,1,0.0,7.0,0.01190116085906546
14845,1,419.1048611111111,1,150.0,150.0,419.1048611111111,1,600.0,61.0,70.81666666666666,0.0,0.0,0.0,0,0.0,1.0,0.0023803580785881832
17474,1,419.08819444444447,1,1047.0,1047.0,419.08819444444447,6,200.0,61.0,70.81666666666666,0.0,0.0,0.0,0,0.0,6.0,0.0023804525174111915
13145,0,191.78055555555557,4,805.0,201.25,419.06875,2,30.25,83.0,75.66666666666667,0.0,0.0,0.0,1,0.0,0.5,0.009522250822038059
15273,1,419.0548611111111,1,228.96,228.96,419.0548611111111,1,216.0,61.0,70.81666666666666,0.0,0.0,0.0,0,0.0,1.0,0.002380641417539706
13115,0,3.857638888888889,7,4078.4700000000003,582.6385714285715,418.97291666666666,161,426.85714285714283,35.5,69.16666666666667,7.0,16.0,50.599999999999994,1,1.0,23.0,0.01666774147142425
15451,1,253.96527777777777,2,226.86,113.43,418.9458333333333,56,38.0,165.0,165.0,0.0,0.0,0.0,1,0.0,28.0,0.004762518975661544
18095,1,132.0,5,2303.09,460.61800000000005,418.9451388888889,37,324.6,58.0,71.75,0.0,0.0,0.0,1,0.0,7.4,0.011906317128064016
12516,0,0.050694444444444445,3,1919.76,639.9200000000001,418.94166666666666,42,474.0,209.5,209.5,0.0,0.0,0.0,1,0.0,14.0,0.007143849344154942
14372,1,262.85625,2,860.08,430.04,418.8701388888889,36,189.0,156.0,156.0,1.0,2.0,29.9,1,0.5,18.0,0.004763377565484036
16548,1,418.8576388888889,1,30.15,30.15,418.8576388888889,6,6.0,61.0,70.81666666666666,0.0,0.0,0.0,0,0.0,6.0,0.00238175969037124
12780,1,418.13194444444446,1,337.4,337.4,418.13194444444446,20,285.0,61.0,70.81666666666666,0.0,0.0,0.0,0,0.0,20.0,0.0023858835224919227
14926,1,201.23402777777778,2,359.4,179.7,418.11875,2,102.0,217.0,217.0,1.0,15.0,21.75,1,0.5,1.0,0.004771917266884386
14611,1,263.1465277777778,2,604.3299999999999,302.16499999999996,418.1048611111111,37,291.0,155.0,155.0,1.0,1.0,4.95,1,0.5,18.5,0.004772075405419288
15970,1,123.02916666666667,2,1017.32,508.66,418.05555555555554,19,249.0,295.0,295.0,0.0,0.0,0.0,1,0.0,9.5,0.004772636881877237
16864,1,253.85694444444445,2,409.25,204.625,418.0375,17,141.5,164.0,164.0,0.0,0.0,0.0,1,0.0,8.5,0.004772842526026906
14812,1,418.02569444444447,1,178.85,178.85,418.02569444444447,36,135.0,61.0,70.81666666666666,0.0,0.0,0.0,0,0.0,36.0,0.0023864884976226262
12983,1,417.99444444444447,1,490.08000000000004,490.08000000000004,417.99444444444447,30,638.0,61.0,70.81666666666666,0.0,0.0,0.0,0,0.0,30.0,0.0023866664898765564
17622,1,417.0097222222222,2,1130.21,565.105,417.96666666666664,19,189.5,1.0,1.0,1.0,12.0,5.04,1,0.5,9.5,0.004773649455008354
17185,1,411.02430555555554,3,229.46,76.48666666666666,417.9590277777778,38,39.666666666666664,7.0,7.0,0.0,0.0,0.0,1,0.0,12.666666666666666,0.007160604739591016
15886,0,236.03402777777777,3,871.78,290.5933333333333,417.90763888888887,47,173.33333333333334,182.0,182.0,0.0,0.0,0.0,1,0.0,15.666666666666666,0.007161483156423702
18062,0,40.13611111111111,5,1398.07,279.614,417.16319444444446,43,158.2,83.0,94.25,3.0,14.0,109.3,1,0.6,8.6,0.011957054246830134
16256,1,86.02222222222223,3,1629.37,543.1233333333333,417.09444444444443,27,530.0,165.5,165.5,1.0,4.0,19.8,1,0.3333333333333333,9.0,0.007175412254009594
16472,1,253.95416666666668,2,789.6,394.79999999999995,417.04305555555555,39,126.0,163.0,163.0,0.0,0.0,0.0,1,0.0,19.5,0.004784196205202149
16231,1,198.90972222222223,4,1074.47,268.6175,417.03055555555557,69,140.75,27.0,72.66666666666667,0.0,0.0,0.0,1,0.0,17.25,0.009568678525626116
12588,0,218.99791666666667,3,743.88,247.96,417.01944444444445,27,128.33333333333334,198.0,198.0,1.0,4.0,19.8,1,0.3333333333333333,9.0,0.007176699648474619
15455,1,417.0048611111111,1,38.25,38.25,417.0048611111111,2,3.0,61.0,70.81666666666666,0.0,0.0,0.0,0,0.0,2.0,0.002392316676274698
13461,0,226.78958333333333,3,2715.0,905.0,416.8673611111111,25,654.0,95.0,95.0,2.0,4.0,21.5,1,0.6666666666666666,8.333333333333334,0.00717931161702361
13963,1,127.92152777777778,17,2860.57,168.26882352941178,416.8541666666667,129,118.05882352941177,17.5,18.0625,1.0,7.0,112.25,1,0.058823529411764705,7.588235294117647,0.04068405045619983
13308,0,22.98402777777778,2,1099.81,549.905,416.14444444444445,42,374.5,393.0,393.0,1.0,3.0,17.9,1,0.5,21.0,0.0047945023040247186
14917,1,416.05694444444447,2,1123.75,561.875,416.12916666666666,29,445.5,61.0,70.81666666666666,0.0,0.0,0.0,0,0.0,14.5,0.00479467790752265
12504,0,236.90347222222223,2,297.0,148.5,416.1013888888889,8,184.0,179.0,179.0,0.0,0.0,0.0,1,0.0,4.0,0.004794997219567584
13625,1,416.0833333333333,1,301.26,301.26,416.0833333333333,21,144.0,61.0,70.81666666666666,0.0,0.0,0.0,0,0.0,21.0,0.0023976023976023976
12625,1,31.122222222222224,4,5164.88,1291.22,416.05347222222224,144,827.25,108.0,128.33333333333334,1.0,35.0,69.5,1,0.25,36.0,0.009591096265633403
13346,1,282.04791666666665,6,299.4,49.9,416.0111111111111,4,30.0,33.0,33.5,0.0,0.0,0.0,1,0.0,0.6666666666666666,0.01438810583251179
16743,0,30.99513888888889,10,3060.77,306.077,415.9784722222222,85,253.5,35.0,42.77777777777778,0.0,0.0,0.0,1,0.0,8.5,0.02398205343001654
15651,0,80.1625,3,840.08,280.02666666666664,415.975,44,210.0,168.0,168.0,0.0,0.0,0.0,1,0.0,14.666666666666666,0.007194675939804544
16279,0,205.04305555555555,6,4195.5,699.25,415.9451388888889,165,439.5,42.0,42.2,1.0,2.0,12.9,1,0.16666666666666666,27.5,0.014390382427744125
14655,0,41.91041666666667,4,2756.84,689.21,415.93125,55,443.5,134.0,124.66666666666667,4.0,15.0,47.199999999999996,1,1.0,13.75,0.0095939078685035
17729,1,415.90763888888887,1,438.65000000000003,438.65000000000003,415.90763888888887,23,247.0,61.0,70.81666666666666,0.0,0.0,0.0,0,0.0,23.0,0.0023986128022626917
14182,1,263.0451388888889,4,678.77,169.6925,415.8847222222222,42,43.5,49.0,51.0,1.0,2.0,18.7,1,0.25,10.5,0.009594978627851426
17240,1,415.87916666666666,1,130.6,130.6,415.87916666666666,7,108.0,61.0,70.81666666666666,0.0,0.0,0.0,0,0.0,7.0,0.0023987766239218
14788,0,415.7736111111111,1,476.88,476.88,415.7736111111111,28,298.0,61.0,70.81666666666666,0.0,0.0,0.0,0,0.0,28.0,0.0023993841580660963
17057,1,415.7284722222222,1,294.74,294.74,415.7284722222222,48,129.0,61.0,70.81666666666666,0.0,0.0,0.0,0,0.0,48.0,0.002399644052798835
12672,1,149.14583333333334,2,437.05,218.52499999999998,415.1201388888889,22,69.0,266.0,266.0,1.0,7.0,26.55,1,0.5,11.0,0.004806304269099636
15474,1,415.06666666666666,1,150.35,150.35,415.06666666666666,19,55.0,61.0,70.81666666666666,0.0,0.0,0.0,0,0.0,19.0,0.002403460983816696
17181,0,193.00833333333333,2,225.45000000000002,112.72500000000001,415.06180555555557,7,121.5,222.0,222.0,0.0,0.0,0.0,1,0.0,3.5,0.004806978129918598
16028,1,415.0451388888889,1,82.2,82.2,415.0451388888889,5,18.0,61.0,70.81666666666666,0.0,0.0,0.0,0,0.0,5.0,0.002403585348144315
15548,1,415.0208333333333,1,158.09,158.09,415.0208333333333,23,64.0,61.0,70.81666666666666,0.0,0.0,0.0,0,0.0,23.0,0.0024037257749511746
13656,0,156.88055555555556,3,861.9,287.3,415.0,64,161.66666666666666,129.0,129.0,3.0,3.0,25.5,1,1.0,21.333333333333332,0.007211538461538462
15042,1,18.850694444444443,2,315.45,157.72500000000002,414.9506944444444,9,119.0,396.0,396.0,0.0,0.0,0.0,1,0.0,4.5,0.0048082621972088705
15245,0,6.972916666666666,7,3832.72,547.5314285714286,414.93541666666664,72,353.0,72.5,68.0,0.0,0.0,0.0,1,0.0,10.285714285714286,0.016829535835391114
16538,1,360.82708333333335,3,395.07,131.69,414.85069444444446,35,84.66666666666667,54.0,54.0,0.0,0.0,0.0,1,0.0,11.666666666666666,0.007214127666680583
16868,1,213.98125,3,384.56,128.18666666666667,413.0548611111111,47,37.333333333333336,99.5,99.5,0.0,0.0,0.0,1,0.0,15.666666666666666,0.007245416686932589
15600,1,247.93055555555554,4,1199.31,299.8275,413.0416666666667,55,164.25,51.0,55.0,1.0,6.0,20.6,1,0.25,13.75,0.00966086343966992
12844,0,261.8520833333333,2,322.64,161.32,413.0409722222222,43,49.0,151.0,151.0,0.0,0.0,0.0,1,0.0,21.5,0.0048304398216091745
16068,1,413.04027777777776,1,115.73,115.73,413.04027777777776,34,48.0,61.0,70.81666666666666,0.0,0.0,0.0,0,0.0,34.0,0.0024152239617052824
13863,1,67.10416666666667,4,1239.55,309.8875,412.9868055555556,59,138.25,77.0,115.33333333333333,2.0,7.0,21.919999999999998,1,0.5,14.75,0.00966214368748333
13760,0,75.99861111111112,4,1211.94,302.985,412.9861111111111,80,130.5,131.0,112.33333333333333,1.0,4.0,5.0,1,0.25,20.0,0.009662159895326601
18091,1,412.98055555555555,1,360.85,360.85,412.98055555555555,25,539.0,61.0,70.81666666666666,0.0,0.0,0.0,0,0.0,25.0,0.002415572390007582
13609,1,412.975,1,167.35,167.35,412.975,7,19.0,61.0,70.81666666666666,0.0,0.0,0.0,0,0.0,7.0,0.002415604807053566
14677,1,412.12638888888887,1,184.91,184.91,412.12638888888887,14,139.0,61.0,70.81666666666666,0.0,0.0,0.0,0,0.0,14.0,0.0024205667488090476
12838,0,193.03680555555556,9,2694.75,299.4166666666667,412.11875,177,164.33333333333334,20.0,27.375,2.0,7.0,22.450000000000003,1,0.2222222222222222,19.666666666666668,0.021785503562837562
17093,1,412.10277777777776,1,235.88,235.88,412.10277777777776,13,114.0,61.0,70.81666666666666,0.0,0.0,0.0,0,0.0,13.0,0.0024207050976014846
14743,1,412.1,1,50.48,50.48,412.1,3,40.0,61.0,70.81666666666666,0.0,0.0,0.0,0,0.0,3.0,0.002420721374969741
14773,1,412.09791666666666,1,140.55,140.55,412.09791666666666,10,53.0,61.0,70.81666666666666,1.0,3.0,14.850000000000001,0,1.0,10.0,0.0024207335831395904
12925,0,412.09583333333336,1,35.28,35.28,412.09583333333336,5,108.0,61.0,70.81666666666666,0.0,0.0,0.0,0,0.0,5.0,0.002420745791432577
15717,1,53.97847222222222,5,607.0,121.4,412.08958333333334,17,44.8,65.0,89.5,0.0,0.0,0.0,1,0.0,3.4,0.012103912085251887
14999,1,412.0854166666667,1,129.48000000000002,129.48000000000002,412.0854166666667,9,88.0,61.0,70.81666666666666,0.0,0.0,0.0,0,0.0,9.0,0.00242080683474463
14665,0,116.09444444444445,5,1645.6100000000001,329.122,412.06458333333336,78,134.4,117.0,98.66666666666667,1.0,2.0,17.8,1,0.2,15.6,0.012104644653025404
14021,0,30.96736111111111,6,1586.38,264.3966666666667,412.06111111111113,80,139.66666666666666,51.0,76.2,0.0,0.0,0.0,1,0.0,13.333333333333334,0.014525695686675364
17715,1,20.0125,2,489.59999999999997,244.79999999999998,412.0229166666667,1,288.0,392.0,392.0,0.0,0.0,0.0,1,0.0,0.5,0.00484234631855577
15384,0,179.05277777777778,3,1688.95,562.9833333333333,412.0083333333333,77,473.0,116.5,116.5,1.0,3.0,6.65,1,0.3333333333333333,25.666666666666668,0.007263775952866165
14563,1,329.0340277777778,2,640.54,320.27,411.99930555555557,95,139.5,83.0,83.0,0.0,0.0,0.0,1,0.0,47.5,0.004842623154800839
15111,0,192.04513888888889,3,1163.39,387.7966666666666,411.9847222222222,60,151.33333333333334,110.0,110.0,0.0,0.0,0.0,1,0.0,20.0,0.0072641912365604055
13307,0,306.99583333333334,2,258.34,129.17000000000002,411.9736111111111,14,68.0,105.0,105.0,0.0,0.0,0.0,1,0.0,7.0,0.004842924453741663
14552,0,200.00972222222222,2,343.71,171.85500000000002,411.9625,80,84.0,212.0,212.0,0.0,0.0,0.0,1,0.0,40.0,0.0048430547567878445
16623,1,65.11180555555555,4,1015.24,253.81,411.9486111111111,44,110.5,135.0,115.66666666666667,1.0,1.0,12.75,1,0.25,11.0,0.009686435290912577
17959,1,411.94305555555553,1,140.75,140.75,411.94305555555553,2,49.0,61.0,70.81666666666666,0.0,0.0,0.0,0,0.0,2.0,0.0024216414019958363
13012,0,32.97013888888889,6,2018.38,336.3966666666667,411.94166666666666,67,175.33333333333334,79.0,75.8,2.0,18.0,36.529999999999994,1,0.3333333333333333,11.166666666666666,0.014529897281698383
13655,0,61.12291666666667,5,1731.19,346.238,411.11875,73,147.0,89.5,87.5,2.0,13.0,21.21,1,0.4,14.6,0.012132425423497475
13064,0,146.96458333333334,3,764.55,254.85,411.1125,21,71.33333333333333,132.0,132.0,0.0,0.0,0.0,1,0.0,7.0,0.007279565652582729
16088,1,395.1069444444444,2,1437.43,718.7149999999999,411.07916666666665,3,186.5,16.0,16.0,0.0,0.0,0.0,1,0.0,1.5,0.004853436334037756
16543,1,411.05,1,292.21,292.21,411.05,18,317.0,61.0,70.81666666666666,1.0,14.0,14.399999999999999,0,1.0,18.0,0.0024268899405411964
16117,1,9.047222222222222,3,654.4,218.13333333333333,411.0416666666667,64,107.0,201.0,201.0,1.0,3.0,4.35,1,0.3333333333333333,21.333333333333332,0.0072808170694711296
15402,0,15.970833333333333,5,1644.76,328.952,411.0263888888889,72,354.2,76.0,98.75,1.0,2.0,13.899999999999999,1,0.2,14.4,0.012135145065546638
17991,1,44.86944444444445,3,300.3,100.10000000000001,411.0027777777778,37,31.0,183.0,183.0,0.0,0.0,0.0,1,0.0,12.333333333333334,0.007281504304852313
16354,0,199.0222222222222,3,723.66,241.22,410.97013888888887,87,147.33333333333334,106.0,106.0,0.0,0.0,0.0,1,0.0,29.0,0.007282081191833955
12849,0,88.01666666666667,5,2701.0299999999997,540.2059999999999,410.9625,110,349.4,74.5,80.75,0.0,0.0,0.0,1,0.0,22.0,0.012137027035227722
12392,1,410.9486111111111,1,234.75000000000003,234.75000000000003,410.9486111111111,7,73.0,61.0,70.81666666666666,0.0,0.0,0.0,0,0.0,7.0,0.002427487247263177
16408,1,410.9458333333333,1,231.93,231.93,410.9458333333333,45,227.0,61.0,70.81666666666666,0.0,0.0,0.0,0,0.0,45.0,0.002427503615968928
16267,1,410.94444444444446,1,186.66,186.66,410.94444444444446,7,198.0,61.0,70.81666666666666,0.0,0.0,0.0,0,0.0,7.0,0.0024275118004045853
12744,0,68.07777777777778,8,14300.42,1787.5525,410.8548611111111,173,529.125,100.5,85.75,2.0,5.0,6090.84,1,0.25,21.625,0.01942431850486704
16138,1,198.02569444444444,3,910.35,303.45000000000005,410.12430555555557,35,258.0,106.0,106.0,1.0,1.0,7.95,1,0.3333333333333333,11.666666666666666,0.007297063101015339
14237,1,192.97916666666666,2,471.14,235.57,410.1152777777778,26,119.0,217.0,217.0,1.0,2.0,5.1,1,0.5,13.0,0.0048648155593017635
14978,0,55.079861111111114,9,2718.05,302.0055555555556,410.0833333333333,159,69.77777777777777,40.5,44.375,2.0,4.0,35.8,1,0.2222222222222222,17.666666666666668,0.021893371173727954
17635,1,243.9013888888889,3,1265.58,421.85999999999996,410.0826388888889,60,256.6666666666667,83.0,83.0,1.0,7.0,8.75,1,0.3333333333333333,20.0,0.007297802719445097
17491,0,3.89375,11,3419.66,310.8781818181818,410.03680555555553,73,206.36363636363637,42.0,45.111111111111114,0.0,0.0,0.0,1,0.0,6.636363636363637,0.0267615937340026
13539,0,59.96180555555556,6,1253.67,208.94500000000002,410.03194444444443,58,103.5,69.0,70.0,2.0,12.0,38.1,1,0.3333333333333333,9.666666666666666,0.014597405581480217
13775,1,410.02430555555554,1,1049.66,1049.66,410.02430555555554,63,455.0,61.0,70.81666666666666,0.0,0.0,0.0,0,0.0,63.0,0.002432946145723337
18273,0,77.06111111111112,2,204.0,102.0,410.0180555555556,1,40.0,333.0,333.0,0.0,0.0,0.0,1,0.0,0.5,0.004865966282908631
18049,1,256.93333333333334,2,500.92,250.46,409.9763888888889,82,201.0,153.0,153.0,0.0,0.0,0.0,1,0.0,41.0,0.004866459616833895
14724,1,409.975,1,341.9,341.9,409.975,40,184.0,61.0,70.81666666666666,0.0,0.0,0.0,0,0.0,40.0,0.002433238031510432
12876,0,15.969444444444445,3,2590.2000000000003,863.4,409.975,92,585.6666666666666,197.0,197.0,1.0,8.0,13.2,1,0.3333333333333333,30.666666666666668,0.007299714094531297
16384,0,83.10902777777778,3,1183.55,394.51666666666665,409.9506944444444,71,267.0,163.5,163.5,0.0,0.0,0.0,1,0.0,23.666666666666668,0.007300145833931822
12717,0,65.09583333333333,2,887.6700000000001,443.83500000000004,409.9277777777778,43,178.0,345.0,345.0,0.0,0.0,0.0,1,0.0,21.5,0.004867035299525464
17605,1,409.9201388888889,1,160.75,160.75,409.9201388888889,13,71.0,61.0,70.81666666666666,0.0,0.0,0.0,0,0.0,13.0,0.0024335628881659555
14389,0,10.031944444444445,4,1165.69,291.4225,409.91180555555553,40,212.0,104.0,133.33333333333334,4.0,36.0,45.739999999999995,1,1.0,10.0,0.00973444896427829
16648,0,275.03541666666666,2,382.14,191.07,409.9111111111111,18,111.0,135.0,135.0,0.0,0.0,0.0,1,0.0,9.0,0.0048672327078037965
15445,1,83.90555555555555,2,284.5,142.25,409.90972222222223,12,59.0,326.0,326.0,0.0,0.0,0.0,1,0.0,6.0,0.004867249159216508
15101,0,178.99722222222223,5,1262.69,252.538,409.90972222222223,48,93.8,35.5,57.75,5.0,21.0,174.45,1,1.0,9.6,0.01216812289804127
13238,0,179.92569444444445,3,397.05,132.35,409.90833333333336,13,59.0,115.0,115.0,0.0,0.0,0.0,1,0.0,4.333333333333333,0.007300898416110649
12698,1,409.87430555555557,1,339.75,339.75,409.87430555555557,16,111.0,61.0,70.81666666666666,0.0,0.0,0.0,0,0.0,16.0,0.002433834353909938
16767,0,2.0840277777777776,8,5524.4,690.55,409.8340277777778,152,629.625,56.0,58.285714285714285,1.0,24.0,102.0,1,0.125,19.0,0.019472583717742194
13041,1,270.04583333333335,4,799.13,199.7825,409.1715277777778,23,83.75,47.0,46.333333333333336,0.0,0.0,0.0,1,0.0,5.75,0.009752017702621024
17886,0,30.102777777777778,5,1080.98,216.196,409.06944444444446,91,92.0,79.0,94.75,1.0,1.0,9.95,1,0.2,18.2,0.012193056731583404
17730,0,5.1506944444444445,12,4506.72,375.56,409.04305555555555,121,263.1666666666667,38.5,40.4,2.0,13.0,13.05,1,0.16666666666666666,10.083333333333334,0.029265219438338114
18111,1,408.99444444444447,1,405.85,405.85,408.99444444444447,27,232.0,61.0,70.81666666666666,1.0,4.0,6.95,0,1.0,27.0,0.0024390574398027074
12349,0,227.18541666666667,3,2671.14,890.38,408.9791666666667,90,331.0,91.0,91.0,1.0,5.0,24.15,1,0.3333333333333333,30.0,0.007317444992123583
17771,0,142.9423611111111,3,257.4,85.8,408.9784722222222,36,65.33333333333333,133.0,133.0,0.0,0.0,0.0,1,0.0,12.0,0.007317457386820786
15954,1,408.96875,1,190.75,190.75,408.96875,20,119.0,61.0,70.81666666666666,0.0,0.0,0.0,0,0.0,20.0,0.0024392103056635416
16332,0,124.94027777777778,5,539.51,107.902,408.96458333333334,49,74.2,77.5,71.0,1.0,36.0,10.44,1,0.2,9.8,0.012196175482638237
12863,0,198.79375,5,2271.35,454.27,408.9555555555556,23,141.4,28.0,52.5,1.0,2.0,17.0,1,0.2,4.6,0.012196444058976583
16607,0,27.119444444444444,18,4076.22,226.45666666666665,408.9506944444444,148,144.27777777777777,22.0,23.875,3.0,10.0,317.65,1,0.16666666666666666,8.222222222222221,0.04390771925485619
15180,1,186.91180555555556,3,816.9300000000001,272.31,408.8909722222222,46,218.0,111.0,111.0,0.0,0.0,0.0,1,0.0,15.333333333333334,0.007319019454699167
18141,1,221.04583333333332,2,882.47,441.235,408.8875,38,216.5,188.0,188.0,2.0,13.0,43.900000000000006,1,1.0,19.0,0.004879387636851576
12377,1,134.87847222222223,4,3426.32,856.58,408.8861111111111,129,526.25,39.0,91.33333333333333,0.0,0.0,0.0,1,0.0,32.25,0.009758808341070352
17463,0,53.013888888888886,4,1585.11,396.27750000000003,408.78680555555553,169,228.25,80.0,118.66666666666667,1.0,1.0,4.95,1,0.25,42.25,0.009761173238794564
15709,1,103.09166666666667,2,327.85,163.925,408.7631944444444,26,84.5,306.0,306.0,0.0,0.0,0.0,1,0.0,13.0,0.004880867845418848
16827,1,212.94861111111112,5,392.13,78.426,408.73819444444445,10,25.0,32.0,49.0,0.0,0.0,0.0,1,0.0,2.0,0.012202914123686704
12915,0,192.01180555555555,3,811.1,270.3666666666667,408.71805555555557,40,119.66666666666667,108.5,108.5,4.0,18.0,89.9,1,1.3333333333333333,13.333333333333334,0.007322108360424004
17021,1,261.7006944444444,6,1182.22,197.03666666666666,408.6979166666667,35,165.33333333333334,18.0,29.4,0.0,0.0,0.0,1,0.0,5.833333333333333,0.01464493656403346
14650,1,408.6826388888889,1,62.5,62.5,408.6826388888889,4,22.0,61.0,70.81666666666666,0.0,0.0,0.0,0,0.0,4.0,0.0024409137831960036
12806,1,254.96944444444443,4,2878.96,719.74,408.0875,58,521.75,64.0,51.0,0.0,0.0,0.0,1,0.0,14.5,0.009777859259938277
17005,1,290.0784722222222,2,622.36,311.18,408.0798611111111,14,345.5,118.0,118.0,1.0,1.0,9.95,1,0.5,7.0,0.004889020922632941
15818,1,407.99444444444447,1,340.5,340.5,407.99444444444447,11,284.0,61.0,70.81666666666666,0.0,0.0,0.0,0,0.0,11.0,0.0024450209864301333
14201,0,5.927083333333333,7,857.2,122.45714285714287,407.99305555555554,32,74.0,39.5,67.0,2.0,12.0,59.400000000000006,1,0.2857142857142857,4.571428571428571,0.01711520502589354
16374,0,81.96111111111111,4,1410.87,352.7175,407.9861111111111,227,146.25,136.0,108.66666666666667,0.0,0.0,0.0,1,0.0,56.75,0.0097802832207016
12374,0,240.97152777777777,3,2246.29,748.7633333333333,407.9506944444444,47,340.0,167.0,167.0,0.0,0.0,0.0,1,0.0,15.666666666666666,0.007335847672481572
14683,1,407.81388888888887,1,146.56,146.56,407.81388888888887,21,386.0,61.0,70.81666666666666,0.0,0.0,0.0,0,0.0,21.0,0.0024461008473021548
15253,0,222.9611111111111,3,1136.89,378.9633333333333,406.06458333333336,58,240.66666666666666,91.5,91.5,3.0,9.0,18.900000000000002,1,1.0,19.333333333333332,0.007369837914745305
15418,1,244.96666666666667,2,449.42,224.71,406.0548611111111,64,132.0,161.0,161.0,0.0,0.0,0.0,1,0.0,32.0,0.004913342625465104
16651,1,406.0444444444444,1,136.2,136.2,406.0444444444444,6,60.0,61.0,70.81666666666666,0.0,0.0,0.0,0,0.0,6.0,0.0024567341813615767
17565,1,406.0388888888889,1,131.83,131.83,406.0388888888889,30,67.0,61.0,70.81666666666666,0.0,0.0,0.0,0,0.0,30.0,0.0024567677126127725
15373,0,29.997916666666665,11,1860.38,169.12545454545455,406.03680555555553,91,42.63636363636363,36.0,37.6,1.0,24.0,202.79999999999998,1,0.09090909090909091,8.272727272727273,0.027024583157747476
15229,1,405.9583333333333,1,160.5,160.5,405.9583333333333,9,114.0,61.0,70.81666666666666,0.0,0.0,0.0,0,0.0,9.0,0.0024572540186341765
15426,0,76.86458333333333,6,1386.41,231.0683333333333,405.90277777777777,218,106.66666666666667,78.5,82.25,1.0,1.0,4.95,1,0.16666666666666666,36.333333333333336,0.014745537085708435
13465,1,265.90069444444447,2,931.12,465.56,405.8888888888889,34,292.0,140.0,140.0,0.0,0.0,0.0,1,0.0,17.0,0.004915346805024577
17555,0,154.01319444444445,4,760.88,190.22,405.8666666666667,174,136.75,91.0,84.0,0.0,0.0,0.0,1,0.0,43.5,0.009831230542356219
12507,0,118.14305555555555,2,985.41,492.70500000000004,404.14375,40,290.5,286.0,286.0,0.0,0.0,0.0,1,0.0,20.0,0.004936519445258627
16317,0,116.93055555555556,3,1421.6200000000001,473.8733333333333,404.10625,69,242.66666666666666,143.5,143.5,1.0,1.0,12.75,1,0.3333333333333333,23.0,0.007405464615764383
15183,1,367.08819444444447,3,639.93,213.31000000000003,404.0548611111111,33,99.0,18.5,18.5,1.0,2.0,2.9,1,0.3333333333333333,11.0,0.00740640413935698
13143,1,404.01944444444445,1,405.1,405.1,404.01944444444445,23,198.0,61.0,70.81666666666666,1.0,2.0,5.9,0,1.0,23.0,0.002469017262545694
16145,0,45.91111111111111,12,4322.2300000000005,360.1858333333334,403.9715277777778,154,275.5,29.0,32.54545454545455,6.0,53.0,70.04,1,0.5,12.833333333333334,0.029631712791880087
12725,1,190.87847222222223,4,2266.76,566.6899999999999,403.95208333333335,92,285.5,43.0,71.0,0.0,0.0,0.0,1,0.0,23.0,0.00987771186920263
12503,1,403.95208333333335,1,1126.0,1126.0,403.95208333333335,2,561.0,61.0,70.81666666666666,1.0,1.0,1126.0,0,1.0,2.0,0.0024694279673006577
18163,1,403.9159722222222,1,728.84,728.84,403.9159722222222,33,452.0,61.0,70.81666666666666,1.0,22.0,89.5,0,1.0,33.0,0.002469648195184529
14962,1,90.13055555555556,4,366.91,91.7275,403.91180555555553,14,30.75,32.0,104.66666666666667,0.0,0.0,0.0,1,0.0,3.5,0.00987869443448762
15391,1,403.90694444444443,1,289.87,289.87,403.90694444444443,12,109.0,61.0,70.81666666666666,1.0,1.0,6.95,0,1.0,12.0,0.0024697032582932294
16526,0,403.84444444444443,1,426.85,426.85,403.84444444444443,20,173.0,61.0,70.81666666666666,0.0,0.0,0.0,0,0.0,20.0,0.0024700845317817545
15396,0,403.15694444444443,1,508.20000000000005,508.20000000000005,403.15694444444443,2,156.0,61.0,70.81666666666666,0.0,0.0,0.0,0,0.0,2.0,0.0024742863230386987
16135,1,82.01388888888889,2,819.45,409.72499999999997,403.1354166666667,35,197.5,321.0,321.0,0.0,0.0,0.0,1,0.0,17.5,0.004948836250225533
14025,1,284.11041666666665,8,4057.9,507.2375,403.12083333333334,60,240.0,15.0,17.0,2.0,16.0,88.8,1,0.25,7.5,0.019796059346936252
17759,0,212.90347222222223,2,441.92,220.95999999999998,403.0486111111111,41,134.0,190.0,190.0,0.0,0.0,0.0,1,0.0,20.5,0.004949899455167317
14437,1,185.14097222222222,5,873.34,174.668,403.0208333333333,34,84.0,49.5,54.5,1.0,6.0,22.5,1,0.2,6.8,0.012375599443098026
14936,0,95.03958333333334,5,5850.15,1170.03,403.01666666666665,186,626.6,115.0,102.66666666666667,1.0,1.0,12.75,1,0.2,37.2,0.012375727073965595
15488,0,276.03541666666666,4,340.6,85.15,402.99097222222224,8,44.5,33.0,42.333333333333336,0.0,0.0,0.0,1,0.0,2.0,0.009901211351326263
13512,1,80.11597222222223,4,713.39,178.3475,402.97777777777776,31,104.75,103.0,107.66666666666667,0.0,0.0,0.0,1,0.0,7.75,0.009901534737884372
18028,1,402.9736111111111,1,192.05,192.05,402.9736111111111,4,133.0,61.0,70.81666666666666,0.0,0.0,0.0,0,0.0,4.0,0.0024754092160860345
15868,1,402.94375,1,94.53,94.53,402.94375,4,57.0,61.0,70.81666666666666,0.0,0.0,0.0,0,0.0,4.0,0.002475592208073525
15097,0,402.92847222222224,2,660.27,330.135,402.93611111111113,39,127.0,61.0,70.81666666666666,2.0,126.0,321.3,0,1.0,19.5,0.0049512780486463065
15381,1,33.03819444444444,5,1890.5700000000002,378.114,402.9270833333333,20,160.4,86.5,92.5,1.0,1.0,2.95,1,0.2,4.0,0.012378471774505507
15704,0,6.948611111111111,4,2948.36,737.09,402.9159722222222,110,335.75,81.0,132.0,2.0,25.0,73.78000000000002,1,0.5,27.5,0.009903049829877296
17597,1,33.03888888888889,5,3484.09,696.818,402.88680555555555,109,443.0,65.5,92.5,2.0,10.0,58.8,1,0.4,21.8,0.01237970622269372
12958,1,219.85694444444445,2,467.34,233.67,402.85277777777776,45,59.0,183.0,183.0,0.0,0.0,0.0,1,0.0,22.5,0.0049522997241844184
13713,1,227.85555555555555,3,740.76,246.92,402.83472222222224,70,94.66666666666667,87.5,87.5,0.0,0.0,0.0,1,0.0,23.333333333333332,0.00742878171419138
13400,1,402.15972222222223,1,310.83,310.83,402.15972222222223,23,284.0,61.0,70.81666666666666,1.0,2.0,9.9,0,1.0,23.0,0.0024804065110670915
16844,1,382.09791666666666,2,614.34,307.17,402.1486111111111,26,140.5,20.0,20.0,0.0,0.0,0.0,1,0.0,13.0,0.004960949746268091
12388,0,94.87708333333333,5,1886.7,377.34000000000003,401.9972222222222,52,174.0,74.5,76.75,0.0,0.0,0.0,1,0.0,10.4,0.012407033409383853
13102,0,18.134027777777778,28,8725.17,311.61321428571426,401.9847222222222,168,166.46428571428572,16.0,16.0,5.0,66.0,256.8,1,0.17857142857142858,6.0,0.06948154224208941
17199,1,401.95625,1,135.04000000000002,135.04000000000002,401.95625,8,232.0,61.0,70.81666666666666,0.0,0.0,0.0,0,0.0,8.0,0.002481658989034169
14272,0,73.95347222222222,3,614.94,204.98000000000002,401.9506944444444,38,195.0,164.0,164.0,0.0,0.0,0.0,1,0.0,12.666666666666666,0.0074450796123733095
13024,1,290.13055555555553,2,555.87,277.935,401.93402777777777,26,90.5,112.0,112.0,1.0,7.0,20.45,1,0.5,13.0,0.0049635917101124565
13891,1,197.8701388888889,3,859.21,286.40333333333336,401.8666666666667,97,158.66666666666666,102.0,102.0,0.0,0.0,0.0,1,0.0,32.333333333333336,0.007446632467317557
16890,1,296.06041666666664,3,285.41,95.13666666666666,401.84930555555553,17,81.0,53.0,53.0,0.0,0.0,0.0,1,0.0,5.666666666666667,0.007446953385864235
13974,0,401.78819444444446,1,264.13,264.13,401.78819444444446,15,107.0,61.0,70.81666666666666,2.0,2.0,14.2,0,2.0,15.0,0.002482694413075524
17225,1,401.05,1,131.15,131.15,401.05,5,36.0,61.0,70.81666666666666,0.0,0.0,0.0,0,0.0,5.0,0.002487252829250093
17798,1,401.0472222222222,1,178.07,178.07,401.0472222222222,43,138.0,61.0,70.81666666666666,0.0,0.0,0.0,0,0.0,43.0,0.0024872700138872574
13830,1,401.0180555555556,1,156.85000000000002,156.85000000000002,401.0180555555556,11,47.0,61.0,70.81666666666666,1.0,2.0,20.9,0,1.0,11.0,0.0024874504669151814
14814,1,400.94444444444446,1,154.21,154.21,400.94444444444446,28,93.0,61.0,70.81666666666666,0.0,0.0,0.0,0,0.0,28.0,0.00248790601243953
18254,1,400.92569444444445,1,267.9,267.9,400.92569444444445,16,188.0,61.0,70.81666666666666,0.0,0.0,0.0,0,0.0,16.0,0.0024880220742847367
17031,0,197.89791666666667,4,2393.5,598.375,400.91527777777776,22,340.0,80.0,67.66666666666667,0.0,0.0,0.0,1,0.0,5.5,0.009952346231067217
17808,1,368.0875,4,262.64,65.66,400.85,29,35.75,9.0,11.0,0.0,0.0,0.0,1,0.0,7.25,0.009953962921488117
16632,1,305.0493055555556,2,406.4,203.2,400.8361111111111,22,128.0,96.0,96.0,0.0,0.0,0.0,1,0.0,11.0,0.004977153482970531
13007,1,399.09166666666664,1,175.25,175.25,399.09166666666664,11,59.0,61.0,70.81666666666666,0.0,0.0,0.0,0,0.0,11.0,0.002499427214596655
13838,0,189.08680555555554,7,1245.91,177.98714285714286,399.0486111111111,242,74.28571428571429,56.0,70.0,0.0,0.0,0.0,1,0.0,34.57142857142857,0.017497873522314997
14474,0,399.0263888888889,1,711.23,711.23,399.0263888888889,97,308.0,61.0,70.81666666666666,0.0,0.0,0.0,0,0.0,97.0,0.002499835080324562
17926,0,23.143055555555556,4,849.9300000000001,212.48250000000002,398.94652777777776,21,100.0,115.0,125.33333333333333,0.0,0.0,0.0,1,0.0,5.25,0.010001336984284358
14678,1,398.9291666666667,1,403.39,403.39,398.9291666666667,24,179.0,61.0,70.81666666666666,1.0,1.0,16.95,0,1.0,24.0,0.0025004427867434858
13425,0,114.17777777777778,3,2167.79,722.5966666666667,398.9270833333333,96,505.6666666666667,142.5,142.5,3.0,6.0,27.700000000000003,1,1.0,32.0,0.0075013674367723285
17292,1,291.81666666666666,2,271.75,135.875,398.91527777777776,14,65.5,107.0,107.0,0.0,0.0,0.0,1,0.0,7.0,0.005001059252133264
14129,0,80.17083333333333,5,1826.3799999999999,365.27599999999995,398.9138888888889,37,197.2,72.0,79.75,0.0,0.0,0.0,1,0.0,7.4,0.012502691551653481
17135,0,109.09930555555556,5,1083.0,216.6,398.86597222222224,85,176.4,80.5,72.5,1.0,26.0,10.92,1,0.2,17.0,0.012504189771920105
16092,0,16.88888888888889,5,1363.81,272.762,398.8611111111111,55,201.0,75.0,127.33333333333333,3.0,13.0,42.45,1,0.6,11.0,0.012504341785342134
15661,1,136.95416666666668,8,1215.95,151.99374999999998,398.20208333333335,27,97.375,34.0,37.285714285714285,0.0,0.0,0.0,1,0.0,3.375,0.020039975576279765
17720,0,45.00069444444444,8,2003.35,250.41875,398.11944444444447,69,151.875,40.0,50.42857142857143,2.0,5.0,53.849999999999994,1,0.25,8.625,0.0200441249138729
17003,1,221.98263888888889,4,828.21,207.05249999999998,398.0625,90,123.5,88.0,88.0,0.0,0.0,0.0,1,0.0,22.5,0.010023492560689115
14941,1,398.05555555555554,1,182.1,182.1,398.05555555555554,7,80.0,61.0,70.81666666666666,0.0,0.0,0.0,0,0.0,7.0,0.002505916747876932
14361,1,398.01458333333335,1,214.70999999999998,214.70999999999998,398.01458333333335,14,251.0,61.0,70.81666666666666,0.0,0.0,0.0,0,0.0,14.0,0.002506174064231153
17169,0,2.9819444444444443,2,629.63,314.815,397.99305555555554,31,123.5,395.0,395.0,1.0,5.0,7.949999999999999,1,0.5,15.5,0.005012618571055609
17482,1,306.88680555555555,2,775.64,387.82000000000005,397.94444444444446,50,120.0,91.0,91.0,0.0,0.0,0.0,1,0.0,25.0,0.005013229355243002
17579,0,397.93194444444447,1,304.38,304.38,397.93194444444447,43,117.0,61.0,70.81666666666666,0.0,0.0,0.0,0,0.0,43.0,0.0025066932190466905
14588,1,397.90416666666664,1,135.39,135.39,397.90416666666664,16,62.0,61.0,70.81666666666666,0.0,0.0,0.0,0,0.0,16.0,0.0025068677731702477
16614,1,2.051388888888889,3,1179.79,393.2633333333333,397.89722222222224,37,116.33333333333333,198.0,198.0,0.0,0.0,0.0,1,0.0,12.333333333333334,0.007520734246499028
17077,1,397.84305555555557,1,306.0,306.0,397.84305555555557,1,36.0,61.0,70.81666666666666,0.0,0.0,0.0,0,0.0,1.0,0.0025072518778271875
12675,1,373.12569444444443,2,957.25,478.625,397.8375,111,168.0,25.0,25.0,2.0,2.0,23.7,1,1.0,55.5,0.005014573604538189
16323,1,15.918055555555556,2,353.66,176.83,397.12638888888887,4,73.0,381.0,381.0,0.0,0.0,0.0,1,0.0,2.0,0.005023530355728743
16737,0,397.12291666666664,1,417.59999999999997,417.59999999999997,397.12291666666664,1,288.0,61.0,70.81666666666666,0.0,0.0,0.0,0,0.0,1.0,0.002511787084181498
12582,1,58.170138888888886,4,1980.4,495.1,397.12152777777777,88,246.25,134.0,113.0,0.0,0.0,0.0,1,0.0,22.0,0.010047183387261358
17545,0,209.88888888888889,3,767.54,255.84666666666666,397.1152777777778,112,115.0,187.0,187.0,0.0,0.0,0.0,1,0.0,37.333333333333336,0.007535505838272694
12599,0,27.961805555555557,9,1728.0,192.0,397.0888888888889,39,184.55555555555554,38.5,46.125,0.0,0.0,0.0,1,0.0,4.333333333333333,0.02260801607681143
18281,1,0.08125,2,201.14,100.57,397.0840277777778,17,73.0,397.0,397.0,0.0,0.0,0.0,1,0.0,8.5,0.005024064922083382
13695,0,8.933333333333334,6,892.52,148.75333333333333,397.07152777777776,19,100.66666666666667,23.0,77.6,0.0,0.0,0.0,1,0.0,3.1666666666666665,0.015072668054142977
13943,1,397.05555555555554,1,246.54,246.54,397.05555555555554,15,94.0,61.0,70.81666666666666,0.0,0.0,0.0,0,0.0,15.0,0.002512212142358688
17321,0,213.99583333333334,4,1008.05,252.01250000000002,397.02777777777777,159,106.5,91.5,91.5,0.0,0.0,0.0,1,0.0,39.75,0.010049549863912346
15034,0,52.074305555555554,11,6597.42,599.7654545454545,396.97222222222223,308,332.8181818181818,33.0,38.333333333333336,1.0,5.0,9.25,1,0.09090909090909091,28.0,0.027640120053046696
13222,1,396.9555555555556,1,88.5,88.5,396.9555555555556,1,30.0,61.0,70.81666666666666,0.0,0.0,0.0,0,0.0,1.0,0.002512843421934331
13296,0,243.00625,5,705.11,141.022,396.93125,46,115.0,33.0,38.5,0.0,0.0,0.0,1,0.0,9.2,0.0125649845293628
16307,1,248.9298611111111,3,1194.92,398.3066666666667,396.9236111111111,69,374.3333333333333,74.0,74.0,0.0,0.0,0.0,1,0.0,23.0,0.0075391354426624325
13103,0,257.04305555555555,2,465.70000000000005,232.85000000000002,396.92291666666665,21,172.0,140.0,140.0,0.0,0.0,0.0,1,0.0,10.5,0.005026099066506809
14014,0,195.9125,2,1443.03,721.5149999999999,396.15694444444443,37,464.0,200.0,200.0,0.0,0.0,0.0,1,0.0,18.5,0.005035792595286638
13295,1,179.06180555555557,4,1101.97,275.4925,396.15069444444447,56,183.25,35.0,72.33333333333333,5.0,34.0,40.7,1,1.25,14.0,0.01007174368811167
14391,1,396.13055555555553,1,135.6,135.6,396.13055555555553,14,168.0,61.0,70.81666666666666,0.0,0.0,0.0,0,0.0,14.0,0.002518063609084614
17705,0,34.97986111111111,5,617.68,123.53600000000002,396.12708333333336,37,113.4,83.5,90.25,0.0,0.0,0.0,1,0.0,7.4,0.012590428127016435
14707,1,255.05069444444445,2,139.2,69.6,396.07152777777776,1,48.0,141.0,141.0,0.0,0.0,0.0,1,0.0,0.5,0.005036875877736834
12580,1,66.10138888888889,2,1052.9,526.45,396.0451388888889,52,284.5,330.0,330.0,0.0,0.0,0.0,1,0.0,26.0,0.005037210644605549
15012,0,193.00069444444443,2,429.78,214.89,396.0423611111111,107,121.0,203.0,203.0,0.0,0.0,0.0,1,0.0,53.5,0.005037245885811933
16898,0,188.01875,3,496.26,165.42,396.02222222222224,110,125.66666666666667,104.0,104.0,1.0,33.0,64.35,1,0.3333333333333333,36.666666666666664,0.007556252098958916
17016,1,396.0125,1,552.4,552.4,396.0125,41,309.0,61.0,70.81666666666666,0.0,0.0,0.0,0,0.0,41.0,0.0025188123799628477
17845,1,374.8958333333333,4,596.09,149.02249999999998,395.9902777777778,42,48.75,21.0,21.0,0.0,0.0,0.0,1,0.0,10.5,0.01007581349949096
13998,1,266.1041666666667,3,566.7,188.9,395.98055555555555,30,68.0,65.0,65.0,0.0,0.0,0.0,1,0.0,10.0,0.007557045195328627
12494,0,15.959027777777777,6,1284.81,214.135,395.95694444444445,54,92.83333333333333,63.0,76.0,6.0,20.0,53.650000000000006,1,1.0,9.0,0.015114989381020192
16993,1,283.0236111111111,2,1950.9499999999998,975.475,395.9548611111111,19,142.5,113.0,113.0,1.0,24.0,262.79999999999995,1,0.5,9.5,0.005038356236277915
15405,1,8.920833333333333,2,659.84,329.92,395.87083333333334,29,174.0,387.0,387.0,0.0,0.0,0.0,1,0.0,14.5,0.005039422986068095
17897,0,186.87222222222223,8,1968.75,246.09375,395.86597222222224,175,99.125,17.0,34.833333333333336,1.0,6.0,25.5,1,0.125,21.875,0.02015793885075251
15470,1,395.1354166666667,1,63.419999999999995,63.419999999999995,395.1354166666667,4,232.0,61.0,70.81666666666666,0.0,0.0,0.0,0,0.0,4.0,0.0025243892818638406
15199,0,55.00347222222222,8,2510.85,313.85625,395.10833333333335,17,90.625,41.0,48.57142857142857,0.0,0.0,0.0,1,0.0,2.125,0.02019649506658532
14039,0,395.1076388888889,1,115.08000000000001,115.08000000000001,395.1076388888889,4,100.0,61.0,70.81666666666666,0.0,0.0,0.0,0,0.0,4.0,0.0025245663093119678
13892,0,66.03194444444445,3,689.1999999999999,229.73333333333335,395.09583333333336,11,760.6666666666666,164.5,164.5,0.0,0.0,0.0,1,0.0,3.6666666666666665,0.007573924660488307
13220,0,5.069444444444445,4,1243.29,310.8225,395.09375,43,83.0,34.0,130.0,0.0,0.0,0.0,1,0.0,10.75,0.01009861932938856
18197,1,395.0861111111111,1,230.1,230.1,395.0861111111111,9,166.0,61.0,70.81666666666666,1.0,4.0,8.7,0,1.0,9.0,0.0025247035226627205
13888,0,37.922916666666666,6,1635.48,272.58,395.03680555555553,110,102.5,90.0,119.0,0.0,0.0,0.0,1,0.0,18.333333333333332,0.01515010705023558
15597,0,394.9861111111111,1,238.8,238.8,394.9861111111111,15,114.0,61.0,70.81666666666666,0.0,0.0,0.0,0,0.0,15.0,0.002525341096418926
16906,0,6.156944444444444,6,1244.32,207.38666666666666,394.9770833333333,141,85.0,95.0,97.25,0.0,0.0,0.0,1,0.0,23.5,0.015152392026053696
15210,1,44.860416666666666,3,1176.19,392.06333333333333,394.9222222222222,66,280.3333333333333,175.0,175.0,0.0,0.0,0.0,1,0.0,22.0,0.007577245811466899
12894,1,394.91875,1,157.35,157.35,394.91875,21,33.0,61.0,70.81666666666666,0.0,0.0,0.0,0,0.0,21.0,0.002525770754731874
12923,0,209.98194444444445,2,597.6,298.8,394.91319444444446,28,81.0,185.0,185.0,0.0,0.0,0.0,1,0.0,14.0,0.005051612393990686
15478,0,394.75069444444443,1,583.56,583.56,394.75069444444443,24,319.0,61.0,70.81666666666666,0.0,0.0,0.0,0,0.0,24.0,0.002526843323430681
12880,1,201.08333333333334,2,640.13,320.065,394.03680555555553,32,139.5,193.0,193.0,0.0,0.0,0.0,1,0.0,16.0,0.005062819392707783
16115,0,32.01875,7,1399.22,199.88857142857142,394.03541666666666,158,130.14285714285714,52.0,60.333333333333336,0.0,0.0,0.0,1,0.0,22.571428571428573,0.01771993017503705
16836,0,226.0013888888889,2,530.5,265.25,393.99861111111113,31,187.0,168.0,168.0,0.0,0.0,0.0,1,0.0,15.5,0.005063308942717801
15723,1,184.06805555555556,4,930.7,232.675,393.99652777777777,108,106.75,47.0,70.0,0.0,0.0,0.0,1,0.0,27.0,0.010126671296336993
16588,1,205.7875,4,1361.28,340.32,393.96319444444447,64,220.5,69.0,62.666666666666664,0.0,0.0,0.0,1,0.0,16.0,0.010127525947389611
14296,1,240.94166666666666,2,456.40000000000003,228.2,393.9277777777778,27,157.0,153.0,153.0,1.0,1.0,7.95,1,0.5,13.5,0.005064217086105757
13300,0,207.81944444444446,2,913.62,456.81,393.87083333333334,29,126.0,186.0,186.0,1.0,6.0,11.7,1,0.5,14.5,0.005064947398410873
16922,1,392.0597222222222,1,611.08,611.08,392.0597222222222,122,281.0,61.0,70.81666666666666,0.0,0.0,0.0,0,0.0,122.0,0.002544142641597439
18258,1,283.9375,6,2059.67,343.27833333333336,392.0520833333333,30,330.1666666666667,26.5,27.0,2.0,8.0,18.7,1,0.3333333333333333,5.0,0.015265152519015186
17123,0,259.03055555555557,2,631.87,315.935,392.04027777777776,31,215.0,133.0,133.0,0.0,0.0,0.0,1,0.0,15.5,0.005088537010272484
16507,1,391.99583333333334,1,142.71,142.71,391.99583333333334,37,111.0,61.0,70.81666666666666,0.0,0.0,0.0,0,0.0,37.0,0.0025445562399940627
14982,1,391.87361111111113,1,237.78,237.78,391.87361111111113,39,125.0,61.0,70.81666666666666,0.0,0.0,0.0,0,0.0,39.0,0.0025453478465296657
18287,0,21.090972222222224,5,3110.99,622.198,391.03819444444446,93,383.0,127.0,123.33333333333333,1.0,2.0,5.1,1,0.2,18.6,0.01275385937098674
18157,1,390.9451388888889,1,213.9,213.9,390.9451388888889,25,145.0,61.0,70.81666666666666,0.0,0.0,0.0,0,0.0,25.0,0.0025513774780696703
16932,0,242.94166666666666,2,262.32,131.16,390.94097222222223,77,67.5,148.0,148.0,0.0,0.0,0.0,1,0.0,38.5,0.005102809202774653
15280,0,308.0201388888889,2,284.4,142.2,390.93958333333336,39,176.5,83.0,83.0,0.0,0.0,0.0,1,0.0,19.5,0.0051028272852427295
13857,1,212.99722222222223,6,1001.01,166.835,390.93680555555557,99,130.33333333333334,36.5,44.5,1.0,2.0,3.9,1,0.16666666666666666,16.5,0.015308590351690058
13719,0,24.99861111111111,8,2080.14,260.0175,390.9263888888889,159,145.625,29.0,52.285714285714285,0.0,0.0,0.0,1,0.0,19.875,0.020411996300325672
14017,1,390.91527777777776,1,229.75,229.75,390.91527777777776,14,73.0,61.0,70.81666666666666,0.0,0.0,0.0,0,0.0,14.0,0.0025515718745902425
17928,0,65.78263888888888,2,206.96,103.47999999999999,390.8888888888889,21,64.0,325.0,325.0,0.0,0.0,0.0,1,0.0,10.5,0.00510348738304508
13605,1,206.81527777777777,2,522.67,261.33500000000004,390.8777777777778,50,212.5,184.0,184.0,0.0,0.0,0.0,1,0.0,25.0,0.005103632084833706
14304,1,42.041666666666664,3,1725.01,575.0033333333333,390.0833333333333,69,258.3333333333333,174.0,174.0,2.0,88.0,201.20000000000002,1,0.6666666666666666,23.0,0.0076709993607500535
16884,0,376.00347222222223,2,641.13,320.565,390.03472222222223,39,100.0,14.0,14.0,0.0,0.0,0.0,1,0.0,19.5,0.00511463531584649
15071,0,95.1048611111111,3,1062.16,354.05333333333334,390.00347222222223,31,104.0,147.5,147.5,0.0,0.0,0.0,1,0.0,10.333333333333334,0.00767256613592164
13501,1,107.74375,3,2885.11,961.7033333333333,389.9763888888889,90,417.6666666666667,141.0,141.0,2.0,15.0,44.849999999999994,1,0.6666666666666666,30.0,0.007673097622405445
14744,0,117.05347222222223,12,3488.13,290.6775,389.9472222222222,53,190.91666666666666,20.0,30.333333333333332,3.0,3.0,64.06,1,0.25,4.416666666666667,0.030694680299273136
13541,1,246.8423611111111,2,785.25,392.625,389.8576388888889,10,139.5,143.0,143.0,1.0,13.0,67.35000000000001,1,0.5,5.0,0.0051169525704691425
15282,1,389.84930555555553,1,348.59,348.59,389.84930555555553,27,395.0,61.0,70.81666666666666,0.0,0.0,0.0,0,0.0,27.0,0.0025585308347384527
16835,0,192.81597222222223,5,1357.56,271.512,389.17291666666665,54,90.8,34.5,49.0,4.0,22.0,66.9,1,0.8,10.8,0.012814831031113342
14325,1,389.1458333333333,1,245.48000000000002,245.48000000000002,389.1458333333333,18,320.0,61.0,70.81666666666666,0.0,0.0,0.0,0,0.0,18.0,0.0025631441234581086
17413,1,224.01180555555555,2,560.14,280.07,389.06875,10,151.0,165.0,165.0,0.0,0.0,0.0,1,0.0,5.0,0.005127301277018474
17382,0,255.08125,7,836.88,119.55428571428571,389.05347222222224,14,61.714285714285715,14.0,26.8,0.0,0.0,0.0,1,0.0,2.0,0.017946257368558798
15636,0,101.91666666666667,3,1026.52,342.17333333333335,389.05069444444445,28,119.33333333333333,143.5,143.5,0.0,0.0,0.0,1,0.0,9.333333333333334,0.007691307931839344
14283,1,282.9194444444444,4,628.4399999999999,157.11,389.01944444444445,36,137.5,24.0,35.333333333333336,0.0,0.0,0.0,1,0.0,9.0,0.010255898922418398
17490,0,207.75208333333333,2,658.18,329.09000000000003,389.00694444444446,37,198.5,181.0,181.0,0.0,0.0,0.0,1,0.0,18.5,0.0051281138156371855
16059,0,74.02638888888889,9,2241.41,249.04555555555555,388.9902777777778,192,117.44444444444444,35.0,39.375,0.0,0.0,0.0,1,0.0,21.333333333333332,0.023077498370685876
14598,0,388.98819444444445,1,162.07,162.07,388.98819444444445,40,165.0,61.0,70.81666666666666,1.0,165.0,162.07,0,1.0,40.0,0.0025641801835169513
14220,1,66.97708333333334,4,1515.0,378.75,388.975,26,117.0,111.0,107.33333333333333,0.0,0.0,0.0,1,0.0,6.5,0.010257067760753894
16915,0,67.95972222222223,7,1088.29,155.47,388.97083333333336,35,15.0,45.0,53.5,0.0,0.0,0.0,1,0.0,5.0,0.017950060367762546
16564,1,388.92291666666665,1,87.8,87.8,388.92291666666665,5,40.0,61.0,70.81666666666666,0.0,0.0,0.0,0,0.0,5.0,0.002564609458065964
12837,0,388.90277777777777,1,528.5600000000001,528.5600000000001,388.90277777777777,73,170.0,61.0,70.81666666666666,0.0,0.0,0.0,0,0.0,73.0,0.002564741922844014
16664,1,388.81875,1,109.2,109.2,388.81875,8,24.0,61.0,70.81666666666666,0.0,0.0,0.0,0,0.0,8.0,0.0025652947684019814
14334,0,23.09236111111111,9,3444.5,382.72222222222223,388.1152777777778,137,266.8888888888889,43.0,45.625,2.0,2.0,25.5,1,0.2222222222222222,15.222222222222221,0.023129392532204467
15777,1,60.83819444444445,7,1762.61,251.80142857142854,388.09236111111113,29,85.57142857142857,44.0,65.4,2.0,4.0,30.45,1,0.2857142857142857,4.142857142857143,0.01799058706783772
15401,1,271.9638888888889,2,216.95000000000002,108.47500000000001,388.07916666666665,14,46.5,116.0,116.0,0.0,0.0,0.0,1,0.0,7.0,0.0051403420469270395
17758,0,27.888194444444444,7,2607.71,372.53000000000003,387.98055555555555,230,258.42857142857144,42.0,72.0,0.0,0.0,0.0,1,0.0,32.857142857142854,0.0179957581427235
15025,0,387.9736111111111,1,617.83,617.83,387.9736111111111,72,319.0,61.0,70.81666666666666,0.0,0.0,0.0,0,0.0,72.0,0.002570868489364817
14850,1,131.06180555555557,7,1770.96,252.99428571428572,387.9736111111111,129,199.0,106.0,85.66666666666667,2.0,16.0,171.2,1,0.2857142857142857,18.428571428571427,0.01799607942555372
15559,1,387.9472222222222,1,1109.4,1109.4,387.9472222222222,62,526.0,61.0,70.81666666666666,0.0,0.0,0.0,0,0.0,62.0,0.002571042914991323
13213,0,2.828472222222222,9,2882.4700000000003,320.2744444444445,387.9166666666667,136,214.11111111111111,23.0,55.0,2.0,7.0,14.75,1,0.2222222222222222,15.11111111111111,0.02314120419970002
16604,1,382.15277777777777,2,432.45,216.225,387.84444444444443,10,87.5,6.0,6.0,1.0,60.0,106.20000000000002,1,0.5,5.0,0.005143444965138873
15826,0,30.0875,2,1663.97,831.985,387.8263888888889,66,674.5,358.0,358.0,1.0,12.0,10.2,1,0.5,33.0,0.005143683806326016
14513,0,26.020138888888887,5,649.77,129.954,387.78680555555553,15,80.2,102.0,90.5,1.0,6.0,17.1,1,0.2,3.0,0.012860518743312977
14671,1,368.9659722222222,2,1127.45,563.725,387.7701388888889,48,285.5,19.0,19.0,0.0,0.0,0.0,1,0.0,24.0,0.005144428030702233
14311,1,62.108333333333334,2,516.45,258.225,387.0986111111111,31,117.5,325.0,325.0,1.0,21.0,80.55,1,0.5,15.5,0.005153329444478243
12355,1,33.95902777777778,2,947.61,473.805,387.03541666666666,35,271.5,353.0,353.0,0.0,0.0,0.0,1,0.0,17.5,0.00515416870238434
18011,1,192.80208333333334,2,410.79,205.39499999999998,386.9736111111111,63,62.5,194.0,194.0,0.0,0.0,0.0,1,0.0,31.5,0.005154989779516792
14409,0,138.0638888888889,6,2033.94,338.99,386.83680555555554,52,237.33333333333334,66.0,62.25,1.0,72.0,151.20000000000002,1,0.16666666666666666,8.666666666666666,0.015470424451865314
17898,0,26.81736111111111,3,246.96,82.32000000000001,386.81111111111113,41,61.666666666666664,180.0,180.0,0.0,0.0,0.0,1,0.0,13.666666666666666,0.007735724722803197
16889,1,14.072916666666666,6,2526.65,421.10833333333335,385.0861111111111,163,268.5,61.0,74.2,0.0,0.0,0.0,1,0.0,27.166666666666668,0.015540574569576448
16121,0,35.040277777777774,4,881.32,220.32999999999998,385.08194444444445,159,110.5,175.0,175.0,1.0,2.0,19.9,1,0.25,39.75,0.010360494857525208
12974,1,17.136805555555554,2,408.95,204.475,385.0451388888889,27,52.0,368.0,368.0,0.0,0.0,0.0,1,0.0,13.5,0.005180741313713674
16290,1,284.04027777777776,4,1957.7,489.425,385.0444444444444,85,239.25,21.0,33.666666666666664,0.0,0.0,0.0,1,0.0,21.25,0.01036150126640571
18208,1,385.0388888888889,1,360.08,360.08,385.0388888888889,17,82.0,61.0,70.81666666666666,0.0,0.0,0.0,0,0.0,17.0,0.002590412595161685
14010,1,384.99305555555554,2,445.15,222.575,385.0027777777778,20,88.5,61.0,70.81666666666666,1.0,49.0,157.05,0,0.5,10.0,0.005181309863918653
17785,0,264.94166666666666,2,271.44,135.72,384.9923611111111,38,80.0,120.0,120.0,0.0,0.0,0.0,1,0.0,19.0,0.005181449690462354
13778,0,310.91527777777776,3,945.79,315.2633333333333,384.96944444444443,27,147.0,37.0,37.0,1.0,1.0,7.95,1,0.3333333333333333,9.0,0.007772636003137842
17278,1,60.986111111111114,2,271.24,135.62,384.9590277777778,17,97.5,324.0,324.0,0.0,0.0,0.0,1,0.0,8.5,0.005181897186121872
12409,0,2.0215277777777776,5,18553.7,3710.7399999999993,384.8951388888889,165,2146.8,64.5,95.75,2.0,108.0,313.08,1,0.4,33.0,0.012956887755561114
14920,1,32.09583333333333,3,1607.17,535.7233333333334,384.8923611111111,90,295.3333333333333,353.0,353.0,0.0,0.0,0.0,1,0.0,30.0,0.007774188614052926
18060,1,227.83958333333334,2,1185.46,592.73,384.1777777777778,74,451.0,156.0,156.0,0.0,0.0,0.0,1,0.0,37.0,0.005192407546298967
12632,1,340.1326388888889,2,804.88,402.44,384.15486111111113,32,347.0,44.0,44.0,2.0,26.0,66.0,1,1.0,16.0,0.005192716493906672
16831,1,384.15416666666664,1,91.8,91.8,384.15416666666664,6,48.0,61.0,70.81666666666666,0.0,0.0,0.0,0,0.0,6.0,0.002596362928264656
14394,1,384.08819444444447,1,93.8,93.8,384.08819444444447,6,58.0,61.0,70.81666666666666,0.0,0.0,0.0,0,0.0,6.0,0.002596807729831009
16974,1,342.10555555555555,2,365.5,182.75,384.08819444444447,5,35.0,42.0,42.0,0.0,0.0,0.0,1,0.0,2.5,0.005193615459662018
13402,0,191.81805555555556,3,913.9000000000001,304.6333333333334,384.07916666666665,43,209.33333333333334,96.0,96.0,0.0,0.0,0.0,1,0.0,14.333333333333334,0.007790605827805971
16185,0,52.03541666666667,2,450.31,225.155,384.0736111111111,28,107.0,332.0,332.0,0.0,0.0,0.0,1,0.0,14.0,0.005193812149913617
18052,1,384.06875,1,10877.18,10877.18,384.06875,16,17766.0,61.0,70.81666666666666,0.0,0.0,0.0,0,0.0,16.0,0.0025969388583207543
14168,1,240.08402777777778,2,370.45,185.225,384.0152777777778,11,73.5,144.0,144.0,1.0,9.0,64.55,1,0.5,5.5,0.005194599059921865
14847,0,227.12847222222223,2,1039.55,519.775,384.01458333333335,47,206.5,157.0,157.0,1.0,4.0,28.35,1,0.5,23.5,0.0051946084293343865
16229,0,32.105555555555554,5,2215.46,443.092,383.99375,120,213.2,81.5,88.0,1.0,6.0,32.5,1,0.2,24.0,0.012987223818568485
15681,0,2.8444444444444446,12,2266.76,188.89666666666668,383.93888888888887,40,85.5,51.0,54.42857142857143,1.0,6.0,29.700000000000003,1,0.08333333333333333,3.3333333333333335,0.03117377938778161
17205,0,235.86041666666668,2,615.27,307.635,383.8847222222222,18,665.0,148.0,148.0,0.0,0.0,0.0,1,0.0,9.0,0.005196361103793705
16075,1,322.0548611111111,2,736.9300000000001,368.46500000000003,383.8701388888889,41,135.5,62.0,62.0,1.0,1.0,9.95,1,0.5,20.5,0.005196558002067797
12773,1,383.80555555555554,1,124.25,124.25,383.80555555555554,6,109.0,61.0,70.81666666666666,1.0,109.0,124.25,0,1.0,6.0,0.0025987150797661157
18000,1,383.8027777777778,1,124.25,124.25,383.8027777777778,6,109.0,61.0,70.81666666666666,0.0,0.0,0.0,0,0.0,6.0,0.0025987338391239376
12802,1,6.134722222222222,7,2416.42,345.20285714285717,383.1361111111111,108,281.7142857142857,19.5,62.833333333333336,2.0,18.0,66.0,1,0.2857142857142857,15.428571428571429,0.0182227075183131
13324,0,22.947222222222223,15,7190.51,479.36733333333336,383.1020833333333,30,381.06666666666666,39.0,40.0,4.0,16.0,75.8,1,0.26666666666666666,2.0,0.03905211830622285
16175,0,24.100694444444443,5,1265.83,253.166,383.0340277777778,45,123.8,46.0,89.75,0.0,0.0,0.0,1,0.0,9.0,0.013019679607384328
13989,0,58.88263888888889,4,1656.65,414.1625,383.02569444444447,53,440.75,76.0,108.0,0.0,0.0,0.0,1,0.0,13.25,0.010415969706888102
14993,1,383.00208333333336,1,36.13,36.13,383.00208333333336,9,21.0,61.0,70.81666666666666,0.0,0.0,0.0,0,0.0,9.0,0.002604152538234927
15217,1,382.9576388888889,1,426.24,426.24,382.9576388888889,28,190.0,61.0,70.81666666666666,0.0,0.0,0.0,0,0.0,28.0,0.002604453978032154
16328,1,382.95,1,310.83,310.83,382.95,16,141.0,61.0,70.81666666666666,0.0,0.0,0.0,0,0.0,16.0,0.002604505795025394
17862,1,143.01875,4,1254.89,313.7225,382.81111111111113,90,110.0,62.0,80.0,0.0,0.0,0.0,1,0.0,22.5,0.01042179312740642
17694,0,331.10277777777776,2,1412.85,706.425,382.1826388888889,45,654.5,51.0,51.0,0.0,0.0,0.0,1,0.0,22.5,0.005219443150658864
12656,0,23.052777777777777,5,4016.26,803.252,382.15972222222223,118,362.0,68.5,89.75,2.0,7.0,56.85,1,0.4,23.6,0.013049388309922973
17327,1,229.12222222222223,2,152.35,76.175,382.0625,3,29.5,153.0,153.0,0.0,0.0,0.0,1,0.0,1.5,0.0052210801109479526
17179,0,51.84236111111111,5,1283.78,256.756,382.06111111111113,69,108.6,84.5,82.5,0.0,0.0,0.0,1,0.0,13.8,0.013052747603370508
15900,0,233.0875,3,549.29,183.09666666666666,382.0576388888889,68,146.66666666666666,74.5,74.5,1.0,2.0,9.9,1,0.3333333333333333,22.666666666666668,0.007831719551924118
17074,1,382.03194444444443,1,203.05,203.05,382.03194444444443,4,19.0,61.0,70.81666666666666,0.0,0.0,0.0,0,0.0,4.0,0.0026107483057331306
14181,1,230.1826388888889,2,308.35,154.175,382.0125,48,60.0,152.0,152.0,0.0,0.0,0.0,1,0.0,24.0,0.005221761691850789
16715,0,382.0104166666667,1,323.8,323.8,382.0104166666667,9,532.0,61.0,70.81666666666666,0.0,0.0,0.0,0,0.0,9.0,0.0026108950474584567
16153,0,5.146527777777778,9,4009.36,445.4844444444445,382.00625,129,336.44444444444446,36.5,47.125,2.0,37.0,95.98,1,0.2222222222222222,14.333333333333334,0.02349831105889264
16046,1,381.98055555555555,1,235.78,235.78,381.98055555555555,22,248.0,61.0,70.81666666666666,0.0,0.0,0.0,0,0.0,22.0,0.0026110986197442573
14938,1,381.96666666666664,2,2322.43,1161.215,381.96875,71,684.5,61.0,70.81666666666666,2.0,8.0,33.0,0,1.0,35.5,0.005222358221134231
12378,0,381.94652777777776,1,1407.7,1407.7,381.94652777777776,82,787.0,61.0,70.81666666666666,0.0,0.0,0.0,0,0.0,82.0,0.0026113306361672923
13880,0,6.111805555555556,10,2413.66,241.36599999999999,381.93125,93,141.0,41.0,41.77777777777778,0.0,0.0,0.0,1,0.0,9.3,0.026114348202190343
16458,0,7.023611111111111,19,3513.85,184.93947368421053,381.925,74,106.89473684210526,19.5,20.833333333333332,0.0,0.0,0.0,1,0.0,3.8947368421052633,0.049618071423908075
13920,1,251.0090277777778,4,1774.68,443.67,381.87638888888887,81,443.0,38.0,43.666666666666664,1.0,4.0,39.8,1,0.25,20.25,0.010447236016846169
13169,0,71.93472222222222,2,632.4000000000001,316.2,381.86944444444447,11,60.0,310.0,310.0,0.0,0.0,0.0,1,0.0,5.5,0.005223712753839791
17499,1,109.15,2,1341.39,670.6949999999999,381.11875,66,543.0,272.0,272.0,1.0,9.0,44.550000000000004,1,0.5,33.0,0.005233975040481526
15340,1,381.09930555555553,1,105.5,105.5,381.09930555555553,7,76.0,61.0,70.81666666666666,0.0,0.0,0.0,0,0.0,7.0,0.002617120694700149
16234,1,295.92847222222224,3,333.18,111.06,381.0909722222222,13,56.666666666666664,42.5,42.5,1.0,8.0,20.4,1,0.3333333333333333,4.333333333333333,0.007851533320853274
16392,1,89.02708333333334,3,756.7,252.23333333333332,381.06458333333336,125,201.33333333333334,146.0,146.0,0.0,0.0,0.0,1,0.0,41.666666666666664,0.007852075619850483
16391,1,220.01597222222222,4,1052.26,263.065,381.0576388888889,261,178.75,39.0,53.666666666666664,0.0,0.0,0.0,1,0.0,65.25,0.010469624456751907
15256,0,381.04791666666665,1,71.95,71.95,381.04791666666665,4,37.0,61.0,70.81666666666666,0.0,0.0,0.0,0,0.0,4.0,0.0026174727210264855
17699,1,296.1326388888889,2,442.0,221.0,381.0395833333333,17,104.0,85.0,85.0,0.0,0.0,0.0,1,0.0,8.5,0.0052350596306011046
16695,1,381.0097222222222,2,191.9,95.95,381.0180555555556,30,92.0,61.0,70.81666666666666,0.0,0.0,0.0,0,0.0,15.0,0.005235354640741966
14069,1,334.0263888888889,2,225.81,112.905,381.0138888888889,37,29.0,47.0,47.0,0.0,0.0,0.0,1,0.0,18.5,0.005235411743319396
16101,0,254.08680555555554,3,1938.46,646.1533333333333,381.0,94,362.3333333333333,63.5,63.5,1.0,2.0,17.0,1,0.3333333333333333,31.333333333333332,0.007853403141361256
14876,1,340.91180555555553,2,256.7,128.35,380.9590277777778,12,81.0,40.0,40.0,0.0,0.0,0.0,1,0.0,6.0,0.005236163710112886
16691,1,237.9076388888889,2,178.83,89.41499999999999,380.91319444444446,11,46.0,143.0,143.0,0.0,0.0,0.0,1,0.0,5.5,0.005236792101171914
15985,0,56.07361111111111,6,2472.44,412.0733333333333,380.87430555555557,48,423.6666666666667,49.5,81.25,0.0,0.0,0.0,1,0.0,8.0,0.015711976199265683
16218,0,26.070138888888888,10,2612.75,261.275,380.8618055555556,68,192.7,27.0,44.375,6.0,45.0,96.37,1,0.6,6.8,0.02618748420112715
15400,0,3.982638888888889,5,1044.9,208.98000000000002,380.17847222222224,15,101.6,82.5,94.0,0.0,0.0,0.0,1,0.0,3.0,0.013117215069493912
15254,0,366.09722222222223,2,787.99,393.995,380.1125,46,218.0,14.0,14.0,1.0,1.0,14.95,1,0.5,23.0,0.005247794286463971
13602,0,201.025,3,596.28,198.76,380.0423611111111,29,90.33333333333333,89.5,89.5,0.0,0.0,0.0,1,0.0,9.666666666666666,0.007873140380644468
17741,1,226.03541666666666,2,101.1,50.550000000000004,380.02708333333334,6,57.0,154.0,154.0,0.0,0.0,0.0,1,0.0,3.0,0.005248970709649904
17822,1,239.96041666666667,5,2162.93,432.58599999999996,380.02430555555554,152,275.0,140.0,140.0,0.0,0.0,0.0,1,0.0,30.4,0.01312252244042466
12619,0,53.95,3,771.8,257.26666666666665,379.99861111111113,21,217.33333333333334,163.0,163.0,0.0,0.0,0.0,1,0.0,7.0,0.007874044451897244
17583,1,379.9347222222222,1,135.95,135.95,379.9347222222222,7,55.0,61.0,70.81666666666666,0.0,0.0,0.0,0,0.0,7.0,0.002625121685328122
16035,1,379.9034722222222,1,217.73,217.73,379.9034722222222,21,33.0,61.0,70.81666666666666,0.0,0.0,0.0,0,0.0,21.0,0.002625337054991696
12499,1,379.9013888888889,1,393.72,393.72,379.9013888888889,27,302.0,61.0,70.81666666666666,0.0,0.0,0.0,0,0.0,27.0,0.0026253514142257585
18044,0,17.877083333333335,14,2300.22,164.30142857142854,379.8881944444444,103,76.71428571428571,19.0,27.846153846153847,0.0,0.0,0.0,1,0.0,7.357142857142857,0.0367561930356495
14104,0,208.98402777777778,3,527.3199999999999,175.7733333333333,379.86041666666665,100,141.33333333333334,85.5,85.5,0.0,0.0,0.0,1,0.0,33.333333333333336,0.007876901533260764
17617,1,378.00138888888887,1,385.19,385.19,378.00138888888887,18,249.0,61.0,70.81666666666666,1.0,29.0,158.05,0,1.0,18.0,0.002638512758308567
15938,0,20.90763888888889,8,665.53,83.19125,376.13055555555553,24,50.125,47.0,50.714285714285715,0.0,0.0,0.0,1,0.0,3.0,0.02121281312837435
16518,0,103.84305555555555,3,665.75,221.91666666666666,375.9715277777778,39,107.0,136.0,136.0,2.0,8.0,21.1,1,0.6666666666666666,13.0,0.007958160706949942
15135,1,58.731944444444444,2,305.68,152.84,375.97013888888887,17,42.0,317.0,317.0,1.0,2.0,11.9,1,0.5,8.5,0.005305460018384893
15980,0,73.90625,5,4905.0,981.0,375.9236111111111,83,770.8,151.0,151.0,2.0,36.0,47.4,1,0.4,16.6,0.013265287322438602
15670,1,116.08333333333333,2,325.2,162.60000000000002,375.8861111111111,19,66.0,260.0,260.0,1.0,8.0,10.0,1,0.5,9.5,0.0053066428850448485
18038,1,375.86875,1,141.48,141.48,375.86875,25,80.0,61.0,70.81666666666666,0.0,0.0,0.0,0,0.0,25.0,0.0026534436723660427
17745,1,297.0138888888889,2,600.34,300.17,375.15763888888887,27,82.0,78.0,78.0,0.0,0.0,0.0,1,0.0,13.5,0.005316919804972428
13472,1,283.13125,2,592.24,296.12,375.12638888888887,24,155.0,92.0,92.0,0.0,0.0,0.0,1,0.0,12.0,0.005317361554737437
15246,1,57.920138888888886,3,780.4,260.1333333333334,375.05694444444447,45,119.66666666666667,158.5,158.5,0.0,0.0,0.0,1,0.0,15.0,0.007977515225604869
15887,1,226.17638888888888,3,1027.15,342.3833333333334,375.0395833333333,27,201.66666666666666,74.5,74.5,0.0,0.0,0.0,1,0.0,9.0,0.007977883533980799
15714,0,272.93611111111113,3,453.93,151.31,375.02916666666664,14,58.333333333333336,51.0,51.0,0.0,0.0,0.0,1,0.0,4.666666666666667,0.007978104535330814
16565,1,183.89513888888888,4,773.05,193.2625,375.00208333333336,7,52.75,69.0,63.666666666666664,1.0,20.0,72.6,1,0.25,1.75,0.010638238928197426
16401,0,30.004166666666666,16,4412.72,275.795,374.9840277777778,87,234.125,26.0,26.53846153846154,10.0,104.0,188.32999999999998,1,0.625,5.4375,0.04255499919655275
15305,1,374.9583333333333,1,93.6,93.6,374.9583333333333,5,40.0,61.0,70.81666666666666,0.0,0.0,0.0,0,0.0,5.0,0.0026598692230965313
17096,0,81.03125,8,2809.29,351.16125,374.91805555555555,132,166.875,25.0,42.0,3.0,6.0,38.9,1,0.375,16.5,0.0212812337204104
14033,1,374.90277777777777,1,109.44,109.44,374.90277777777777,1,576.0,61.0,70.81666666666666,0.0,0.0,0.0,0,0.0,1.0,0.002660262331424349
16896,1,374.88194444444446,1,103.95,103.95,374.88194444444446,18,18.0,61.0,70.81666666666666,0.0,0.0,0.0,0,0.0,18.0,0.0026604097770059304
14859,0,23.92222222222222,2,648.76,324.38,374.1,17,213.0,350.0,350.0,1.0,2.0,1.7,1,0.5,8.5,0.005331911490269261
15502,0,95.03541666666666,6,5259.4,876.5666666666666,374.06805555555553,154,529.8333333333334,81.0,69.75,7.0,85.0,511.62,1,1.1666666666666667,25.666666666666668,0.01599709682316913
12874,1,204.89375,2,948.42,474.21,373.99930555555557,44,311.5,169.0,169.0,1.0,12.0,15.0,1,0.5,22.0,0.005333343209894833
17216,1,373.99097222222224,1,63.6,63.6,373.99097222222224,13,21.0,61.0,70.81666666666666,0.0,0.0,0.0,0,0.0,13.0,0.002666730865743064
13031,1,226.88611111111112,5,3292.84,658.568,373.91180555555553,275,461.8,42.0,36.75,0.0,0.0,0.0,1,0.0,55.0,0.013336469873470242
17683,1,205.11041666666668,3,819.01,273.00333333333333,373.81597222222223,41,260.3333333333333,84.5,84.5,0.0,0.0,0.0,1,0.0,13.666666666666666,0.008003927853483655
18214,1,350.06180555555557,4,1780.34,445.085,373.7104166666667,38,247.25,5.0,8.0,1.0,199.0,299.34999999999997,1,0.25,9.5,0.010674910069442513
15731,1,373.1111111111111,1,125.3,125.3,373.1111111111111,8,122.0,61.0,70.81666666666666,0.0,0.0,0.0,0,0.0,8.0,0.0026730026730026734
14486,1,331.13055555555553,2,175.5,87.75,373.09722222222223,4,45.0,42.0,42.0,0.0,0.0,0.0,1,0.0,2.0,0.005346203824020791
14436,0,373.0541666666667,1,182.64000000000001,182.64000000000001,373.0541666666667,2,168.0,61.0,70.81666666666666,0.0,0.0,0.0,0,0.0,2.0,0.0026734095997683043
14902,0,215.09791666666666,2,702.96,351.48,373.0104166666667,34,249.0,158.0,158.0,1.0,4.0,16.8,1,0.5,17.0,0.005347444645592536
18206,1,372.9604166666667,1,314.65999999999997,314.65999999999997,372.9604166666667,19,246.0,61.0,70.81666666666666,0.0,0.0,0.0,0,0.0,19.0,0.0026740798101403335
17235,0,191.96666666666667,7,1354.82,193.54571428571427,372.8256944444444,41,106.71428571428571,15.0,30.166666666666668,0.0,0.0,0.0,1,0.0,5.857142857142857,0.01872530461129203
14687,0,219.74583333333334,2,773.6800000000001,386.84000000000003,371.09305555555557,23,190.0,151.0,151.0,0.0,0.0,0.0,1,0.0,11.5,0.00537499953342018
14766,0,33.053472222222226,8,5068.57,633.57125,371.06875,203,422.875,40.0,48.285714285714285,3.0,36.0,73.85,1,0.375,25.375,0.021501402630562227
18234,1,371.06111111111113,1,179.6,179.6,371.06111111111113,30,80.0,61.0,70.81666666666666,0.0,0.0,0.0,0,0.0,30.0,0.002687730510220842
16356,1,17.040972222222223,6,415.87,69.31166666666667,371.05833333333334,27,31.666666666666668,74.5,88.5,1.0,1.0,1.45,1,0.16666666666666666,4.5,0.016126503460478867
12911,1,371.02569444444447,1,1651.72,1651.72,371.02569444444447,220,807.0,61.0,70.81666666666666,0.0,0.0,0.0,0,0.0,220.0,0.0026879863808690033
18112,0,237.98194444444445,2,420.67,210.335,371.00694444444446,34,94.0,133.0,133.0,0.0,0.0,0.0,1,0.0,17.0,0.005376243723048778
13109,0,370.99375,1,347.49,347.49,370.99375,23,237.0,61.0,70.81666666666666,1.0,1.0,6.75,0,1.0,23.0,0.0026882172079504027
14208,0,370.98541666666665,1,415.31,415.31,370.98541666666665,25,415.0,61.0,70.81666666666666,0.0,0.0,0.0,0,0.0,25.0,0.0026882774302308
17915,1,370.97777777777776,1,225.78,225.78,370.97777777777776,27,184.0,61.0,70.81666666666666,0.0,0.0,0.0,0,0.0,27.0,0.0026883326363582056
16340,0,258.99930555555557,2,961.93,480.96500000000003,370.975,170,416.5,112.0,112.0,0.0,0.0,0.0,1,0.0,85.0,0.005376705423751596
13614,0,150.0090277777778,3,953.03,317.6766666666667,370.9638888888889,73,94.0,110.5,110.5,0.0,0.0,0.0,1,0.0,24.333333333333332,0.008065299050833787
18137,1,370.93888888888887,2,145.99,72.995,370.96180555555554,26,29.5,61.0,70.81666666666666,0.0,0.0,0.0,0,0.0,13.0,0.005376896149358226
15976,0,39.81805555555555,5,1476.76,295.352,370.9506944444444,240,180.6,56.5,82.75,0.0,0.0,0.0,1,0.0,48.0,0.013442641927226766
14128,0,75.08402777777778,2,592.25,296.125,370.9479166666667,34,259.5,296.0,296.0,1.0,3.0,14.850000000000001,1,0.5,17.0,0.005377096927773266
13056,1,370.94444444444446,1,209.48,209.48,370.94444444444446,18,158.0,61.0,70.81666666666666,0.0,0.0,0.0,0,0.0,18.0,0.00268857356235997
14247,1,97.8951388888889,5,753.56,150.712,370.90486111111113,82,75.6,59.5,68.25,1.0,1.0,2.95,1,0.2,16.4,0.013444298590402637
14734,1,245.03194444444443,4,1056.42,264.105,370.89930555555554,48,94.5,45.0,42.0,1.0,1.0,10.95,1,0.25,12.0,0.01075559954064627
17009,1,370.8673611111111,1,242.06,242.06,370.8673611111111,10,336.0,61.0,70.81666666666666,0.0,0.0,0.0,0,0.0,10.0,0.002689130869168181
14309,0,2.8006944444444444,7,2560.84,365.8342857142857,370.1013888888889,106,253.14285714285714,53.0,61.166666666666664,1.0,14.0,32.85,1,0.14285714285714285,15.142857142857142,0.018862769608485253
15958,0,223.01944444444445,3,357.77,119.25666666666666,370.07708333333335,45,40.333333333333336,73.5,73.5,0.0,0.0,0.0,1,0.0,15.0,0.008084573622955697
17987,1,4.936111111111111,5,965.4399999999999,193.08800000000002,370.06041666666664,139,196.2,81.5,91.25,1.0,136.0,75.52000000000001,1,0.2,27.8,0.013474894587022555
14028,1,369.97013888888887,3,10396.5,3465.5,370.03333333333336,3,2390.0,61.0,70.81666666666666,2.0,2491.0,7221.0,0,0.6666666666666666,1.0,0.008085526906836761
15471,0,199.92430555555555,2,837.53,418.765,370.0229166666667,67,207.0,170.0,170.0,0.0,0.0,0.0,1,0.0,33.5,0.005390502608217147
14515,0,10.997222222222222,8,2412.82,301.6025,370.00902777777776,72,144.25,19.5,59.833333333333336,3.0,10.0,30.36,1,0.375,9.0,0.021562817616372767
16382,1,227.85208333333333,2,353.1,176.55,370.00555555555553,42,83.5,142.0,142.0,0.0,0.0,0.0,1,0.0,21.0,0.00539075485542295
13699,0,369.99097222222224,1,455.57,455.57,369.99097222222224,23,153.0,61.0,70.81666666666666,1.0,5.0,52.75,0,1.0,23.0,0.002695483380660281
17515,0,25.949305555555554,8,1534.86,191.8575,369.97291666666666,90,63.0,47.0,49.142857142857146,0.0,0.0,0.0,1,0.0,11.25,0.02156491657634486
14786,1,369.9638888888889,1,90.96,90.96,369.9638888888889,7,112.0,61.0,70.81666666666666,0.0,0.0,0.0,0,0.0,7.0,0.002695680172523531
16232,0,34.94722222222222,5,2088.56,417.712,369.9486111111111,59,306.0,66.0,111.66666666666667,2.0,10.0,13.3,1,0.4,11.8,0.013478955979976262
18100,1,369.93819444444443,1,451.56,451.56,369.93819444444443,30,440.0,61.0,70.81666666666666,0.0,0.0,0.0,0,0.0,30.0,0.002695866899060378
15872,0,198.03125,2,413.0,206.5,369.9145833333333,70,140.0,172.0,172.0,0.0,0.0,0.0,1,0.0,35.0,0.005392077016833391
12829,1,156.0673611111111,3,385.3,128.43333333333334,369.90694444444443,17,183.33333333333334,107.0,107.0,1.0,1.0,39.95,1,0.3333333333333333,5.666666666666667,0.008088282101305733
15551,0,213.94861111111112,6,1243.75,207.29166666666666,369.90625,95,96.33333333333333,24.0,52.0,2.0,8.0,50.8,1,0.3333333333333333,15.833333333333334,0.016176594489847502
17040,0,369.90416666666664,1,13.52,13.52,369.90416666666664,1,8.0,61.0,70.81666666666666,0.0,0.0,0.0,0,0.0,1.0,0.0026961142253726818
17101,0,214.10763888888889,3,885.3199999999999,295.1066666666666,369.9013888888889,28,120.0,78.0,78.0,0.0,0.0,0.0,1,0.0,9.333333333333334,0.008088403251837677
15720,0,369.88194444444446,1,140.49,140.49,369.88194444444446,25,46.0,61.0,70.81666666666666,0.0,0.0,0.0,0,0.0,25.0,0.002696275769093939
14498,0,5.927777777777778,7,2256.75,322.39285714285717,369.8645833333333,163,169.71428571428572,36.5,60.666666666666664,0.0,0.0,0.0,1,0.0,23.285714285714285,0.018874813920175267
17784,1,369.8625,1,112.86,112.86,369.8625,19,72.0,61.0,70.81666666666666,0.0,0.0,0.0,0,0.0,19.0,0.0026964171357308974
13997,1,338.78055555555557,3,376.46,125.48666666666668,369.80347222222224,36,47.666666666666664,31.0,31.0,0.0,0.0,0.0,1,0.0,12.0,0.008090539125809756
12928,0,61.08680555555556,9,3022.23,335.80333333333334,369.1069444444444,76,212.55555555555554,35.0,44.0,0.0,0.0,0.0,1,0.0,8.444444444444445,0.024317295676549947
16048,1,192.89027777777778,4,818.7900000000001,204.69750000000002,369.0097222222222,30,106.25,88.0,88.0,1.0,1.0,5.95,1,0.25,7.5,0.010810526750423226
17543,1,369.00625,1,120.05,120.05,369.00625,13,62.0,61.0,70.81666666666666,0.0,0.0,0.0,0,0.0,13.0,0.0027026570497119978
18103,1,368.96805555555557,1,105.8,105.8,368.96805555555557,10,23.0,61.0,70.81666666666666,0.0,0.0,0.0,0,0.0,10.0,0.002702936064299846
17440,0,67.02916666666667,3,261.78,87.25999999999999,368.9236111111111,4,66.0,302.0,302.0,1.0,3.0,1.17,1,0.3333333333333333,1.3333333333333333,0.008109782425050217
15532,0,177.83680555555554,7,2527.92,361.13142857142856,368.91527777777776,297,130.42857142857142,24.5,31.833333333333332,0.0,0.0,0.0,1,0.0,42.42857142857143,0.01892325194582844
14308,1,368.83472222222224,2,1147.02,573.51,368.8409722222222,1,1.0,61.0,70.81666666666666,3.0,3.0,1996.47,0,1.5,0.5,0.005407729673602205
16072,1,107.92916666666666,4,4180.09,1045.0225,368.8354166666667,414,395.0,130.5,130.5,0.0,0.0,0.0,1,0.0,103.5,0.010815621813757245
17713,1,201.83333333333334,4,1198.09,299.52250000000004,368.13680555555555,55,247.25,61.0,55.333333333333336,0.0,0.0,0.0,1,0.0,13.75,0.010836090955438457
14616,1,62.12222222222222,5,527.78,105.556,368.13055555555553,3,34.0,55.0,76.5,0.0,0.0,0.0,1,0.0,0.6,0.013545343035812382
17417,1,368.11805555555554,1,164.18,164.18,368.11805555555554,16,76.0,61.0,70.81666666666666,0.0,0.0,0.0,0,0.0,16.0,0.0027091603484281227
13502,0,94.17361111111111,4,677.66,169.415,368.08194444444445,20,84.0,92.0,91.33333333333333,1.0,2.0,5.9,1,0.25,5.0,0.010837701654631047
14260,1,290.91319444444446,3,824.28,274.76,368.06041666666664,50,181.33333333333334,77.0,77.0,0.0,0.0,0.0,1,0.0,16.666666666666668,0.008128750373978968
15352,1,368.05694444444447,1,111.15,111.15,368.05694444444447,34,40.0,61.0,70.81666666666666,0.0,0.0,0.0,0,0.0,34.0,0.002709608950741567
17282,0,119.0513888888889,3,1346.98,448.99333333333334,368.02986111111113,167,357.3333333333333,124.5,124.5,0.0,0.0,0.0,1,0.0,55.666666666666664,0.008129423431933956
17381,0,23.120833333333334,25,29941.17,1197.6468,367.99652777777777,49,1349.8,15.0,18.157894736842106,0.0,0.0,0.0,1,0.0,1.96,0.067751315034205
16453,1,350.0027777777778,2,251.71,125.855,367.9826388888889,15,69.5,18.0,18.0,0.0,0.0,0.0,1,0.0,7.5,0.005420309221112857
14230,1,255.1548611111111,3,979.8000000000001,326.59999999999997,367.95416666666665,27,82.0,113.0,113.0,0.0,0.0,0.0,1,0.0,9.0,0.008131091260206214
14615,1,213.96805555555557,5,951.76,190.352,367.95208333333335,40,99.0,44.5,38.5,1.0,14.0,17.5,1,0.2,8.0,0.0135518952890224
17971,1,367.9486111111111,1,161.94,161.94,367.9486111111111,21,62.0,61.0,70.81666666666666,0.0,0.0,0.0,0,0.0,21.0,0.0027104045655259126
14180,0,4.978472222222222,24,4802.6,200.10833333333335,367.9125,110,26.375,15.0,16.5,9.0,14.0,208.5,1,0.375,4.583333333333333,0.06505607698302443
12424,0,242.09791666666666,2,1579.07,789.535,367.89930555555554,59,642.5,126.0,126.0,3.0,10.0,50.25,1,1.5,29.5,0.0054215336539819095
12634,1,355.1145833333333,2,490.0,245.0,367.88125,20,168.5,13.0,13.0,0.0,0.0,0.0,1,0.0,10.0,0.005421799020687551
17204,0,60.8875,7,5190.29,741.47,367.05069444444445,107,359.0,37.0,61.2,5.0,57.0,232.15,1,0.7142857142857143,15.285714285714286,0.019019119120441214
13065,1,192.83194444444445,5,1055.05,211.01000000000005,367.04583333333335,49,76.2,39.0,43.5,1.0,1.0,4.95,1,0.2,9.8,0.013585264516421188
17869,0,34.97638888888889,5,696.42,139.284,366.9604166666667,65,93.8,89.5,83.0,0.0,0.0,0.0,1,0.0,13.0,0.013588418138273477
15757,0,37.048611111111114,5,2487.3,497.46000000000004,366.9604166666667,140,286.6,58.5,82.5,0.0,0.0,0.0,1,0.0,28.0,0.013588418138273477
15734,0,19.910416666666666,3,1502.5,500.8333333333334,366.93402777777777,22,101.0,173.5,173.5,0.0,0.0,0.0,1,0.0,7.333333333333333,0.008153635634407588
15207,1,235.97291666666666,3,683.9200000000001,227.97333333333333,366.80625,19,142.66666666666666,65.5,65.5,2.0,30.0,30.15,1,0.6666666666666666,6.333333333333333,0.008156468249248075
16679,1,185.95763888888888,3,663.31,221.10333333333332,366.7604166666667,15,82.33333333333333,90.5,90.5,0.0,0.0,0.0,1,0.0,5.0,0.008157484775527545
13438,1,366.7527777777778,1,46.5,46.5,366.7527777777778,1,10.0,61.0,70.81666666666666,0.0,0.0,0.0,0,0.0,1.0,0.00271921807373613
14618,0,157.03541666666666,5,1000.6800000000001,200.13600000000002,366.11041666666665,35,106.4,40.0,69.66666666666667,2.0,4.0,31.8,1,0.4,7.0,0.01361988048554874
15102,1,350.0236111111111,2,554.67,277.335,366.1069444444444,26,169.5,16.0,16.0,0.0,0.0,0.0,1,0.0,13.0,0.005448003722802544
17996,1,199.07638888888889,3,482.33,160.77666666666667,366.04305555555555,63,195.66666666666666,167.0,167.0,0.0,0.0,0.0,1,0.0,21.0,0.008173428034101359
17691,1,177.8125,4,637.5500000000001,159.3875,366.0416666666667,37,78.75,31.0,62.666666666666664,1.0,12.0,10.2,1,0.25,9.25,0.010897945283233056
16209,0,6.051388888888889,6,2452.2200000000003,408.7033333333334,366.0361111111111,42,205.66666666666666,60.0,72.0,0.0,0.0,0.0,1,0.0,7.0,0.016347165356118458
16499,1,179.97152777777777,8,2578.34,322.2925,366.01944444444445,104,170.5,17.0,26.571428571428573,5.0,10.0,68.7,1,0.625,13.0,0.021797210259825773
17902,1,366.0173611111111,1,216.39999999999998,216.39999999999998,366.0173611111111,24,526.0,61.0,70.81666666666666,0.0,0.0,0.0,0,0.0,24.0,0.002724666748658953
14228,1,257.12847222222223,3,745.5,248.5,366.01458333333335,38,86.66666666666667,54.5,54.5,0.0,0.0,0.0,1,0.0,12.666666666666666,0.008174062111519184
13794,1,366.0138888888889,1,126.03,126.03,366.0138888888889,9,63.0,61.0,70.81666666666666,0.0,0.0,0.0,0,0.0,9.0,0.0027246925260170293
16547,1,365.9916666666667,1,104.25999999999999,104.25999999999999,365.9916666666667,25,108.0,61.0,70.81666666666666,0.0,0.0,0.0,0,0.0,25.0,0.002724857512659234
14727,1,93.92013888888889,3,463.72999999999996,154.57666666666668,365.9770833333333,43,152.66666666666666,272.0,272.0,1.0,382.0,172.6,1,0.3333333333333333,14.333333333333334,0.008174897388006745
13337,1,365.97430555555553,1,1575.26,1575.26,365.97430555555553,87,980.0,61.0,70.81666666666666,1.0,25.0,26.71,0,1.0,87.0,0.0027249864223766805
12429,0,47.045833333333334,6,4173.49,695.5816666666666,365.9736111111111,86,330.8333333333333,105.0,106.33333333333333,1.0,120.0,50.4,1,0.16666666666666666,14.333333333333334,0.016349949474114472
18022,0,204.98194444444445,4,894.53,223.6325,365.95208333333335,203,152.0,21.0,53.666666666666664,0.0,0.0,0.0,1,0.0,50.75,0.010900605778456541
17749,0,75.96597222222222,2,720.67,360.33500000000004,365.9125,41,191.5,290.0,290.0,0.0,0.0,0.0,1,0.0,20.5,0.005450890879978196
13601,0,30.831944444444446,3,839.87,279.95666666666665,365.90763888888887,114,228.0,167.5,167.5,0.0,0.0,0.0,1,0.0,38.0,0.008176444647173165
14255,1,365.8722222222222,1,1000.63,1000.63,365.8722222222222,1,1.0,61.0,70.81666666666666,3.0,3.0,2442.23,0,3.0,1.0,0.0027257446582976213
13745,0,365.81319444444443,1,477.32,477.32,365.81319444444443,31,650.0,61.0,70.81666666666666,1.0,15.0,7.59,0,1.0,31.0,0.0027261832866032703
16021,1,214.91805555555555,2,487.03,243.515,364.0729166666667,117,138.0,149.0,149.0,0.0,0.0,0.0,1,0.0,58.5,0.005478357634034296
13545,1,210.0576388888889,2,364.93,182.465,364.0423611111111,54,126.0,154.0,154.0,1.0,7.0,27.29,1,0.5,27.0,0.005478816195228484
17790,0,18.007638888888888,15,1712.1200000000001,114.14133333333332,363.97222222222223,120,61.93333333333333,23.5,28.833333333333332,0.0,0.0,0.0,1,0.0,8.0,0.04109901819012101
14224,0,34.94583333333333,7,1324.05,189.15,363.9611111111111,167,81.71428571428571,49.0,54.833333333333336,0.0,0.0,0.0,1,0.0,23.857142857142858,0.019180125736379828
17923,1,101.89930555555556,3,497.0,165.66666666666666,363.9527777777778,2,46.666666666666664,131.0,131.0,0.0,0.0,0.0,1,0.0,0.6666666666666666,0.008220241583766545
14581,0,363.87638888888887,1,271.05,271.05,363.87638888888887,43,87.0,61.0,70.81666666666666,0.0,0.0,0.0,0,0.0,43.0,0.0027406541789266534
16647,0,24.138194444444444,3,455.59,151.86333333333334,363.87361111111113,25,105.0,170.0,170.0,0.0,0.0,0.0,1,0.0,8.333333333333334,0.00822202513046755
16622,1,363.0875,1,225.4,225.4,363.0875,12,44.0,61.0,70.81666666666666,1.0,4.0,19.8,0,1.0,12.0,0.002746592508668933
13383,1,363.0451388888889,1,305.28000000000003,305.28000000000003,363.0451388888889,1,288.0,61.0,70.81666666666666,0.0,0.0,0.0,0,0.0,1.0,0.0027469121083504217
13559,1,332.12361111111113,2,990.0,495.0,363.04027777777776,1,180.0,31.0,31.0,0.0,0.0,0.0,1,0.0,0.5,0.005493897576962257
16625,1,94.0,5,1654.03,330.806,363.0375,82,211.4,46.5,67.25,1.0,1.0,2.95,1,0.2,16.4,0.013734848744978195
12897,1,24.025694444444444,4,514.25,128.5625,363.0361111111111,10,62.25,97.0,113.0,0.0,0.0,0.0,1,0.0,2.5,0.010987920917491397
15150,0,5.999305555555556,5,5004.68,1000.936,363.0340277777778,318,695.8,87.0,119.0,0.0,0.0,0.0,1,0.0,63.6,0.013734979750443048
18020,1,363.0131944444444,1,190.48000000000002,190.48000000000002,363.0131944444444,12,67.0,61.0,70.81666666666666,1.0,24.0,61.199999999999996,0,1.0,12.0,0.0027471531671432853
15901,0,270.9402777777778,4,335.99,83.9975,363.0076388888889,49,79.0,46.0,46.0,2.0,2.0,18.990000000000002,1,0.5,12.25,0.010988780378922145
15016,0,212.84722222222223,4,450.85,112.7125,362.9888888888889,77,41.75,75.0,75.0,1.0,3.0,8.0,1,0.25,19.25,0.010989346439146494
16007,0,0.034027777777777775,5,2086.92,417.384,362.98055555555555,269,364.8,80.0,90.75,0.0,0.0,0.0,1,0.0,53.8,0.013736997550235436
15361,1,181.1236111111111,4,689.07,172.2675,362.97430555555553,10,93.25,9.0,60.666666666666664,0.0,0.0,0.0,1,0.0,2.5,0.010989786748530402
15817,1,240.0715277777778,3,2766.4,922.1333333333332,362.9715277777778,133,532.0,61.5,61.5,0.0,0.0,0.0,1,0.0,44.333333333333336,0.008242402965738697
12637,0,58.94097222222222,8,4668.06,583.5075,362.96805555555557,228,293.25,49.0,50.666666666666664,2.0,12.0,68.65,1,0.25,28.5,0.021979950926706786
13069,0,0.011111111111111112,30,7758.26,258.6086666666667,362.9326388888889,528,406.1,14.0,15.125,3.0,543.0,631.7,1,0.1,17.6,0.08243283727338126
16500,0,150.0986111111111,4,608.05,152.0125,362.9138888888889,20,66.0,44.0,71.0,1.0,1.0,7.95,1,0.25,5.0,0.010991611263348319
15905,1,362.86805555555554,1,114.69,114.69,362.86805555555554,22,82.0,61.0,70.81666666666666,0.0,0.0,0.0,0,0.0,22.0,0.0027482489455503177
17922,1,362.84583333333336,1,170.4,170.4,362.84583333333336,8,49.0,61.0,70.81666666666666,0.0,0.0,0.0,0,0.0,8.0,0.0027484167974073264
14139,0,309.9513888888889,3,670.98,223.66,362.1479166666667,29,179.66666666666666,26.0,26.0,0.0,0.0,0.0,1,0.0,9.666666666666666,0.008261096545829006
16205,0,216.02291666666667,3,1062.48,354.16,362.0361111111111,89,312.0,73.0,73.0,0.0,0.0,0.0,1,0.0,29.666666666666668,0.008263640745870092
13297,0,204.95902777777778,3,2278.77,759.59,362.0104166666667,58,577.0,78.5,78.5,1.0,1.0,15.95,1,0.3333333333333333,19.333333333333332,0.008264225659272862
17571,0,97.04583333333333,3,563.54,187.84666666666666,362.0,95,121.33333333333333,132.5,132.5,0.0,0.0,0.0,1,0.0,31.666666666666668,0.008264462809917356
15816,1,361.96805555555557,2,144.14999999999998,72.07499999999999,361.9972222222222,11,27.0,61.0,70.81666666666666,1.0,3.0,50.849999999999994,0,0.5,5.5,0.005509684034925275
13168,0,18.954166666666666,4,1494.2,373.55,361.90972222222223,119,193.25,93.0,114.33333333333333,1.0,2.0,9.05,1,0.25,29.75,0.011022024914368817
15625,0,54.950694444444444,6,2397.47,399.5783333333333,361.89375,101,390.8333333333333,54.0,61.4,1.0,5.0,3.45,1,0.16666666666666666,16.833333333333332,0.016533765048309595
15926,1,361.89375,1,134.44,134.44,361.89375,7,155.0,61.0,70.81666666666666,0.0,0.0,0.0,0,0.0,7.0,0.002755627508051599
14634,1,257.09027777777777,4,2124.46,531.115,361.12638888888887,105,476.5,28.0,34.666666666666664,3.0,56.0,152.64,1,0.75,26.25,0.011045867196459187
18042,0,361.08125,1,116.1,116.1,361.08125,9,36.0,61.0,70.81666666666666,0.0,0.0,0.0,0,0.0,9.0,0.002761811057601022
15040,1,361.0486111111111,1,7.49,7.49,361.0486111111111,1,1.0,61.0,70.81666666666666,0.0,0.0,0.0,0,0.0,1.0,0.0027620600364438477
17952,1,197.95555555555555,4,788.46,197.115,361.0388888888889,85,119.25,163.0,163.0,0.0,0.0,0.0,1,0.0,21.25,0.011048536836128716
13567,1,247.99930555555557,4,1079.29,269.8225,361.00138888888887,180,160.75,56.5,56.5,1.0,2.0,5.1,1,0.25,45.0,0.0110496813624871
13586,1,360.9604166666667,1,127.28,127.28,360.9604166666667,20,38.0,61.0,70.81666666666666,0.0,0.0,0.0,0,0.0,20.0,0.0027627330336535416
14374,1,360.93402777777777,1,108.0,108.0,360.93402777777777,7,20.0,61.0,70.81666666666666,0.0,0.0,0.0,0,0.0,7.0,0.0027629344666481193
15432,0,360.9277777777778,1,149.57,149.57,360.9277777777778,6,27.0,61.0,70.81666666666666,2.0,2.0,19.5,0,2.0,6.0,0.0027629821787649466
14375,1,4.9625,3,1106.82,368.94,360.9277777777778,176,215.66666666666666,178.0,178.0,0.0,0.0,0.0,1,0.0,58.666666666666664,0.00828894653629484
14619,1,65.21736111111112,2,1291.24,645.62,360.92291666666665,58,297.0,296.0,296.0,1.0,7.0,14.93,1,0.5,29.0,0.005526038578656828
14075,0,80.84375,4,1100.53,275.1325,360.91875,48,252.5,71.0,93.33333333333333,0.0,0.0,0.0,1,0.0,12.0,0.011052204396705062
17401,1,360.8305555555556,1,114.85,114.85,360.8305555555556,11,34.0,61.0,70.81666666666666,0.0,0.0,0.0,0,0.0,11.0,0.0027637245794916282
13112,1,360.82430555555555,1,20.6,20.6,360.82430555555555,2,11.0,61.0,70.81666666666666,2.0,12.0,26.040000000000003,0,2.0,2.0,0.00276377231890094
16492,1,360.1875,1,385.56,385.56,360.1875,23,235.0,61.0,70.81666666666666,0.0,0.0,0.0,0,0.0,23.0,0.0027686450943069734
13919,0,244.03958333333333,2,975.87,487.935,360.1388888888889,45,329.5,116.0,116.0,0.0,0.0,0.0,1,0.0,22.5,0.00553803553572802
16134,0,178.95138888888889,4,1810.78,452.695,360.12638888888887,71,356.0,64.0,60.333333333333336,2.0,15.0,25.349999999999998,1,0.5,17.75,0.011076454457696021
17098,1,201.02569444444444,3,591.0699999999999,197.02333333333334,360.09722222222223,10,41.666666666666664,79.5,79.5,0.0,0.0,0.0,1,0.0,3.3333333333333335,0.008308011846609484
12746,1,360.08958333333334,1,254.55,254.55,360.08958333333334,17,97.0,61.0,70.81666666666666,2.0,6.0,23.700000000000003,0,2.0,17.0,0.002769395867830582
17692,0,46.16041666666667,11,2858.32,259.8472727272727,360.06666666666666,88,202.72727272727272,34.0,34.888888888888886,2.0,8.0,13.4,1,0.18181818181818182,8.0,0.030465288035450518
16515,0,66.06805555555556,7,2174.26,310.60857142857145,360.0229166666667,150,150.0,45.5,49.0,0.0,0.0,0.0,1,0.0,21.428571428571427,0.019389350860690976
13608,1,360.0152777777778,1,232.05,232.05,360.0152777777778,31,110.0,61.0,70.81666666666666,0.0,0.0,0.0,0,0.0,31.0,0.002769965875559283
14508,0,195.97847222222222,3,554.87,184.95666666666668,359.9916666666667,100,72.66666666666667,164.0,164.0,1.0,13.0,18.849999999999998,1,0.3333333333333333,33.333333333333336,0.008310441145917495
16925,1,359.90763888888887,1,125.65,125.65,359.90763888888887,18,123.0,61.0,70.81666666666666,0.0,0.0,0.0,0,0.0,18.0,0.0027707920039560753
17953,1,359.90416666666664,1,159.17000000000002,159.17000000000002,359.90416666666664,20,98.0,61.0,70.81666666666666,0.0,0.0,0.0,0,0.0,20.0,0.002770818661463685
15718,1,359.8541666666667,1,293.79,293.79,359.8541666666667,18,95.0,61.0,70.81666666666666,0.0,0.0,0.0,0,0.0,18.0,0.002771202586455747
17341,0,186.00277777777777,3,1006.53,335.51,359.7729166666667,180,211.33333333333334,174.0,174.0,0.0,0.0,0.0,1,0.0,60.0,0.008315480074608335
13277,0,199.88611111111112,3,264.9,88.3,359.1701388888889,7,68.66666666666667,79.5,79.5,0.0,0.0,0.0,1,0.0,2.3333333333333335,0.008329396793567855
16155,1,201.0326388888889,5,796.9,159.38,359.06041666666664,45,99.0,52.0,52.666666666666664,1.0,13.0,15.85,1,0.2,9.0,0.013886558390084998
14919,1,358.9888888888889,1,359.35,359.35,358.9888888888889,13,129.0,61.0,70.81666666666666,0.0,0.0,0.0,0,0.0,13.0,0.0027778635143059973
12412,0,221.825,3,1370.05,456.68333333333334,358.97777777777776,50,389.3333333333333,68.5,68.5,2.0,6.0,15.9,1,0.6666666666666666,16.666666666666668,0.008333847768380765
14840,1,87.03472222222223,2,362.71,181.35500000000002,358.88055555555553,20,89.5,272.0,272.0,1.0,6.0,22.5,1,0.5,10.0,0.005557399445803778
16486,1,357.0236111111111,1,134.36,134.36,357.0236111111111,7,24.0,61.0,70.81666666666666,0.0,0.0,0.0,0,0.0,7.0,0.0027931118757685905
18128,1,356.9798611111111,1,399.29,399.29,356.9798611111111,42,216.0,61.0,70.81666666666666,0.0,0.0,0.0,0,0.0,42.0,0.0027934532319671924
15247,0,297.1090277777778,2,620.06,310.03,356.9458333333333,10,177.0,60.0,60.0,1.0,1.0,8.95,1,0.5,5.0,0.00558743757784581
16739,0,356.1333333333333,1,463.43,463.43,356.1333333333333,25,219.0,61.0,70.81666666666666,1.0,1.0,3.75,0,1.0,25.0,0.002800074668657831
15786,0,237.19375,2,3582.62,1791.31,356.1090277777778,166,1308.5,119.0,119.0,2.0,55.0,23.97,1,1.0,83.0,0.00560053049469408
12469,1,342.00694444444446,2,3070.54,1535.27,356.09722222222223,76,1276.0,14.0,14.0,0.0,0.0,0.0,1,0.0,38.0,0.005600715646999339
14338,0,15.972222222222221,2,919.85,459.925,356.09583333333336,43,310.5,340.0,340.0,1.0,5.0,28.05,1,0.5,21.5,0.005600737430428339
13707,1,86.78263888888888,5,3365.86,673.1719999999999,356.03680555555553,142,442.0,107.0,89.66666666666667,0.0,0.0,0.0,1,0.0,28.4,0.014004158457052943
16815,1,273.07708333333335,2,406.02,203.01,356.03125,66,118.5,83.0,83.0,0.0,0.0,0.0,1,0.0,33.0,0.005601750547045952
16062,0,60.90416666666667,6,2288.01,381.33500000000004,355.97083333333336,115,261.3333333333333,78.5,73.75,0.0,0.0,0.0,1,0.0,19.166666666666668,0.016808095899524936
16315,1,150.03680555555556,2,402.71,201.35500000000002,355.95625,21,71.5,206.0,206.0,0.0,0.0,0.0,1,0.0,10.5,0.005602927529634234
16503,0,33.87638888888889,10,3275.8,327.58,355.94652777777776,157,141.1,35.0,40.25,2.0,3.0,16.45,1,0.2,15.7,0.028015400688322832
17192,1,355.86319444444445,1,75.28,75.28,355.86319444444445,20,45.0,61.0,70.81666666666666,0.0,0.0,0.0,0,0.0,20.0,0.00280219427379384
15081,0,27.971527777777776,9,1597.82,177.53555555555556,355.10069444444446,65,74.66666666666667,29.5,40.875,1.0,2.0,17.45,1,0.1111111111111111,7.222222222222222,0.025273750207201847
12774,1,355.09166666666664,1,98.7,98.7,355.09166666666664,6,53.0,61.0,70.81666666666666,0.0,0.0,0.0,0,0.0,6.0,0.002808265661931619
16227,1,44.97013888888889,3,1027.22,342.4066666666667,354.9736111111111,28,145.33333333333334,155.0,155.0,3.0,54.0,78.4,1,1.0,9.333333333333334,0.00842759099652362
12724,0,151.90972222222223,4,1441.01,360.2525,354.9513888888889,69,262.25,51.0,67.66666666666667,0.0,0.0,0.0,1,0.0,17.25,0.011237489513627406
16894,1,321.8798611111111,3,1306.96,435.65333333333336,354.93680555555557,186,167.66666666666666,33.0,33.0,2.0,6.0,41.7,1,0.6666666666666666,62.0,0.008428462449443858
15809,0,3.8881944444444443,6,1157.88,192.98,354.93541666666664,45,108.33333333333333,52.0,70.2,1.0,1.0,295.0,1,0.16666666666666666,7.5,0.016856990675977034
14874,1,354.9111111111111,1,116.18,116.18,354.9111111111111,6,148.0,61.0,70.81666666666666,0.0,0.0,0.0,0,0.0,6.0,0.00280969030969031
14793,0,354.8305555555556,1,396.91,396.91,354.8305555555556,25,270.0,61.0,70.81666666666666,0.0,0.0,0.0,0,0.0,25.0,0.0028103263881841386
16680,0,347.91527777777776,2,637.75,318.875,354.1388888888889,16,141.5,6.0,6.0,0.0,0.0,0.0,1,0.0,8.0,0.005631599530700039
17422,0,40.08402777777778,7,2243.46,320.4942857142857,354.1048611111111,95,233.14285714285714,41.5,52.333333333333336,7.0,124.0,202.02,1,1.0,13.571428571428571,0.019712487117459435
12792,1,76.0513888888889,2,827.01,413.505,354.0840277777778,39,197.0,278.0,278.0,1.0,1.0,13.13,1,0.5,19.5,0.005632469622800549
17380,1,253.8388888888889,3,645.0,215.0,354.0597222222222,5,84.0,50.0,50.0,1.0,1.0,1.25,1,0.3333333333333333,1.6666666666666667,0.008449282788889194
14725,0,214.04375,3,597.16,199.05333333333337,354.0527777777778,41,249.0,140.0,140.0,1.0,24.0,50.400000000000006,1,0.3333333333333333,13.666666666666666,0.008449448047629851
17310,1,206.86805555555554,2,1025.1,512.55,354.05,1,201.0,147.0,147.0,0.0,0.0,0.0,1,0.0,0.5,0.005633009435290804
13942,1,354.0104166666667,1,320.0,320.0,354.0104166666667,1,1000.0,61.0,70.81666666666666,0.0,0.0,0.0,0,0.0,1.0,0.0028168187553182125
12379,0,241.91944444444445,2,767.98,383.99,354.00069444444443,37,204.0,112.0,112.0,0.0,0.0,0.0,1,0.0,18.5,0.005633791796181933
16825,0,5.129166666666666,4,1370.41,342.60249999999996,353.98333333333335,35,272.25,120.0,116.33333333333333,0.0,0.0,0.0,1,0.0,8.75,0.011268134654209117
16180,0,30.038888888888888,9,8741.12,971.2355555555556,353.9798611111111,162,617.5555555555555,21.5,54.0,1.0,14.0,42.9,1,0.1111111111111111,18.0,0.025353550964354394
14509,1,353.9784722222222,1,110.95,110.95,353.9784722222222,25,38.0,61.0,70.81666666666666,0.0,0.0,0.0,0,0.0,25.0,0.0028170722402962624
15248,1,230.98680555555555,3,1893.93,631.3100000000001,353.9277777777778,103,355.0,61.5,61.5,1.0,8.0,28.9,1,0.3333333333333333,34.333333333333336,0.008452423810790926
15991,1,353.875,1,150.55,150.55,353.875,6,41.0,61.0,70.81666666666666,0.0,0.0,0.0,0,0.0,6.0,0.0028178936245156746
17304,1,353.8520833333333,1,111.5,111.5,353.8520833333333,5,73.0,61.0,70.81666666666666,0.0,0.0,0.0,0,0.0,5.0,0.0028180756066201293
15913,1,353.8465277777778,1,6.300000000000001,6.300000000000001,353.8465277777778,1,3.0,61.0,70.81666666666666,0.0,0.0,0.0,0,0.0,1.0,0.0028181197270337917
17686,0,19.940277777777776,6,5594.1,932.35,353.12569444444443,209,388.0,110.0,111.0,0.0,0.0,0.0,1,0.0,34.833333333333336,0.01694313655893525
12705,0,20.949305555555554,8,8057.91,1007.23875,353.12430555555557,251,615.875,36.5,55.333333333333336,4.0,72.0,191.3,1,0.5,31.375,0.02259093734740822
14566,0,236.91180555555556,3,2660.0,886.6666666666666,353.09444444444443,8,533.3333333333334,58.0,58.0,0.0,0.0,0.0,1,0.0,2.6666666666666665,0.008472315923247094
16683,1,353.09305555555557,1,320.25,320.25,353.09305555555557,18,190.0,61.0,70.81666666666666,1.0,2.0,10.9,0,1.0,18.0,0.0028241163849741318
15043,0,282.9034722222222,5,2333.3199999999997,466.66399999999993,352.875,39,143.8,16.5,17.5,0.0,0.0,0.0,1,0.0,7.8,0.01412928293889085
12741,1,348.9263888888889,2,406.07,203.035,352.8513888888889,16,107.0,4.0,4.0,0.0,0.0,0.0,1,0.0,8.0,0.005652090292142417
17099,1,352.85069444444446,1,582.17,582.17,352.85069444444446,40,317.0,61.0,70.81666666666666,0.0,0.0,0.0,0,0.0,40.0,0.002826050692284293
15629,1,269.9611111111111,4,2240.9,560.225,352.0493055555556,39,379.5,41.0,41.0,0.0,0.0,0.0,1,0.0,9.75,0.011329862251692102
14326,1,61.90694444444444,3,940.98,313.66,352.02777777777777,54,190.66666666666666,145.0,145.0,1.0,4.0,17.0,1,0.3333333333333333,18.0,0.008497914863482572
16961,0,207.8423611111111,2,560.39,280.195,351.9263888888889,38,178.5,144.0,144.0,3.0,3.0,21.549999999999997,1,1.5,19.0,0.0056669040994541675
15824,1,272.9791666666667,2,890.94,445.47,351.90277777777777,24,239.0,79.0,79.0,0.0,0.0,0.0,1,0.0,12.0,0.0056672832460939035
16539,0,39.12361111111111,9,2954.46,328.2733333333333,351.8930555555556,81,106.44444444444444,27.5,39.125,0.0,0.0,0.0,1,0.0,9.0,0.025503477210202963
15779,1,282.84027777777777,2,124.08000000000001,62.04,351.87152777777777,8,10.0,69.0,69.0,0.0,0.0,0.0,1,0.0,4.0,0.005667785135839885
14058,1,282.1381944444444,2,469.19,234.59500000000003,350.05625,23,105.5,68.0,68.0,0.0,0.0,0.0,1,0.0,11.5,0.005697092702380317
13861,1,248.9375,2,273.26,136.63,350.05069444444445,21,112.5,101.0,101.0,1.0,5.0,21.95,1,0.5,10.5,0.0056971828617661665
14199,1,37.9625,4,1091.7,272.92499999999995,350.02569444444447,15,63.5,97.0,104.0,2.0,24.0,175.20000000000002,1,0.5,3.75,0.011395177228637504
17194,1,93.03125,3,812.5,270.8333333333333,349.9819444444444,57,140.0,128.5,128.5,0.0,0.0,0.0,1,0.0,19.0,0.008547448230559503
16529,1,9.810416666666667,4,1986.8,496.7,349.97291666666666,87,184.75,29.0,113.33333333333333,0.0,0.0,0.0,1,0.0,21.75,0.011396890785732517
15264,0,349.97291666666666,1,454.66,454.66,349.97291666666666,32,178.0,61.0,70.81666666666666,1.0,2.0,4.2,0,1.0,32.0,0.0028492226964331293
17812,0,187.89097222222222,4,405.48,101.37,349.96944444444443,79,60.5,50.0,54.0,0.0,0.0,0.0,1,0.0,19.75,0.011397003537819849
16733,1,349.1097222222222,1,259.68,259.68,349.1097222222222,12,112.0,61.0,70.81666666666666,0.0,0.0,0.0,0,0.0,12.0,0.0028562474462370925
17437,1,349.06875,1,369.68,369.68,349.06875,52,283.0,61.0,70.81666666666666,0.0,0.0,0.0,0,0.0,52.0,0.002856581742871936
16012,0,220.96041666666667,2,1563.3,781.6500000000001,349.0493055555556,138,480.5,128.0,128.0,0.0,0.0,0.0,1,0.0,69.0,0.00571348083900879
13129,1,271.9604166666667,2,233.25,116.625,349.0388888888889,10,148.0,77.0,77.0,0.0,0.0,0.0,1,0.0,5.0,0.005713650864189694
17578,1,37.75833333333333,7,1047.33,149.6185714285714,349.03819444444446,57,75.57142857142857,26.5,77.75,3.0,58.0,43.6,1,0.42857142857142855,8.142857142857142,0.019997817698465443
13123,1,292.10555555555555,2,506.75,253.375,349.0048611111111,36,134.0,57.0,57.0,0.0,0.0,0.0,1,0.0,18.0,0.005714206350308627
12451,0,37.80277777777778,5,8942.18,1788.4360000000001,348.99444444444447,259,1377.8,106.0,103.66666666666667,1.0,13.0,21.35,1,0.2,51.8,0.01428594104668328
12784,0,348.9888888888889,1,1230.33,1230.33,348.9888888888889,72,582.0,61.0,70.81666666666666,0.0,0.0,0.0,0,0.0,72.0,0.002857233562970253
17326,1,227.88333333333333,2,312.35,156.175,348.9479166666667,82,68.0,121.0,121.0,0.0,0.0,0.0,1,0.0,41.0,0.005715136180979312
12485,1,348.89444444444445,1,708.1,708.1,348.89444444444445,34,414.0,61.0,70.81666666666666,0.0,0.0,0.0,0,0.0,34.0,0.002858004795096934
14020,0,295.9868055555556,2,606.21,303.105,348.88958333333335,29,103.5,53.0,53.0,1.0,7.0,35.75,1,0.5,14.5,0.005716089004269204
13859,1,145.85833333333332,2,515.86,257.93,348.8847222222222,34,83.5,203.0,203.0,0.0,0.0,0.0,1,0.0,17.0,0.005716168420551213
12527,0,114.13125,4,671.72,167.93,348.88402777777776,24,128.25,35.0,78.33333333333333,0.0,0.0,0.0,1,0.0,6.0,0.011432359531828999
12799,1,348.8701388888889,1,219.35,219.35,348.8701388888889,15,137.0,61.0,70.81666666666666,0.0,0.0,0.0,0,0.0,15.0,0.0028582033413191003
13023,0,348.12361111111113,1,759.13,759.13,348.12430555555557,36,299.0,61.0,70.81666666666666,0.0,0.0,0.0,0,0.0,36.0,0.0028643093135802076
13299,1,87.99652777777777,3,1218.7,406.23333333333335,348.05555555555554,56,138.66666666666666,130.0,130.0,2.0,8.0,45.400000000000006,1,0.6666666666666666,18.666666666666668,0.008594620404265478
14774,1,348.01666666666665,1,241.45,241.45,348.01666666666665,13,99.0,61.0,70.81666666666666,0.0,0.0,0.0,0,0.0,13.0,0.002865192684208013
12788,1,282.93680555555557,4,444.9,111.225,347.9895833333333,20,48.5,16.0,21.666666666666668,0.0,0.0,0.0,1,0.0,5.0,0.011461660149837329
12529,1,347.9861111111111,1,316.48,316.48,347.9861111111111,21,192.0,61.0,70.81666666666666,1.0,2.0,4.7,0,1.0,21.0,0.002865443546782346
13620,1,347.90833333333336,1,112.34,112.34,347.90833333333336,5,74.0,61.0,70.81666666666666,0.0,0.0,0.0,0,0.0,5.0,0.0028660823043301724
15430,1,287.0888888888889,2,954.75,477.375,347.90694444444443,36,154.5,61.0,61.0,1.0,8.0,51.0,1,0.5,18.0,0.005732187426606107
12415,0,22.94236111111111,14,70427.74,5030.552857142858,347.18055555555554,295,3296.5714285714284,16.0,24.923076923076923,2.0,210.0,593.7,1,0.14285714285714285,21.071428571428573,0.04020902309625434
15842,1,212.94583333333333,2,548.8,274.4,347.15555555555557,24,148.0,134.0,134.0,1.0,8.0,20.049999999999997,1,0.5,12.0,0.005744558626412204
13752,0,4.084027777777778,5,1295.98,259.196,347.1020833333333,69,168.0,28.0,85.75,0.0,0.0,0.0,1,0.0,13.8,0.014363602630933215
13739,0,347.10069444444446,1,75.3,75.3,347.10069444444446,3,22.0,61.0,70.81666666666666,0.0,0.0,0.0,0,0.0,3.0,0.0028727319880701824
14398,1,220.9611111111111,2,707.79,353.895,347.03680555555553,50,133.5,126.0,126.0,0.0,0.0,0.0,1,0.0,25.0,0.005746518667206733
17666,0,297.01875,3,1319.6399999999999,439.87999999999994,347.03263888888887,17,318.6666666666667,25.0,25.0,0.0,0.0,0.0,1,0.0,5.666666666666667,0.008619881197285536
18053,0,345.0472222222222,2,271.05,135.525,347.0097222222222,12,53.5,2.0,2.0,2.0,6.0,40.35,1,1.0,6.0,0.005746965881381029
14217,0,4.169444444444444,14,2282.86,163.0614285714286,346.9972222222222,95,61.0,22.0,26.384615384615383,5.0,16.0,153.39999999999998,1,0.35714285714285715,6.785714285714286,0.040230206179806674
15486,1,346.9826388888889,1,102.0,102.0,346.9826388888889,1,40.0,61.0,70.81666666666666,0.0,0.0,0.0,0,0.0,1.0,0.0028737065825841404
17748,1,346.9590277777778,1,358.15,358.15,346.9590277777778,17,111.0,61.0,70.81666666666666,0.0,0.0,0.0,0,0.0,17.0,0.002873901580845446
13814,0,346.94305555555553,1,678.2,678.2,346.94305555555553,22,350.0,61.0,70.81666666666666,1.0,1.0,1.25,0,1.0,22.0,0.0028740335064406292
13649,1,76.04097222222222,6,1453.68,242.28,346.84375,97,130.33333333333334,36.0,54.2,0.0,0.0,0.0,1,0.0,16.166666666666668,0.017249124067918425
12575,1,276.9868055555556,2,622.8199999999999,311.40999999999997,346.14930555555554,34,157.5,69.0,69.0,0.0,0.0,0.0,1,0.0,17.0,0.005761209854069355
12653,0,116.08125,2,2730.08,1365.04,346.12083333333334,55,524.0,230.0,230.0,0.0,0.0,0.0,1,0.0,27.5,0.005761682411264089
15852,1,6.061111111111111,3,257.26,85.75333333333333,346.1069444444444,31,20.0,170.0,170.0,0.0,0.0,0.0,1,0.0,10.333333333333334,0.008642869432651641
17239,1,132.13125,4,1189.45,297.3625,346.08125,18,128.75,75.0,71.33333333333333,2.0,2.0,15.3,1,0.5,4.5,0.01152467901968199
15888,0,220.11875,2,260.85,130.425,346.0409722222222,24,31.5,126.0,126.0,0.0,0.0,0.0,1,0.0,12.0,0.005763008290327551
18109,0,0.03263888888888889,24,4439.8,184.99166666666667,346.02569444444447,186,81.16666666666667,10.0,15.043478260869565,4.0,15.0,84.9,1,0.16666666666666666,7.75,0.06915914407554676
17651,0,318.0152777777778,6,1758.52,293.0866666666667,346.0229166666667,84,162.33333333333334,6.5,7.0,2.0,12.0,12.600000000000001,1,0.3333333333333333,14.0,0.017289924416615136
13302,0,346.0125,1,95.45,95.45,346.0125,2,7.0,61.0,70.81666666666666,0.0,0.0,0.0,0,0.0,2.0,0.002881740571305068
15851,1,346.0111111111111,1,109.73,109.73,346.0111111111111,8,67.0,61.0,70.81666666666666,0.0,0.0,0.0,0,0.0,8.0,0.00288175210528001
16926,1,190.9638888888889,5,1169.6100000000001,233.92199999999997,345.9951388888889,63,39.4,29.0,38.75,1.0,1.0,10.95,1,0.2,12.6,0.014409423763141093
12576,0,37.90416666666667,5,1248.54,249.708,345.9611111111111,74,168.4,77.0,77.0,2.0,12.0,50.0,1,0.4,14.8,0.014410836949385938
13292,0,103.90972222222223,4,665.14,166.285,345.9263888888889,41,79.0,79.0,80.66666666666667,1.0,16.0,6.72,1,0.25,10.25,0.011529823409544932
13439,1,74.9375,3,986.61,328.87,345.9263888888889,132,317.3333333333333,135.5,135.5,0.0,0.0,0.0,1,0.0,44.0,0.008647367557158699
17187,1,46.00763888888889,2,467.71,233.855,345.925,21,213.0,300.0,300.0,0.0,0.0,0.0,1,0.0,10.5,0.005764934784175254
18217,0,333.0159722222222,2,323.29,161.645,345.8826388888889,7,124.5,13.0,13.0,2.0,30.0,42.24,1,1.0,3.5,0.005765638794741257
17080,0,89.03125,6,746.23,124.37166666666667,345.86597222222224,19,79.16666666666667,16.0,51.4,1.0,2.0,2.12,1,0.16666666666666666,3.1666666666666665,0.017297747488923636
16907,0,53.9125,7,1073.24,153.32,345.80555555555554,88,47.42857142857143,42.0,48.666666666666664,0.0,0.0,0.0,1,0.0,12.571428571428571,0.020184221065278334
14693,1,84.0,7,1165.36,166.48000000000002,345.18194444444447,43,55.42857142857143,22.0,43.5,1.0,2.0,25.5,1,0.14285714285714285,6.142857142857143,0.02022058086025733
18230,0,26.87638888888889,5,2735.1600000000003,547.032,345.1173611111111,42,268.4,63.0,79.5,2.0,12.0,81.0,1,0.4,8.4,0.014445967067207856
12633,0,16.097916666666666,5,5243.73,1048.7459999999999,345.04583333333335,209,601.4,93.0,82.25,3.0,31.0,82.95,1,0.6,41.8,0.01444895305294337
14699,1,33.91388888888889,4,702.6,175.65,345.03194444444443,45,121.0,58.0,103.66666666666667,0.0,0.0,0.0,1,0.0,11.25,0.01155962639929679
14963,0,3.013888888888889,8,1945.43,243.17875,345.0048611111111,215,161.875,20.0,57.0,1.0,3.0,5.85,1,0.125,26.875,0.023121062444931933
13246,0,26.008333333333333,9,3016.27,335.1411111111111,344.96805555555557,207,281.44444444444446,31.0,39.875,2.0,21.0,44.550000000000004,1,0.2222222222222222,23.0,0.026013962432305488
14366,1,344.81041666666664,1,136.0,136.0,344.81041666666664,1,16.0,61.0,70.81666666666666,0.0,0.0,0.0,0,0.0,1.0,0.002891757887570863
13125,1,343.0361111111111,1,148.62,148.62,343.0361111111111,20,53.0,61.0,70.81666666666666,0.0,0.0,0.0,0,0.0,20.0,0.002906671618773869
14647,1,20.96527777777778,2,506.04,253.02,342.97430555555553,42,87.5,322.0,322.0,0.0,0.0,0.0,1,0.0,21.0,0.005814387783325225
16032,1,275.78472222222223,6,1965.72,327.62,342.9715277777778,130,244.5,17.0,13.4,0.0,0.0,0.0,1,0.0,21.666666666666668,0.017443304214051953
13029,0,172.95625,3,1062.3,354.09999999999997,342.9611111111111,6,30.0,85.0,85.0,0.0,0.0,0.0,1,0.0,2.0,0.008721916237300729
17376,0,130.94305555555556,3,356.29,118.76333333333332,342.06875,37,64.33333333333333,105.5,105.5,0.0,0.0,0.0,1,0.0,12.333333333333334,0.008744602940372739
15627,1,276.94166666666666,2,566.9,283.45000000000005,342.0375,23,172.0,65.0,65.0,0.0,0.0,0.0,1,0.0,11.5,0.005830266370294793
15678,0,214.925,2,1473.24,736.62,342.00069444444443,67,419.0,127.0,127.0,0.0,0.0,0.0,1,0.0,33.5,0.005830891984750598
16110,0,81.95555555555555,3,1138.82,379.6066666666666,341.9902777777778,235,167.33333333333334,130.0,130.0,0.0,0.0,0.0,1,0.0,78.33333333333333,0.008746603604734504
15969,0,5.021527777777778,3,769.65,256.55,341.9861111111111,23,47.666666666666664,168.5,168.5,0.0,0.0,0.0,1,0.0,7.666666666666667,0.008746709860295607
12953,0,341.96736111111113,1,498.96000000000004,498.96000000000004,341.96736111111113,31,280.0,61.0,70.81666666666666,0.0,0.0,0.0,0,0.0,31.0,0.002915729347423325
12693,0,31.165277777777778,6,1477.88,246.31333333333336,341.95416666666665,59,83.66666666666667,56.0,62.2,3.0,11.0,52.650000000000006,1,0.5,9.833333333333334,0.01749504914407902
15076,0,311.96736111111113,2,566.89,283.44500000000005,341.94375,30,147.5,30.0,30.0,2.0,2.0,21.9,1,1.0,15.0,0.005831860181152156
14900,1,341.9034722222222,1,13.919999999999998,13.919999999999998,341.9034722222222,1,48.0,61.0,70.81666666666666,0.0,0.0,0.0,0,0.0,1.0,0.0029162725985811527
16576,1,239.9673611111111,2,540.87,270.435,341.0888888888889,32,161.5,101.0,101.0,3.0,14.0,27.700000000000003,1,1.5,16.0,0.005846433675457971
17901,0,341.0729166666667,2,149.7,74.85,341.0805555555556,3,7.0,61.0,70.81666666666666,0.0,0.0,0.0,0,0.0,1.5,0.005846576098872098
12403,0,341.0493055555556,1,591.6600000000001,591.6600000000001,341.0493055555556,4,164.0,61.0,70.81666666666666,0.0,0.0,0.0,0,0.0,4.0,0.0029235551242409413
12730,1,341.0215277777778,1,829.25,829.25,341.0215277777778,47,234.0,61.0,70.81666666666666,0.0,0.0,0.0,0,0.0,47.0,0.0029237925650391562
14452,0,214.9423611111111,2,399.9,199.95000000000002,340.9840277777778,62,84.5,126.0,126.0,0.0,0.0,0.0,1,0.0,31.0,0.005848226342604532
12749,0,32.892361111111114,5,3665.58,733.116,340.90625,157,230.2,96.0,102.66666666666667,5.0,54.0,423.19,1,1.0,31.4,0.014623891783200805
13909,1,242.8111111111111,2,282.85,141.42499999999998,340.83194444444445,35,150.5,98.0,98.0,0.0,0.0,0.0,1,0.0,17.5,0.005850828257875256
16443,1,340.03680555555553,1,162.24,162.24,340.03680555555553,1,96.0,61.0,70.81666666666666,0.0,0.0,0.0,0,0.0,1.0,0.0029322348312845023
15133,0,77.07916666666667,4,1482.38,370.595,340.0131944444444,34,148.0,81.0,87.66666666666667,0.0,0.0,0.0,1,0.0,8.5,0.011729751414799445
17129,1,339.9611111111111,1,31.85,31.85,339.9611111111111,2,5.0,61.0,70.81666666666666,0.0,0.0,0.0,0,0.0,2.0,0.002932885796685839
13534,0,6.157638888888889,27,4803.9,177.92222222222222,339.90972222222223,132,89.88888888888889,20.0,18.555555555555557,19.0,119.0,297.28,1,0.7037037037037037,4.888888888888889,0.07919985333360494
16649,1,339.88125,1,306.58000000000004,306.58000000000004,339.88125,20,82.0,61.0,70.81666666666666,0.0,0.0,0.0,0,0.0,20.0,0.00293357290845419
15056,1,339.86944444444447,1,113.64999999999999,113.64999999999999,339.86944444444447,6,69.0,61.0,70.81666666666666,0.0,0.0,0.0,0,0.0,6.0,0.002933674508813247
13677,1,224.05416666666667,2,551.24,275.62,339.80902777777777,98,108.5,116.0,116.0,0.0,0.0,0.0,1,0.0,49.0,0.005868389147555347
15127,0,339.11319444444445,1,304.97,304.97,339.11319444444445,12,213.0,61.0,70.81666666666666,0.0,0.0,0.0,0,0.0,12.0,0.0029401976057807553
12782,0,73.00972222222222,9,3850.27,427.8077777777778,338.9715277777778,121,170.55555555555554,25.0,33.25,3.0,32.0,92.2,1,0.3333333333333333,13.444444444444445,0.026472805116441532
12592,0,32.9625,4,2376.86,594.215,338.9472222222222,40,437.5,306.0,306.0,3.0,3.0,1430.04,1,0.75,10.0,0.011766532386563274
16650,0,239.89027777777778,6,1397.69,232.94833333333335,338.93888888888887,53,189.83333333333334,24.0,24.75,0.0,0.0,0.0,1,0.0,8.833333333333334,0.017650231250715
12963,0,185.15,5,1744.96,348.992,338.9201388888889,74,185.6,37.0,38.5,2.0,32.0,88.80000000000001,1,0.4,14.8,0.01470933736478135
18279,1,338.91805555555555,1,231.33999999999997,231.33999999999997,338.91805555555555,13,630.0,61.0,70.81666666666666,0.0,0.0,0.0,0,0.0,13.0,0.0029418855034505868
12841,0,0.020833333333333332,28,5106.08,182.35999999999999,338.8833333333333,226,128.35714285714286,10.0,12.555555555555555,1.0,1.0,4.25,1,0.03571428571428571,8.071428571428571,0.08238120923846418
13399,1,283.95208333333335,3,275.4,91.8,338.79375,10,40.0,27.5,27.5,0.0,0.0,0.0,1,0.0,3.3333333333333335,0.008828885169312267
17492,1,67.8951388888889,3,1122.42,374.14000000000004,337.97430555555553,32,150.0,135.0,135.0,0.0,0.0,0.0,1,0.0,10.666666666666666,0.008850228323598766
14580,1,337.8958333333333,1,14.850000000000001,14.850000000000001,337.8958333333333,1,3.0,61.0,70.81666666666666,0.0,0.0,0.0,0,0.0,1.0,0.0029507592057539805
15283,1,209.9138888888889,3,148.33,49.443333333333335,337.8777777777778,9,9.0,64.0,64.0,1.0,2.0,12.9,1,0.3333333333333333,3.0,0.008852749270467884
16049,0,194.92638888888888,3,777.34,259.11333333333334,335.95625,175,123.0,70.5,70.5,0.0,0.0,0.0,1,0.0,58.333333333333336,0.008903232986478214
14516,1,335.94652777777776,1,151.17,151.17,335.94652777777776,35,63.0,61.0,70.81666666666666,0.0,0.0,0.0,0,0.0,35.0,0.002967829959831246
13779,1,335.0597222222222,1,161.13,161.13,335.0597222222222,27,53.0,61.0,70.81666666666666,0.0,0.0,0.0,0,0.0,27.0,0.0029756615680909893
18238,1,334.99930555555557,1,270.92,270.92,334.99930555555557,14,114.0,61.0,70.81666666666666,0.0,0.0,0.0,0,0.0,14.0,0.0029761966273905162
17143,1,236.89097222222222,2,880.97,440.485,334.975,82,157.0,98.0,98.0,0.0,0.0,0.0,1,0.0,41.0,0.005952823870823722
14248,1,137.92013888888889,3,1032.95,344.31666666666666,334.9326388888889,41,230.66666666666666,98.5,98.5,0.0,0.0,0.0,1,0.0,13.666666666666666,0.00893036178301288
16469,0,65.98194444444445,3,446.78000000000003,148.92666666666668,333.98125,73,61.0,268.0,268.0,0.0,0.0,0.0,1,0.0,24.333333333333332,0.008955725133869434
13428,0,333.97013888888887,2,276.76,138.38,333.9791666666667,66,102.5,61.0,70.81666666666666,0.0,0.0,0.0,0,0.0,33.0,0.0059705205547608674
16435,1,331.76944444444445,3,1003.0699999999999,334.3566666666667,333.97291666666666,119,202.66666666666666,2.0,2.0,0.0,0.0,0.0,1,0.0,39.666666666666664,0.008955947931113834
17408,0,319.98125,2,283.44000000000005,141.72000000000003,333.95,6,80.0,14.0,14.0,1.0,72.0,151.20000000000002,1,0.5,3.0,0.005971040453799075
14610,1,215.07777777777778,2,24.35,12.175,333.8638888888889,10,7.5,119.0,119.0,0.0,0.0,0.0,1,0.0,5.0,0.0059725759222237895
17714,1,140.09583333333333,5,1410.18,282.036,333.08958333333334,69,121.6,37.5,48.25,4.0,18.0,33.599999999999994,1,0.8,13.8,0.014966045783628392
18123,0,333.00208333333336,1,92.2,92.2,333.00208333333336,22,34.0,61.0,70.81666666666666,0.0,0.0,0.0,0,0.0,22.0,0.002993993300939989
17034,0,107.11111111111111,3,672.7,224.23333333333335,332.99652777777777,31,127.33333333333333,113.0,113.0,1.0,17.0,33.65,1,0.3333333333333333,10.333333333333334,0.008982129305236456
15332,1,185.92152777777778,6,4892.68,815.4466666666667,332.9923611111111,113,384.3333333333333,31.0,49.0,0.0,0.0,0.0,1,0.0,18.833333333333332,0.017964482720621105
18096,0,261.9555555555556,3,808.81,269.6033333333333,332.93055555555554,154,207.0,35.5,35.5,0.0,0.0,0.0,1,0.0,51.333333333333336,0.008983903838955205
16172,0,61.03333333333333,4,943.72,235.93,332.8861111111111,54,203.0,35.0,90.66666666666667,0.0,0.0,0.0,1,0.0,13.5,0.011980132946197555
14007,1,332.15555555555557,1,79.48,79.48,332.15555555555557,5,16.0,61.0,70.81666666666666,0.0,0.0,0.0,0,0.0,5.0,0.0030016008537886874
15530,0,66.06527777777778,2,859.46,429.73,332.06944444444446,71,351.0,266.0,266.0,0.0,0.0,0.0,1,0.0,35.5,0.006004753763396022
17559,1,332.03333333333336,1,167.62,167.62,332.03333333333336,12,270.0,61.0,70.81666666666666,0.0,0.0,0.0,0,0.0,12.0,0.00300270243218897
17783,0,67.11319444444445,2,205.9,102.94999999999999,332.0,54,68.5,265.0,265.0,0.0,0.0,0.0,1,0.0,27.0,0.006006006006006006
13255,0,193.0361111111111,2,504.95,252.475,331.9791666666667,19,170.0,139.0,139.0,0.0,0.0,0.0,1,0.0,9.5,0.006006381780641932
14084,1,331.9263888888889,1,150.5,150.5,331.9263888888889,7,306.0,61.0,70.81666666666666,0.0,0.0,0.0,0,0.0,7.0,0.00300366697676747
16251,1,331.91319444444446,1,128.31,128.31,331.91319444444446,20,44.0,61.0,70.81666666666666,0.0,0.0,0.0,0,0.0,20.0,0.0030037860219651854
17968,1,193.01875,4,590.4399999999999,147.61,331.9090277777778,106,88.0,15.0,46.333333333333336,0.0,0.0,0.0,1,0.0,26.5,0.012015294468583968
18021,1,329.08194444444445,2,216.41,108.205,331.75208333333336,32,84.0,3.0,3.0,0.0,0.0,0.0,1,0.0,16.0,0.006010480775852893
15908,1,310.0375,2,758.62,379.31,331.7284722222222,37,86.5,22.0,22.0,0.0,0.0,0.0,1,0.0,18.5,0.006010907292190622
17921,0,85.9798611111111,7,1852.2,264.6,331.6979166666667,172,100.42857142857143,26.0,41.0,2.0,13.0,40.15,1,0.2857142857142857,24.571428571428573,0.02104010770531325
15452,0,83.8951388888889,4,1493.63,373.4075,330.93541666666664,148,235.25,82.0,82.33333333333333,0.0,0.0,0.0,1,0.0,37.0,0.012050536939289145
13959,0,100.77361111111111,5,808.17,161.63400000000001,330.90208333333334,75,107.4,59.0,57.5,0.0,0.0,0.0,1,0.0,15.0,0.015064683986868617
17680,0,202.97152777777777,2,313.05,156.525,330.86319444444445,9,29.5,128.0,128.0,1.0,1.0,34.95,1,0.5,4.5,0.006026579727673929
12977,0,321.0111111111111,3,474.64,158.21333333333334,330.85069444444446,45,38.666666666666664,10.0,10.0,0.0,0.0,0.0,1,0.0,15.0,0.009040210101179204
16128,0,102.0201388888889,7,2309.13,329.8757142857143,330.84722222222223,102,233.0,27.0,45.8,3.0,26.0,52.65,1,0.42857142857142855,14.571428571428571,0.021094044280751685
17541,1,329.0513888888889,1,119.86,119.86,329.0513888888889,31,44.0,61.0,70.81666666666666,0.0,0.0,0.0,0,0.0,31.0,0.003029831213152834
17261,1,329.0423611111111,1,221.59,221.59,329.0423611111111,43,95.0,61.0,70.81666666666666,0.0,0.0,0.0,0,0.0,43.0,0.0030299140893109257
14553,0,38.07083333333333,6,1271.65,211.9416666666667,329.02986111111113,169,134.5,67.5,72.75,1.0,2.0,25.5,1,0.16666666666666666,28.166666666666668,0.018180173090397964
15151,1,242.8423611111111,2,2085.61,1042.805,329.0215277777778,56,397.5,86.0,86.0,0.0,0.0,0.0,1,0.0,28.0,0.00606021071857686
17339,0,184.92083333333332,2,119.0,59.5,328.9875,5,18.0,144.0,144.0,1.0,20.0,59.0,1,0.5,2.5,0.006060835637713549
15189,0,3.9472222222222224,22,6829.2,310.41818181818184,328.96736111111113,55,120.72727272727273,11.5,16.25,10.0,100.0,401.27,1,0.45454545454545453,2.5,0.06667326103381437
16496,0,27.084722222222222,5,1916.29,383.258,328.9638888888889,101,287.4,109.0,100.66666666666667,1.0,20.0,37.3,1,0.2,20.2,0.015153173327047572
14674,1,328.93402777777777,1,173.66,173.66,328.93402777777777,14,103.0,61.0,70.81666666666666,0.0,0.0,0.0,0,0.0,14.0,0.0030309089569674074
16089,1,205.95763888888888,2,263.49,131.745,328.87430555555557,42,59.5,123.0,123.0,0.0,0.0,0.0,1,0.0,21.0,0.006062915378121717
14599,1,209.91736111111112,2,457.89,228.945,328.8722222222222,77,146.0,119.0,119.0,0.0,0.0,0.0,1,0.0,38.5,0.006062953668929047
12696,1,254.08819444444444,2,851.91,425.955,328.1166666666667,43,282.0,74.0,74.0,1.0,1.0,50.76,1,0.5,21.5,0.006076872436319441
16861,0,209.95555555555555,3,772.83,257.60999999999996,328.04583333333335,38,158.66666666666666,59.0,59.0,1.0,7.0,22.110000000000003,1,0.3333333333333333,12.666666666666666,0.009117270896911524
15788,1,328.00138888888887,1,221.82999999999998,221.82999999999998,328.00138888888887,14,115.0,61.0,70.81666666666666,1.0,3.0,6.300000000000001,0,1.0,14.0,0.0030395008464165554
17395,1,327.8861111111111,1,97.5,97.5,327.8861111111111,3,66.0,61.0,70.81666666666666,0.0,0.0,0.0,0,0.0,3.0,0.003040566220998488
17090,0,47.10208333333333,9,1754.58,194.95333333333335,327.8666666666667,23,83.77777777777777,45.0,40.142857142857146,1.0,24.0,91.44,1,0.1111111111111111,2.5555555555555554,0.027366713967159943
17470,0,37.09236111111111,9,2124.5099999999998,236.05666666666664,327.8569444444444,89,215.44444444444446,28.5,36.375,0.0,0.0,0.0,1,0.0,9.88888888888889,0.027367523027996807
12864,0,327.81111111111113,1,152.45,152.45,327.81111111111113,4,231.0,61.0,70.81666666666666,0.0,0.0,0.0,0,0.0,4.0,0.0030412597573750547
14922,1,213.06666666666666,2,843.74,421.87,327.12847222222223,49,188.0,114.0,114.0,0.0,0.0,0.0,1,0.0,24.5,0.0060951735960466024
13509,0,73.99236111111111,4,785.02,196.255,327.02777777777777,23,218.5,19.0,84.33333333333333,0.0,0.0,0.0,1,0.0,5.75,0.012194089253958845
16129,1,226.93125,3,1396.05,465.34999999999997,327.0125,91,420.3333333333333,50.0,50.0,0.0,0.0,0.0,1,0.0,30.333333333333332,0.009145992911855494
15617,1,215.86319444444445,3,828.5500000000001,276.18333333333334,326.9819444444444,41,161.66666666666666,55.5,55.5,0.0,0.0,0.0,1,0.0,13.666666666666666,0.009146844973681649
12480,0,86.97708333333334,5,3770.4900000000002,754.098,326.9784722222222,120,401.4,66.0,60.0,1.0,5.0,29.75,1,0.2,24.0,0.015244903014891308
14797,1,326.94652777777776,1,300.31,300.31,326.94652777777776,16,99.0,61.0,70.81666666666666,0.0,0.0,0.0,0,0.0,16.0,0.003049277596491637
12720,0,11.98263888888889,15,4347.32,289.8213333333333,326.1277777777778,188,217.13333333333333,22.5,26.166666666666668,9.0,67.0,168.29,1,0.6,12.533333333333333,0.04585364196797038
13913,1,326.11041666666665,1,42.22,42.22,326.11041666666665,3,10.0,61.0,70.81666666666666,0.0,0.0,0.0,0,0.0,3.0,0.003057071707438238
13444,1,193.99166666666667,2,619.08,309.54,325.9277777777778,51,165.5,132.0,132.0,0.0,0.0,0.0,1,0.0,25.5,0.006117559093921525
18074,1,193.12291666666667,2,1019.44,509.72,325.0965277777778,37,180.5,132.0,132.0,0.0,0.0,0.0,1,0.0,18.5,0.006133153313925878
14858,1,325.0826388888889,1,180.75,180.75,325.0826388888889,11,105.0,61.0,70.81666666666666,0.0,0.0,0.0,0,0.0,11.0,0.003066707272142585
16975,1,242.78958333333333,3,926.12,308.70666666666665,325.05,44,195.33333333333334,41.0,41.0,2.0,6.0,23.700000000000003,1,0.6666666666666666,14.666666666666666,0.00920104278484895
17643,1,192.925,2,439.7,219.85000000000002,324.98819444444445,30,113.0,132.0,132.0,0.0,0.0,0.0,1,0.0,15.0,0.006135191501055551
16555,0,324.96319444444447,4,1629.79,407.4475,324.9659722222222,46,410.25,61.0,70.81666666666666,4.0,1641.0,1629.79,0,1.0,11.5,0.012271219516352039
12421,0,138.90347222222223,3,449.01,149.67,324.9534722222222,27,90.66666666666667,93.0,93.0,1.0,4.0,5.0,1,0.3333333333333333,9.0,0.009203767579302602
16165,1,324.93958333333336,1,79.9,79.9,324.93958333333336,1,2.0,61.0,70.81666666666666,0.0,0.0,0.0,0,0.0,1.0,0.0030680532562911067
17918,1,320.0409722222222,3,396.39,132.13,324.9375,34,117.33333333333333,2.5,2.5,0.0,0.0,0.0,1,0.0,11.333333333333334,0.009204218600191754
14236,0,191.75069444444443,4,1253.78,313.445,324.9326388888889,29,125.5,39.0,44.333333333333336,2.0,2.0,11.899999999999999,1,0.5,7.25,0.012272474501590521
17177,1,324.9145833333333,1,119.5,119.5,324.9145833333333,29,40.0,61.0,70.81666666666666,0.0,0.0,0.0,0,0.0,29.0,0.003068288598111724
13788,1,324.875,1,3.75,3.75,324.875,1,1.0,61.0,70.81666666666666,0.0,0.0,0.0,0,0.0,1.0,0.0030686612965093976
18026,1,320.09236111111113,2,2074.07,1037.035,324.8534722222222,12,265.0,5.0,5.0,0.0,0.0,0.0,1,0.0,6.0,0.00613772806028613
12595,1,324.15277777777777,1,299.02,299.02,324.15277777777777,19,271.0,61.0,70.81666666666666,0.0,0.0,0.0,0,0.0,19.0,0.0030754773397121014
16203,0,46.90833333333333,4,669.24,167.31,323.9868055555556,47,104.25,111.0,92.33333333333333,1.0,1.0,3.75,1,0.25,11.75,0.012308191999247832
13665,1,205.98888888888888,3,1711.6599999999999,570.5533333333333,323.97291666666666,97,550.6666666666666,59.0,59.0,0.0,0.0,0.0,1,0.0,32.333333333333336,0.009231538525646368
14312,0,6.159027777777778,9,2333.29,259.25444444444446,323.90625,120,141.88888888888889,32.0,39.75,0.0,0.0,0.0,1,0.0,13.333333333333334,0.027700298162931614
18132,1,323.8305555555556,1,220.13,220.13,323.8305555555556,60,212.0,61.0,70.81666666666666,0.0,0.0,0.0,0,0.0,60.0,0.003078528121499243
18244,1,250.06597222222223,2,568.64,284.32,322.09722222222223,19,428.0,72.0,72.0,0.0,0.0,0.0,1,0.0,9.5,0.006190087263035722
17112,1,322.06666666666666,1,197.57,197.57,322.06666666666666,44,130.0,61.0,70.81666666666666,0.0,0.0,0.0,0,0.0,44.0,0.003095336359884441
12866,1,102.94375,3,1227.35,409.1166666666666,322.05069444444445,58,184.33333333333334,109.5,109.5,0.0,0.0,0.0,1,0.0,19.333333333333332,0.009286468197070893
15431,1,322.00416666666666,1,153.24,153.24,322.00416666666666,2,84.0,61.0,70.81666666666666,0.0,0.0,0.0,0,0.0,2.0,0.0030959352949523357
12410,1,128.09097222222223,3,1013.71,337.9033333333333,321.975,36,113.66666666666667,194.0,194.0,1.0,2.0,12.25,1,0.3333333333333333,12.0,0.009288644631937456
13239,1,81.10069444444444,5,1594.69,318.938,321.96944444444443,87,237.4,30.0,60.25,1.0,3.0,14.850000000000001,1,0.2,17.4,0.015481340684103244
13250,1,280.05347222222224,2,253.09,126.545,321.9506944444444,17,53.5,42.0,42.0,1.0,2.0,7.5,1,0.5,8.5,0.006192895802377815
12889,1,200.8625,4,385.46000000000004,96.36500000000001,321.9291666666667,25,31.0,38.0,40.333333333333336,2.0,4.0,19.8,1,0.5,6.25,0.012386617292233849
13137,0,72.05277777777778,10,4831.09,483.10900000000004,321.88194444444446,482,256.0,14.0,27.77777777777778,0.0,0.0,0.0,1,0.0,48.2,0.03097107215829659
15378,1,282.05555555555554,2,246.5,123.25,321.16875,8,65.0,39.0,39.0,0.0,0.0,0.0,1,0.0,4.0,0.006207926746464392
12476,0,37.81736111111111,17,9712.59,571.3288235294118,321.15694444444443,273,238.2941176470588,14.0,23.583333333333332,11.0,38.0,222.6,1,0.6470588235294118,16.058823529411764,0.052769311024216115
15080,1,247.0402777777778,2,546.25,273.125,321.11597222222224,31,143.5,74.0,74.0,0.0,0.0,0.0,1,0.0,15.5,0.006208943897448943
17494,1,321.1138888888889,1,54.699999999999996,54.699999999999996,321.1138888888889,3,26.0,61.0,70.81666666666666,0.0,0.0,0.0,0,0.0,3.0,0.0031044920274920017
14435,1,321.01180555555555,1,90.42,90.42,321.01180555555555,3,282.0,61.0,70.81666666666666,0.0,0.0,0.0,0,0.0,3.0,0.0031054762053668666
17224,1,320.97222222222223,1,100.86,100.86,320.97222222222223,8,65.0,61.0,70.81666666666666,0.0,0.0,0.0,0,0.0,8.0,0.003105857993270641
15142,0,229.88472222222222,5,2121.18,424.236,320.15625,97,358.0,24.0,30.0,1.0,1.0,10.95,1,0.2,19.4,0.015568745742921086
12801,1,320.1333333333333,1,1071.82,1071.82,320.1333333333333,50,505.0,61.0,70.81666666666666,1.0,1.0,39.95,0,1.0,50.0,0.0031139713514635667
14384,1,320.12291666666664,1,58.5,58.5,320.12291666666664,3,30.0,61.0,70.81666666666666,0.0,0.0,0.0,0,0.0,3.0,0.0031140723632565414
16219,1,320.04583333333335,1,40.8,40.8,320.04583333333335,1,48.0,61.0,70.81666666666666,0.0,0.0,0.0,0,0.0,1.0,0.0031148200542497825
15873,1,319.00625,4,313.91999999999996,78.48,320.0361111111111,3,288.0,1.0,1.0,1.0,576.0,175.68,1,0.25,0.75,0.012459657532468657
13384,0,209.98402777777778,4,2528.9,632.225,320.01944444444445,81,430.0,43.0,36.666666666666664,2.0,5.0,16.09,1,0.5,20.25,0.01246030441215918
13161,1,132.94930555555555,2,472.13,236.065,320.00416666666666,30,52.5,187.0,187.0,0.0,0.0,0.0,1,0.0,15.0,0.006230448722109007
15284,1,319.97569444444446,1,24.75,24.75,319.97569444444446,1,5.0,61.0,70.81666666666666,0.0,0.0,0.0,0,0.0,1.0,0.0031155006977423437
12804,1,285.0361111111111,2,325.37,162.685,319.95694444444445,60,135.0,35.0,35.0,0.0,0.0,0.0,1,0.0,30.0,0.006231365404670928
12547,1,17.008333333333333,3,383.58,127.86,319.9548611111111,13,103.0,151.5,151.5,0.0,0.0,0.0,1,0.0,4.333333333333333,0.009347108779142101
13435,0,8.821527777777778,3,1081.16,360.3866666666667,319.82916666666665,56,345.0,155.5,155.5,0.0,0.0,0.0,1,0.0,18.666666666666668,0.009350770789231029
17122,0,207.925,3,432.18,144.06,319.1361111111111,19,96.0,55.5,55.5,0.0,0.0,0.0,1,0.0,6.333333333333333,0.009371014065197962
15228,0,114.15694444444445,3,3098.41,1032.8033333333333,319.1034722222222,119,623.6666666666666,102.5,102.5,0.0,0.0,0.0,1,0.0,39.666666666666664,0.009371969567132156
14463,0,24.92222222222222,2,372.87,186.435,319.0520833333333,4,63.5,294.0,294.0,0.0,0.0,0.0,1,0.0,2.0,0.006248982912937347
15596,0,34.11666666666667,8,2710.82,338.85249999999996,319.0444444444444,82,150.75,39.0,40.714285714285715,7.0,23.0,106.45,1,0.875,10.25,0.024996528259963895
18207,1,318.93333333333334,1,544.47,544.47,318.93333333333334,31,325.0,61.0,70.81666666666666,2.0,25.0,39.349999999999994,0,2.0,31.0,0.0031256511773286103
13796,1,318.9201388888889,1,289.7,289.7,318.9201388888889,22,218.0,61.0,70.81666666666666,0.0,0.0,0.0,0,0.0,22.0,0.003125780088346701
16278,0,299.96666666666664,2,551.46,275.73,318.88194444444446,30,114.0,19.0,19.0,2.0,10.0,32.7,1,1.0,15.0,0.006252306623537329
16937,1,318.7875,1,196.25,196.25,318.7875,49,123.0,61.0,70.81666666666666,0.0,0.0,0.0,0,0.0,49.0,0.0031270765742876126
18264,1,318.1166666666667,1,603.25,603.25,318.1166666666667,36,241.0,61.0,70.81666666666666,0.0,0.0,0.0,0,0.0,36.0,0.0031336501801848852
14833,1,318.1138888888889,1,94.8,94.8,318.1138888888889,7,58.0,61.0,70.81666666666666,0.0,0.0,0.0,0,0.0,7.0,0.003133677457543023
14901,0,180.05625,6,994.76,165.79333333333332,318.06875,61,70.83333333333333,34.0,27.6,1.0,2.0,6.3,1,0.16666666666666666,10.166666666666666,0.018804724687077626
18075,0,23.99375,16,4442.26,277.64125,318.04375,139,154.3125,14.0,19.6,10.0,58.0,185.1,1,0.625,8.6875,0.0501498618919819
12737,1,318.01458333333335,2,3710.5,1855.25,318.0159722222222,2,1.0,61.0,70.81666666666666,0.0,0.0,0.0,0,0.0,1.0,0.006269278575828883
17168,1,318.01180555555555,1,400.2,400.2,318.01180555555555,21,220.0,61.0,70.81666666666666,0.0,0.0,0.0,0,0.0,21.0,0.0031346802299636245
16045,0,65.09583333333333,6,2955.48,492.58,318.0,103,292.6666666666667,62.5,63.25,1.0,166.0,247.9,1,0.16666666666666666,17.166666666666668,0.018808777429467086
12408,0,79.91875,5,2289.81,457.962,317.97430555555553,66,235.2,65.0,79.33333333333333,4.0,41.0,44.480000000000004,1,0.8,13.2,0.01567524378269758
15021,0,38.019444444444446,6,1293.58,215.59666666666666,317.84375,231,95.0,43.0,56.0,4.0,22.0,55.0,1,0.6666666666666666,38.5,0.018817994707438987
14346,0,116.95694444444445,4,1556.61,389.1525,317.0875,88,344.25,100.0,100.0,0.0,0.0,0.0,1,0.0,22.0,0.01257515620701851
16428,1,233.01944444444445,3,638.49,212.83,317.02777777777777,121,191.66666666666666,84.0,84.0,0.0,0.0,0.0,1,0.0,40.333333333333336,0.009433138265350687
17109,0,51.87430555555556,4,875.01,218.7525,317.00555555555553,70,112.0,132.5,132.5,0.0,0.0,0.0,1,0.0,17.5,0.012578396603832918
17735,0,6.986805555555556,17,9801.47,576.5570588235294,316.97569444444446,306,363.29411764705884,19.0,20.666666666666668,3.0,29.0,82.35,1,0.17647058823529413,18.0,0.053463205826790566
15459,1,236.89236111111111,2,202.82999999999998,101.41499999999999,316.9298611111111,6,60.5,80.0,80.0,0.0,0.0,0.0,1,0.0,3.0,0.00629069566793864
14455,1,251.8763888888889,4,617.72,154.43,314.975,65,176.5,24.0,21.0,1.0,37.0,33.349999999999994,1,0.25,16.25,0.012659229369412136
13766,1,314.93402777777777,1,190.35,190.35,314.93402777777777,16,137.0,61.0,70.81666666666666,0.0,0.0,0.0,0,0.0,16.0,0.003165217773577026
13474,1,55.95625,3,646.59,215.53,314.9236111111111,116,106.0,129.5,129.5,0.0,0.0,0.0,1,0.0,38.666666666666664,0.009495966412415098
12862,1,245.04375,2,984.62,492.31,314.8958333333333,119,305.5,70.0,70.0,0.0,0.0,0.0,1,0.0,59.5,0.006331200949680143
13617,0,227.95138888888889,5,734.57,146.914,314.89375,31,58.6,19.5,21.75,1.0,1.0,14.95,1,0.2,6.2,0.0158281067605801
15666,1,291.85833333333335,2,632.9399999999999,316.47,314.88125,62,234.5,23.0,23.0,0.0,0.0,0.0,1,0.0,31.0,0.006331493243109554
15200,1,314.1333333333333,1,549.05,549.05,314.1333333333333,30,195.0,61.0,70.81666666666666,0.0,0.0,0.0,0,0.0,30.0,0.0031732599957689867
18277,0,216.8736111111111,4,1069.67,267.4175,314.1,48,95.25,48.5,48.5,3.0,5.0,68.67,1,0.75,12.0,0.012694382735639479
13090,0,58.09930555555555,17,7292.5199999999995,428.9717647058823,313.9527777777778,112,100.52941176470588,12.0,18.285714285714285,4.0,36.0,284.41,1,0.23529411764705882,6.588235294117647,0.05397634566028417
12907,1,215.02916666666667,2,508.91,254.45499999999998,313.92847222222224,23,88.5,99.0,99.0,1.0,13.0,68.55000000000001,1,0.5,11.5,0.006350648405612385
16060,1,220.02777777777777,3,541.95,180.65,313.89166666666665,22,81.0,47.0,47.0,0.0,0.0,0.0,1,0.0,7.333333333333333,0.009527086034879721
16440,0,34.017361111111114,2,488.76,244.38,313.0541666666667,58,102.5,279.0,279.0,0.0,0.0,0.0,1,0.0,29.0,0.006368328181178937
14001,0,52.141666666666666,8,3494.91,436.86375,313.00069444444443,48,181.125,25.0,43.5,0.0,0.0,0.0,1,0.0,6.0,0.025477650659831343
18048,1,22.91111111111111,3,394.93,131.64333333333335,312.99097222222224,56,85.33333333333333,290.0,290.0,0.0,0.0,0.0,1,0.0,18.666666666666668,0.009554414825267003
17665,1,312.9847222222222,1,563.1,563.1,312.9847222222222,19,690.0,61.0,70.81666666666666,0.0,0.0,0.0,0,0.0,19.0,0.0031848683366582768
16880,0,8.836805555555555,2,591.66,295.83,312.9555555555556,36,163.0,304.0,304.0,0.0,0.0,0.0,1,0.0,18.0,0.006370328425821064
16316,0,26.07847222222222,10,4635.11,463.51099999999997,312.925,172,247.7,27.0,35.875,4.0,15.0,76.55000000000001,1,0.4,17.2,0.031854742374771046
14219,0,229.09444444444443,2,543.89,271.945,312.9222222222222,32,142.5,84.0,84.0,0.0,0.0,0.0,1,0.0,16.0,0.00637100484904258
15363,1,192.01527777777778,2,678.11,339.055,312.17291666666665,32,191.5,120.0,120.0,1.0,1.0,7.95,1,0.5,16.0,0.0063862482787065186
16417,1,312.15416666666664,1,35.7,35.7,312.15416666666664,1,6.0,61.0,70.81666666666666,0.0,0.0,0.0,0,0.0,1.0,0.0031933153265830197
15387,1,311.8645833333333,1,468.65,468.65,311.8645833333333,20,335.0,61.0,70.81666666666666,0.0,0.0,0.0,0,0.0,20.0,0.0031962710171466622
16334,1,311.84166666666664,1,263.73,263.73,311.84166666666664,54,206.0,61.0,70.81666666666666,0.0,0.0,0.0,0,0.0,54.0,0.0031965051543645616
15587,0,171.11875,4,953.28,238.32,311.17083333333335,3,84.0,41.0,46.666666666666664,0.0,0.0,0.0,1,0.0,0.75,0.01281349688338383
13084,1,311.1673611111111,1,122.39999999999999,122.39999999999999,311.1673611111111,2,144.0,61.0,70.81666666666666,1.0,7.0,5.949999999999999,0,1.0,2.0,0.0032034098518200485
13155,0,146.06180555555557,4,967.92,241.98000000000002,311.1388888888889,68,126.5,45.0,55.0,0.0,0.0,0.0,1,0.0,17.0,0.012814808222835275
17156,1,311.05555555555554,1,591.87,591.87,311.05555555555554,39,391.0,61.0,70.81666666666666,1.0,6.0,19.8,0,1.0,39.0,0.0032045575930211858
18079,0,58.025,2,2203.61,1101.8049999999998,311.0215277777778,38,2613.0,253.0,253.0,0.0,0.0,0.0,1,0.0,19.0,0.0064098141376463065
15271,0,23.81388888888889,14,2770.81,197.915,310.91180555555553,274,108.35714285714286,16.0,22.076923076923077,1.0,31.0,49.0,1,0.07142857142857142,19.571428571428573,0.0448844825705272
14521,1,310.84375,1,199.45000000000002,199.45000000000002,310.84375,17,211.0,61.0,70.81666666666666,1.0,8.0,31.800000000000004,0,1.0,17.0,0.003206734141697565
13135,1,16.081944444444446,2,3371.45,1685.725,310.80694444444447,18,2211.5,295.0,295.0,0.0,0.0,0.0,1,0.0,9.0,0.006414225326390527
13140,0,185.9013888888889,3,790.71,263.57,310.7395833333333,68,153.66666666666666,62.5,62.5,0.0,0.0,0.0,1,0.0,22.666666666666668,0.009623416981321216
18154,0,208.00694444444446,3,533.41,177.8033333333333,310.14722222222224,22,123.66666666666667,51.0,51.0,0.0,0.0,0.0,1,0.0,7.333333333333333,0.009641738012552114
17975,0,12.005555555555556,18,4993.24,277.40222222222224,310.0597222222222,154,83.77777777777777,15.0,17.529411764705884,2.0,17.0,101.15,1,0.1111111111111111,8.555555555555555,0.05786670119617973
16196,1,308.0486111111111,1,93.3,93.3,308.0486111111111,4,26.0,61.0,70.81666666666666,0.0,0.0,0.0,0,0.0,4.0,0.0032357369166123636
17132,1,271.8465277777778,2,1220.9099999999999,610.4549999999999,307.9590277777778,62,481.5,36.0,36.0,0.0,0.0,0.0,1,0.0,31.0,0.006473350250954706
14575,1,307.9159722222222,1,420.22,420.22,307.9159722222222,71,163.0,61.0,70.81666666666666,0.0,0.0,0.0,0,0.0,71.0,0.003237126241179393
17393,1,230.06944444444446,2,381.15,190.57500000000002,307.87291666666664,45,119.0,78.0,78.0,0.0,0.0,0.0,1,0.0,22.5,0.006475154965297217
15262,1,143.0236111111111,3,418.82,139.60666666666665,307.87152777777777,22,72.66666666666667,82.5,82.5,0.0,0.0,0.0,1,0.0,7.333333333333333,0.009712776122758698
13653,1,307.18819444444443,1,152.2,152.2,307.18819444444443,9,72.0,61.0,70.81666666666666,0.0,0.0,0.0,0,0.0,9.0,0.0032447706240099506
17732,1,192.13958333333332,8,2166.42,270.8025,307.17291666666665,90,132.25,16.5,19.166666666666668,2.0,6.0,22.25,1,0.25,11.25,0.02595945187699006
12458,0,104.07986111111111,3,1272.01,424.00333333333333,307.09513888888887,58,250.0,101.5,101.5,0.0,0.0,0.0,1,0.0,19.333333333333332,0.009737251976188813
15595,1,307.0159722222222,1,357.6,357.6,307.0159722222222,4,144.0,61.0,70.81666666666666,0.0,0.0,0.0,0,0.0,4.0,0.003246584885794613
14631,0,54.83402777777778,5,1648.79,329.758,306.9201388888889,55,227.4,67.5,63.0,1.0,12.0,2.52,1,0.2,11.0,0.016237976567697703
14794,0,23.039583333333333,7,1313.53,187.64714285714285,306.87916666666666,57,60.142857142857146,46.5,47.333333333333336,2.0,3.0,50.849999999999994,1,0.2857142857142857,8.142857142857142,0.022736192499763164
17212,1,72.71388888888889,3,794.41,264.80333333333334,306.14444444444445,29,242.33333333333334,116.5,116.5,0.0,0.0,0.0,1,0.0,9.666666666666666,0.009767391382990268
14022,1,44.924305555555556,2,792.15,396.07500000000005,306.1333333333333,45,340.5,261.0,261.0,0.0,0.0,0.0,1,0.0,22.5,0.006511829824180595
14053,0,216.91666666666666,2,312.05,156.025,306.075,3,137.5,89.0,89.0,0.0,0.0,0.0,1,0.0,1.5,0.006513066840348449
13045,0,221.00069444444443,2,503.64,251.82,305.9916666666667,25,92.0,85.0,85.0,0.0,0.0,0.0,1,0.0,12.5,0.006514834821792122
14722,0,296.9277777777778,2,309.1,154.55,305.9736111111111,53,48.0,9.0,9.0,0.0,0.0,0.0,1,0.0,26.5,0.006515218010958235
16221,0,95.0826388888889,8,1474.43,184.30375,305.97083333333336,117,125.25,21.0,30.142857142857142,1.0,2.0,6.5,1,0.125,14.625,0.026061107868554284
13839,1,305.95694444444445,1,139.95000000000002,139.95000000000002,305.95694444444445,7,25.0,61.0,70.81666666666666,0.0,0.0,0.0,0,0.0,7.0,0.003257785882022904
14144,1,305.8979166666667,1,30.599999999999998,30.599999999999998,305.8979166666667,1,12.0,61.0,70.81666666666666,0.0,0.0,0.0,0,0.0,1.0,0.003258412474289089
14913,0,2.941666666666667,7,3762.85,537.5500000000001,305.1736111111111,161,510.57142857142856,32.5,50.333333333333336,0.0,0.0,0.0,1,0.0,23.0,0.022862845607747966
13717,0,60.13263888888889,4,888.88,222.22000000000003,305.13194444444446,54,219.5,58.0,81.66666666666667,3.0,3.0,15.25,1,0.75,13.5,0.013066261370596374
15837,0,305.1069444444444,1,385.03000000000003,385.03000000000003,305.1069444444444,28,216.0,61.0,70.81666666666666,0.0,0.0,0.0,0,0.0,28.0,0.0032668321256641426
13594,0,305.1020833333333,1,136.35000000000002,136.35000000000002,305.1020833333333,7,37.0,61.0,70.81666666666666,1.0,2.0,24.9,0,1.0,7.0,0.0032668840051997905
12771,1,305.0409722222222,1,282.3,282.3,305.0409722222222,15,104.0,61.0,70.81666666666666,1.0,4.0,19.8,0,1.0,15.0,0.0032675363456690395
14700,0,9.035416666666666,4,2422.06,605.515,305.0215277777778,88,285.0,70.0,98.66666666666667,0.0,0.0,0.0,1,0.0,22.0,0.01307097585273367
14822,1,304.99861111111113,1,157.70000000000002,157.70000000000002,304.99861111111113,9,94.0,61.0,70.81666666666666,0.0,0.0,0.0,0,0.0,9.0,0.003267988689128037
17615,0,23.180555555555557,5,664.5,132.9,304.9972222222222,44,69.6,49.0,70.5,1.0,6.0,7.5,1,0.2,8.8,0.01634001761090787
14736,1,304.8951388888889,2,374.05,187.02499999999998,304.90069444444447,70,74.0,61.0,70.81666666666666,0.0,0.0,0.0,0,0.0,35.0,0.006538069498770706
15110,0,138.04791666666668,3,679.4,226.4666666666667,304.87569444444443,17,53.333333333333336,83.5,83.5,1.0,1.0,8.5,1,0.3333333333333333,5.666666666666667,0.009807905807778669
16033,0,20.0125,18,5095.36,283.0755555555555,304.8375,328,100.27777777777777,13.0,19.0,7.0,29.0,127.09,1,0.3888888888888889,18.22222222222222,0.05885478399476847
15652,0,206.9,4,1068.2,267.05,304.8277777777778,76,112.25,35.0,32.666666666666664,1.0,2.0,8.5,1,0.25,19.0,0.013079256662246363
16477,0,33.923611111111114,9,3152.42,350.2688888888889,304.1298611111111,152,218.0,31.0,33.75,0.0,0.0,0.0,1,0.0,16.88888888888889,0.029495638241459125
14630,1,303.84166666666664,1,338.65,338.65,303.84166666666664,21,111.0,61.0,70.81666666666666,0.0,0.0,0.0,0,0.0,21.0,0.003280391460047566
18227,1,37.01875,2,388.75,194.375,303.83680555555554,6,11.0,267.0,267.0,1.0,1.0,295.0,1,0.5,3.0,0.006560887542286971
12959,1,303.8125,1,150.95,150.95,303.8125,8,109.0,61.0,70.81666666666666,1.0,1.0,17.6,0,1.0,8.0,0.003280705351650605
17639,1,95.89444444444445,6,615.17,102.52833333333332,303.03541666666666,59,96.0,87.0,69.0,0.0,0.0,0.0,1,0.0,9.833333333333334,0.01973454298772758
14550,0,207.94791666666666,2,587.69,293.845,303.03125,46,191.0,95.0,95.0,0.0,0.0,0.0,1,0.0,23.0,0.006578271148113887
12676,0,9.780555555555555,8,2340.65,292.58125,302.97291666666666,57,201.0,58.0,58.6,1.0,2.0,70.0,1,0.125,7.125,0.02631813415394738
14153,1,302.9270833333333,1,233.4,233.4,302.9270833333333,17,312.0,61.0,70.81666666666666,0.0,0.0,0.0,0,0.0,17.0,0.0032902628782945473
16345,0,302.8173611111111,1,613.33,613.33,302.8173611111111,68,323.0,61.0,70.81666666666666,0.0,0.0,0.0,0,0.0,68.0,0.0032914511413792555
17300,1,210.07916666666668,2,393.64,196.82,301.075,37,233.5,91.0,91.0,0.0,0.0,0.0,1,0.0,18.5,0.006620872299925516
15893,1,301.06805555555553,1,305.28000000000003,305.28000000000003,301.06805555555553,1,288.0,61.0,70.81666666666666,0.0,0.0,0.0,0,0.0,1.0,0.003310512255792247
16043,0,30.963194444444444,7,1759.0900000000001,251.29857142857145,301.05833333333334,48,121.42857142857143,48.5,45.0,0.0,0.0,0.0,1,0.0,6.857142857142857,0.023174331668827763
17248,0,301.03819444444446,1,181.89000000000001,181.89000000000001,301.03819444444446,34,63.0,61.0,70.81666666666666,0.0,0.0,0.0,0,0.0,34.0,0.0033108395507374664
16468,0,289.84305555555557,2,712.62,356.31,300.9861111111111,37,170.0,11.0,11.0,0.0,0.0,0.0,1,0.0,18.5,0.0066228211378374655
14996,1,300.9625,2,442.28999999999996,221.145,300.96458333333334,37,202.0,61.0,70.81666666666666,0.0,0.0,0.0,0,0.0,18.5,0.006623293294605466
14183,1,230.92013888888889,2,278.34000000000003,139.17000000000002,300.8847222222222,27,30.0,70.0,70.0,0.0,0.0,0.0,1,0.0,13.5,0.006625045432169197
17299,0,258.96527777777777,2,336.62,168.31,300.86805555555554,52,125.5,42.0,42.0,0.0,0.0,0.0,1,0.0,26.0,0.0066254112125882815
15050,0,240.9388888888889,2,2349.5,1174.75,300.03472222222223,58,692.0,59.0,59.0,0.0,0.0,0.0,1,0.0,29.0,0.00664375187432236
12687,1,300.0263888888889,2,2138.91,1069.455,300.02777777777777,126,701.5,61.0,70.81666666666666,0.0,0.0,0.0,0,0.0,63.0,0.006643905139798838
13063,1,300.0159722222222,1,188.4,188.4,300.0159722222222,12,116.0,61.0,70.81666666666666,0.0,0.0,0.0,0,0.0,12.0,0.0033220828536691714
14379,0,114.90763888888888,3,1028.04,342.68,299.8881944444444,75,182.66666666666666,92.5,92.5,0.0,0.0,0.0,1,0.0,25.0,0.00997048091414539
13945,1,214.11805555555554,2,854.15,427.075,299.11875,49,206.5,85.0,85.0,0.0,0.0,0.0,1,0.0,24.5,0.006664028821924656
14531,1,299.1069444444444,1,376.34,376.34,299.1069444444444,29,260.0,61.0,70.81666666666666,0.0,0.0,0.0,0,0.0,29.0,0.003332145485174267
17430,0,184.98958333333334,3,469.40999999999997,156.47,299.04027777777776,24,108.33333333333333,57.0,57.0,0.0,0.0,0.0,1,0.0,8.0,0.009998657587638697
14749,1,299.0097222222222,1,310.15,310.15,299.0097222222222,18,403.0,61.0,70.81666666666666,0.0,0.0,0.0,0,0.0,18.0,0.0033332253121426624
17513,0,228.0673611111111,2,645.6,322.8,298.90416666666664,12,93.0,71.0,71.0,0.0,0.0,0.0,1,0.0,6.0,0.006668796976812038
15072,1,298.8777777777778,1,187.51999999999998,187.51999999999998,298.8777777777778,13,164.0,61.0,70.81666666666666,0.0,0.0,0.0,0,0.0,13.0,0.0033346919115195077
13320,0,33.09722222222222,4,1188.01,297.0025,298.09791666666666,62,212.25,132.5,132.5,2.0,25.0,52.15,1,0.5,15.5,0.013373546845723599
17627,1,298.0576388888889,1,296.36,296.36,298.0576388888889,10,676.0,61.0,70.81666666666666,1.0,3.0,11.25,0,1.0,10.0,0.003343837006522804
15310,1,298.05,1,1634.64,1634.64,298.05,45,1476.0,61.0,70.81666666666666,0.0,0.0,0.0,0,0.0,45.0,0.0033439224209998327
17792,1,286.93055555555554,2,368.35,184.175,297.9875,45,74.5,11.0,11.0,0.0,0.0,0.0,1,0.0,22.5,0.006689242861323634
16675,1,261.02430555555554,2,608.86,304.42999999999995,297.98541666666665,21,148.0,37.0,37.0,0.0,0.0,0.0,1,0.0,10.5,0.006689289472033893
16638,0,76.88125,11,1910.8500000000001,173.71363636363637,297.97013888888887,99,94.0909090909091,22.0,24.555555555555557,1.0,1.0,4.25,1,0.09090909090909091,9.0,0.03679297217066922
15764,0,3.9972222222222222,5,2917.63,583.5260000000001,297.9527777777778,123,353.2,92.0,98.0,2.0,6.0,15.299999999999999,1,0.4,24.6,0.016725049478271373
17585,0,82.84583333333333,5,1469.56,293.912,297.8409722222222,206,302.6,47.0,53.75,0.0,0.0,0.0,1,0.0,41.2,0.01673130683125315
15154,0,297.7965277777778,2,1089.44,544.72,297.79791666666665,101,122.0,61.0,70.81666666666666,0.0,0.0,0.0,0,0.0,50.5,0.006693487097606382
15506,0,201.0013888888889,3,1058.25,352.75,297.0083333333333,82,265.0,48.0,48.0,0.0,0.0,0.0,1,0.0,27.333333333333332,0.010066832582981461
17599,1,297.0,1,52.05,52.05,297.0,3,11.0,61.0,70.81666666666666,2.0,2.0,7.5,0,2.0,3.0,0.003355704697986577
12851,0,296.90069444444447,1,148.95,148.95,296.90069444444447,30,51.0,61.0,70.81666666666666,0.0,0.0,0.0,0,0.0,30.0,0.0033568233261923133
16919,0,11.89861111111111,22,4372.76,198.7618181818182,296.8902777777778,215,85.95454545454545,8.0,15.0,4.0,16.0,72.1,1,0.18181818181818182,9.772727272727273,0.07385269557676437
13479,1,20.086805555555557,4,851.37,212.8425,296.85555555555555,45,179.0,34.0,92.33333333333333,3.0,8.0,42.870000000000005,1,0.75,11.25,0.013429328160555079
18191,1,81.02916666666667,2,529.4,264.7,296.7972222222222,15,166.0,216.0,216.0,0.0,0.0,0.0,1,0.0,7.5,0.006715979367018945
16299,1,296.7944444444444,1,193.65,193.65,296.7944444444444,12,107.0,61.0,70.81666666666666,1.0,4.0,15.0,0,1.0,12.0,0.003358021006286962
12519,0,296.18680555555557,1,385.7,385.7,296.18680555555557,22,212.0,61.0,70.81666666666666,1.0,7.0,31.35,0,1.0,22.0,0.003364886937462174
12433,0,185.83402777777778,5,7205.39,1441.078,296.14375,163,1209.0,26.5,27.5,1.0,1.0,152.4,1,0.2,32.6,0.016826872515407106
16562,1,296.0451388888889,1,223.85999999999999,223.85999999999999,296.0451388888889,34,264.0,61.0,70.81666666666666,0.0,0.0,0.0,0,0.0,34.0,0.0033664917181965887
16294,1,296.0340277777778,1,126.05000000000001,126.05000000000001,296.0340277777778,8,54.0,61.0,70.81666666666666,0.0,0.0,0.0,0,0.0,8.0,0.0033666176480902626
12865,0,197.8840277777778,2,1755.24,877.6200000000001,296.0208333333333,93,524.0,98.0,98.0,1.0,48.0,20.16,1,0.5,46.5,0.006733534404152346
15322,0,295.9861111111111,1,711.18,711.18,295.9861111111111,41,555.0,61.0,70.81666666666666,0.0,0.0,0.0,0,0.0,41.0,0.003367160828695693
14243,0,65.1048611111111,12,6142.05,511.83750000000003,295.96458333333334,214,255.58333333333334,16.0,21.0,3.0,8.0,27.8,1,0.25,17.833333333333332,0.04040885908111938
16396,1,295.93958333333336,1,137.8,137.8,295.93958333333336,8,80.0,61.0,70.81666666666666,2.0,34.0,35.1,0,2.0,8.0,0.0033676884326918352
15855,0,3.1118055555555557,5,815.1700000000001,163.03400000000002,295.81597222222223,64,112.2,28.5,73.25,0.0,0.0,0.0,1,0.0,12.8,0.01684545465180211
17471,1,294.0395833333333,1,321.65000000000003,321.65000000000003,294.0395833333333,19,153.0,61.0,70.81666666666666,0.0,0.0,0.0,0,0.0,19.0,0.0033893757193596903
12450,0,218.84930555555556,3,490.32,163.44000000000003,293.98541666666665,25,104.66666666666667,37.5,37.5,2.0,7.0,21.25,1,0.6666666666666666,8.333333333333334,0.010169994279378218
17689,1,207.9777777777778,2,317.08,158.54000000000002,293.9555555555556,17,150.0,86.0,86.0,0.0,0.0,0.0,1,0.0,8.5,0.00678068258871393
14767,1,293.9138888888889,1,382.81,382.81,293.9138888888889,18,117.0,61.0,70.81666666666666,0.0,0.0,0.0,0,0.0,18.0,0.00339082029594326
16770,0,56.00069444444444,8,1671.21,208.90125,293.8625,174,120.125,28.0,34.0,2.0,14.0,32.1,1,0.25,21.75,0.0271312900080546
14565,0,24.986805555555556,3,2637.65,879.2166666666667,293.12638888888887,104,433.0,134.0,134.0,1.0,5.0,10.5,1,0.3333333333333333,34.666666666666664,0.010199696842343854
18140,1,293.0361111111111,1,536.41,536.41,293.0361111111111,49,395.0,61.0,70.81666666666666,0.0,0.0,0.0,0,0.0,49.0,0.003400942816925359
15683,0,293.0340277777778,1,330.79,330.79,293.0340277777778,16,201.0,61.0,70.81666666666666,0.0,0.0,0.0,0,0.0,16.0,0.00340096691378785
14187,1,293.03055555555557,1,123.5,123.5,293.03055555555557,8,50.0,61.0,70.81666666666666,0.0,0.0,0.0,0,0.0,8.0,0.003401007075984166
14321,0,153.05208333333334,3,1014.13,338.04333333333335,292.99583333333334,84,504.6666666666667,70.0,70.0,1.0,4.0,19.48,1,0.3333333333333333,28.0,0.010204226250372029
13452,1,78.93819444444445,3,729.8,243.26666666666665,292.12291666666664,2,2.0,106.5,106.5,0.0,0.0,0.0,1,0.0,0.6666666666666666,0.010234614318509727
16314,1,209.03055555555557,3,1491.4,497.1333333333334,292.04027777777776,58,212.0,41.5,41.5,0.0,0.0,0.0,1,0.0,19.333333333333332,0.010237500533203154
17649,0,289.1020833333333,2,710.4,355.2,291.9923611111111,45,162.0,3.0,3.0,1.0,6.0,29.700000000000003,1,0.5,22.5,0.006826116532237994
14342,0,29.958333333333332,3,559.48,186.49333333333334,291.99097222222224,18,92.0,131.0,131.0,3.0,13.0,75.70000000000002,1,1.0,6.0,0.010239223335948443
17336,1,291.88402777777776,1,81.12,81.12,291.88402777777776,1,48.0,61.0,70.81666666666666,0.0,0.0,0.0,0,0.0,1.0,0.003414320704298488
18124,1,291.81180555555557,1,102.65,102.65,291.81180555555557,20,47.0,61.0,70.81666666666666,0.0,0.0,0.0,0,0.0,20.0,0.003415162848720144
12721,0,2.7895833333333333,6,3055.86,509.30999999999995,291.07152777777776,146,304.8333333333333,57.0,57.6,2.0,19.0,79.25,1,0.3333333333333333,24.333333333333332,0.02054291305164498
14229,0,111.12847222222223,6,1808.97,301.495,291.04375,37,104.5,38.5,45.0,4.0,23.0,125.04999999999998,1,0.6666666666666666,6.166666666666667,0.02054486699338712
13548,0,63.052083333333336,2,504.29,252.14499999999998,290.9625,117,143.0,228.0,228.0,0.0,0.0,0.0,1,0.0,58.5,0.006850194802414694
14787,1,290.925,1,110.65,110.65,290.925,14,59.0,61.0,70.81666666666666,0.0,0.0,0.0,0,0.0,14.0,0.003425537381176672
16448,1,17.84861111111111,2,361.12,180.56,290.8277777777778,45,88.0,273.0,273.0,0.0,0.0,0.0,1,0.0,22.5,0.006853357193169487
14268,1,290.08680555555554,1,354.85,354.85,290.08680555555554,19,147.0,61.0,70.81666666666666,0.0,0.0,0.0,0,0.0,19.0,0.003435401333603712
14866,0,185.9111111111111,8,6460.32,807.54,290.0388888888889,13,310.125,13.0,17.333333333333332,0.0,0.0,0.0,1,0.0,1.625,0.027487735506900566
16235,0,6.058333333333334,7,1851.69,264.52714285714285,290.02777777777777,75,101.28571428571429,40.5,47.333333333333336,2.0,8.0,63.1,1,0.2857142857142857,10.714285714285714,0.02405268683783526
16375,1,289.93402777777777,2,104.0,52.0,289.94305555555553,11,37.0,61.0,70.81666666666666,0.0,0.0,0.0,0,0.0,5.5,0.0068741974135832235
14482,0,58.83958333333333,7,2522.01,360.2871428571429,289.9423611111111,99,193.28571428571428,37.5,57.75,2.0,86.0,165.66,1,0.2857142857142857,14.142857142857142,0.024059748375131577
16288,1,289.9201388888889,1,129.85,129.85,289.9201388888889,7,19.0,61.0,70.81666666666666,0.0,0.0,0.0,0,0.0,7.0,0.003437369457540132
14544,0,181.0,2,2036.0,1018.0,289.86805555555554,111,856.0,109.0,109.0,0.0,0.0,0.0,1,0.0,55.5,0.0068759699176316105
13884,0,96.99791666666667,8,1233.68,154.21,289.7034722222222,87,64.625,12.0,38.6,4.0,7.0,36.1,1,0.5,10.875,0.027519451139835602
14499,0,98.03819444444444,5,1416.22,283.244,289.03680555555553,119,161.0,43.0,47.75,3.0,9.0,18.35,1,0.6,23.8,0.017239191386150706
16421,1,195.97152777777777,3,526.27,175.42333333333332,289.03333333333336,35,41.0,46.5,46.5,0.0,0.0,0.0,1,0.0,11.666666666666666,0.010343638662222732
16870,1,288.95625,1,450.15999999999997,450.15999999999997,288.95625,28,278.0,61.0,70.81666666666666,0.0,0.0,0.0,0,0.0,28.0,0.0034487961545922874
17894,0,104.9173611111111,16,2052.62,128.28875,288.9423611111111,187,53.375,7.0,13.142857142857142,2.0,44.0,55.72,1,0.125,11.6875,0.055183381754515384
15936,1,198.84097222222223,2,282.79,141.395,287.0472222222222,16,105.5,88.0,88.0,0.0,0.0,0.0,1,0.0,8.0,0.006943305977993578
15074,0,248.87569444444443,2,817.46,408.72999999999996,287.04375,31,304.0,38.0,38.0,0.0,0.0,0.0,1,0.0,15.5,0.006943389676047475
15166,1,287.0131944444444,1,167.16,167.16,287.0131944444444,12,140.0,61.0,70.81666666666666,0.0,0.0,0.0,0,0.0,12.0,0.0034720631529709047
13922,1,171.09166666666667,3,865.2,288.40000000000003,286.9263888888889,30,155.66666666666666,58.0,58.0,2.0,14.0,40.5,1,0.6666666666666666,10.0,0.010419329786259026
17384,0,38.863194444444446,2,398.8,199.4,286.8673611111111,7,38.0,248.0,248.0,0.0,0.0,0.0,1,0.0,3.5,0.006947644193771726
12423,0,11.141666666666667,8,2214.77,276.84625,285.1381944444444,113,180.125,34.0,39.142857142857146,0.0,0.0,0.0,1,0.0,14.125,0.027958518489754614
14885,0,247.02916666666667,2,832.8,416.4,285.11041666666665,16,292.0,38.0,38.0,1.0,24.0,102.0,1,0.5,8.0,0.006990308228903469
14433,1,285.0104166666667,1,280.7,280.7,285.0104166666667,72,131.0,61.0,70.81666666666666,0.0,0.0,0.0,0,0.0,72.0,0.003496376151800998
17126,0,119.03125,6,1528.65,254.775,284.96458333333334,221,151.33333333333334,31.0,33.2,1.0,1.0,9.95,1,0.16666666666666666,36.833333333333336,0.02098161922732273
13714,1,284.9534722222222,1,161.35,161.35,284.9534722222222,30,50.0,61.0,70.81666666666666,0.0,0.0,0.0,0,0.0,30.0,0.0034970724161127614
12651,1,154.00277777777777,4,377.75,94.4375,284.8951388888889,30,66.25,44.0,43.666666666666664,1.0,3.0,12.45,1,0.25,7.5,0.013991143800295855
12573,1,46.87361111111111,5,717.41,143.48200000000003,284.80902777777777,107,95.8,41.0,59.5,0.0,0.0,0.0,1,0.0,21.4,0.01749419897221581
16819,1,284.80069444444445,2,182.59,91.295,284.8048611111111,17,126.5,61.0,70.81666666666666,0.0,0.0,0.0,0,0.0,8.5,0.0069977816060394745
12761,1,277.0229166666667,2,782.95,391.475,284.0854166666667,27,140.5,7.0,7.0,0.0,0.0,0.0,1,0.0,13.5,0.0070154412785641725
17215,1,283.9659722222222,1,186.15,186.15,283.9659722222222,11,104.0,61.0,70.81666666666666,0.0,0.0,0.0,0,0.0,11.0,0.003509190912170313
15574,0,178.0013888888889,5,989.34,197.868,283.92569444444445,186,140.8,44.0,35.333333333333336,1.0,100.0,42.0,1,0.2,37.2,0.017548434898962448
15677,0,240.89652777777778,2,648.4,324.2,283.02916666666664,32,178.0,42.0,42.0,0.0,0.0,0.0,1,0.0,16.0,0.007041530359264747
12414,1,36.91597222222222,6,952.41,158.73499999999999,283.01944444444445,21,82.5,83.0,82.0,2.0,194.0,260.0,1,0.3333333333333333,3.5,0.021125314190147387
16065,1,184.9909722222222,8,1992.13,249.01625,282.97430555555553,214,150.875,16.0,19.6,2.0,2.0,17.0,1,0.25,26.75,0.02817156286146781
18182,1,282.93402777777777,1,291.13,291.13,282.93402777777777,10,167.0,61.0,70.81666666666666,0.0,0.0,0.0,0,0.0,10.0,0.0035219448962371443
12831,1,81.99166666666666,3,451.11,150.37,282.86944444444447,16,101.0,201.0,201.0,0.0,0.0,0.0,1,0.0,5.333333333333333,0.010568238529057762
14908,0,282.8409722222222,1,104.10000000000001,104.10000000000001,282.8409722222222,5,50.0,61.0,70.81666666666666,0.0,0.0,0.0,0,0.0,5.0,0.003523099544688316
13992,0,199.88055555555556,2,142.7,71.35,282.8236111111111,5,45.0,83.0,83.0,0.0,0.0,0.0,1,0.0,2.5,0.0070466300959614
15424,1,73.99166666666666,3,597.78,199.26,282.81458333333336,33,291.0,209.0,209.0,0.0,0.0,0.0,1,0.0,11.0,0.010570281360336487
16872,0,3.9291666666666667,4,921.47,230.3675,282.8013888888889,10,215.25,26.0,93.0,0.0,0.0,0.0,1,0.0,2.5,0.014094363722673819
16239,0,9.13888888888889,5,1425.9,285.18,282.73125,21,129.2,39.5,68.5,0.0,0.0,0.0,1,0.0,4.2,0.017622309844262836
12808,0,4.020138888888889,4,574.4,143.60000000000002,282.1013888888889,35,60.5,67.0,92.66666666666667,0.0,0.0,0.0,1,0.0,8.75,0.01412921362095441
14086,1,282.08194444444445,1,39.95,39.95,282.08194444444445,1,1.0,61.0,70.81666666666666,0.0,0.0,0.0,0,0.0,1.0,0.0035325460334904987
16100,1,282.0493055555556,1,582.64,582.64,282.0493055555556,37,438.0,61.0,70.81666666666666,0.0,0.0,0.0,0,0.0,37.0,0.003532953377282619
14009,1,17.877083333333335,3,1099.91,366.6366666666667,282.02916666666664,71,317.0,132.0,132.0,1.0,4.0,9.680000000000001,1,0.3333333333333333,23.666666666666668,0.010599614291813272
15092,1,34.94444444444444,3,776.46,258.82,282.01180555555555,39,76.66666666666667,123.5,123.5,1.0,2.0,3.3,1,0.3333333333333333,13.0,0.01060026451585991
16289,1,281.95,1,136.31,136.31,281.95,21,97.0,61.0,70.81666666666666,1.0,10.0,37.5,0,1.0,21.0,0.0035341933203746245
14163,0,18.905555555555555,3,898.5,299.5,281.81597222222223,26,112.66666666666667,131.5,131.5,0.0,0.0,0.0,1,0.0,8.666666666666666,0.010607604572074008
14753,0,280.0736111111111,1,306.36,306.36,280.0736111111111,18,201.0,61.0,70.81666666666666,0.0,0.0,0.0,0,0.0,18.0,0.0035577868589189267
13809,1,124.98263888888889,3,679.7,226.5666666666667,280.0472222222222,23,93.66666666666667,77.5,77.5,0.0,0.0,0.0,1,0.0,7.666666666666667,0.010674362750427468
13506,1,135.95625,5,1338.08,267.616,280.01180555555555,55,188.4,35.5,36.0,3.0,6.0,29.549999999999997,1,0.6,11.0,0.017792846781348154
13032,0,212.00069444444443,7,1805.78,257.9685714285714,279.9506944444444,110,128.42857142857142,27.0,22.666666666666668,1.0,4.0,12.3,1,0.14285714285714285,15.714285714285714,0.024915403800093435
14318,1,279.8875,1,158.02,158.02,279.8875,9,152.0,61.0,70.81666666666666,0.0,0.0,0.0,0,0.0,9.0,0.003560144185839527
13785,1,248.14236111111111,4,542.49,135.6225,279.8673611111111,26,37.75,16.0,16.0,0.0,0.0,0.0,1,0.0,6.5,0.014241597828156332
15543,1,107.89166666666667,2,242.26,121.13,279.05694444444447,50,83.5,171.0,171.0,0.0,0.0,0.0,1,0.0,25.0,0.007141404773830719
13133,1,93.09652777777778,3,200.45000000000002,66.81666666666668,278.8888888888889,12,18.333333333333332,93.0,93.0,0.0,0.0,0.0,1,0.0,4.0,0.010718539102818577
12859,1,278.0208333333333,1,575.1,575.1,278.0208333333333,21,292.0,61.0,70.81666666666666,0.0,0.0,0.0,0,0.0,21.0,0.0035839617710744422
16832,1,3.8847222222222224,5,417.61,83.522,278.0104166666667,19,35.8,24.5,68.5,0.0,0.0,0.0,1,0.0,3.8,0.017920477879410115
14968,0,277.9736111111111,1,353.65,353.65,277.9736111111111,47,130.0,61.0,70.81666666666666,0.0,0.0,0.0,0,0.0,47.0,0.0035845684328963813
12605,1,195.9388888888889,4,1232.95,308.2375,277.93680555555557,63,232.25,35.0,27.333333333333332,1.0,4.0,7.5,1,0.25,15.75,0.014340165658788704
12819,1,277.8958333333333,1,540.52,540.52,277.8958333333333,19,344.0,61.0,70.81666666666666,0.0,0.0,0.0,0,0.0,19.0,0.003585568088444013
13683,1,277.11805555555554,1,258.6,258.6,277.11805555555554,10,180.0,61.0,70.81666666666666,0.0,0.0,0.0,0,0.0,10.0,0.003595595395640341
13076,1,277.09930555555553,1,135.4,135.4,277.09930555555553,9,44.0,61.0,70.81666666666666,0.0,0.0,0.0,0,0.0,9.0,0.0035958378177259826
12777,1,277.0520833333333,1,519.45,519.45,277.0520833333333,26,458.0,61.0,70.81666666666666,0.0,0.0,0.0,0,0.0,26.0,0.0035964485070992397
15752,0,69.00555555555556,5,2340.9900000000002,468.198,277.0375,266,321.4,42.5,52.0,0.0,0.0,0.0,1,0.0,53.2,0.017983185721350537
13005,0,65.97083333333333,3,807.63,269.21,276.99861111111113,38,141.66666666666666,105.5,105.5,2.0,7.0,64.64999999999999,1,0.6666666666666666,12.666666666666666,0.010791420820447744
12635,0,211.87777777777777,2,1241.23,620.615,276.0833333333333,77,388.5,64.0,64.0,0.0,0.0,0.0,1,0.0,38.5,0.007218045112781955
16972,1,202.07708333333332,2,749.0,374.5,276.0625,54,91.5,74.0,74.0,0.0,0.0,0.0,1,0.0,27.0,0.007218587863749154
12770,1,30.136805555555554,2,3246.45,1623.225,276.0465277777778,19,921.5,246.0,246.0,5.0,72.0,270.5,1,2.5,9.5,0.007219004028103984
14688,0,18.03611111111111,17,4397.75,258.69117647058823,276.0104166666667,152,207.23529411764707,14.0,16.125,2.0,9.0,19.090000000000003,1,0.11764705882352941,8.941176470588236,0.061369533335840255
13046,0,85.87986111111111,2,517.66,258.83,275.9868055555556,31,158.5,190.0,190.0,0.0,0.0,0.0,1,0.0,15.5,0.007220560546155177
12460,1,275.9576388888889,1,326.65,326.65,275.9576388888889,18,170.0,61.0,70.81666666666666,0.0,0.0,0.0,0,0.0,18.0,0.003610660475052593
16886,1,275.90416666666664,1,134.0,134.0,275.90416666666664,8,48.0,61.0,70.81666666666666,1.0,48.0,134.0,0,1.0,8.0,0.003611357720029493
17456,1,184.89375,2,975.5600000000001,487.78000000000003,275.8902777777778,59,254.0,91.0,91.0,0.0,0.0,0.0,1,0.0,29.5,0.007223077733358079
18255,0,275.8465277777778,1,199.85,199.85,275.8465277777778,13,127.0,61.0,70.81666666666666,0.0,0.0,0.0,0,0.0,13.0,0.0036121095974253684
16095,1,275.8305555555556,1,447.05,447.05,275.8305555555556,30,265.0,61.0,70.81666666666666,0.0,0.0,0.0,0,0.0,30.0,0.0036123180043949868
17762,1,275.7986111111111,1,129.75,129.75,275.7986111111111,16,129.0,61.0,70.81666666666666,0.0,0.0,0.0,0,0.0,16.0,0.003612734890488974
14444,1,275.74583333333334,1,120.44,120.44,275.74583333333334,11,172.0,61.0,70.81666666666666,0.0,0.0,0.0,0,0.0,11.0,0.003613423869675846
17473,1,228.04513888888889,2,607.0,303.5,275.74097222222224,33,135.0,48.0,48.0,1.0,3.0,14.850000000000001,1,0.5,16.5,0.007226974683004313
17366,1,251.86527777777778,2,1077.24,538.62,275.7111111111111,120,252.0,24.0,24.0,1.0,1.0,1.65,1,0.5,60.0,0.007227754577577899
12760,1,275.1666666666667,1,347.8,347.8,275.1666666666667,21,198.0,61.0,70.81666666666666,0.0,0.0,0.0,0,0.0,21.0,0.003621001810500905
17369,1,275.12569444444443,1,979.1999999999999,979.1999999999999,275.12569444444443,1,1152.0,61.0,70.81666666666666,0.0,0.0,0.0,0,0.0,1.0,0.0036215391038199696
14708,0,188.01875,3,1085.91,361.96999999999997,275.1,14,296.0,43.5,43.5,1.0,6.0,29.700000000000003,1,0.3333333333333333,4.666666666666667,0.010865628395508873
14445,1,275.0701388888889,1,221.65,221.65,275.0701388888889,32,83.0,61.0,70.81666666666666,0.0,0.0,0.0,0,0.0,32.0,0.0036222678918652416
14635,1,273.0854166666667,1,215.22,215.22,273.0854166666667,15,118.0,61.0,70.81666666666666,0.0,0.0,0.0,0,0.0,15.0,0.003648497655080153
15992,0,215.91597222222222,2,854.61,427.305,273.04027777777776,51,248.5,57.0,57.0,0.0,0.0,0.0,1,0.0,25.5,0.0072981972439169025
16042,0,151.97569444444446,4,1092.8,273.2,273.03472222222223,50,173.0,60.5,60.5,3.0,13.0,62.22,1,0.75,12.5,0.014596690403182889
16799,1,251.93194444444444,2,452.78000000000003,226.39,273.0027777777778,81,81.0,21.0,21.0,1.0,1.0,4.95,1,0.5,40.5,0.007299196074654555
15006,0,272.99097222222224,1,277.4,277.4,272.99097222222224,47,101.0,61.0,70.81666666666666,0.0,0.0,0.0,0,0.0,47.0,0.0036497552889769784
15406,0,120.85416666666667,3,717.45,239.14999999999998,272.9888888888889,101,141.0,152.0,152.0,0.0,0.0,0.0,1,0.0,33.666666666666664,0.010949349122024414
17383,0,272.9138888888889,1,110.69999999999999,110.69999999999999,272.9138888888889,2,12.0,61.0,70.81666666666666,0.0,0.0,0.0,0,0.0,2.0,0.0036507823829467897
17728,0,223.875,2,1362.75,681.375,272.9111111111111,79,338.5,49.0,49.0,1.0,4.0,17.3,1,0.5,39.5,0.007301638812266754
17308,1,212.97986111111112,2,4511.76,2255.88,272.1354166666667,5,2574.0,59.0,59.0,0.0,0.0,0.0,1,0.0,2.5,0.007322375195454025
13440,1,242.98541666666668,7,1295.25,185.03571428571428,271.09444444444443,49,81.85714285714286,14.0,14.0,3.0,22.0,81.30000000000001,1,0.42857142857142855,7.0,0.02572636135328828
13537,1,245.00347222222223,2,717.85,358.925,271.08958333333334,38,168.5,26.0,26.0,0.0,0.0,0.0,1,0.0,19.0,0.007350520279013499
17616,0,74.13819444444445,3,571.1999999999999,190.39999999999998,271.08819444444447,1,74.66666666666667,98.5,98.5,0.0,0.0,0.0,1,0.0,0.3333333333333333,0.011025836700212094
15107,1,130.91944444444445,9,824.35,91.59444444444445,271.0854166666667,32,36.77777777777778,13.0,17.5,3.0,10.0,84.09,1,0.3333333333333333,3.5555555555555554,0.03307784779595868
13312,1,270.9263888888889,1,124.75,124.75,270.9263888888889,5,41.0,61.0,70.81666666666666,0.0,0.0,0.0,0,0.0,5.0,0.003677465817444468
14363,1,221.82569444444445,2,227.47000000000003,113.735,270.9243055555556,8,52.5,49.0,49.0,0.0,0.0,0.0,1,0.0,4.0,0.007354987984299143
17149,1,270.9125,1,143.10000000000002,143.10000000000002,270.9125,6,18.0,61.0,70.81666666666666,0.0,0.0,0.0,0,0.0,6.0,0.003677653656966855
16690,0,21.08125,3,213.95,71.31666666666666,270.90972222222223,7,39.0,125.0,125.0,0.0,0.0,0.0,1,0.0,2.3333333333333335,0.011033073681522156
18136,0,31.035416666666666,4,1447.88,361.97,270.875,73,194.0,90.0,80.0,4.0,23.0,99.65,1,1.0,18.25,0.014712643678160919
14381,0,270.8576388888889,1,423.26,423.26,270.8576388888889,56,303.0,61.0,70.81666666666666,0.0,0.0,0.0,0,0.0,56.0,0.0036783958107158817
14231,1,3.0729166666666665,4,1235.6200000000001,308.905,270.12361111111113,66,152.5,56.0,89.0,1.0,5.0,23.75,1,0.25,16.5,0.014753418131336156
15966,1,270.0875,1,426.53000000000003,426.53000000000003,270.0875,27,275.0,61.0,70.81666666666666,1.0,7.0,26.950000000000003,0,1.0,27.0,0.003688845852353945
12768,1,270.02916666666664,1,168.69000000000003,168.69000000000003,270.02916666666664,10,102.0,61.0,70.81666666666666,1.0,102.0,168.69000000000003,0,1.0,10.0,0.0036896397989146313
15906,0,39.041666666666664,6,1645.66,274.27666666666664,270.0229166666667,84,71.66666666666667,40.0,57.75,2.0,9.0,87.75,1,0.3333333333333333,14.0,0.022138349309329623
13784,0,5.035416666666666,9,1475.87,163.98555555555555,270.0159722222222,12,193.22222222222223,25.0,33.125,1.0,5.0,13.05,1,0.1111111111111111,1.3333333333333333,0.03320837486515504
17403,0,270.01458333333335,1,118.95,118.95,270.01458333333335,13,77.0,61.0,70.81666666666666,0.0,0.0,0.0,0,0.0,13.0,0.003689838338957774
16005,0,2.0340277777777778,8,2062.19,257.77375,269.9784722222222,232,138.25,20.0,38.285714285714285,1.0,11.0,32.45,1,0.125,29.0,0.029522640431153564
16522,1,255.08055555555555,2,433.36,216.68,269.97083333333336,16,106.0,15.0,15.0,0.0,0.0,0.0,1,0.0,8.0,0.0073808681746190385
15685,1,269.96319444444447,1,55.980000000000004,55.980000000000004,269.96319444444447,17,36.0,61.0,70.81666666666666,0.0,0.0,0.0,0,0.0,17.0,0.0036905381265905832
16080,0,93.92083333333333,3,515.66,171.88666666666668,269.93819444444443,24,78.66666666666667,88.0,88.0,2.0,42.0,129.66000000000003,1,0.6666666666666666,8.0,0.011072635979402848
16979,0,117.14583333333333,4,1354.8899999999999,338.7225,269.93055555555554,41,169.75,39.0,51.0,2.0,7.0,39.650000000000006,1,0.5,10.25,0.01476393089660122
16589,0,269.9125,1,153.12,153.12,269.9125,11,168.0,61.0,70.81666666666666,0.0,0.0,0.0,0,0.0,11.0,0.003691228717759424
15301,0,6.872222222222222,11,4635.63,421.4209090909091,269.88125,181,231.0,25.5,32.875,0.0,0.0,0.0,1,0.0,16.454545454545453,0.04060820008767679
17392,1,126.00138888888888,3,585.92,195.30666666666664,269.85625,66,150.0,72.0,72.0,0.0,0.0,0.0,1,0.0,22.0,0.011075985878118005
13374,1,234.11527777777778,2,422.8,211.4,269.09791666666666,17,67.5,35.0,35.0,0.0,0.0,0.0,1,0.0,8.5,0.007404722052959189
13424,1,269.0840277777778,1,572.77,572.77,269.0840277777778,40,529.0,61.0,70.81666666666666,1.0,3.0,14.850000000000001,0,1.0,40.0,0.0037025514178972074
16646,1,268.9736111111111,1,678.8,678.8,268.9736111111111,29,1072.0,61.0,70.81666666666666,1.0,1.0,3.75,0,1.0,29.0,0.003704065726588504
15962,1,268.95972222222224,1,289.48,289.48,268.95972222222224,43,228.0,61.0,70.81666666666666,0.0,0.0,0.0,0,0.0,43.0,0.003704256293377098
15341,0,268.83958333333334,1,382.2,382.2,268.83958333333334,7,196.0,61.0,70.81666666666666,1.0,2.0,1.7,0,1.0,7.0,0.003705905514850644
15748,0,268.8298611111111,2,465.45000000000005,232.72500000000002,268.83194444444445,16,105.5,61.0,70.81666666666666,0.0,0.0,0.0,0,0.0,8.0,0.007412020856603132
15535,0,55.92638888888889,5,919.36,183.872,268.6986111111111,75,55.2,77.0,71.0,4.0,15.0,89.25,1,0.8,15.0,0.018539213010407708
13398,1,11.98125,2,670.34,335.16999999999996,268.1361111111111,37,170.5,256.0,256.0,0.0,0.0,0.0,1,0.0,18.5,0.007431184138550299
16146,0,23.174305555555556,3,871.38,290.46,268.0861111111111,34,161.33333333333334,122.5,122.5,0.0,0.0,0.0,1,0.0,11.333333333333334,0.01114884743628124
16371,1,268.0284722222222,1,157.2,157.2,268.0284722222222,11,108.0,61.0,70.81666666666666,0.0,0.0,0.0,0,0.0,11.0,0.0037170786859094325
12554,1,268.01458333333335,1,468.5,468.5,268.01458333333335,26,240.0,61.0,70.81666666666666,0.0,0.0,0.0,0,0.0,26.0,0.0037172705940663065
17765,0,30.011111111111113,3,414.67,138.22333333333333,268.00347222222223,60,51.666666666666664,119.0,119.0,0.0,0.0,0.0,1,0.0,20.0,0.01115227240457966
15026,0,59.93402777777778,4,810.67,202.6675,267.95694444444445,83,112.75,73.0,69.33333333333333,0.0,0.0,0.0,1,0.0,20.75,0.014872268898884064
12425,0,267.94444444444446,1,964.21,964.21,267.94444444444446,55,651.0,61.0,70.81666666666666,1.0,44.0,60.6,0,1.0,55.0,0.0037182400330510222
17743,1,267.9138888888889,1,229.2,229.2,267.9138888888889,3,96.0,61.0,70.81666666666666,1.0,13.0,20.349999999999998,0,1.0,3.0,0.0037186625210465967
15876,1,228.74444444444444,2,1449.1399999999999,724.5699999999999,267.89166666666665,11,443.0,39.0,39.0,0.0,0.0,0.0,1,0.0,5.5,0.007437939690705675
12543,1,267.87430555555557,1,980.25,980.25,267.87430555555557,43,688.0,61.0,70.81666666666666,0.0,0.0,0.0,0,0.0,43.0,0.003719209977813879
18089,1,266.03680555555553,1,428.45,428.45,266.03680555555553,9,95.0,61.0,70.81666666666666,0.0,0.0,0.0,0,0.0,9.0,0.003744802136617664
16983,0,0.0,8,2469.88,308.735,266.0083333333333,103,189.25,35.0,38.0,1.0,13.0,11.049999999999999,1,0.125,12.875,0.029961611685028557
13701,1,266.0076388888889,1,161.0,161.0,266.0076388888889,9,80.0,61.0,70.81666666666666,1.0,1.0,1.45,0,1.0,9.0,0.003745211201302501
13554,1,199.90625,7,1629.35,232.7642857142857,266.0076388888889,156,82.71428571428571,12.0,13.2,3.0,15.0,81.89,1,0.42857142857142855,22.285714285714285,0.02621647840911751
13067,0,229.02430555555554,2,393.05,196.52499999999998,265.96319444444447,13,49.5,37.0,37.0,0.0,0.0,0.0,1,0.0,6.5,0.007491669419681759
15519,1,202.92708333333334,2,344.61,172.305,265.9534722222222,34,58.0,63.0,63.0,0.0,0.0,0.0,1,0.0,17.0,0.007491942260017221
14776,0,37.75972222222222,7,2244.6,320.65714285714284,265.94305555555553,62,404.0,24.5,38.0,2.0,8.0,26.56,1,0.2857142857142857,8.857142857142858,0.026222821138507487
17255,0,118.89722222222223,3,598.48,199.49333333333334,265.87291666666664,131,143.0,73.5,73.5,0.0,0.0,0.0,1,0.0,43.666666666666664,0.011241305552736556
16264,1,257.90972222222223,2,823.53,411.765,265.85833333333335,62,308.0,8.0,8.0,0.0,0.0,0.0,1,0.0,31.0,0.007494613246728913
15870,0,216.07847222222222,3,506.02,168.67333333333332,265.85277777777776,61,57.0,50.0,50.0,0.0,0.0,0.0,1,0.0,20.333333333333332,0.011242153913414597
15599,0,23.989583333333332,2,937.15,468.575,265.1076388888889,58,370.5,241.0,241.0,0.0,0.0,0.0,1,0.0,29.0,0.007515755685747465
15462,0,6.884722222222222,2,607.45,303.725,265.1020833333333,32,199.5,258.0,258.0,0.0,0.0,0.0,1,0.0,16.0,0.007515912596199767
17811,0,6.981944444444444,26,5793.66,222.83307692307693,265.0597222222222,435,114.1923076923077,7.0,10.75,5.0,5.0,18.95,1,0.19230769230769232,16.73076923076923,0.09772242030037116
13702,1,265.0486111111111,1,135.18,135.18,265.0486111111111,5,74.0,61.0,70.81666666666666,0.0,0.0,0.0,0,0.0,5.0,0.0037587115971914075
14212,0,265.04305555555555,1,1119.6599999999999,1119.6599999999999,265.04305555555555,12,894.0,61.0,70.81666666666666,0.0,0.0,0.0,0,0.0,12.0,0.0037587900872352534
17055,1,265.0201388888889,1,232.85,232.85,265.0201388888889,24,83.0,61.0,70.81666666666666,0.0,0.0,0.0,0,0.0,24.0,0.0037591138933194806
12850,1,265.01666666666665,1,330.0,330.0,265.01666666666665,2,200.0,61.0,70.81666666666666,0.0,0.0,0.0,0,0.0,2.0,0.003759162959714304
17167,1,199.11458333333334,3,867.11,289.0366666666667,264.95,64,143.0,33.0,33.0,0.0,0.0,0.0,1,0.0,21.333333333333332,0.011280315848843769
14668,1,264.90763888888887,1,111.63,111.63,264.90763888888887,10,49.0,61.0,70.81666666666666,0.0,0.0,0.0,0,0.0,10.0,0.003760704296343499
17834,1,234.02847222222223,2,689.6700000000001,344.83500000000004,264.8875,54,319.5,31.0,31.0,0.0,0.0,0.0,1,0.0,27.0,0.007521978280287716
17284,0,55.03958333333333,4,2063.93,515.9825000000001,264.85555555555555,225,369.5,56.0,70.0,2.0,2.0,454.04,1,0.5,56.25,0.015045764199439962
14906,1,264.84722222222223,1,68.44,68.44,264.84722222222223,1,1.0,61.0,70.81666666666666,2.0,2.0,135.42000000000002,0,2.0,1.0,0.003761558957212267
13375,0,264.19305555555553,1,1013.58,1013.58,264.19305555555553,34,682.0,61.0,70.81666666666666,0.0,0.0,0.0,0,0.0,34.0,0.0037708378068388336
15473,0,264.15,1,274.8,274.8,264.15,3,104.0,61.0,70.81666666666666,0.0,0.0,0.0,0,0.0,3.0,0.0037714501225721295
13689,0,264.09930555555553,1,349.5,349.5,264.09930555555553,3,210.0,61.0,70.81666666666666,0.0,0.0,0.0,0,0.0,3.0,0.003772171329926155
16465,1,240.14097222222222,2,746.24,373.12,264.0861111111111,45,252.0,24.0,24.0,1.0,2.0,19.9,1,0.5,22.5,0.0075447181733399
14716,0,264.02986111111113,1,235.77,235.77,264.02986111111113,44,148.0,61.0,70.81666666666666,0.0,0.0,0.0,0,0.0,44.0,0.0037731597330489487
17480,0,264.0131944444444,1,370.40999999999997,370.40999999999997,264.0131944444444,24,243.0,61.0,70.81666666666666,0.0,0.0,0.0,0,0.0,24.0,0.003773397026877593
12751,1,264.00069444444443,1,268.27,268.27,264.00069444444443,61,189.0,61.0,70.81666666666666,0.0,0.0,0.0,0,0.0,61.0,0.003773575016836958
15041,0,263.9819444444444,1,109.47,109.47,263.9819444444444,35,91.0,61.0,70.81666666666666,0.0,0.0,0.0,0,0.0,35.0,0.0037738420332622245
14169,1,250.17013888888889,2,621.51,310.755,263.9659722222222,50,102.5,14.0,14.0,0.0,0.0,0.0,1,0.0,25.0,0.007548139043011289
14761,0,154.0326388888889,2,289.52,144.76,263.93611111111113,20,73.0,110.0,110.0,0.0,0.0,0.0,1,0.0,10.0,0.007548989798379063
16998,0,23.930555555555557,4,394.1,98.525,263.9243055555556,2,25.5,120.0,120.0,1.0,2.0,7.5,1,0.25,0.5,0.01509865239284806
15728,1,199.09097222222223,2,544.6,272.3,263.9194444444444,10,66.0,65.0,65.0,0.0,0.0,0.0,1,0.0,5.0,0.007549464721980477
14126,0,263.9159722222222,1,466.33000000000004,466.33000000000004,263.9159722222222,28,379.0,61.0,70.81666666666666,0.0,0.0,0.0,0,0.0,28.0,0.003774781835959516
17161,1,263.8375,1,856.01,856.01,263.8375,52,537.0,61.0,70.81666666666666,0.0,0.0,0.0,0,0.0,52.0,0.003775900316231652
14933,1,263.0854166666667,4,1770.0,442.5,263.80625,1,150.0,1.0,1.0,1.0,300.0,885.0,1,0.25,0.25,0.015105383653142629
12578,0,149.88611111111112,3,3456.6,1152.2,263.06319444444443,109,644.0,56.5,56.5,3.0,46.0,70.0,1,1.0,36.333333333333336,0.011360916868068723
17840,1,263.0180555555556,1,175.9,175.9,263.0180555555556,44,128.0,61.0,70.81666666666666,0.0,0.0,0.0,0,0.0,44.0,0.003787619744020032
14570,1,100.07777777777778,3,613.75,204.58333333333334,262.98819444444445,64,143.66666666666666,163.0,163.0,0.0,0.0,0.0,1,0.0,21.333333333333332,0.011364144545605206
13205,1,262.85,1,2803.2,2803.2,262.85,1,256.0,61.0,70.81666666666666,0.0,0.0,0.0,0,0.0,1.0,0.0037900322152738296
15761,1,262.13680555555555,1,143.05,143.05,262.13680555555555,5,31.0,61.0,70.81666666666666,0.0,0.0,0.0,0,0.0,5.0,0.0038003045521842515
16857,1,262.0840277777778,1,352.8,352.8,262.0840277777778,11,168.0,61.0,70.81666666666666,0.0,0.0,0.0,0,0.0,11.0,0.003801066938372562
13519,0,262.0451388888889,1,220.46,220.46,262.0451388888889,11,110.0,61.0,70.81666666666666,0.0,0.0,0.0,0,0.0,11.0,0.0038016288923795817
13264,1,262.00555555555553,1,722.5600000000001,722.5600000000001,262.00555555555553,38,375.0,61.0,70.81666666666666,0.0,0.0,0.0,0,0.0,38.0,0.0038022010519422915
18107,1,261.99097222222224,1,165.88,165.88,261.99097222222224,38,65.0,61.0,70.81666666666666,0.0,0.0,0.0,0,0.0,38.0,0.0038024118909869634
15140,0,18.075694444444444,4,2016.8899999999999,504.2225,261.98819444444445,67,334.75,36.0,81.33333333333333,1.0,5.0,4.25,1,0.25,16.75,0.015209808213824554
16856,0,237.0388888888889,2,323.09000000000003,161.54500000000002,261.98541666666665,15,79.5,25.0,25.0,0.0,0.0,0.0,1,0.0,7.5,0.007604984433547488
18193,0,200.01736111111111,2,963.59,481.79499999999996,261.97013888888887,50,401.0,62.0,62.0,1.0,3.0,20.85,1,0.5,25.0,0.007605426260374938
15476,1,199.89791666666667,4,2209.98,552.4949999999999,261.9513888888889,67,293.5,31.0,31.0,1.0,6.0,29.700000000000003,1,0.25,16.75,0.015211937145120823
16298,0,6.113888888888889,5,601.8,120.35999999999999,261.89375,20,32.0,20.0,64.0,2.0,2.0,5.7,1,0.4,4.0,0.019019090412001047
16546,1,110.0625,5,5307.07,1061.414,261.8798611111111,75,842.2,42.0,50.666666666666664,2.0,853.0,886.03,1,0.4,15.0,0.01902009525897709
16261,0,65.73958333333333,3,565.14,188.38,261.84027777777777,83,96.66666666666667,98.0,98.0,0.0,0.0,0.0,1,0.0,27.666666666666668,0.011413775793283839
16775,0,25.066666666666666,9,1821.13,202.34777777777776,261.8027777777778,92,73.77777777777777,19.5,29.625,1.0,96.0,81.6,1,0.1111111111111111,10.222222222222221,0.0342462133623651
14992,1,261.79305555555555,1,210.5,210.5,261.79305555555555,27,145.0,61.0,70.81666666666666,0.0,0.0,0.0,0,0.0,27.0,0.0038052755917996313
17134,0,84.0375,2,530.8,265.4,261.7625,29,61.0,178.0,178.0,0.0,0.0,0.0,1,0.0,14.5,0.007611436182864755
16531,0,113.93680555555555,7,1538.57,219.79571428571427,261.12569444444443,80,185.85714285714286,22.5,24.5,1.0,5.0,34.75,1,0.14285714285714285,11.428571428571429,0.02670474565584259
14875,0,82.03958333333334,2,1759.08,879.54,261.0986111111111,47,437.0,179.0,179.0,2.0,3.0,8.15,1,1.0,23.5,0.007630715750539184
17567,0,52.982638888888886,5,2380.57,476.11400000000003,261.08472222222224,99,257.0,58.5,52.0,1.0,2.0,9.9,1,0.2,19.8,0.019077800329621992
16692,1,75.91944444444445,4,1914.6999999999998,478.67499999999995,261.0548611111111,3,219.5,33.0,61.666666666666664,0.0,0.0,0.0,1,0.0,0.75,0.015263979393627818
16140,0,190.92361111111111,2,832.4200000000001,416.21,261.03263888888887,33,323.0,70.0,70.0,0.0,0.0,0.0,1,0.0,16.5,0.00763263694355294
14934,0,102.04305555555555,4,2441.4,610.35,261.02916666666664,89,379.25,79.5,79.5,3.0,653.0,1057.3,1,0.75,22.25,0.01526547617154579
17396,0,191.12847222222223,7,1476.3,210.9,260.9902777777778,11,59.142857142857146,3.0,11.666666666666666,2.0,82.0,232.5,1,0.2857142857142857,1.5714285714285714,0.02671854871629036
14226,0,29.940277777777776,3,2462.34,820.7800000000001,260.9291666666667,66,497.6666666666667,115.5,115.5,3.0,9.0,34.75,1,1.0,22.0,0.011453478198622401
12871,0,26.970833333333335,2,495.38,247.69,259.09444444444443,9,182.0,232.0,232.0,0.0,0.0,0.0,1,0.0,4.5,0.0076895144925988425
17062,1,133.07569444444445,6,889.75,148.29166666666666,259.03680555555553,82,107.33333333333333,28.0,25.2,1.0,2.0,3.9,1,0.16666666666666666,13.666666666666666,0.023073656774014364
14094,1,259.0361111111111,1,311.77,311.77,259.0361111111111,41,158.0,61.0,70.81666666666666,1.0,1.0,0.95,0,1.0,41.0,0.0038456197323021375
14269,1,258.99791666666664,1,295.73,295.73,258.99791666666664,16,123.0,61.0,70.81666666666666,1.0,9.0,34.05,0,1.0,16.0,0.0038461846649412257
13118,0,27.977777777777778,7,2017.3,288.18571428571425,258.8777777777778,85,99.71428571428571,31.5,38.5,2.0,11.0,21.91,1,0.2857142857142857,12.142857142857142,0.026935739022617467
14806,0,258.875,1,110.03999999999999,110.03999999999999,258.875,9,93.0,61.0,70.81666666666666,0.0,0.0,0.0,0,0.0,9.0,0.003848003848003848
13281,1,258.86597222222224,1,350.85,350.85,258.86597222222224,22,201.0,61.0,70.81666666666666,2.0,26.0,44.4,0,2.0,22.0,0.003848137528159548
12449,0,6.884027777777778,3,1627.53,542.5100000000001,258.13402777777776,57,373.0,125.5,125.5,0.0,0.0,0.0,1,0.0,19.0,0.011577020685884879
15469,0,258.1118055555556,1,335.7,335.7,258.1118055555556,19,134.0,61.0,70.81666666666666,1.0,4.0,5.8,0,1.0,19.0,0.0038593378555482
17919,0,258.09027777777777,1,536.28,536.28,258.09027777777777,17,696.0,61.0,70.81666666666666,0.0,0.0,0.0,0,0.0,17.0,0.0038596585274330592
17315,0,11.03125,25,6219.8,248.792,258.00347222222223,316,123.44,9.0,10.73913043478261,4.0,21.0,68.55,1,0.16,12.64,0.09652380250157522
15616,1,257.9861111111111,1,317.11,317.11,257.9861111111111,13,137.0,61.0,70.81666666666666,0.0,0.0,0.0,0,0.0,13.0,0.0038612109186464314
12348,0,68.08541666666666,4,1709.4,427.34999999999997,257.91041666666666,25,624.25,70.0,63.333333333333336,0.0,0.0,0.0,1,0.0,6.25,0.015449359092993878
16211,0,240.97916666666666,2,543.5699999999999,271.78499999999997,257.8930555555556,12,182.5,17.0,17.0,0.0,0.0,0.0,1,0.0,6.0,0.007725197555833329
14328,1,257.8673611111111,1,445.05,445.05,257.8673611111111,1,1.0,61.0,70.81666666666666,2.0,2.0,890.11,0,2.0,1.0,0.003862982168581615
17524,1,180.92916666666667,3,539.14,179.71333333333334,257.8541666666667,37,120.66666666666667,77.0,77.0,1.0,72.0,30.24,1,0.3333333333333333,12.333333333333334,0.01158953722334004
13290,1,257.84791666666666,1,208.63,208.63,257.84791666666666,1,1.0,61.0,70.81666666666666,2.0,2.0,417.26,0,2.0,1.0,0.003863272352652378
13687,1,257.84722222222223,1,11880.84,11880.84,257.84722222222223,45,87167.0,61.0,70.81666666666666,0.0,0.0,0.0,0,0.0,45.0,0.003863282717175511
14802,1,257.84444444444443,2,1502.98,751.49,257.84583333333336,1,1.0,61.0,70.81666666666666,4.0,4.0,3005.96,0,2.0,0.5,0.007726606892777231
17280,1,257.8361111111111,1,118.85999999999999,118.85999999999999,257.8361111111111,6,74.0,61.0,70.81666666666666,0.0,0.0,0.0,0,0.0,6.0,0.003863448557109282
17450,0,12.091666666666667,19,106153.72,5587.037894736842,257.82708333333335,96,1816.6842105263158,15.0,18.923076923076923,3.0,2765.0,7482.9,1,0.15789473684210525,5.052631578947368,0.0734080829382551
13139,0,34.865972222222226,3,4308.06,1436.0199999999998,257.1513888888889,123,882.3333333333334,111.0,111.0,0.0,0.0,0.0,1,0.0,41.0,0.01162108797055991
16362,0,257.1430555555556,1,212.17,212.17,257.1430555555556,13,127.0,61.0,70.81666666666666,1.0,6.0,22.5,0,1.0,13.0,0.0038738210402285552
13073,1,230.94722222222222,2,418.08,209.04,257.1409722222222,25,130.5,26.0,26.0,0.0,0.0,0.0,1,0.0,12.5,0.007747704608001119
16269,1,257.0416666666667,1,717.57,717.57,257.0416666666667,53,579.0,61.0,70.81666666666666,1.0,2.0,2.98,0,1.0,53.0,0.0038753431293395767
13970,1,205.97847222222222,2,846.55,423.275,257.0395833333333,10,234.5,51.0,51.0,0.0,0.0,0.0,1,0.0,5.0,0.00775074883536925
15347,1,185.89236111111111,4,1162.0,290.5,257.0,29,135.5,22.0,23.666666666666668,2.0,6.0,29.700000000000003,1,0.5,7.25,0.015503875968992248
13386,1,233.9986111111111,2,835.46,417.73,256.9868055555556,24,257.0,23.0,23.0,0.0,0.0,0.0,1,0.0,12.0,0.00775233444862867
14597,0,11.011805555555556,5,1483.49,296.698,256.98125,44,197.6,45.0,82.0,0.0,0.0,0.0,1,0.0,8.8,0.019381253482568986
17007,0,21.058333333333334,5,692.9,138.58,256.9576388888889,40,81.4,80.0,78.66666666666667,1.0,10.0,12.5,1,0.2,8.0,0.019383027467365175
16198,0,256.95208333333335,1,629.36,629.36,256.95208333333335,18,255.0,61.0,70.81666666666666,0.0,0.0,0.0,0,0.0,18.0,0.003876688984549779
15871,1,256.9402777777778,1,33.099999999999994,33.099999999999994,256.9402777777778,5,5.0,61.0,70.81666666666666,0.0,0.0,0.0,0,0.0,5.0,0.0038768664150293187
13754,0,136.9111111111111,2,320.45,160.22500000000002,256.88958333333335,16,91.5,120.0,120.0,0.0,0.0,0.0,1,0.0,8.0,0.007755257014064481
14410,0,26.000694444444445,8,2305.63,288.20375,256.8777777777778,251,143.75,46.0,38.5,2.0,18.0,69.0,1,0.25,31.375,0.03102244818820285
13927,0,256.8597222222222,1,359.27,359.27,256.8597222222222,20,249.0,61.0,70.81666666666666,1.0,6.0,18.3,0,1.0,20.0,0.003878077550778578
16237,1,256.825,1,136.65,136.65,256.825,7,57.0,61.0,70.81666666666666,0.0,0.0,0.0,0,0.0,7.0,0.003878599825463008
12964,1,256.79375,1,132.24,132.24,256.79375,26,56.0,61.0,70.81666666666666,0.0,0.0,0.0,0,0.0,26.0,0.003879069992969186
13639,0,256.1145833333333,1,312.93,312.93,256.1145833333333,19,197.0,61.0,70.81666666666666,0.0,0.0,0.0,0,0.0,19.0,0.0038893165336466398
16148,1,115.95069444444445,2,386.62,193.31,256.1097222222222,9,125.0,140.0,140.0,2.0,3.0,16.25,1,1.0,4.5,0.007778780136020614
12946,1,256.10833333333335,1,324.45,324.45,256.10833333333335,20,149.0,61.0,70.81666666666666,0.0,0.0,0.0,0,0.0,20.0,0.003889411078339221
13804,0,109.15347222222222,3,1296.3600000000001,432.12000000000006,256.1,69,250.66666666666666,73.5,73.5,0.0,0.0,0.0,1,0.0,23.0,0.011668611435239205
16783,1,256.0395833333333,1,391.95,391.95,256.0395833333333,25,163.0,61.0,70.81666666666666,0.0,0.0,0.0,0,0.0,25.0,0.003890451373410386
14843,1,256.0076388888889,1,211.79999999999998,211.79999999999998,256.0076388888889,9,132.0,61.0,70.81666666666666,0.0,0.0,0.0,0,0.0,9.0,0.003890934932219373
14891,0,7.0777777777777775,3,1001.73,333.91,256.00625,52,239.0,124.5,124.5,0.0,0.0,0.0,1,0.0,17.333333333333332,0.011672867877726707
17257,1,255.99930555555557,2,189.78,94.89,256.00069444444443,14,93.5,61.0,70.81666666666666,0.0,0.0,0.0,0,0.0,7.0,0.007782080139212767
14829,0,3.93125,6,1289.95,214.99166666666667,255.98333333333332,72,144.83333333333334,32.0,63.0,2.0,38.0,52.9,1,0.3333333333333333,12.0,0.023347817627602307
14449,0,66.02361111111111,6,1745.07,290.84499999999997,255.98263888888889,211,199.33333333333334,25.5,47.5,0.0,0.0,0.0,1,0.0,35.166666666666664,0.023347880720433447
14510,1,195.00277777777777,3,979.85,326.6166666666667,255.96875,67,264.3333333333333,61.0,61.0,1.0,6.0,15.299999999999999,1,0.3333333333333333,22.333333333333332,0.011674571324334184
13105,1,255.96458333333334,1,72.0,72.0,255.96458333333334,1,100.0,61.0,70.81666666666666,0.0,0.0,0.0,0,0.0,1.0,0.003891586875623262
13257,1,255.9111111111111,1,149.75,149.75,255.9111111111111,7,33.0,61.0,70.81666666666666,2.0,4.0,31.8,0,2.0,7.0,0.003892396851483436
16489,1,199.92361111111111,2,303.7,151.85,255.90833333333333,4,19.0,56.0,56.0,0.0,0.0,0.0,1,0.0,2.0,0.007784877874728341
16490,1,255.84722222222223,1,205.41000000000003,205.41000000000003,255.84722222222223,13,113.0,61.0,70.81666666666666,1.0,7.0,26.25,0,1.0,13.0,0.003893365057048613
12661,1,255.8361111111111,1,162.0,162.0,255.8361111111111,11,216.0,61.0,70.81666666666666,0.0,0.0,0.0,0,0.0,11.0,0.0038935334897956977
13556,1,248.8375,2,200.82,100.41,255.15902777777777,8,67.0,6.0,6.0,0.0,0.0,0.0,1,0.0,4.0,0.0078076498702791515
14004,0,108.14027777777778,5,2575.83,515.1659999999999,255.1326388888889,69,227.8,73.5,73.5,0.0,0.0,0.0,1,0.0,13.8,0.01952113569629451
13962,0,65.06180555555555,2,310.85,155.425,255.09375,19,51.5,190.0,190.0,0.0,0.0,0.0,1,0.0,9.5,0.007809640024405125
16368,0,255.05555555555554,1,141.53,141.53,255.05555555555554,20,56.0,61.0,70.81666666666666,0.0,0.0,0.0,0,0.0,20.0,0.003905402473421567
14953,0,237.9986111111111,3,685.65,228.54999999999998,255.0236111111111,153,263.3333333333333,17.0,17.0,1.0,20.0,8.4,1,0.3333333333333333,51.0,0.011717669268784888
13966,1,254.9875,1,384.26,384.26,254.9875,21,760.0,61.0,70.81666666666666,0.0,0.0,0.0,0,0.0,21.0,0.003906440744176962
12562,0,18.004166666666666,3,1630.14,543.38,254.98402777777778,43,243.66666666666666,118.5,118.5,0.0,0.0,0.0,1,0.0,14.333333333333334,0.01171948119592965
16214,0,72.1125,3,1725.17,575.0566666666667,254.95347222222222,78,402.6666666666667,91.5,91.5,0.0,0.0,0.0,1,0.0,26.0,0.011720880259812846
14742,1,254.9465277777778,1,579.85,579.85,254.9465277777778,34,374.0,61.0,70.81666666666666,0.0,0.0,0.0,0,0.0,34.0,0.003907066091821479
15736,1,254.9375,2,1767.12,883.56,254.93819444444443,95,604.0,61.0,70.81666666666666,1.0,9.0,98.45,0,0.5,47.5,0.00781438661135094
16958,1,254.93402777777777,1,778.49,778.49,254.93402777777777,69,514.0,61.0,70.81666666666666,0.0,0.0,0.0,0,0.0,69.0,0.003907256915709072
14800,0,10.943055555555556,12,6245.65,520.4708333333333,254.925,286,461.3333333333333,22.5,24.4,5.0,122.0,354.58,1,0.4166666666666667,23.833333333333332,0.046888736934648824
15960,1,193.8701388888889,4,410.95,102.73750000000001,254.875,24,64.5,14.0,20.333333333333332,1.0,1.0,16.95,1,0.25,6.0,0.015632633121641426
13108,1,192.09375,2,748.46,374.23,254.8201388888889,27,372.5,63.0,63.0,0.0,0.0,0.0,1,0.0,13.5,0.00781799278464416
14568,1,254.81597222222223,1,919.7,919.7,254.81597222222223,47,645.0,61.0,70.81666666666666,1.0,12.0,10.2,0,1.0,47.0,0.0039090600610790635
15243,0,254.80694444444444,1,610.6,610.6,254.80694444444444,39,358.0,61.0,70.81666666666666,0.0,0.0,0.0,0,0.0,39.0,0.003909198017167895
13763,0,236.97569444444446,2,3502.48,1751.24,254.79930555555555,35,1248.0,18.0,18.0,1.0,1.0,9.95,1,0.5,17.5,0.007818629513697533
12457,0,53.111111111111114,4,1699.93,424.98249999999996,254.78541666666666,37,162.25,5.0,67.33333333333333,3.0,114.0,303.05,1,0.75,9.25,0.01563810811471204
16044,1,254.7763888888889,1,340.84000000000003,340.84000000000003,254.7763888888889,19,170.0,61.0,70.81666666666666,0.0,0.0,0.0,0,0.0,19.0,0.003909665017729245
14657,0,101.85625,4,1126.3700000000001,281.59250000000003,254.70347222222222,120,171.0,44.0,51.0,1.0,1.0,9.95,1,0.25,30.0,0.01564311960740115
12817,1,100.84861111111111,3,690.98,230.32666666666668,254.16180555555556,16,73.0,76.5,76.5,0.0,0.0,0.0,1,0.0,5.333333333333333,0.011757245538642418
17533,1,254.15,1,34.8,34.8,254.15,1,24.0,61.0,70.81666666666666,0.0,0.0,0.0,0,0.0,1.0,0.003919263178522437
16306,1,33.02638888888889,7,1124.72,160.67428571428573,254.13472222222222,55,101.71428571428571,33.0,36.833333333333336,3.0,16.0,29.999999999999996,1,0.42857142857142855,7.857142857142857,0.027436485081411235
14303,1,226.8840277777778,2,277.94,138.97,254.09652777777777,21,109.0,27.0,27.0,0.0,0.0,0.0,1,0.0,10.5,0.007840169434772785
17521,0,18.9,3,714.41,238.13666666666668,254.04236111111112,37,134.33333333333334,117.5,117.5,0.0,0.0,0.0,1,0.0,12.333333333333334,0.011762751830442111
13002,1,137.8972222222222,3,414.13,138.04333333333332,254.0361111111111,19,67.0,58.0,58.0,0.0,0.0,0.0,1,0.0,6.333333333333333,0.011763040092361648
15261,0,201.15069444444444,3,1253.18,417.7266666666667,254.03541666666666,70,178.66666666666666,26.5,26.5,0.0,0.0,0.0,1,0.0,23.333333333333332,0.01176307212233595
17360,0,3.8201388888888888,4,953.17,238.2925,254.0298611111111,137,115.0,125.0,125.0,1.0,1.0,29.95,1,0.25,34.25,0.01568443782454669
15276,0,213.86319444444445,3,491.17,163.72333333333333,254.01805555555555,115,85.33333333333333,40.0,40.0,1.0,4.0,18.5,1,0.3333333333333333,38.333333333333336,0.011763872928387424
15190,1,253.98680555555555,1,834.4399999999999,834.4399999999999,253.98680555555555,40,790.0,61.0,70.81666666666666,0.0,0.0,0.0,0,0.0,40.0,0.003921771551360228
16606,1,223.95347222222222,2,357.66,178.83,253.97847222222222,16,74.0,30.0,30.0,0.0,0.0,0.0,1,0.0,8.0,0.007843799449299914
13198,0,69.12152777777777,5,3660.7400000000002,732.1479999999999,253.97430555555556,207,496.2,45.0,46.25,3.0,9.0,55.75,1,0.6,41.4,0.019609819072183197
12652,1,150.90972222222223,2,1017.03,508.515,253.8986111111111,51,268.0,103.0,103.0,1.0,3.0,5.45,1,0.5,25.5,0.007846256954017665
18266,1,253.88680555555555,1,251.1,251.1,253.88680555555555,14,138.0,61.0,70.81666666666666,0.0,0.0,0.0,0,0.0,14.0,0.0039233101839869005
13380,1,252.10555555555555,1,62.4,62.4,252.10555555555555,3,48.0,61.0,70.81666666666666,0.0,0.0,0.0,0,0.0,3.0,0.00395092078403828
17022,0,252.09930555555556,1,189.0,189.0,252.09930555555556,9,72.0,61.0,70.81666666666666,0.0,0.0,0.0,0,0.0,9.0,0.003951018347541451
13674,1,252.08958333333334,1,240.68,240.68,252.08958333333334,14,102.0,61.0,70.81666666666666,1.0,4.0,24.8,0,1.0,14.0,0.00395117012256859
18270,0,86.00625,2,273.35,136.675,252.08402777777778,11,74.5,166.0,166.0,1.0,4.0,44.2,1,0.5,5.5,0.007902513712782042
16848,0,196.00833333333333,3,1130.2,376.73333333333335,252.07569444444445,64,199.33333333333334,56.0,56.0,0.0,0.0,0.0,1,0.0,21.333333333333332,0.011854160892793932
13014,0,39.94027777777778,4,3242.83,810.7075,252.05208333333334,124,365.75,42.0,70.66666666666667,4.0,19.0,94.45,1,1.0,31.0,0.015807022599102622
14254,1,252.0402777777778,1,601.03,601.03,252.0402777777778,23,263.0,61.0,70.81666666666666,0.0,0.0,0.0,0,0.0,23.0,0.003951940018332611
15351,0,189.04236111111112,4,1770.23,442.5575,252.0222222222222,103,184.25,18.0,21.0,3.0,12.0,25.14,1,0.75,25.75,0.015808888108203058
13642,1,35.01111111111111,4,472.2,118.04999999999998,252.01875,93,57.75,217.0,217.0,1.0,1.0,12.75,1,0.25,23.25,0.015809105056443444
14310,1,252.01111111111112,1,492.1,492.1,252.01111111111112,22,230.0,61.0,70.81666666666666,0.0,0.0,0.0,0,0.0,22.0,0.003952395590883141
15859,1,251.9986111111111,1,438.46,438.46,251.9986111111111,22,174.0,61.0,70.81666666666666,0.0,0.0,0.0,0,0.0,22.0,0.003952590868417152
14392,1,251.99583333333334,1,266.4,266.4,251.99583333333334,14,114.0,61.0,70.81666666666666,0.0,0.0,0.0,0,0.0,14.0,0.003952634266045225
14008,1,251.98680555555555,1,509.04,509.04,251.98680555555555,32,326.0,61.0,70.81666666666666,1.0,6.0,15.299999999999999,0,1.0,32.0,0.003952775314918159
16407,0,13.931944444444444,9,1471.76,163.5288888888889,251.95416666666668,71,82.33333333333333,35.0,34.0,0.0,0.0,0.0,1,0.0,7.888888888888889,0.03557956810357608
15143,1,45.03263888888889,2,563.63,281.815,251.95277777777778,27,160.0,207.0,207.0,0.0,0.0,0.0,1,0.0,13.5,0.007906614102324764
13245,0,251.94930555555555,1,558.72,558.72,251.94930555555555,29,246.0,61.0,70.81666666666666,0.0,0.0,0.0,0,0.0,29.0,0.003953361318006737
14462,0,5.086111111111111,8,1379.51,172.43875,251.9423611111111,139,76.125,41.0,49.4,3.0,31.0,34.17,1,0.375,17.375,0.031627758849320634
16312,1,251.94097222222223,1,171.15,171.15,251.94097222222223,10,53.0,61.0,70.81666666666666,0.0,0.0,0.0,0,0.0,10.0,0.003953491564511922
14579,1,251.92638888888888,1,105.56,105.56,251.92638888888888,24,56.0,61.0,70.81666666666666,0.0,0.0,0.0,0,0.0,24.0,0.003953719516547964
15579,0,133.02847222222223,4,1118.38,279.595,251.92569444444445,125,162.75,44.0,39.666666666666664,2.0,76.0,35.25,1,0.5,31.25,0.01581492148825001
13326,1,251.86805555555554,1,281.76,281.76,251.86805555555554,13,140.0,61.0,70.81666666666666,0.0,0.0,0.0,0,0.0,13.0,0.003954631587619806
16817,0,5.114583333333333,11,2135.38,194.12545454545455,251.15555555555557,90,104.81818181818181,15.0,24.6,4.0,56.0,66.14999999999999,1,0.36363636363636365,8.181818181818182,0.04362386533885609
17375,1,18.87847222222222,4,660.55,165.1375,251.15,77,120.0,70.0,77.33333333333333,1.0,6.0,27.6,1,0.25,19.25,0.01586357326987904
15159,0,4.009027777777778,18,9151.59,508.4216666666667,251.13819444444445,203,259.6111111111111,19.0,22.454545454545453,2.0,6.0,26.700000000000003,1,0.1111111111111111,11.277777777777779,0.07138942213678015
17621,0,131.98819444444445,5,2697.0,539.4,251.1340277777778,52,181.2,28.0,29.75,2.0,16.0,145.8,1,0.4,10.4,0.019830722747216124
13367,1,251.11805555555554,1,510.20000000000005,510.20000000000005,251.11805555555554,20,253.0,61.0,70.81666666666666,0.0,0.0,0.0,0,0.0,20.0,0.003966395813248864
16476,1,251.09791666666666,1,350.35,350.35,251.09791666666666,24,187.0,61.0,70.81666666666666,2.0,5.0,13.35,0,2.0,24.0,0.003966712669514987
13441,0,251.09166666666667,1,424.26,424.26,251.09166666666667,25,316.0,61.0,70.81666666666666,0.0,0.0,0.0,0,0.0,25.0,0.003966811014511917
18284,1,251.0534722222222,1,461.68,461.68,251.0534722222222,28,494.0,61.0,70.81666666666666,1.0,1.0,25.0,0,1.0,28.0,0.0039674121176888726
14065,1,208.85902777777778,3,891.02,297.00666666666666,251.0326388888889,42,194.0,21.0,21.0,1.0,1.0,1.65,1,0.3333333333333333,14.0,0.01190322020681845
12486,1,251.025,1,1037.28,1037.28,251.025,49,523.0,61.0,70.81666666666666,0.0,0.0,0.0,0,0.0,49.0,0.003967860331316337
14353,1,34.86388888888889,3,376.5,125.5,251.00833333333333,18,114.66666666666667,108.0,108.0,0.0,0.0,0.0,1,0.0,6.0,0.011904368241790947
15392,0,179.875,4,1715.07,428.76750000000004,251.0,54,317.25,22.0,23.666666666666668,1.0,12.0,19.799999999999997,1,0.25,13.5,0.015873015873015872
13144,1,152.06597222222223,2,135.35,67.675,250.94166666666666,6,14.5,99.0,99.0,0.0,0.0,0.0,1,0.0,3.0,0.007938345516488605
15730,0,26.00486111111111,3,1073.13,357.71000000000004,250.94097222222223,65,228.66666666666666,112.5,112.5,2.0,8.0,18.4,1,0.6666666666666666,21.666666666666668,0.011907551096349177
15778,1,250.90277777777777,1,307.95,307.95,250.90277777777777,17,101.0,61.0,70.81666666666666,0.0,0.0,0.0,0,0.0,17.0,0.003969785521310029
18017,0,129.95347222222222,2,330.0,165.0,250.90208333333334,1,100.0,121.0,121.0,0.0,0.0,0.0,1,0.0,0.5,0.007939592930454127
15346,1,152.0638888888889,3,596.12,198.70666666666668,250.90208333333334,36,86.66666666666667,49.5,49.5,1.0,3.0,4.47,1,0.3333333333333333,12.0,0.011909389395681192
16061,1,250.88958333333332,1,89.65,89.65,250.88958333333332,3,19.0,61.0,70.81666666666666,2.0,6.0,44.7,0,2.0,3.0,0.00396999346605242
13035,0,80.1451388888889,2,775.32,387.65999999999997,250.88125,22,247.0,171.0,171.0,0.0,0.0,0.0,1,0.0,11.0,0.00794024962159748
14314,0,250.20138888888889,1,109.80000000000001,109.80000000000001,250.20138888888889,2,36.0,61.0,70.81666666666666,1.0,2.0,7.9,0,1.0,2.0,0.003980869709451801
13177,0,250.09375,1,229.75,229.75,250.09375,13,89.0,61.0,70.81666666666666,0.0,0.0,0.0,0,0.0,13.0,0.003982576228998133
13964,1,206.95625,2,438.9,219.45,250.00833333333333,22,114.0,43.0,43.0,1.0,2.0,17.0,1,0.5,11.0,0.007967862952757213
14470,0,107.0375,2,548.49,274.245,250.0076388888889,48,113.5,143.0,143.0,0.0,0.0,0.0,1,0.0,24.0,0.007967884996859879
14991,1,249.9923611111111,1,314.67,314.67,249.9923611111111,21,191.0,61.0,70.81666666666666,0.0,0.0,0.0,0,0.0,21.0,0.00398418499899012
15490,1,249.98541666666668,1,210.85,210.85,249.98541666666668,22,82.0,61.0,70.81666666666666,1.0,10.0,29.5,0,1.0,22.0,0.003984295236277008
14663,1,249.97847222222222,2,490.6,245.3,249.98472222222222,60,198.5,61.0,70.81666666666666,0.0,0.0,0.0,0,0.0,30.0,0.007968612520682422
16348,0,10.797222222222222,4,887.84,221.95999999999998,249.95347222222222,116,162.0,119.5,119.5,0.0,0.0,0.0,1,0.0,29.0,0.01593920962551159
17097,0,143.97083333333333,3,476.58,158.85999999999999,249.9451388888889,97,79.33333333333333,53.0,53.0,0.0,0.0,0.0,1,0.0,32.333333333333336,0.011954804198571511
17657,1,249.9152777777778,1,126.0,126.0,249.9152777777778,7,60.0,61.0,70.81666666666666,0.0,0.0,0.0,0,0.0,7.0,0.0039854089749196
13306,1,249.91319444444446,1,53.65,53.65,249.91319444444446,4,74.0,61.0,70.81666666666666,0.0,0.0,0.0,0,0.0,4.0,0.003985442065787471
15782,0,249.8798611111111,1,1399.36,1399.36,249.8798611111111,18,980.0,61.0,70.81666666666666,1.0,1.0,7.65,0,1.0,18.0,0.003985971594416319
14350,1,93.94166666666666,3,972.03,324.01,249.8736111111111,55,181.0,78.0,78.0,1.0,17.0,24.229999999999997,1,0.3333333333333333,18.333333333333332,0.011958212690099597
16760,1,249.87152777777777,1,228.0,228.0,249.87152777777777,17,168.0,61.0,70.81666666666666,0.0,0.0,0.0,0,0.0,17.0,0.003986103998560574
15857,0,249.83819444444444,1,273.48,273.48,249.83819444444444,10,276.0,61.0,70.81666666666666,0.0,0.0,0.0,0,0.0,10.0,0.003986633703112066
15128,0,39.0125,2,796.38,398.19,249.8361111111111,47,300.0,211.0,211.0,3.0,9.0,34.660000000000004,1,1.5,23.5,0.007973333628641987
13055,0,33.16111111111111,2,1451.56,725.78,249.18958333333333,99,589.5,216.0,216.0,1.0,13.0,16.15,1,0.5,49.5,0.007993937930402779
13033,1,176.93541666666667,2,220.55,110.275,249.1340277777778,12,49.0,72.0,72.0,0.0,0.0,0.0,1,0.0,6.0,0.007995713409200068
13022,1,249.08333333333334,1,65.3,65.3,249.08333333333334,5,35.0,61.0,70.81666666666666,0.0,0.0,0.0,0,0.0,5.0,0.003998667110963012
15934,1,237.10902777777778,2,2190.66,1095.33,249.02916666666667,29,1083.0,12.0,12.0,0.0,0.0,0.0,1,0.0,14.5,0.007999066775542853
17429,0,4.966666666666667,4,1208.68,302.17,249.01388888888889,70,249.0,33.0,81.33333333333333,1.0,2.0,2.5,1,0.25,17.5,0.015999111160491086
16437,1,200.82708333333332,2,301.25,150.625,249.01111111111112,17,98.5,48.0,48.0,0.0,0.0,0.0,1,0.0,8.5,0.007999644460246211
13818,1,249.01041666666666,1,61.28,61.28,249.01041666666666,5,60.0,61.0,70.81666666666666,0.0,0.0,0.0,0,0.0,5.0,0.003999833340277489
14810,0,18.035416666666666,10,1544.85,154.48499999999999,248.98472222222222,100,75.7,21.0,25.666666666666668,0.0,0.0,0.0,1,0.0,10.0,0.04000244459383629
17045,0,67.02916666666667,3,528.19,176.0633333333333,248.9152777777778,29,63.0,91.0,91.0,0.0,0.0,0.0,1,0.0,9.666666666666666,0.012004068045282012
15973,1,186.04722222222222,3,680.62,226.87333333333336,248.90972222222223,8,65.0,31.5,31.5,2.0,19.0,208.04999999999998,1,0.6666666666666666,2.6666666666666665,0.012004334898713423
17008,1,248.89652777777778,1,81.36,81.36,248.89652777777778,1,24.0,61.0,70.81666666666666,0.0,0.0,0.0,0,0.0,1.0,0.004001656241055326
16149,0,248.87222222222223,1,141.70000000000002,141.70000000000002,248.87222222222223,12,290.0,61.0,70.81666666666666,0.0,0.0,0.0,0,0.0,12.0,0.004002045489917069
14339,1,62.07222222222222,2,620.27,310.135,248.16666666666666,21,228.0,186.0,186.0,3.0,18.0,19.61,1,1.5,10.5,0.00802675585284281
13423,1,248.15833333333333,1,217.03,217.03,248.15833333333333,12,141.0,61.0,70.81666666666666,0.0,0.0,0.0,0,0.0,12.0,0.004013512157597244
17525,1,179.03125,3,1161.9,387.3,248.1513888888889,19,112.66666666666667,34.5,34.5,0.0,0.0,0.0,1,0.0,6.333333333333333,0.012040872071308719
12511,1,248.09097222222223,1,3084.02,3084.02,248.09097222222223,190,1753.0,61.0,70.81666666666666,1.0,5.0,18.25,0,1.0,190.0,0.004014597522658778
17249,1,248.0534722222222,1,68.03,68.03,248.0534722222222,27,79.0,61.0,70.81666666666666,0.0,0.0,0.0,0,0.0,27.0,0.0040152020009089975
14490,1,225.90694444444443,2,1273.47,636.735,248.05138888888888,72,466.5,22.0,22.0,0.0,0.0,0.0,1,0.0,36.0,0.008030471176742864
14118,1,248.03541666666666,1,458.45,458.45,248.03541666666666,15,97.0,61.0,70.81666666666666,0.0,0.0,0.0,0,0.0,15.0,0.004015493110919631
12903,1,248.0076388888889,1,833.53,833.53,248.0076388888889,41,493.0,61.0,70.81666666666666,0.0,0.0,0.0,0,0.0,41.0,0.0040159410549096275
13569,0,187.01458333333332,3,497.74,165.91333333333333,247.98958333333334,103,77.33333333333333,30.5,30.5,0.0,0.0,0.0,1,0.0,34.333333333333336,0.012048696816299208
17354,0,247.9638888888889,3,1740.8999999999999,580.3,247.9777777777778,73,508.3333333333333,61.0,70.81666666666666,0.0,0.0,0.0,0,0.0,24.333333333333332,0.012049268118529096
14266,1,247.97083333333333,1,40.56,40.56,247.97083333333333,1,24.0,61.0,70.81666666666666,0.0,0.0,0.0,0,0.0,1.0,0.0040165347346576745
12393,0,65.12847222222223,5,1877.95,375.59,247.95902777777778,53,203.4,48.0,45.75,1.0,6.0,22.7,1,0.2,10.6,0.02008362598709627
16980,1,74.84305555555555,3,1422.8300000000002,474.27666666666664,247.94791666666666,91,330.0,86.5,86.5,0.0,0.0,0.0,1,0.0,30.333333333333332,0.012050713418971506
16411,0,188.975,3,673.24,224.41333333333333,247.90347222222223,119,133.0,29.5,29.5,0.0,0.0,0.0,1,0.0,39.666666666666664,0.012052865206000764
15314,1,18.924305555555556,3,820.4499999999999,273.48333333333335,247.88125,49,250.0,114.5,114.5,1.0,12.0,19.799999999999997,1,0.3333333333333333,16.333333333333332,0.012053941387710003
13776,1,247.86041666666668,2,623.98,311.99,247.86319444444445,1,1.0,61.0,70.81666666666666,6.0,6.0,964.1500000000001,0,3.0,0.5,0.008036543951244967
16350,0,153.12916666666666,6,1514.1200000000001,252.35333333333332,247.8451388888889,59,121.33333333333333,21.5,23.75,3.0,5.0,31.4,1,0.5,9.833333333333334,0.024111381185866934
15931,1,247.8361111111111,1,239.9,239.9,247.8361111111111,14,118.0,61.0,70.81666666666666,0.0,0.0,0.0,0,0.0,14.0,0.004018709324521941
14358,1,208.87430555555557,2,400.06,200.02999999999997,247.80833333333334,21,169.0,39.0,39.0,1.0,1.0,15.76,1,0.5,10.5,0.008038315972803698
16111,1,247.70763888888888,1,549.33,549.33,247.70763888888888,72,233.0,61.0,70.81666666666666,0.0,0.0,0.0,0,0.0,72.0,0.004020785225848065
15598,0,247.14583333333334,1,307.34,307.34,247.14583333333334,22,244.0,61.0,70.81666666666666,0.0,0.0,0.0,0,0.0,22.0,0.00402988833851062
17196,1,247.0548611111111,1,327.75,327.75,247.0548611111111,84,154.0,61.0,70.81666666666666,0.0,0.0,0.0,0,0.0,84.0,0.004031366269222478
17864,0,95.04583333333333,3,522.57,174.18999999999997,247.04236111111112,57,218.66666666666666,76.0,76.0,0.0,0.0,0.0,1,0.0,19.0,0.012094708285155145
15281,0,17.115972222222222,13,8138.83,626.0638461538462,247.025,414,386.6923076923077,14.0,20.90909090909091,6.0,52.0,225.95,1,0.46153846153846156,31.846153846153847,0.05241407116218123
12811,1,80.13055555555556,5,1033.9,206.78000000000003,247.02083333333334,47,87.0,36.0,41.75,0.0,0.0,0.0,1,0.0,9.4,0.020159596808063836
14904,0,227.88194444444446,2,605.05,302.525,247.0013888888889,62,268.5,19.0,19.0,0.0,0.0,0.0,1,0.0,31.0,0.008064470965104362
14846,1,246.8215277777778,1,437.4,437.4,246.8215277777778,12,193.0,61.0,70.81666666666666,1.0,12.0,30.599999999999998,0,1.0,12.0,0.004035161952906297
15708,0,42.05138888888889,7,2609.11,372.73,245.0534722222222,98,143.28571428571428,31.5,33.833333333333336,3.0,7.0,28.12,1,0.42857142857142855,14.0,0.028449100664094583
14127,0,76.01736111111111,5,1642.6000000000001,328.52000000000004,245.03958333333333,88,140.8,41.0,42.25,0.0,0.0,0.0,1,0.0,17.6,0.020321933293253967
16579,1,245.0361111111111,1,295.05,295.05,245.0361111111111,14,119.0,61.0,70.81666666666666,1.0,12.0,30.599999999999998,0,1.0,14.0,0.0040644440179287145
17152,1,14.021527777777777,4,2016.5,504.125,245.00694444444446,9,144.25,115.5,115.5,1.0,40.0,186.0,1,0.25,2.25,0.01625970359915314
15177,1,245.0013888888889,1,948.93,948.93,245.0013888888889,26,485.0,61.0,70.81666666666666,0.0,0.0,0.0,0,0.0,26.0,0.004065017699764567
15645,0,233.75972222222222,2,443.16,221.58,244.99930555555557,16,70.0,11.0,11.0,1.0,6.0,12.600000000000001,1,0.5,8.0,0.00813010425164931
13083,0,244.96666666666667,1,91.67999999999999,91.67999999999999,244.96666666666667,4,120.0,61.0,70.81666666666666,0.0,0.0,0.0,0,0.0,4.0,0.004065591543569589
14390,0,30.824305555555554,7,2541.59,363.0842857142857,244.93055555555554,150,160.85714285714286,28.0,42.8,2.0,3.0,16.15,1,0.2857142857142857,21.428571428571427,0.028463319591122156
15038,0,7.066666666666666,7,958.49,136.92714285714285,244.92708333333334,176,41.714285714285715,24.5,39.666666666666664,0.0,0.0,0.0,1,0.0,25.142857142857142,0.028463721462154264
14571,1,244.90555555555557,1,160.0,160.0,244.90555555555557,30,56.0,61.0,70.81666666666666,0.0,0.0,0.0,0,0.0,30.0,0.004066601902266001
17111,0,244.89513888888888,1,227.97,227.97,244.89513888888888,19,299.0,61.0,70.81666666666666,0.0,0.0,0.0,0,0.0,19.0,0.0040667741725950255
16122,0,152.10486111111112,4,461.04,115.26,244.89166666666668,20,149.5,34.0,31.0,0.0,0.0,0.0,1,0.0,5.0,0.016267326397126105
13362,0,65.18680555555555,5,3884.86,776.972,244.89097222222222,161,365.2,35.5,45.0,2.0,9.0,31.25,1,0.4,32.2,0.02033421542406724
15277,0,244.86666666666667,1,220.44,220.44,244.86666666666667,14,168.0,61.0,70.81666666666666,0.0,0.0,0.0,0,0.0,14.0,0.004067245119305857
13747,1,193.0923611111111,2,169.79999999999998,84.89999999999999,244.14930555555554,4,30.0,51.0,51.0,0.0,0.0,0.0,1,0.0,2.0,0.008158293556931009
12356,0,65.01180555555555,5,6313.38,1262.676,244.13055555555556,104,682.2,43.0,44.75,0.0,0.0,0.0,1,0.0,20.8,0.020397293959001438
14756,0,202.14444444444445,2,1914.8,957.4000000000001,244.04166666666666,68,503.5,42.0,42.0,1.0,4.0,40.3,1,0.5,34.0,0.008161877231763306
15948,0,244.0236111111111,1,553.85,553.85,244.0236111111111,35,285.0,61.0,70.81666666666666,0.0,0.0,0.0,0,0.0,35.0,0.004081239336345137
14412,0,244.01180555555555,1,656.16,656.16,244.01180555555555,41,642.0,61.0,70.81666666666666,0.0,0.0,0.0,0,0.0,41.0,0.0040814359852274695
17264,1,243.9986111111111,1,268.28,268.28,243.9986111111111,70,217.0,61.0,70.81666666666666,0.0,0.0,0.0,0,0.0,70.0,0.004081655791699499
12797,1,185.07986111111111,2,552.08,276.04,243.99791666666667,27,107.5,59.0,59.0,4.0,43.0,80.65,1,2.0,13.5,0.008163334722234033
16527,0,243.97569444444446,1,1004.88,1004.88,243.97569444444446,58,602.0,61.0,70.81666666666666,0.0,0.0,0.0,0,0.0,58.0,0.004082037617110541
14319,1,243.96666666666667,1,494.85,494.85,243.96666666666667,26,329.0,61.0,70.81666666666666,1.0,2.0,17.9,0,1.0,26.0,0.004082188052796299
15834,0,96.78819444444444,5,2812.01,562.402,243.94791666666666,245,252.0,73.5,73.5,1.0,3.0,23.849999999999998,1,0.2,49.0,0.020412502657877953
17004,0,211.98125,2,1012.22,506.11,243.8798611111111,21,231.0,32.0,32.0,0.0,0.0,0.0,1,0.0,10.5,0.008167270231717936
17273,1,243.8701388888889,1,141.12,141.12,243.8701388888889,12,133.0,61.0,70.81666666666666,0.0,0.0,0.0,0,0.0,12.0,0.004083797250810379
15024,0,116.03333333333333,9,2603.55,289.28333333333336,243.85833333333332,124,150.55555555555554,8.5,21.333333333333332,0.0,0.0,0.0,1,0.0,13.777777777777779,0.03675594731647552
13546,0,20.025,3,647.41,215.8033333333333,243.81041666666667,58,112.33333333333333,112.0,112.0,0.0,0.0,0.0,1,0.0,19.333333333333332,0.01225438051553498
17710,1,243.20902777777778,1,293.5,293.5,243.20902777777778,20,158.0,61.0,70.81666666666666,0.0,0.0,0.0,0,0.0,20.0,0.00409485271326647
13912,1,243.17152777777778,1,124.95,124.95,243.17152777777778,7,29.0,61.0,70.81666666666666,0.0,0.0,0.0,0,0.0,7.0,0.004095481603039758
12655,1,243.14791666666667,1,261.35,261.35,243.14791666666667,16,80.0,61.0,70.81666666666666,0.0,0.0,0.0,0,0.0,16.0,0.0040958776697869285
13368,1,76.11875,4,1121.5,280.375,243.08819444444444,45,151.5,77.0,55.666666666666664,1.0,12.0,35.400000000000006,1,0.25,11.25,0.01638751931081377
17094,1,141.98680555555555,2,402.20000000000005,201.1,243.0847222222222,18,106.0,101.0,101.0,1.0,4.0,31.8,1,0.5,9.0,0.008193876215567227
14981,1,65.96180555555556,2,372.92,186.46,243.07361111111112,20,120.5,177.0,177.0,1.0,12.0,59.400000000000006,1,0.5,10.0,0.008194249230366522
14746,1,225.92083333333332,4,593.5,148.375,243.07222222222222,7,99.5,8.5,8.5,0.0,0.0,0.0,1,0.0,1.75,0.016388591719208794
17708,1,7.1097222222222225,4,884.1800000000001,221.04500000000002,243.02569444444444,57,96.75,78.0,78.66666666666667,0.0,0.0,0.0,1,0.0,14.25,0.016391716491603515
15208,0,172.9909722222222,2,165.8,82.9,243.02291666666667,8,30.0,70.0,70.0,0.0,0.0,0.0,1,0.0,4.0,0.00819595154143651
17104,1,243.02013888888888,1,474.03,474.03,243.02013888888888,19,149.0,61.0,70.81666666666666,0.0,0.0,0.0,0,0.0,19.0,0.004098022419597654
14240,0,45.048611111111114,2,584.0,292.0,243.0013888888889,26,158.0,198.0,198.0,0.0,0.0,0.0,1,0.0,13.0,0.008196674654629699
13968,1,242.9777777777778,1,123.66,123.66,242.9777777777778,8,174.0,61.0,70.81666666666666,0.0,0.0,0.0,0,0.0,8.0,0.0040987339466253755
12553,0,24.014583333333334,7,2651.09,378.7271428571429,242.96875,91,191.14285714285714,36.5,36.5,4.0,41.0,56.199999999999996,1,0.5714285714285714,13.0,0.028692199308313054
14263,1,242.9451388888889,1,322.93,322.93,242.9451388888889,16,171.0,61.0,70.81666666666666,0.0,0.0,0.0,0,0.0,16.0,0.0040992823409179546
16263,1,242.9152777777778,1,348.16,348.16,242.9152777777778,19,197.0,61.0,70.81666666666666,0.0,0.0,0.0,0,0.0,19.0,0.0040997841919154536
12467,1,242.88125,1,132.8,132.8,242.88125,9,129.0,61.0,70.81666666666666,1.0,129.0,132.8,0,1.0,9.0,0.004100356218446477
17944,1,242.85069444444446,1,74.99,74.99,242.85069444444446,24,84.0,61.0,70.81666666666666,0.0,0.0,0.0,0,0.0,24.0,0.004100870010964131
12629,1,205.1472222222222,2,1558.22,779.11,242.84027777777777,40,361.0,38.0,38.0,0.0,0.0,0.0,1,0.0,20.0,0.008202090393871216
16643,1,65.18472222222222,2,923.11,461.555,242.12708333333333,48,276.5,177.0,177.0,1.0,3.0,7.550000000000001,1,0.5,24.0,0.008226150589969238
18239,1,38.00833333333333,6,1712.26,285.37666666666667,242.11041666666668,85,140.66666666666666,50.0,40.8,0.0,0.0,0.0,1,0.0,14.166666666666666,0.024680143624724704
13792,0,106.94930555555555,2,263.0,131.5,242.07291666666666,14,46.0,135.0,135.0,0.0,0.0,0.0,1,0.0,7.0,0.008227983715448898
16990,1,38.18055555555556,2,344.0,172.0,242.04722222222222,1,100.0,204.0,204.0,0.0,0.0,0.0,1,0.0,0.5,0.00822885356069351
16418,0,45.830555555555556,3,543.53,181.17666666666665,242.01319444444445,71,123.66666666666667,98.0,98.0,0.0,0.0,0.0,1,0.0,23.666666666666668,0.012345008701516549
16238,1,242.00972222222222,1,63.66,63.66,242.00972222222222,6,85.0,61.0,70.81666666666666,0.0,0.0,0.0,0,0.0,6.0,0.004115061697348643
15134,0,32.980555555555554,4,447.75,111.9375,242.00416666666666,20,83.25,41.0,69.66666666666667,0.0,0.0,0.0,1,0.0,5.0,0.016460623103170386
15356,0,37.983333333333334,8,1683.2,210.4,241.98472222222222,232,110.875,32.0,29.142857142857142,0.0,0.0,0.0,1,0.0,29.0,0.03292388067379636
17814,1,194.93680555555557,2,1609.37,804.685,241.94930555555555,112,717.5,47.0,47.0,0.0,0.0,0.0,1,0.0,56.0,0.008232170062913217
17580,1,72.00625,5,541.02,108.204,241.93194444444444,78,44.6,46.0,42.5,0.0,0.0,0.0,1,0.0,15.6,0.02058189593564727
13832,0,241.92291666666668,1,557.6899999999999,557.6899999999999,241.92291666666668,51,392.0,61.0,70.81666666666666,0.0,0.0,0.0,0,0.0,51.0,0.0041165321646955905
16120,0,241.89444444444445,2,1658.3700000000001,829.1850000000001,241.9048611111111,60,641.5,61.0,70.81666666666666,0.0,0.0,0.0,0,0.0,30.0,0.008233676307882316
17817,0,96.79722222222222,5,670.17,134.03400000000002,241.9048611111111,97,62.4,37.0,48.333333333333336,1.0,2.0,6.7,1,0.2,19.4,0.02058419076970579
12900,1,241.89791666666667,1,340.33,340.33,241.89791666666667,13,139.0,61.0,70.81666666666666,0.0,0.0,0.0,0,0.0,13.0,0.0041169558542254545
15242,1,241.88680555555555,1,302.04,302.04,241.88680555555555,4,196.0,61.0,70.81666666666666,0.0,0.0,0.0,0,0.0,4.0,0.004117144188679569
15304,0,38.139583333333334,6,483.6,80.60000000000001,241.1013888888889,5,9.333333333333334,25.0,40.6,1.0,1.0,4.95,1,0.16666666666666666,0.8333333333333334,0.024783005283599044
14696,0,6.970833333333333,5,1565.72,313.144,241.04652777777778,88,197.6,51.5,58.5,2.0,4.0,7.98,1,0.4,17.6,0.020657185401108027
13194,0,241.0388888888889,1,412.08,412.08,241.0388888888889,7,300.0,61.0,70.81666666666666,0.0,0.0,0.0,0,0.0,7.0,0.004131567470792114
14929,0,241.01944444444445,1,612.8100000000001,612.8100000000001,241.01944444444445,23,351.0,61.0,70.81666666666666,0.0,0.0,0.0,0,0.0,23.0,0.004131899411204334
12798,0,241.01597222222222,1,1533.8899999999999,1533.8899999999999,241.01597222222222,25,3199.0,61.0,70.81666666666666,0.0,0.0,0.0,0,0.0,25.0,0.004131958691890744
18090,1,241.0125,1,321.9,321.9,241.0125,47,307.0,61.0,70.81666666666666,0.0,0.0,0.0,0,0.0,47.0,0.0041320179742781885
17717,1,240.99722222222223,1,376.92,376.92,240.99722222222223,26,344.0,61.0,70.81666666666666,0.0,0.0,0.0,0,0.0,26.0,0.004132278836993079
13395,1,4.906944444444444,3,1180.23,393.41,240.99305555555554,77,553.3333333333334,118.0,118.0,0.0,0.0,0.0,1,0.0,25.666666666666668,0.01239704996125922
16935,1,201.1486111111111,3,530.86,176.95333333333335,240.98680555555555,55,91.0,20.0,20.0,0.0,0.0,0.0,1,0.0,18.333333333333332,0.012397370150461601
17629,0,34.015277777777776,5,1247.59,249.51799999999997,240.96875,78,143.6,34.5,51.75,1.0,8.0,30.0,1,0.2,15.6,0.020663825390675447
17796,0,133.00555555555556,6,1160.49,193.415,240.9673611111111,147,54.833333333333336,21.0,21.6,0.0,0.0,0.0,1,0.0,24.5,0.02479673280085411
15735,1,240.96666666666667,1,327.68,327.68,240.96666666666667,19,206.0,61.0,70.81666666666666,0.0,0.0,0.0,0,0.0,19.0,0.004132800661248106
17751,1,240.95347222222222,1,157.85999999999999,157.85999999999999,240.95347222222222,31,147.0,61.0,70.81666666666666,0.0,0.0,0.0,0,0.0,31.0,0.004133026035193865
16991,1,240.94583333333333,1,1041.21,1041.21,240.94583333333333,74,793.0,61.0,70.81666666666666,0.0,0.0,0.0,0,0.0,74.0,0.00413315652608194
14975,0,240.94375,1,192.45,192.45,240.94375,15,127.0,61.0,70.81666666666666,0.0,0.0,0.0,0,0.0,15.0,0.004133192115936039
15160,1,176.94097222222223,4,589.27,147.3175,240.89166666666668,17,76.75,21.0,21.333333333333332,0.0,0.0,0.0,1,0.0,4.25,0.016536328246115683
17823,1,240.8513888888889,2,449.25,224.625,240.85833333333332,88,126.0,61.0,70.81666666666666,0.0,0.0,0.0,0,0.0,44.0,0.008269303655721325
14956,1,240.84027777777777,1,1325.0,1325.0,240.84027777777777,4,2500.0,61.0,70.81666666666666,0.0,0.0,0.0,0,0.0,4.0,0.004134960516870065
15114,0,2.129166666666667,6,1666.81,277.8016666666667,240.8375,79,239.83333333333334,38.0,47.8,0.0,0.0,0.0,1,0.0,13.166666666666666,0.024810048069468134
15626,0,149.11111111111111,2,673.6,336.8,240.81527777777777,50,342.0,92.0,92.0,1.0,5.0,18.150000000000002,1,0.5,25.0,0.00827077601704699
12454,0,215.11180555555555,4,13151.44,3287.86,240.8034722222222,9,1674.25,4.0,8.666666666666666,3.0,4465.0,8858.73,1,0.75,2.25,0.016542359641237576
13829,1,240.77152777777778,1,102.0,102.0,240.77152777777778,1,12.0,61.0,70.81666666666666,1.0,12.0,102.0,0,1.0,1.0,0.004136136331649198
12694,0,2.7930555555555556,2,1413.18,706.5899999999999,240.71597222222223,62,584.5,238.0,238.0,1.0,2.0,3.9,1,0.5,31.0,0.008274173947269379
14088,0,9.790972222222223,6,28899.83,4816.638333333333,240.7111111111111,240,1046.8333333333333,84.0,77.0,3.0,25.0,1560.4599999999998,1,0.5,40.0,0.024823021053599337
17510,0,240.10416666666666,1,206.07999999999998,206.07999999999998,240.10416666666666,15,208.0,61.0,70.81666666666666,0.0,0.0,0.0,0,0.0,15.0,0.004147584895878338
18018,0,18.977777777777778,3,213.3,71.10000000000001,240.07291666666666,16,44.666666666666664,110.5,110.5,1.0,120.0,141.3,1,0.3333333333333333,5.333333333333333,0.012444367627360325
17202,1,240.05902777777777,1,160.65,160.65,240.05902777777777,8,55.0,61.0,70.81666666666666,0.0,0.0,0.0,0,0.0,8.0,0.0041483615412315445
17390,1,240.05625,1,149.3,149.3,240.05625,12,49.0,61.0,70.81666666666666,0.0,0.0,0.0,0,0.0,12.0,0.004148409344292048
12691,0,137.86875,4,540.8,135.2,240.03472222222223,17,50.5,38.0,34.0,0.0,0.0,0.0,1,0.0,4.25,0.016595119421475697
15957,0,240.01944444444445,2,492.36,246.18,240.02708333333334,88,121.0,61.0,70.81666666666666,0.0,0.0,0.0,0,0.0,44.0,0.008297822685901481
12445,0,240.01527777777778,1,301.58000000000004,301.58000000000004,240.01527777777778,20,144.0,61.0,70.81666666666666,1.0,2.0,8.5,0,1.0,20.0,0.004149114567425993
17687,1,240.01388888888889,1,432.68,432.68,240.01388888888889,26,210.0,61.0,70.81666666666666,0.0,0.0,0.0,0,0.0,26.0,0.004149138477496686
15202,1,239.98958333333334,3,6001.49,2000.4966666666667,240.0076388888889,1,1.0,61.0,70.81666666666666,5.0,5.0,8571.67,0,1.6666666666666667,0.3333333333333333,0.012447738228675325
13692,0,33.110416666666666,4,2497.66,624.415,239.9736111111111,69,402.5,23.0,69.0,3.0,12.0,97.95,1,0.75,17.25,0.016599327957763935
15686,1,239.95833333333334,1,90.0,90.0,239.95833333333334,1,72.0,61.0,70.81666666666666,0.0,0.0,0.0,0,0.0,1.0,0.0041500951063461865
17938,1,239.9326388888889,1,144.29,144.29,239.9326388888889,29,53.0,61.0,70.81666666666666,0.0,0.0,0.0,0,0.0,29.0,0.004150537696393932
17316,1,239.92708333333334,1,124.45,124.45,239.92708333333334,35,44.0,61.0,70.81666666666666,0.0,0.0,0.0,0,0.0,35.0,0.004150633403951749
14868,0,52.96805555555556,5,1669.75,333.95,239.9152777777778,80,211.2,27.0,62.333333333333336,0.0,0.0,0.0,1,0.0,16.0,0.020754183985841033
16810,1,11.8875,2,842.0400000000001,421.02,239.8875,34,186.0,228.0,228.0,2.0,5.0,55.9,1,1.0,17.0,0.008302630896165222
15688,1,238.03055555555557,1,190.57,190.57,238.03055555555557,26,95.0,61.0,70.81666666666666,0.0,0.0,0.0,0,0.0,26.0,0.004183565559958629
16381,1,215.12083333333334,2,247.85,123.925,237.98888888888888,60,54.0,23.0,23.0,0.0,0.0,0.0,1,0.0,30.0,0.008368589892603097
16676,0,32.90277777777778,5,1868.28,373.656,237.98819444444445,90,140.6,42.5,51.25,1.0,5.0,33.4,1,0.2,18.0,0.020921535524476745
15772,1,237.9701388888889,1,280.88,280.88,237.9701388888889,16,110.0,61.0,70.81666666666666,0.0,0.0,0.0,0,0.0,16.0,0.004184623253137741
15799,0,4.8902777777777775,3,1018.4399999999999,339.47999999999996,237.93333333333334,91,308.3333333333333,116.5,116.5,0.0,0.0,0.0,1,0.0,30.333333333333332,0.012555803571428572
14712,0,237.91736111111112,1,411.0,411.0,237.91736111111112,7,96.0,61.0,70.81666666666666,0.0,0.0,0.0,0,0.0,7.0,0.00418554765275069
17703,0,237.85694444444445,1,296.1,296.1,237.85694444444445,23,307.0,61.0,70.81666666666666,0.0,0.0,0.0,0,0.0,23.0,0.004186606348523349
12376,1,209.02430555555554,2,503.15,251.575,237.17222222222222,11,120.0,28.0,28.0,0.0,0.0,0.0,1,0.0,5.5,0.008397284877889483
13516,0,58.07222222222222,2,441.85,220.925,237.1652777777778,22,92.5,179.0,179.0,0.0,0.0,0.0,1,0.0,11.0,0.00839752972667207
14741,0,181.04583333333332,3,808.05,269.34999999999997,237.13680555555555,26,191.66666666666666,28.0,28.0,0.0,0.0,0.0,1,0.0,8.666666666666666,0.012597800633972653
16069,1,237.09583333333333,1,457.7,457.7,237.09583333333333,25,138.0,61.0,70.81666666666666,0.0,0.0,0.0,0,0.0,25.0,0.00419998950002625
12699,1,237.0298611111111,1,638.11,638.11,237.0298611111111,41,373.0,61.0,70.81666666666666,0.0,0.0,0.0,0,0.0,41.0,0.004201153566750204
16996,0,64.99583333333334,7,1367.5300000000002,195.3614285714286,237.01805555555555,30,90.14285714285714,24.0,34.4,3.0,26.0,58.800000000000004,1,0.42857142857142855,4.285714285714286,0.029409533590472246
13387,1,236.9465277777778,1,186.94,186.94,236.9465277777778,71,123.0,61.0,70.81666666666666,0.0,0.0,0.0,0,0.0,71.0,0.00420262488946221
16141,0,236.94305555555556,1,335.54,335.54,236.94305555555556,20,172.0,61.0,70.81666666666666,0.0,0.0,0.0,0,0.0,20.0,0.004202686216940327
13079,0,236.94097222222223,1,199.08,199.08,236.94097222222223,11,96.0,61.0,70.81666666666666,0.0,0.0,0.0,0,0.0,11.0,0.00420272301428634
17026,1,4.9319444444444445,3,175.82999999999998,58.60999999999999,236.89444444444445,4,35.666666666666664,116.0,116.0,0.0,0.0,0.0,1,0.0,1.3333333333333333,0.012610634968823708
13088,1,236.88541666666666,1,236.11,236.11,236.88541666666666,19,76.0,61.0,70.81666666666666,0.0,0.0,0.0,0,0.0,19.0,0.004203704514603494
15710,1,236.82291666666666,1,898.87,898.87,236.82291666666666,110,641.0,61.0,70.81666666666666,0.0,0.0,0.0,0,0.0,110.0,0.004204809250580351
17655,0,29.858333333333334,6,1940.14,323.3566666666667,236.10416666666666,57,146.66666666666666,34.0,41.2,1.0,160.0,67.2,1,0.16666666666666666,9.5,0.025305333450487657
17219,0,236.05625,1,144.9,144.9,236.05625,24,99.0,61.0,70.81666666666666,0.0,0.0,0.0,0,0.0,24.0,0.004218408078251469
14524,0,55.99791666666667,8,1819.76,227.47,236.04583333333332,193,101.125,47.0,45.0,0.0,0.0,0.0,1,0.0,24.125,0.033748747605069344
15011,1,215.06944444444446,2,416.6,208.3,236.03125,17,144.5,21.0,21.0,0.0,0.0,0.0,1,0.0,8.5,0.008437705998681608
14585,0,202.00416666666666,4,986.22,246.555,236.02291666666667,64,134.75,7.0,11.333333333333334,0.0,0.0,0.0,1,0.0,16.0,0.01687600530891
14332,0,200.89305555555555,2,1077.2,538.6,235.9923611111111,31,206.0,35.0,35.0,0.0,0.0,0.0,1,0.0,15.5,0.008439090570781406
17967,1,191.06319444444443,2,223.42,111.71,235.97986111111112,59,55.5,45.0,45.0,0.0,0.0,0.0,1,0.0,29.5,0.008439535708320269
17397,0,235.97916666666666,1,516.87,516.87,235.97916666666666,44,441.0,61.0,70.81666666666666,0.0,0.0,0.0,0,0.0,44.0,0.00421978021978022
13134,0,3.0506944444444444,5,1567.39,313.47799999999995,235.97847222222222,61,127.0,32.5,58.25,2.0,11.0,35.95,1,0.4,12.2,0.02109896292736389
13840,1,235.96944444444443,1,651.4,651.4,235.96944444444443,40,358.0,61.0,70.81666666666666,0.0,0.0,0.0,0,0.0,40.0,0.004219953346071341
13981,1,235.1159722222222,1,331.14,331.14,235.1159722222222,22,234.0,61.0,70.81666666666666,1.0,1.0,3.75,0,1.0,22.0,0.004235206922210425
15608,0,235.11111111111111,1,692.3,692.3,235.11111111111111,45,548.0,61.0,70.81666666666666,0.0,0.0,0.0,0,0.0,45.0,0.0042352941176470585
14617,1,222.04791666666668,2,190.47000000000003,95.23500000000001,235.09027777777777,7,40.5,13.0,13.0,0.0,0.0,0.0,1,0.0,3.5,0.008471335706091715
18066,0,206.1125,2,1122.4,561.2,235.04722222222222,35,213.5,29.0,29.0,0.0,0.0,0.0,1,0.0,17.5,0.008472880897183944
15377,1,202.16319444444446,4,1211.75,302.9375,235.04722222222222,15,63.25,16.5,16.5,1.0,4.0,31.8,1,0.25,3.75,0.016945761794367888
16201,0,235.03472222222223,1,248.65,248.65,235.03472222222223,13,135.0,61.0,70.81666666666666,0.0,0.0,0.0,0,0.0,13.0,0.004236664803318721
16776,0,235.02569444444444,1,220.97,220.97,235.02569444444444,48,181.0,61.0,70.81666666666666,0.0,0.0,0.0,0,0.0,48.0,0.004236826852067071
15501,1,224.06597222222223,2,399.95,199.975,235.00208333333333,64,102.5,11.0,11.0,0.0,0.0,0.0,1,0.0,32.0,0.008474501460968741
16916,0,191.98333333333332,3,536.04,178.67999999999998,234.99583333333334,100,106.66666666666667,21.5,21.5,0.0,0.0,0.0,1,0.0,33.333333333333336,0.012712088843376473
13703,1,137.98611111111111,2,425.56,212.78,234.98541666666668,36,64.0,97.0,97.0,1.0,118.0,326.06,1,0.5,18.0,0.008475099979695073
16642,0,27.010416666666668,2,696.85,348.425,234.9361111111111,33,213.5,208.0,208.0,2.0,31.0,25.990000000000002,1,1.0,16.5,0.008476871092692231
16903,0,199.91319444444446,2,678.55,339.275,234.92222222222222,107,235.0,35.0,35.0,1.0,26.0,32.3,1,0.5,53.5,0.008477370131399237
15647,1,234.90347222222223,1,169.0,169.0,234.90347222222223,11,124.0,61.0,70.81666666666666,0.0,0.0,0.0,0,0.0,11.0,0.004239021963432548
14612,1,234.8673611111111,1,877.7,877.7,234.8673611111111,14,134.0,61.0,70.81666666666666,0.0,0.0,0.0,0,0.0,14.0,0.0042396709544264815
17038,0,234.86527777777778,1,630.77,630.77,234.86527777777778,41,507.0,61.0,70.81666666666666,0.0,0.0,0.0,0,0.0,41.0,0.004239708402277665
12387,1,234.84930555555556,1,143.94,143.94,234.84930555555556,9,134.0,61.0,70.81666666666666,0.0,0.0,0.0,0,0.0,9.0,0.004239995524449169
16590,1,220.15555555555557,2,605.9,302.95,234.02847222222223,26,120.0,14.0,14.0,1.0,6.0,42.3,1,0.5,13.0,0.00850960728753313
17924,0,121.05,3,797.4000000000001,265.8,234.02291666666667,3,52.0,56.5,56.5,3.0,9.0,45.7,1,1.0,1.0,0.01276471266099937
17483,0,2.7152777777777777,2,332.79,166.395,234.0048611111111,14,62.0,231.0,231.0,0.0,0.0,0.0,1,0.0,7.0,0.00851046225403139
13195,1,233.98819444444445,1,136.73,136.73,233.98819444444445,43,70.0,61.0,70.81666666666666,0.0,0.0,0.0,0,0.0,43.0,0.0042555329316189055
13836,1,218.97152777777777,2,620.37,310.185,233.97430555555556,29,136.5,15.0,15.0,1.0,3.0,17.85,1,0.5,14.5,0.00851156893631987
12400,1,233.96180555555554,1,205.25,205.25,233.96180555555554,11,91.0,61.0,70.81666666666666,0.0,0.0,0.0,0,0.0,11.0,0.0042560108764722404
15995,1,233.95347222222222,1,694.54,694.54,233.95347222222222,108,352.0,61.0,70.81666666666666,0.0,0.0,0.0,0,0.0,108.0,0.004256161828730866
15257,1,102.99444444444444,2,685.9,342.95,233.94930555555555,11,35.5,131.0,131.0,1.0,1.0,85.0,1,0.5,5.5,0.008512474617751465
14148,1,53.03333333333333,2,466.29,233.145,233.94583333333333,15,111.5,181.0,181.0,0.0,0.0,0.0,1,0.0,7.5,0.008512600422083105
13936,0,202.09444444444443,2,563.08,281.54,233.93680555555557,31,165.5,32.0,32.0,0.0,0.0,0.0,1,0.0,15.5,0.008512927530748516
18243,1,233.93125,1,515.78,515.78,233.93125,26,221.0,61.0,70.81666666666666,0.0,0.0,0.0,0,0.0,26.0,0.004256564420442151
13166,1,102.89861111111111,2,875.93,437.96500000000003,233.93125,55,261.0,131.0,131.0,1.0,2.0,2.5,1,0.5,27.5,0.008513128840884301
14216,0,233.9048611111111,1,310.74,310.74,233.9048611111111,18,118.0,61.0,70.81666666666666,1.0,3.0,7.6499999999999995,0,1.0,18.0,0.004257042597032487
13581,1,128.92291666666668,2,280.53000000000003,140.265,233.84722222222223,32,59.5,105.0,105.0,0.0,0.0,0.0,1,0.0,16.0,0.008516174818144184
16540,1,233.8111111111111,1,205.75,205.75,233.8111111111111,25,105.0,61.0,70.81666666666666,0.0,0.0,0.0,0,0.0,25.0,0.0042587422514550706
12899,1,233.12291666666667,1,366.4,366.4,233.12291666666667,17,108.0,61.0,70.81666666666666,0.0,0.0,0.0,0,0.0,17.0,0.004271260644782388
12973,1,233.10833333333332,1,385.55,385.55,233.10833333333332,6,31.0,61.0,70.81666666666666,0.0,0.0,0.0,0,0.0,6.0,0.004271526714839996
12419,1,205.11527777777778,2,503.01,251.505,233.09027777777777,23,115.5,28.0,28.0,0.0,0.0,0.0,1,0.0,11.5,0.008543712361683824
16226,1,22.922916666666666,5,672.1700000000001,134.43400000000003,233.06319444444443,23,104.2,31.5,52.5,0.0,0.0,0.0,1,0.0,4.6,0.021361752375753225
14945,1,233.05833333333334,1,179.4,179.4,233.05833333333334,11,156.0,61.0,70.81666666666666,0.0,0.0,0.0,0,0.0,11.0,0.004272439206750454
13746,1,233.03819444444446,1,176.69,176.69,233.03819444444446,9,83.0,61.0,70.81666666666666,0.0,0.0,0.0,0,0.0,9.0,0.004272806848359865
13106,0,232.98611111111111,1,526.96,526.96,232.98611111111111,15,213.0,61.0,70.81666666666666,0.0,0.0,0.0,0,0.0,15.0,0.004273757939098949
18055,0,23.09236111111111,10,6743.83,674.383,232.97430555555556,227,219.5,16.0,26.25,1.0,5.0,32.050000000000004,1,0.1,22.7,0.042739735785327804
12787,0,12.134722222222223,2,556.62,278.31,232.91180555555556,28,157.0,221.0,221.0,1.0,1.0,3.0,1,0.5,14.0,0.008550231123435056
16491,0,232.88055555555556,1,801.66,801.66,232.88055555555556,48,582.0,61.0,70.81666666666666,1.0,3.0,8.850000000000001,0,1.0,48.0,0.004275686782189389
14728,1,232.8701388888889,1,190.58,190.58,232.8701388888889,14,68.0,61.0,70.81666666666666,0.0,0.0,0.0,0,0.0,14.0,0.004275877222936518
13165,0,170.94722222222222,2,784.32,392.15999999999997,232.82361111111112,20,428.0,62.0,62.0,0.0,0.0,0.0,1,0.0,10.0,0.008553456130867878
13263,0,10.886111111111111,19,4679.67,246.2984210526316,232.8215277777778,375,138.1578947368421,7.0,13.058823529411764,0.0,0.0,0.0,1,0.0,19.736842105263158,0.0812585572448122
16010,1,65.10833333333333,11,1694.86,154.07818181818183,231.08055555555555,122,83.54545454545455,7.0,18.444444444444443,1.0,1.0,1.95,1,0.09090909090909091,11.090909090909092,0.04739733569522077
17843,1,122.88680555555555,2,320.4,160.2,231.07916666666668,58,125.5,108.0,108.0,0.0,0.0,0.0,1,0.0,29.0,0.008617748972153899
13241,1,231.06458333333333,1,112.53,112.53,231.06458333333333,40,46.0,61.0,70.81666666666666,0.0,0.0,0.0,0,0.0,40.0,0.004309145263082296
16024,0,231.04722222222222,2,232.96,116.48,231.04861111111111,21,53.5,61.0,70.81666666666666,0.0,0.0,0.0,0,0.0,10.5,0.008618883734849618
17407,1,231.03680555555556,1,552.9,552.9,231.03680555555556,23,426.0,61.0,70.81666666666666,0.0,0.0,0.0,0,0.0,23.0,0.004309661122966005
16445,0,206.05069444444445,3,352.65,117.55,231.0076388888889,93,58.666666666666664,25.0,25.0,0.0,0.0,0.0,1,0.0,31.0,0.012930608726364973
16373,1,201.875,2,309.49,154.745,230.98611111111111,25,59.5,29.0,29.0,0.0,0.0,0.0,1,0.0,12.5,0.008621205771418308
17260,1,230.97847222222222,1,120.95,120.95,230.97847222222222,6,23.0,61.0,70.81666666666666,0.0,0.0,0.0,0,0.0,6.0,0.004310744830848169
13574,1,230.9736111111111,1,404.45,404.45,230.9736111111111,84,304.0,61.0,70.81666666666666,0.0,0.0,0.0,0,0.0,84.0,0.0043108351644404
17435,1,230.95486111111111,1,331.35,331.35,230.95486111111111,15,195.0,61.0,70.81666666666666,0.0,0.0,0.0,0,0.0,15.0,0.004311183629477718
16920,1,230.9465277777778,1,355.45,355.45,230.9465277777778,23,81.0,61.0,70.81666666666666,0.0,0.0,0.0,0,0.0,23.0,0.004311338520911489
13977,1,230.94583333333333,1,519.8100000000001,519.8100000000001,230.94583333333333,13,303.0,61.0,70.81666666666666,0.0,0.0,0.0,0,0.0,13.0,0.004311351429033359
18110,0,230.93680555555557,1,193.48000000000002,193.48000000000002,230.93680555555557,29,97.0,61.0,70.81666666666666,0.0,0.0,0.0,0,0.0,29.0,0.004311519241651671
18116,0,53.858333333333334,12,1970.93,164.24416666666667,230.88958333333332,304,91.41666666666667,12.0,16.09090909090909,0.0,0.0,0.0,1,0.0,25.333333333333332,0.05174876692391314
15337,1,230.88958333333332,1,373.02,373.02,230.88958333333332,21,200.0,61.0,70.81666666666666,1.0,8.0,28.3,0,1.0,21.0,0.0043123972436594285
13898,1,145.0986111111111,2,686.4,343.20000000000005,230.88055555555556,43,272.0,86.0,86.0,0.0,0.0,0.0,1,0.0,21.5,0.008625130275405202
13565,0,153.93194444444444,2,284.76,142.38,230.87430555555557,28,83.0,77.0,77.0,0.0,0.0,0.0,1,0.0,14.0,0.008625362759397303
16904,0,44.90069444444445,11,2256.76,205.16000000000003,230.8659722222222,314,107.0909090909091,20.0,23.25,0.0,0.0,0.0,1,0.0,28.545454545454547,0.04744120016652341
16726,0,15.993055555555555,6,1482.3,247.05000000000004,230.86180555555555,117,148.33333333333334,47.5,53.75,0.0,0.0,0.0,1,0.0,19.5,0.025877483294946404
15065,0,47.05277777777778,3,1575.13,525.0433333333334,230.15069444444444,79,261.3333333333333,91.5,91.5,2.0,28.0,22.15,1,0.6666666666666666,26.333333333333332,0.012978546342723753
15174,1,142.15555555555557,2,481.46,240.73,230.13194444444446,34,191.0,88.0,88.0,0.0,0.0,0.0,1,0.0,17.0,0.008653066129856082
14197,1,230.1173611111111,1,390.05,390.05,230.1173611111111,20,143.0,61.0,70.81666666666666,0.0,0.0,0.0,0,0.0,20.0,0.004326806065941727
16193,1,56.045138888888886,2,630.43,315.21500000000003,230.10069444444446,38,189.5,174.0,174.0,0.0,0.0,0.0,1,0.0,19.0,0.008654236218579563
17981,1,230.09027777777777,1,239.12,239.12,230.09027777777777,17,260.0,61.0,70.81666666666666,0.0,0.0,0.0,0,0.0,17.0,0.004327313159239114
15294,1,230.04513888888889,1,233.35,233.35,230.04513888888889,15,97.0,61.0,70.81666666666666,1.0,2.0,11.049999999999999,0,1.0,15.0,0.004328158578921266
15370,0,23.133333333333333,4,2480.9,620.225,230.02916666666667,77,257.25,78.0,69.0,0.0,0.0,0.0,1,0.0,19.25,0.017313831226216027
14690,0,211.91597222222222,2,422.63,211.315,230.02083333333334,43,87.0,18.0,18.0,0.0,0.0,0.0,1,0.0,21.5,0.00865722788348814
12790,1,11.941666666666666,2,591.85,295.925,229.99027777777778,36,153.0,218.0,218.0,1.0,6.0,28.4,1,0.5,18.0,0.008658373067649553
15646,0,66.15138888888889,4,677.21,169.3025,229.98888888888888,58,199.25,22.0,54.666666666666664,1.0,6.0,22.5,1,0.25,14.5,0.017316850257347638
14718,1,229.98819444444445,1,226.42,226.42,229.98819444444445,11,202.0,61.0,70.81666666666666,0.0,0.0,0.0,0,0.0,11.0,0.004329225579710363
16241,0,32.04375,7,2231.11,318.73,229.96527777777777,318,169.0,24.0,33.0,0.0,0.0,0.0,1,0.0,45.42857142857143,0.030307585916594007
17070,0,229.8701388888889,1,133.18,133.18,229.8701388888889,41,101.0,61.0,70.81666666666666,0.0,0.0,0.0,0,0.0,41.0,0.004331439331273894
17767,0,229.8527777777778,1,141.85,141.85,229.8527777777778,18,70.0,61.0,70.81666666666666,0.0,0.0,0.0,0,0.0,18.0,0.004331765073940823
12475,0,229.16736111111112,1,426.26,426.26,229.16736111111112,25,236.0,61.0,70.81666666666666,0.0,0.0,0.0,0,0.0,25.0,0.004344664661282098
12411,1,229.14236111111111,1,346.9,346.9,229.14236111111111,22,138.0,61.0,70.81666666666666,0.0,0.0,0.0,0,0.0,22.0,0.004345136615319624
16863,0,186.1611111111111,2,495.72,247.86,229.1159722222222,27,168.0,43.0,43.0,1.0,1.0,1.45,1,0.5,13.5,0.008691269800553465
14673,0,187.00069444444443,3,1674.41,558.1366666666667,229.10833333333332,65,343.6666666666667,21.0,21.0,0.0,0.0,0.0,1,0.0,21.666666666666668,0.013037337485966756
16785,1,229.09305555555557,1,533.78,533.78,229.09305555555557,35,313.0,61.0,70.81666666666666,0.0,0.0,0.0,0,0.0,35.0,0.004346067714149468
13363,0,229.0715277777778,1,731.36,731.36,229.0715277777778,42,436.0,61.0,70.81666666666666,0.0,0.0,0.0,0,0.0,42.0,0.004346474375420687
15620,0,40.06111111111111,3,1264.19,421.3966666666667,229.05416666666667,84,311.3333333333333,94.5,94.5,3.0,18.0,24.6,1,1.0,28.0,0.013040407150489921
16962,1,229.05138888888888,1,251.04,251.04,229.05138888888888,15,158.0,61.0,70.81666666666666,0.0,0.0,0.0,0,0.0,15.0,0.004346854869383049
14278,1,229.0298611111111,1,205.83,205.83,229.0298611111111,13,131.0,61.0,70.81666666666666,0.0,0.0,0.0,0,0.0,13.0,0.004347261677982629
16034,1,15.85625,6,911.3199999999999,151.88666666666666,228.99305555555554,43,97.5,12.0,42.6,1.0,1.0,2.95,1,0.16666666666666666,7.166666666666667,0.026087744195174976
13578,1,228.9625,1,147.66,147.66,228.9625,9,127.0,61.0,70.81666666666666,0.0,0.0,0.0,0,0.0,9.0,0.004348535087242485
13274,1,228.9597222222222,1,360.85,360.85,228.9597222222222,19,199.0,61.0,70.81666666666666,0.0,0.0,0.0,0,0.0,19.0,0.004348587614980885
12775,0,9.209722222222222,6,1464.76,244.12666666666667,228.93472222222223,45,157.66666666666666,49.0,44.0,1.0,24.0,34.8,1,0.16666666666666666,7.5,0.026094362530428322
13906,1,228.90972222222223,1,42.0,42.0,228.90972222222223,1,100.0,61.0,70.81666666666666,0.0,0.0,0.0,0,0.0,1.0,0.00434953333131966
16757,1,138.03541666666666,2,270.48,135.24,228.90347222222223,13,90.0,91.0,91.0,0.0,0.0,0.0,1,0.0,6.5,0.008699303149570622
15773,0,228.89097222222222,1,138.84,138.84,228.89097222222222,37,99.0,61.0,70.81666666666666,0.0,0.0,0.0,0,0.0,37.0,0.004349888081004583
15536,1,228.84652777777777,1,259.09,259.09,228.84652777777777,16,242.0,61.0,70.81666666666666,0.0,0.0,0.0,0,0.0,16.0,0.004350729200342016
14271,1,45.00208333333333,2,214.18,107.09,228.82569444444445,38,74.0,184.0,184.0,0.0,0.0,0.0,1,0.0,19.0,0.00870224717403588
15390,1,215.89652777777778,2,1216.66,608.33,228.81041666666667,77,447.0,13.0,13.0,0.0,0.0,0.0,1,0.0,38.5,0.008702825698719052
16639,0,26.11111111111111,3,961.62,320.54,228.76875,48,133.33333333333334,101.5,101.5,0.0,0.0,0.0,1,0.0,16.0,0.013056605826510349
12537,1,228.17638888888888,1,732.94,732.94,228.17638888888888,43,449.0,61.0,70.81666666666666,0.0,0.0,0.0,0,0.0,43.0,0.004363451247522833
12505,1,228.1472222222222,1,955.2,955.2,228.1472222222222,42,324.0,61.0,70.81666666666666,2.0,11.0,47.2,0,2.0,42.0,0.0043640066429878905
14475,0,5.988888888888889,3,847.47,282.49,228.14583333333334,28,112.33333333333333,111.0,111.0,2.0,9.0,26.529999999999998,1,0.6666666666666666,9.333333333333334,0.013092099281752886
12563,1,228.1236111111111,1,249.24,249.24,228.1236111111111,13,113.0,61.0,70.81666666666666,0.0,0.0,0.0,0,0.0,13.0,0.004364456352405604
12591,1,136.92708333333334,3,1338.95,446.31666666666666,228.0888888888889,63,217.66666666666666,45.5,45.5,0.0,0.0,0.0,1,0.0,21.0,0.013095353574546512
16188,0,46.080555555555556,3,671.57,223.85666666666668,228.04166666666666,46,165.0,91.0,91.0,1.0,1.0,9.95,1,0.3333333333333333,15.333333333333334,0.013098053483718392
16433,0,228.01666666666668,1,200.26,200.26,228.01666666666668,17,108.0,61.0,70.81666666666666,0.0,0.0,0.0,0,0.0,17.0,0.004366494432719598
12353,1,23.79375,2,406.76,203.38,228.00416666666666,23,106.0,204.0,204.0,0.0,0.0,0.0,1,0.0,11.5,0.008733465548297884
13547,1,227.94166666666666,1,167.08,167.08,227.94166666666666,44,79.0,61.0,70.81666666666666,0.0,0.0,0.0,0,0.0,44.0,0.004367924871692207
17000,1,215.96875,2,406.3,203.15,227.94027777777777,26,152.5,12.0,12.0,0.0,0.0,0.0,1,0.0,13.0,0.008735902740282825
14281,1,227.92013888888889,1,245.15,245.15,227.92013888888889,7,45.0,61.0,70.81666666666666,0.0,0.0,0.0,0,0.0,7.0,0.004368335633787863
15328,1,227.15625,1,107.24,107.24,227.15625,8,88.0,61.0,70.81666666666666,0.0,0.0,0.0,0,0.0,8.0,0.00438296123818655
12766,0,59.982638888888886,6,5945.07,990.8449999999999,227.13958333333332,201,541.0,32.0,33.4,2.0,19.0,41.849999999999994,1,0.3333333333333333,33.5,0.026299688604381456
15285,1,227.12777777777777,1,94.92,94.92,227.12777777777777,6,120.0,61.0,70.81666666666666,0.0,0.0,0.0,0,0.0,6.0,0.00438350826778365
16343,0,226.94097222222223,1,285.54,285.54,226.94097222222223,28,170.0,61.0,70.81666666666666,0.0,0.0,0.0,0,0.0,28.0,0.00438710070528737
16630,1,226.93055555555554,1,106.80000000000001,106.80000000000001,226.93055555555554,4,72.0,61.0,70.81666666666666,1.0,2.0,2.5,0,1.0,4.0,0.004387301200414357
16183,0,214.06805555555556,3,739.1,246.36666666666667,226.92152777777778,17,79.33333333333333,6.5,6.5,0.0,0.0,0.0,1,0.0,5.666666666666667,0.013162424933045303
13669,0,226.90625,1,195.0,195.0,226.90625,5,156.0,61.0,70.81666666666666,0.0,0.0,0.0,0,0.0,5.0,0.0043877690936514465
16265,0,80.12361111111112,8,4363.31,545.41375,226.8972222222222,147,235.875,17.5,24.5,3.0,25.0,41.550000000000004,1,0.375,18.375,0.0351035432638982
14294,1,226.85069444444446,1,375.34,375.34,226.85069444444446,23,190.0,61.0,70.81666666666666,0.0,0.0,0.0,0,0.0,23.0,0.0043888389387543615
14834,0,59.90972222222222,2,729.55,364.775,226.80069444444445,28,109.5,167.0,167.0,1.0,2.0,14.45,1,0.5,14.0,0.008779604491011575
16780,0,78.80277777777778,2,336.05,168.02499999999998,226.71458333333334,44,90.5,148.0,148.0,0.0,0.0,0.0,1,0.0,22.0,0.008782924530891191
13780,0,226.70763888888888,1,372.06,372.06,226.70763888888888,35,161.0,61.0,70.81666666666666,0.0,0.0,0.0,0,0.0,35.0,0.004391596192730079
17974,0,39.041666666666664,4,1199.17,299.7925,226.69930555555555,177,193.5,13.0,62.666666666666664,0.0,0.0,0.0,1,0.0,44.25,0.01756702766501874
16635,1,226.13125,1,473.0,473.0,226.13125,25,277.0,61.0,70.81666666666666,0.0,0.0,0.0,0,0.0,25.0,0.004402740706089541
15170,1,226.09444444444443,1,81.15,81.15,226.09444444444443,4,33.0,61.0,70.81666666666666,0.0,0.0,0.0,0,0.0,4.0,0.0044034542652347285
17334,1,121.91041666666666,3,635.15,211.71666666666667,226.0236111111111,20,188.66666666666666,52.0,52.0,1.0,1.0,0.42,1,0.3333333333333333,6.666666666666667,0.013214484543335556
17934,0,226.01875,1,344.90000000000003,344.90000000000003,226.01875,20,150.0,61.0,70.81666666666666,0.0,0.0,0.0,0,0.0,20.0,0.00440492250089475
17821,1,225.97916666666666,1,334.62,334.62,225.97916666666666,6,162.0,61.0,70.81666666666666,0.0,0.0,0.0,0,0.0,6.0,0.0044056906837999085
13282,0,40.03263888888889,2,525.75,262.875,225.94375,27,93.5,186.0,186.0,1.0,1.0,2.55,1,0.5,13.5,0.008812756464983064
13580,1,225.90902777777777,1,107.75,107.75,225.90902777777777,5,45.0,61.0,70.81666666666666,0.0,0.0,0.0,0,0.0,5.0,0.004407052508194363
16058,1,225.8347222222222,1,62.7,62.7,225.8347222222222,2,18.0,61.0,70.81666666666666,0.0,0.0,0.0,0,0.0,2.0,0.004408496151750234
14213,1,224.0923611111111,1,1192.2,1192.2,224.0923611111111,5,244.0,61.0,70.81666666666666,1.0,244.0,1192.2,0,1.0,5.0,0.004442620776039466
12608,1,224.08402777777778,1,415.79,415.79,224.08402777777778,16,323.0,61.0,70.81666666666666,0.0,0.0,0.0,0,0.0,16.0,0.004442785256123485
12601,1,9.10625,6,681.26,113.54333333333334,224.07847222222222,24,48.333333333333336,49.0,43.0,1.0,1.0,7.5,1,0.16666666666666666,4.0,0.026657369497675193
16724,1,224.04861111111111,1,147.35,147.35,224.04861111111111,17,69.0,61.0,70.81666666666666,0.0,0.0,0.0,0,0.0,17.0,0.004443484432375721
18278,0,224.02569444444444,1,240.3,240.3,224.02569444444444,15,74.0,61.0,70.81666666666666,0.0,0.0,0.0,0,0.0,15.0,0.004443936957816546
14848,1,224.01944444444445,1,310.56,310.56,224.01944444444445,11,260.0,61.0,70.81666666666666,0.0,0.0,0.0,0,0.0,11.0,0.004444060389842853
13833,0,223.94375,1,316.56,316.56,223.94375,16,126.0,61.0,70.81666666666666,0.0,0.0,0.0,0,0.0,16.0,0.004445555833402795
15675,0,99.93680555555555,2,263.35,131.675,223.94166666666666,16,66.5,124.0,124.0,0.0,0.0,0.0,1,0.0,8.0,0.008891194013262698
12347,0,2.9923611111111112,5,2817.48,563.496,223.9375,101,364.4,56.5,55.25,0.0,0.0,0.0,1,0.0,20.2,0.02222839677688247
17951,0,177.99652777777777,3,741.5400000000001,247.17999999999998,223.89930555555554,15,128.0,23.0,23.0,1.0,6.0,17.700000000000003,1,0.3333333333333333,5.0,0.013339303083169938
14429,1,223.1125,1,516.28,516.28,223.1125,22,286.0,61.0,70.81666666666666,0.0,0.0,0.0,0,0.0,22.0,0.004462044731998438
17306,0,23.938194444444445,10,4346.7,434.6700000000001,223.05,11,726.2,23.0,24.875,1.0,8.0,16.8,1,0.1,1.1,0.04463289444320464
16876,1,223.03541666666666,1,136.01,136.01,223.03541666666666,32,181.0,61.0,70.81666666666666,0.0,0.0,0.0,0,0.0,32.0,0.004463579977124153
14777,1,223.0,1,307.56,307.56,223.0,16,212.0,61.0,70.81666666666666,2.0,11.0,65.35,0,2.0,16.0,0.004464285714285714
15729,1,32.00972222222222,3,192.55,64.18333333333334,222.9625,10,15.666666666666666,95.5,95.5,2.0,7.0,37.85,1,0.6666666666666666,3.3333333333333335,0.013395099626053468
18127,0,222.95416666666668,1,209.05,209.05,222.95416666666668,21,63.0,61.0,70.81666666666666,0.0,0.0,0.0,0,0.0,21.0,0.0044651993525460934
12492,0,222.9111111111111,1,452.0,452.0,222.9111111111111,22,252.0,61.0,70.81666666666666,0.0,0.0,0.0,0,0.0,22.0,0.004466057959507741
13359,0,222.90625,1,603.75,603.75,222.90625,33,220.0,61.0,70.81666666666666,1.0,5.0,33.05,0,1.0,33.0,0.004466154919748779
13597,1,219.9138888888889,2,396.71,198.355,222.13888888888889,17,115.5,2.0,2.0,1.0,11.0,24.5,1,0.5,8.5,0.008963027511515
14206,1,58.84166666666667,3,1185.01,395.0033333333333,222.05069444444445,62,310.0,81.5,81.5,2.0,4.0,39.8,1,0.6666666666666666,20.666666666666668,0.013449857250936352
17121,1,222.04375,1,314.74,314.74,222.04375,12,106.0,61.0,70.81666666666666,0.0,0.0,0.0,0,0.0,12.0,0.004483425336957436
13607,0,222.04305555555555,1,400.3,400.3,222.04305555555555,24,178.0,61.0,70.81666666666666,1.0,6.0,17.700000000000003,0,1.0,24.0,0.00448343929610003
13535,1,222.04236111111112,1,89.5,89.5,222.04236111111112,1,10.0,61.0,70.81666666666666,0.0,0.0,0.0,0,0.0,1.0,0.004483453255329549
13937,0,222.0090277777778,1,721.28,721.28,222.0090277777778,45,464.0,61.0,70.81666666666666,1.0,1.0,12.75,0,1.0,45.0,0.0044841234005848045
13251,1,221.97916666666666,1,252.68,252.68,221.97916666666666,25,215.0,61.0,70.81666666666666,0.0,0.0,0.0,0,0.0,25.0,0.004484723909184341
13453,0,109.12916666666666,2,609.71,304.855,221.97708333333333,28,141.5,113.0,113.0,2.0,2.0,22.7,1,1.0,14.0,0.0089695316222706
12413,0,55.886805555555554,3,805.25,268.4166666666667,221.975,37,79.33333333333333,83.0,83.0,2.0,4.0,63.95,1,0.6666666666666666,12.333333333333334,0.013454423141607804
16016,0,15.95625,7,1408.96,201.28,221.97430555555556,127,82.71428571428571,15.0,41.2,2.0,4.0,13.45,1,0.2857142857142857,18.142857142857142,0.03139375177134884
13523,0,19.165972222222223,4,2938.93,734.7325000000001,221.91319444444446,117,266.25,101.5,101.5,0.0,0.0,0.0,1,0.0,29.25,0.01794420473839156
14733,0,23.9125,11,12656.82,1150.62,221.88055555555556,133,481.6363636363636,15.0,19.8,1.0,31.0,97.22,1,0.09090909090909091,12.090909090909092,0.049353789398905744
17276,1,221.85416666666666,1,502.49,502.49,221.85416666666666,50,187.0,61.0,70.81666666666666,1.0,5.0,57.05,0,1.0,50.0,0.004487239412919511
13310,0,25.975,4,1226.82,306.70500000000004,221.82430555555555,65,156.0,56.0,65.33333333333333,2.0,8.0,31.8,1,0.5,16.25,0.017951363025801966
17363,1,214.81875,3,920.46,306.82,221.80902777777777,34,166.33333333333334,7.0,7.0,0.0,0.0,0.0,1,0.0,11.333333333333334,0.01346444544873693
12855,1,192.1340277777778,4,612.84,153.21,221.7736111111111,65,60.0,15.0,15.0,0.0,0.0,0.0,1,0.0,16.25,0.017955448044539486
13215,1,221.76666666666668,1,81.6,81.6,221.76666666666668,1,96.0,61.0,70.81666666666666,0.0,0.0,0.0,0,0.0,1.0,0.004489001945234176
15458,0,221.70833333333334,1,208.79999999999998,208.79999999999998,221.70833333333334,6,144.0,61.0,70.81666666666666,0.0,0.0,0.0,0,0.0,6.0,0.004490177736202058
13331,1,221.19861111111112,1,262.4,262.4,221.19861111111112,12,54.0,61.0,70.81666666666666,0.0,0.0,0.0,0,0.0,12.0,0.004500478175806179
12673,0,146.04444444444445,2,840.4,420.2,221.0861111111111,52,260.0,75.0,75.0,0.0,0.0,0.0,1,0.0,26.0,0.009005515878475567
15915,1,221.0673611111111,1,364.45,364.45,221.0673611111111,105,414.0,61.0,70.81666666666666,0.0,0.0,0.0,0,0.0,105.0,0.004503138124380428
16865,1,221.05277777777778,1,130.95,130.95,221.05277777777778,15,157.0,61.0,70.81666666666666,0.0,0.0,0.0,0,0.0,15.0,0.004503433868324597
15336,1,221.0076388888889,1,240.5,240.5,221.0076388888889,15,84.0,61.0,70.81666666666666,0.0,0.0,0.0,0,0.0,15.0,0.004504349512498006
12793,1,154.0263888888889,3,885.53,295.1766666666667,220.98958333333334,34,153.66666666666666,33.5,33.5,0.0,0.0,0.0,1,0.0,11.333333333333334,0.013514147623293135
17420,0,193.12083333333334,4,485.6,121.4,220.98680555555555,24,58.5,14.0,14.0,2.0,2.0,9.9,1,0.5,6.0,0.018019088972380116
13500,0,220.98194444444445,1,299.53,299.53,220.98194444444445,20,229.0,61.0,70.81666666666666,0.0,0.0,0.0,0,0.0,20.0,0.004504870891651598
15233,1,220.96805555555557,1,59.400000000000006,59.400000000000006,220.96805555555557,1,12.0,61.0,70.81666666666666,0.0,0.0,0.0,0,0.0,1.0,0.004505152768478947
13686,1,2.1527777777777777,3,409.04,136.34666666666666,220.9625,27,126.0,109.5,109.5,0.0,0.0,0.0,1,0.0,9.0,0.013515796587261361
15158,0,220.9611111111111,1,204.62,204.62,220.9611111111111,4,21.0,61.0,70.81666666666666,1.0,9.0,168.36,0,1.0,4.0,0.004505293720121142
17254,0,220.95138888888889,1,198.29,198.29,220.95138888888889,36,146.0,61.0,70.81666666666666,0.0,0.0,0.0,0,0.0,36.0,0.004505491067238196
16542,0,220.92083333333332,1,137.7,137.7,220.92083333333332,9,96.0,61.0,70.81666666666666,0.0,0.0,0.0,0,0.0,9.0,0.004506111413604702
16178,0,220.91944444444445,1,414.7,414.7,220.91944444444445,17,210.0,61.0,70.81666666666666,0.0,0.0,0.0,0,0.0,17.0,0.004506139615225745
15481,1,220.9152777777778,1,1993.34,1993.34,220.9152777777778,38,1450.0,61.0,70.81666666666666,0.0,0.0,0.0,0,0.0,38.0,0.0045062242222069235
13034,0,188.9152777777778,2,279.91,139.955,220.89444444444445,16,76.5,32.0,32.0,0.0,0.0,0.0,1,0.0,8.0,0.009013294609549085
13049,0,137.8451388888889,3,905.34,301.78000000000003,220.8826388888889,12,143.33333333333334,41.5,41.5,1.0,14.0,24.1,1,0.3333333333333333,4.0,0.013520661260488684
16712,0,31.900694444444444,6,1819.78,303.2966666666667,220.87847222222223,171,148.16666666666666,43.0,63.0,0.0,0.0,0.0,1,0.0,28.5,0.027041830331293717
16050,0,202.9152777777778,2,162.8,81.4,220.87152777777777,9,55.0,18.0,18.0,0.0,0.0,0.0,1,0.0,4.5,0.00901422557473513
13987,1,199.10416666666666,2,682.54,341.27,220.12222222222223,46,246.0,21.0,21.0,0.0,0.0,0.0,1,0.0,23.0,0.009044771619516606
15724,1,20.92361111111111,3,310.85,103.61666666666667,220.1027777777778,17,39.0,99.5,99.5,2.0,3.0,11.05,1,0.6666666666666666,5.666666666666667,0.013568350565976104
14737,0,172.95902777777778,2,2823.62,1411.81,220.05625,28,438.0,47.0,47.0,0.0,0.0,0.0,1,0.0,14.0,0.009047470949136249
15379,0,5.905555555555556,7,4747.04,678.1485714285715,220.03541666666666,175,423.14285714285717,32.0,35.666666666666664,1.0,12.0,71.4,1,0.14285714285714285,25.0,0.03166913296323176
17702,0,25.852083333333333,3,1759.47,586.49,220.02847222222223,96,428.0,97.0,97.0,2.0,28.0,127.60000000000001,1,0.6666666666666666,32.0,0.013572911986577898
12914,1,220.01527777777778,1,223.98,223.98,220.01527777777778,9,336.0,61.0,70.81666666666666,0.0,0.0,0.0,0,0.0,9.0,0.004524574093042839
13258,0,24.985416666666666,3,535.4699999999999,178.49,220.00347222222223,14,80.33333333333333,97.5,97.5,0.0,0.0,0.0,1,0.0,4.666666666666667,0.013574447359738565
14447,0,15.93125,3,1149.53,383.1766666666667,219.97083333333333,63,218.33333333333334,102.0,102.0,0.0,0.0,0.0,1,0.0,21.0,0.013576452397563782
17286,0,219.95694444444445,2,237.81,118.905,219.96319444444444,46,125.5,61.0,70.81666666666666,0.0,0.0,0.0,0,0.0,23.0,0.0090512811648496
17977,0,219.93333333333334,1,1223.31,1223.31,219.93333333333334,83,1606.0,61.0,70.81666666666666,1.0,30.0,57.900000000000006,0,1.0,83.0,0.004526252263126132
13303,1,219.91319444444446,1,61.72,61.72,219.91319444444446,4,26.0,61.0,70.81666666666666,0.0,0.0,0.0,0,0.0,4.0,0.004526664885340207
13172,1,219.90277777777777,1,69.6,69.6,219.90277777777777,1,48.0,61.0,70.81666666666666,0.0,0.0,0.0,0,0.0,1.0,0.0045268783401446085
13660,1,219.86111111111111,1,306.64,306.64,219.86111111111111,39,136.0,61.0,70.81666666666666,1.0,2.0,10.9,0,1.0,39.0,0.004527732360709345
13903,1,219.79583333333332,1,165.45000000000002,165.45000000000002,219.79583333333332,10,103.0,61.0,70.81666666666666,0.0,0.0,0.0,0,0.0,10.0,0.004529070974316394
16228,1,204.9375,3,885.71,295.2366666666667,219.74722222222223,45,185.0,15.0,15.0,1.0,1.0,4.65,1,0.3333333333333333,15.0,0.013590204985591865
13846,0,61.90763888888889,3,1106.66,368.8866666666667,219.12708333333333,69,220.66666666666666,78.5,78.5,1.0,5.0,17.45,1,0.3333333333333333,23.0,0.0136284911178202
13646,1,219.02569444444444,2,326.25,163.125,219.03472222222223,58,39.5,61.0,70.81666666666666,1.0,1.0,2.95,0,0.5,29.0,0.009089474514754616
13996,1,205.84930555555556,2,895.76,447.88,218.9048611111111,29,306.5,13.0,13.0,0.0,0.0,0.0,1,0.0,14.5,0.009094842150803853
15560,1,217.10763888888889,2,153.52,76.75999999999999,217.10833333333332,10,36.0,61.0,70.81666666666666,0.0,0.0,0.0,0,0.0,5.0,0.009169755091124441
16640,1,217.0847222222222,1,179.4,179.4,217.0847222222222,13,146.0,61.0,70.81666666666666,0.0,0.0,0.0,0,0.0,13.0,0.004585373930875488
18083,1,217.04583333333332,1,463.53,463.53,217.04583333333332,36,268.0,61.0,70.81666666666666,0.0,0.0,0.0,0,0.0,36.0,0.00458619174103304
17033,0,33.86736111111111,3,910.75,303.5833333333333,216.99652777777777,22,103.66666666666667,91.5,91.5,0.0,0.0,0.0,1,0.0,7.333333333333333,0.013761687080897696
16931,0,14.052777777777777,11,2380.46,216.40545454545455,216.9763888888889,277,131.27272727272728,19.0,20.3,0.0,0.0,0.0,1,0.0,25.181818181818183,0.05046418126326118
14203,1,216.96875,1,339.34,339.34,216.96875,16,80.0,61.0,70.81666666666666,0.0,0.0,0.0,0,0.0,16.0,0.004587813620071685
16559,1,216.95694444444445,1,175.0,175.0,216.95694444444445,17,61.0,61.0,70.81666666666666,0.0,0.0,0.0,0,0.0,17.0,0.004588062117263221
16899,0,26.872916666666665,4,772.26,193.065,216.90972222222223,68,107.5,19.0,63.333333333333336,0.0,0.0,0.0,1,0.0,17.0,0.018356225501131328
15996,0,83.03680555555556,4,980.99,245.2475,216.87569444444443,104,129.75,31.0,44.666666666666664,0.0,0.0,0.0,1,0.0,26.0,0.018359092372370843
12892,1,216.12430555555557,1,263.38,263.38,216.12430555555557,18,140.0,61.0,70.81666666666666,0.0,0.0,0.0,0,0.0,18.0,0.004605656641900601
13138,0,60.11875,3,698.47,232.82333333333335,216.04513888888889,31,105.66666666666667,78.0,78.0,1.0,1.0,12.75,1,0.3333333333333333,10.333333333333334,0.013822009630613192
14927,1,216.01388888888889,1,308.2,308.2,216.01388888888889,20,196.0,61.0,70.81666666666666,0.0,0.0,0.0,0,0.0,20.0,0.004608
14193,0,89.05,2,779.34,389.66999999999996,216.01319444444445,39,229.0,127.0,127.0,0.0,0.0,0.0,1,0.0,19.5,0.009216029491294372
13967,0,215.9763888888889,1,85.6,85.6,215.9763888888889,4,24.0,61.0,70.81666666666666,0.0,0.0,0.0,0,0.0,4.0,0.004608796400017923
17084,0,215.9375,1,2253.22,2253.22,215.9375,132,1476.0,61.0,70.81666666666666,1.0,1.0,3.25,0,1.0,132.0,0.004609622587150677
16420,1,215.89930555555554,1,75.0,75.0,215.89930555555554,2,120.0,61.0,70.81666666666666,0.0,0.0,0.0,0,0.0,2.0,0.004610434309315319
13738,1,215.89375,1,434.78000000000003,434.78000000000003,215.89375,88,237.0,61.0,70.81666666666666,0.0,0.0,0.0,0,0.0,88.0,0.0046105524018096415
17548,1,53.03402777777778,4,731.26,182.815,215.85486111111112,22,123.5,13.0,54.333333333333336,2.0,190.0,244.78,1,0.5,5.5,0.018445516874765828
18098,1,215.84652777777777,1,527.94,527.94,215.84652777777777,85,215.0,61.0,70.81666666666666,0.0,0.0,0.0,0,0.0,85.0,0.004611556432320606
13691,1,215.80277777777778,1,212.78,212.78,215.80277777777778,54,145.0,61.0,70.81666666666666,0.0,0.0,0.0,0,0.0,54.0,0.004612487027380235
15635,1,215.1611111111111,1,100.35,100.35,215.1611111111111,2,5.0,61.0,70.81666666666666,0.0,0.0,0.0,0,0.0,2.0,0.004626179033128583
17274,0,215.03055555555557,1,465.4,465.4,215.03055555555557,52,194.0,61.0,70.81666666666666,0.0,0.0,0.0,0,0.0,52.0,0.0046289748106620714
16223,1,194.04166666666666,2,1087.05,543.5250000000001,215.0298611111111,101,321.5,21.0,21.0,0.0,0.0,0.0,1,0.0,50.5,0.00925797938170842
17208,1,215.0,1,111.15,111.15,215.0,21,101.0,61.0,70.81666666666666,0.0,0.0,0.0,0,0.0,21.0,0.004629629629629629
17467,1,214.99444444444444,1,102.6,102.6,214.99444444444444,4,20.0,61.0,70.81666666666666,0.0,0.0,0.0,0,0.0,4.0,0.004629748707528486
17983,1,214.9763888888889,1,171.71,171.71,214.97708333333333,23,108.0,61.0,70.81666666666666,0.0,0.0,0.0,0,0.0,23.0,0.004630120865446758
16740,1,214.96944444444443,1,226.91,226.91,214.96944444444443,30,110.0,61.0,70.81666666666666,0.0,0.0,0.0,0,0.0,30.0,0.004630284633885966
17878,0,214.95694444444445,2,999.48,499.74,214.95833333333334,56,306.5,61.0,70.81666666666666,0.0,0.0,0.0,0,0.0,28.0,0.009261045726413274
14170,1,194.98611111111111,3,570.18,190.05999999999997,214.94722222222222,123,90.0,10.0,10.0,0.0,0.0,0.0,1,0.0,41.0,0.013892283351127462
14899,1,214.89583333333334,1,1331.38,1331.38,214.89583333333334,126,570.0,61.0,70.81666666666666,0.0,0.0,0.0,0,0.0,126.0,0.004631863360030879
14077,0,1.929861111111111,4,426.06,106.515,214.8673611111111,41,64.0,49.0,71.0,0.0,0.0,0.0,1,0.0,10.25,0.01852989715263681
17374,1,38.15625,3,727.11,242.37,214.81666666666666,34,51.666666666666664,88.5,88.5,1.0,2.0,15.9,1,0.3333333333333333,11.333333333333334,0.013900687311761526
13721,0,214.78541666666666,1,217.39999999999998,217.39999999999998,214.78541666666666,14,196.0,61.0,70.81666666666666,0.0,0.0,0.0,0,0.0,14.0,0.004634233468820298
12927,1,214.11666666666667,1,197.31,197.31,214.11666666666667,11,145.0,61.0,70.81666666666666,0.0,0.0,0.0,0,0.0,11.0,0.004648640272720229
13671,1,214.08333333333334,1,172.6,172.6,214.08333333333334,61,95.0,61.0,70.81666666666666,0.0,0.0,0.0,0,0.0,61.0,0.004649360712901976
16358,0,3.90625,2,1354.3000000000002,677.1500000000001,214.05138888888888,61,492.0,210.0,210.0,1.0,1.0,2.55,1,0.5,30.5,0.009300102688633854
15131,1,214.0298611111111,1,80.28,80.28,214.0298611111111,7,88.0,61.0,70.81666666666666,0.0,0.0,0.0,0,0.0,7.0,0.004650516885574678
17756,1,195.02083333333334,3,728.75,242.91666666666666,213.99722222222223,54,133.0,9.5,9.5,0.0,0.0,0.0,1,0.0,18.0,0.013953668652049767
15001,1,213.95763888888888,2,199.10999999999999,99.55499999999999,213.97152777777777,44,35.0,61.0,70.81666666666666,0.0,0.0,0.0,0,0.0,22.0,0.009303557641677354
13096,1,213.94583333333333,1,419.70000000000005,419.70000000000005,213.94583333333333,1,6.0,61.0,70.81666666666666,0.0,0.0,0.0,0,0.0,1.0,0.0046523348905732065
15529,0,30.04513888888889,8,2751.62,343.9525,213.93333333333334,296,303.0,28.0,26.285714285714285,0.0,0.0,0.0,1,0.0,37.0,0.03722084367245657
12739,0,205.13055555555556,2,1713.69,856.845,213.9326388888889,51,232.5,9.0,9.0,0.0,0.0,0.0,1,0.0,25.5,0.009305240983124557
15028,0,188.00208333333333,3,521.78,173.92666666666665,213.92916666666667,45,111.0,13.0,13.0,0.0,0.0,0.0,1,0.0,15.0,0.013958086966636295
17288,0,26.929166666666667,9,1714.5,190.5,213.92083333333332,139,128.88888888888889,32.0,31.166666666666668,0.0,0.0,0.0,1,0.0,15.444444444444445,0.041875884531125805
13915,1,213.89791666666667,1,70.80000000000001,70.80000000000001,213.89791666666667,2,24.0,61.0,70.81666666666666,1.0,8.0,39.6,0,1.0,2.0,0.004653372240695679
17903,1,213.8826388888889,1,381.09000000000003,381.09000000000003,213.8826388888889,44,142.0,61.0,70.81666666666666,0.0,0.0,0.0,0,0.0,44.0,0.004653703087279555
18280,1,97.12361111111112,2,488.15000000000003,244.07500000000002,213.87430555555557,28,97.0,117.0,117.0,1.0,2.0,15.7,1,0.5,14.0,0.009307767137764648
15368,0,213.8736111111111,1,275.8,275.8,213.8736111111111,4,176.0,61.0,70.81666666666666,0.0,0.0,0.0,0,0.0,4.0,0.004653898609647791
12666,1,213.84027777777777,1,1248.42,1248.42,213.84027777777777,31,370.0,61.0,70.81666666666666,1.0,56.0,227.44,0,1.0,31.0,0.004654620680738275
16662,1,213.82916666666668,1,151.05,151.05,213.82916666666668,28,35.0,61.0,70.81666666666666,0.0,0.0,0.0,0,0.0,28.0,0.0046548614208964485
16786,1,213.18402777777777,1,51.839999999999996,51.839999999999996,213.18402777777777,1,72.0,61.0,70.81666666666666,0.0,0.0,0.0,0,0.0,1.0,0.004668882224203615
15138,1,213.1486111111111,1,502.52,502.52,213.1486111111111,31,300.0,61.0,70.81666666666666,1.0,22.0,15.93,0,1.0,31.0,0.004669654380719516
17688,1,213.08958333333334,1,304.2,304.2,213.08958333333334,19,114.0,61.0,70.81666666666666,1.0,6.0,17.700000000000003,0,1.0,19.0,0.004670941875967031
16824,0,213.02013888888888,1,225.6,225.6,213.02013888888888,13,154.0,61.0,70.81666666666666,0.0,0.0,0.0,0,0.0,13.0,0.0046724574855040255
17423,0,37.15,2,869.96,434.98,213.01666666666668,28,322.5,176.0,176.0,1.0,24.0,17.28,1,0.5,14.0,0.009345066583599407
16284,0,212.97430555555556,1,205.8,205.8,212.97430555555556,30,139.0,61.0,70.81666666666666,0.0,0.0,0.0,0,0.0,30.0,0.004673458326707192
13226,1,92.92708333333333,2,312.46,156.23000000000002,212.9611111111111,28,89.5,120.0,120.0,0.0,0.0,0.0,1,0.0,14.0,0.009347493054293356
17558,1,212.92638888888888,1,259.17,259.17,212.92638888888888,28,54.0,61.0,70.81666666666666,0.0,0.0,0.0,0,0.0,28.0,0.0046745051192323426
17815,1,212.92430555555555,1,591.96,591.96,212.92430555555555,13,612.0,61.0,70.81666666666666,0.0,0.0,0.0,0,0.0,13.0,0.004674550642588403
17980,0,23.93125,3,764.02,254.67333333333332,212.92222222222222,40,181.66666666666666,94.5,94.5,0.0,0.0,0.0,1,0.0,13.333333333333334,0.01402378850049343
12803,1,212.91180555555556,1,1092.81,1092.81,212.91180555555556,55,872.0,61.0,70.81666666666666,0.0,0.0,0.0,0,0.0,55.0,0.00467482380134596
18050,1,178.93402777777777,2,412.06,206.03000000000003,212.87430555555557,22,125.0,34.0,34.0,0.0,0.0,0.0,1,0.0,11.0,0.00935128693839515
14600,1,125.12638888888888,2,865.1700000000001,432.58500000000004,212.87083333333334,53,243.5,88.0,88.0,0.0,0.0,0.0,1,0.0,26.5,0.009351438757817219
18054,1,212.1888888888889,1,176.5,176.5,212.1888888888889,11,96.0,61.0,70.81666666666666,0.0,0.0,0.0,0,0.0,11.0,0.0046906759785271274
15468,0,212.1326388888889,1,962.97,962.97,212.1326388888889,56,1245.0,61.0,70.81666666666666,2.0,6.0,15.2,0,2.0,56.0,0.004691913942478438
12868,1,5.088888888888889,8,2043.76,255.47000000000003,212.11458333333334,86,146.25,33.0,29.571428571428573,0.0,0.0,0.0,1,0.0,10.75,0.037538491617381105
12352,0,81.8625,7,1905.61,272.22999999999996,212.10416666666666,38,63.142857142857146,16.0,26.0,3.0,66.0,960.63,1,0.42857142857142855,5.428571428571429,0.03284778570730277
18007,1,212.07083333333333,1,215.22,215.22,212.07083333333333,46,246.0,61.0,70.81666666666666,0.0,0.0,0.0,0,0.0,46.0,0.004693274928134228
17772,0,212.0548611111111,1,187.3,187.3,212.0548611111111,45,58.0,61.0,70.81666666666666,0.0,0.0,0.0,0,0.0,45.0,0.004693626771925593
14082,1,184.075,2,413.36,206.68,212.04375,48,123.0,28.0,28.0,0.0,0.0,0.0,1,0.0,24.0,0.009387743127878665
13309,0,26.004166666666666,3,796.22,265.4066666666667,212.02777777777777,59,328.6666666666667,93.0,93.0,0.0,0.0,0.0,1,0.0,19.666666666666668,0.014082670491589516
17210,1,212.02430555555554,1,251.72,251.72,212.02430555555554,47,242.0,61.0,70.81666666666666,0.0,0.0,0.0,0,0.0,47.0,0.004694300011409757
12734,1,172.00208333333333,3,639.65,213.2166666666667,211.975,17,88.33333333333333,20.0,20.0,0.0,0.0,0.0,1,0.0,5.666666666666667,0.014086160347458623
17803,1,211.95625,1,184.66,184.66,211.95625,27,98.0,61.0,70.81666666666666,0.0,0.0,0.0,0,0.0,27.0,0.004695800193701758
13961,1,211.92361111111111,1,538.4,538.4,211.92361111111111,19,226.0,61.0,70.81666666666666,1.0,4.0,39.7,0,1.0,19.0,0.004696520009132122
14024,0,210.08263888888888,1,318.04,318.04,210.08263888888888,18,88.0,61.0,70.81666666666666,0.0,0.0,0.0,0,0.0,18.0,0.004737481041851039
14052,0,210.05069444444445,1,241.3,241.3,210.05069444444445,65,85.0,61.0,70.81666666666666,0.0,0.0,0.0,0,0.0,65.0,0.00473819810274651
16687,1,210.04444444444445,1,157.63,157.63,210.04444444444445,8,141.0,61.0,70.81666666666666,0.0,0.0,0.0,0,0.0,8.0,0.004738338422659787
17495,0,210.04166666666666,1,309.16,309.16,210.04166666666666,21,138.0,61.0,70.81666666666666,1.0,9.0,47.65,0,1.0,21.0,0.0047384007897334655
15269,0,199.8875,2,816.56,408.28,209.99444444444444,32,173.0,10.0,10.0,0.0,0.0,0.0,1,0.0,16.0,0.009478922562468734
13167,0,209.99444444444444,1,333.82,333.82,209.99444444444444,16,222.0,61.0,70.81666666666666,0.0,0.0,0.0,0,0.0,16.0,0.004739461281234367
16074,1,209.97986111111112,1,252.5,252.5,209.97986111111112,23,38.0,61.0,70.81666666666666,0.0,0.0,0.0,0,0.0,23.0,0.004739788881903552
14684,0,34.99444444444445,3,721.96,240.65333333333334,209.9465277777778,195,151.33333333333334,87.5,87.5,0.0,0.0,0.0,1,0.0,65.0,0.014221613560571892
17544,1,209.90416666666667,3,944.82,314.94,209.91875,80,136.66666666666666,61.0,70.81666666666666,0.0,0.0,0.0,0,0.0,26.666666666666668,0.014223486532136191
18221,0,4.050694444444445,3,920.34,306.78000000000003,209.87777777777777,43,170.0,103.0,103.0,1.0,14.0,46.300000000000004,1,0.3333333333333333,14.333333333333334,0.01422625006586227
14559,1,209.86458333333334,1,75.6,75.6,209.86458333333334,2,72.0,61.0,70.81666666666666,0.0,0.0,0.0,0,0.0,2.0,0.004742380082003656
15726,1,209.85972222222222,1,321.91,321.91,209.85972222222222,23,123.0,61.0,70.81666666666666,0.0,0.0,0.0,0,0.0,23.0,0.0047424894117337095
14382,0,209.84583333333333,1,578.14,578.14,209.84583333333333,137,436.0,61.0,70.81666666666666,1.0,1.0,5.95,0,1.0,137.0,0.004742801810169357
14784,0,143.14236111111111,2,274.62,137.31,209.12569444444443,14,91.0,66.0,66.0,0.0,0.0,0.0,1,0.0,7.0,0.009518112505411774
17992,1,208.99027777777778,1,252.88,252.88,208.99027777777778,49,130.0,61.0,70.81666666666666,0.0,0.0,0.0,0,0.0,49.0,0.004762125230665441
14526,1,208.97083333333333,1,258.65,258.65,208.97083333333333,41,178.0,61.0,70.81666666666666,0.0,0.0,0.0,0,0.0,41.0,0.004762566229436628
12991,0,208.96319444444444,1,261.06,261.06,208.96319444444444,14,78.0,61.0,70.81666666666666,0.0,0.0,0.0,0,0.0,14.0,0.004762739501301485
13862,0,6.938888888888889,5,1499.24,299.848,208.96319444444444,77,209.6,51.0,50.5,2.0,6.0,22.05,1,0.4,15.4,0.023813697506507425
17106,1,208.94375,1,481.58,481.58,208.94375,51,153.0,61.0,70.81666666666666,0.0,0.0,0.0,0,0.0,51.0,0.0047631806138549015
13094,0,11.019444444444444,9,1375.2,152.8,208.94097222222223,5,125.33333333333333,20.0,24.75,4.0,174.0,218.46,1,0.4444444444444444,0.5555555555555556,0.04286919272943784
17633,0,199.05694444444444,3,732.55,244.1833333333333,208.91319444444446,29,85.0,5.0,5.0,1.0,10.0,67.5,1,0.3333333333333333,9.666666666666666,0.014291621867504755
16399,0,54.96111111111111,2,400.61,200.305,208.9076388888889,65,174.0,154.0,154.0,0.0,0.0,0.0,1,0.0,32.5,0.0095280000794
17170,1,193.87152777777777,2,178.68,89.34,208.85208333333333,8,76.0,15.0,15.0,1.0,6.0,59.699999999999996,1,0.5,4.0,0.009530522491040316
18084,0,202.87708333333333,2,704.75,352.375,208.1951388888889,6,221.5,5.0,5.0,2.0,426.0,619.1999999999999,1,1.0,3.0,0.009560451598553982
16602,0,208.15069444444444,1,235.25,235.25,208.15069444444444,11,93.0,61.0,70.81666666666666,2.0,4.0,18.35,0,2.0,11.0,0.004781241595473758
14189,0,20.094444444444445,9,3005.14,333.90444444444444,208.14027777777778,118,258.22222222222223,30.0,26.857142857142858,4.0,9.0,19.65,1,0.4444444444444444,13.11111111111111,0.04303331761643235
12357,0,207.93125,2,12079.99,6039.995,208.11458333333334,165,1939.5,61.0,70.81666666666666,0.0,0.0,0.0,0,0.0,82.5,0.009564134495641344
12616,0,116.93958333333333,2,673.4,336.7,208.05,26,156.0,91.0,91.0,3.0,14.0,55.900000000000006,1,1.5,13.0,0.009567089213106911
16083,0,180.04097222222222,3,1371.78,457.26,208.03958333333333,51,330.0,14.0,14.0,0.0,0.0,0.0,1,0.0,17.0,0.014351348927137006
14675,0,208.01944444444445,1,419.22,419.22,208.01944444444445,114,324.0,61.0,70.81666666666666,0.0,0.0,0.0,0,0.0,114.0,0.004784243890121866
15235,1,37.12916666666667,16,2772.76,173.2975,208.0013888888889,161,104.75,13.0,15.545454545454545,0.0,0.0,0.0,1,0.0,10.0625,0.07655451518796393
17203,0,207.98819444444445,4,2004.01,501.0025,207.9986111111111,84,437.75,61.0,70.81666666666666,0.0,0.0,0.0,0,0.0,21.0,0.019138883166421893
15968,1,207.99027777777778,1,404.55,404.55,207.99027777777778,70,247.0,61.0,70.81666666666666,0.0,0.0,0.0,0,0.0,70.0,0.004784911578821449
13624,1,207.96319444444444,1,462.08,462.08,207.96319444444444,22,820.0,61.0,70.81666666666666,1.0,6.0,34.9,0,1.0,22.0,0.004785531742365581
13458,0,9.097916666666666,9,8572.78,952.5311111111112,207.95069444444445,232,552.1111111111111,23.5,24.875,6.0,39.0,67.95,1,0.6666666666666666,25.77777777777778,0.043072362233248805
13789,1,207.88819444444445,1,239.45999999999998,239.45999999999998,207.88819444444445,18,258.0,61.0,70.81666666666666,0.0,0.0,0.0,0,0.0,18.0,0.004787249957612891
15161,1,207.8625,1,119.92,119.92,207.8625,33,144.0,61.0,70.81666666666666,0.0,0.0,0.0,0,0.0,33.0,0.004787838889221377
15811,0,25.004166666666666,5,2562.37,512.4739999999999,207.8361111111111,161,235.6,41.5,45.75,2.0,8.0,41.4,1,0.4,32.2,0.023942219443742436
13158,0,138.11944444444444,2,563.53,281.765,207.81805555555556,37,171.5,70.0,70.0,0.0,0.0,0.0,1,0.0,18.5,0.009577715847794132
14192,1,207.79583333333332,1,293.74,293.74,207.79583333333332,14,218.0,61.0,70.81666666666666,0.0,0.0,0.0,0,0.0,14.0,0.004789367603919299
16829,0,207.77708333333334,1,316.1,316.1,207.77708333333334,16,116.0,61.0,70.81666666666666,0.0,0.0,0.0,0,0.0,16.0,0.0047897977308333246
18256,1,207.16458333333333,1,110.7,110.7,207.16458333333333,10,180.0,61.0,70.81666666666666,1.0,70.0,50.1,0,1.0,10.0,0.004803891151832985
13237,1,207.11319444444445,1,643.0,643.0,207.11319444444445,24,128.0,61.0,70.81666666666666,0.0,0.0,0.0,0,0.0,24.0,0.004805077365082437
14417,1,207.07986111111111,1,524.65,524.65,207.07986111111111,106,543.0,61.0,70.81666666666666,0.0,0.0,0.0,0,0.0,106.0,0.004805847113988686
16386,0,73.02152777777778,2,826.69,413.345,207.06319444444443,55,260.5,134.0,134.0,0.0,0.0,0.0,1,0.0,27.5,0.009612464161863217
16006,1,30.98472222222222,2,332.82,166.41,207.0326388888889,75,102.5,176.0,176.0,0.0,0.0,0.0,1,0.0,37.5,0.009613876027733361
13549,0,12.134027777777778,4,600.15,150.0375,207.02291666666667,34,100.75,41.0,65.0,1.0,1.0,2.08,1,0.25,8.5,0.019228650689527393
12847,0,207.00416666666666,1,765.36,765.36,207.00416666666666,34,624.0,61.0,70.81666666666666,0.0,0.0,0.0,0,0.0,34.0,0.004807596001682658
14811,1,206.98680555555555,1,170.5,170.5,206.98680555555555,28,74.0,61.0,70.81666666666666,0.0,0.0,0.0,0,0.0,28.0,0.004807997302179292
16224,0,59.93958333333333,3,864.45,288.15000000000003,206.98333333333332,62,308.0,73.5,73.5,0.0,0.0,0.0,1,0.0,20.666666666666668,0.014424232710954405
15515,1,206.96597222222223,1,171.81,171.81,206.96597222222223,7,131.0,61.0,70.81666666666666,0.0,0.0,0.0,0,0.0,7.0,0.004808478951217313
17418,0,143.04930555555555,2,373.99,186.995,206.9638888888889,24,185.5,64.0,64.0,0.0,0.0,0.0,1,0.0,12.0,0.009617054242857333
12890,0,206.94722222222222,1,329.3,329.3,206.94791666666666,56,201.0,61.0,70.81666666666666,0.0,0.0,0.0,0,0.0,56.0,0.004808896458448129
18195,1,206.9076388888889,1,101.16,101.16,206.9076388888889,5,60.0,61.0,70.81666666666666,0.0,0.0,0.0,0,0.0,5.0,0.00480982808204765
15649,1,155.96944444444443,4,1660.35,415.0875,206.8527777777778,8,91.25,12.0,17.0,0.0,0.0,0.0,1,0.0,2.0,0.019244390393841793
17995,1,101.01388888888889,3,495.48,165.16,206.82569444444445,28,87.66666666666667,53.0,53.0,0.0,0.0,0.0,1,0.0,9.333333333333334,0.01443517370659841
16250,1,80.90486111111112,3,565.24,188.41333333333333,206.08819444444444,29,89.33333333333333,62.5,62.5,0.0,0.0,0.0,1,0.0,9.666666666666666,0.014486581468577196
14405,1,206.04861111111111,1,195.0,195.0,206.04861111111111,2,100.0,61.0,70.81666666666666,0.0,0.0,0.0,0,0.0,2.0,0.004829783665939963
14446,0,66.02777777777777,2,492.96999999999997,246.485,206.02916666666667,113,246.5,140.0,140.0,0.0,0.0,0.0,1,0.0,56.5,0.009660474570813291
13864,1,206.0,1,662.4000000000001,662.4000000000001,206.0,1,192.0,61.0,70.81666666666666,0.0,0.0,0.0,0,0.0,1.0,0.004830917874396135
14614,1,205.99027777777778,1,295.13,295.13,205.99027777777778,19,189.0,61.0,70.81666666666666,0.0,0.0,0.0,0,0.0,19.0,0.004831144780015164
17355,1,205.98055555555555,1,273.31,273.31,205.98055555555555,28,249.0,61.0,70.81666666666666,0.0,0.0,0.0,0,0.0,28.0,0.004831371706950465
16973,1,205.95416666666668,1,127.0,127.0,205.95416666666668,6,60.0,61.0,70.81666666666666,0.0,0.0,0.0,0,0.0,6.0,0.004831987758964344
17659,0,4.1194444444444445,7,1715.55,245.07857142857142,205.9375,73,117.28571428571429,14.5,33.666666666666664,2.0,37.0,36.55,1,0.2857142857142857,10.428571428571429,0.03382663847780127
17089,1,205.88680555555555,1,128.45,128.45,205.88680555555555,4,35.0,61.0,70.81666666666666,0.0,0.0,0.0,0,0.0,4.0,0.004833561025386265
18160,0,19.964583333333334,2,684.37,342.185,205.8451388888889,41,186.0,186.0,186.0,0.0,0.0,0.0,1,0.0,20.5,0.00966906938564479
17868,1,205.74652777777777,1,227.15,227.15,205.74652777777777,18,85.0,61.0,70.81666666666666,0.0,0.0,0.0,0,0.0,18.0,0.004836840602589725
17532,1,205.1923611111111,1,65.34,65.34,205.1923611111111,4,30.0,61.0,70.81666666666666,0.0,0.0,0.0,0,0.0,4.0,0.004849840191029816
14932,1,185.04305555555555,2,666.13,333.065,205.1486111111111,29,128.5,20.0,20.0,0.0,0.0,0.0,1,0.0,14.5,0.009701738901951801
17269,1,205.06805555555556,1,491.81,491.81,205.06805555555556,110,314.0,61.0,70.81666666666666,0.0,0.0,0.0,0,0.0,110.0,0.004852765739473879
16936,0,205.0388888888889,1,286.39,286.39,205.0388888888889,81,168.0,61.0,70.81666666666666,0.0,0.0,0.0,0,0.0,81.0,0.0048534526923180625
16599,1,205.00347222222223,1,172.8,172.8,205.00347222222223,12,159.0,61.0,70.81666666666666,0.0,0.0,0.0,0,0.0,12.0,0.0048542871108564105
16885,0,176.81041666666667,2,412.14,206.07,204.99930555555557,66,107.5,28.0,28.0,0.0,0.0,0.0,1,0.0,33.0,0.009708770593212625
17433,0,204.9673611111111,1,266.8,266.8,204.9673611111111,39,120.0,61.0,70.81666666666666,0.0,0.0,0.0,0,0.0,39.0,0.004855138185998996
17386,0,204.96527777777777,1,126.35000000000001,126.35000000000001,204.96527777777777,10,53.0,61.0,70.81666666666666,0.0,0.0,0.0,0,0.0,10.0,0.004855187295593243
18035,0,204.9611111111111,2,546.34,273.16999999999996,204.9638888888889,8,275.0,61.0,70.81666666666666,0.0,0.0,0.0,0,0.0,4.0,0.009710440071749362
15846,1,204.92361111111111,1,107.01,107.01,204.92361111111111,27,79.0,61.0,70.81666666666666,0.0,0.0,0.0,0,0.0,27.0,0.00485616969615216
13124,0,71.91111111111111,3,3401.8,1133.9333333333334,204.875,163,740.0,66.5,66.5,0.0,0.0,0.0,1,0.0,54.333333333333336,0.014571948998178506
16346,1,204.87152777777777,1,224.51,224.51,204.87152777777777,15,289.0,61.0,70.81666666666666,0.0,0.0,0.0,0,0.0,15.0,0.004857398256059098
17648,0,12.061111111111112,4,1526.26,381.565,204.83958333333334,96,189.0,96.5,96.5,0.0,0.0,0.0,1,0.0,24.0,0.019432608321609667
17493,1,204.82847222222222,1,100.91000000000001,100.91000000000001,204.82847222222222,8,62.0,61.0,70.81666666666666,0.0,0.0,0.0,0,0.0,8.0,0.0048584143350214075
12967,1,177.73611111111111,3,2938.52,979.5066666666668,203.07430555555555,47,304.0,12.5,12.5,1.0,1.0,29.95,1,0.3333333333333333,15.666666666666666,0.014700527789782453
12887,1,203.0638888888889,1,222.4,222.4,203.0638888888889,13,100.0,61.0,70.81666666666666,0.0,0.0,0.0,0,0.0,13.0,0.004900426064821747
12728,0,76.98819444444445,4,851.15,212.7875,203.05277777777778,39,95.0,48.0,42.0,0.0,0.0,0.0,1,0.0,9.75,0.01960277161409766
12858,1,202.99652777777777,1,147.27,147.27,202.99652777777777,36,51.0,61.0,70.81666666666666,1.0,1.0,26.19,0,1.0,36.0,0.004902044220523906
15155,1,202.99375,1,383.96999999999997,383.96999999999997,202.99375,24,192.0,61.0,70.81666666666666,0.0,0.0,0.0,0,0.0,24.0,0.0049021109715371184
16367,0,182.03402777777777,2,716.9,358.45000000000005,202.97708333333333,119,273.5,21.0,21.0,0.0,0.0,0.0,1,0.0,59.5,0.00980502303159056
17275,1,202.975,1,114.1,114.1,202.975,23,71.0,61.0,70.81666666666666,0.0,0.0,0.0,0,0.0,23.0,0.004902561588429955
16501,1,202.94444444444446,1,1191.23,1191.23,202.94444444444446,181,628.0,61.0,70.81666666666666,0.0,0.0,0.0,0,0.0,181.0,0.00490329610460365
12807,1,202.93680555555557,1,330.35,330.35,202.93680555555557,16,145.0,61.0,70.81666666666666,2.0,25.0,60.4,0,2.0,16.0,0.004903479768038165
17036,1,202.93333333333334,1,176.9,176.9,202.93333333333334,12,76.0,61.0,70.81666666666666,0.0,0.0,0.0,0,0.0,12.0,0.0049035632559660015
15350,1,192.9701388888889,2,547.6,273.8,202.9,26,136.0,10.0,10.0,0.0,0.0,0.0,1,0.0,13.0,0.00980872976949485
13550,1,202.89305555555555,1,342.55,342.55,202.89305555555555,40,430.0,61.0,70.81666666666666,0.0,0.0,0.0,0,0.0,40.0,0.004904531923734529
15634,0,202.88888888888889,1,311.1,311.1,202.88888888888889,19,128.0,61.0,70.81666666666666,0.0,0.0,0.0,0,0.0,19.0,0.004904632152588556
18210,0,86.82777777777778,2,289.85,144.925,202.1326388888889,14,81.5,115.0,115.0,0.0,0.0,0.0,1,0.0,7.0,0.00984578357736974
17782,1,202.06597222222223,2,679.02,339.51,202.1159722222222,29,269.0,61.0,70.81666666666666,0.0,0.0,0.0,0,0.0,14.5,0.009846591472441511
13086,1,202.0986111111111,1,439.33000000000004,439.33000000000004,202.0986111111111,47,155.0,61.0,70.81666666666666,0.0,0.0,0.0,0,0.0,47.0,0.004923716585402548
14419,0,72.04375,3,509.99,169.99666666666667,202.0701388888889,53,76.66666666666667,65.0,65.0,0.0,0.0,0.0,1,0.0,17.666666666666668,0.014773220801515623
16424,1,10.965277777777779,2,443.06,221.53,202.05972222222223,10,106.0,191.0,191.0,1.0,6.0,51.0,1,0.5,5.0,0.00984931909741934
16252,1,202.03680555555556,1,295.09000000000003,295.09000000000003,202.03680555555556,21,158.0,61.0,70.81666666666666,1.0,158.0,295.09,0,1.0,21.0,0.004925215392666217
15525,0,192.98125,2,430.78,215.39,202.02777777777777,66,126.5,9.0,9.0,0.0,0.0,0.0,1,0.0,33.0,0.009850868791900396
16765,1,113.88125,2,454.75,227.375,201.9638888888889,52,155.5,88.0,88.0,0.0,0.0,0.0,1,0.0,26.0,0.009853969644299068
14048,1,124.91458333333334,3,748.69,249.56333333333336,201.94583333333333,126,155.66666666666666,77.0,77.0,1.0,14.0,34.8,1,0.3333333333333333,42.0,0.014782269488985157
16812,1,180.01041666666666,4,2392.0,598.0,201.92638888888888,98,279.0,3.0,7.333333333333333,1.0,16.0,175.2,1,0.25,24.5,0.01971158123840747
13651,0,201.12916666666666,1,132.65,132.65,201.12916666666666,8,29.0,61.0,70.81666666666666,1.0,2.0,17.9,0,1.0,8.0,0.004947331533054359
15986,0,201.11666666666667,1,186.3,186.3,201.11666666666667,11,100.0,61.0,70.81666666666666,0.0,0.0,0.0,0,0.0,11.0,0.004947637503092273
16821,1,201.11527777777778,1,113.35,113.35,201.11527777777778,7,13.0,61.0,70.81666666666666,0.0,0.0,0.0,0,0.0,7.0,0.004947671502099325
17870,0,186.19305555555556,2,1213.8,606.8999999999999,201.04930555555555,2,238.0,15.0,15.0,0.0,0.0,0.0,1,0.0,1.0,0.009898573986685043
17458,0,201.04652777777778,1,213.08,213.08,201.04652777777778,32,112.0,61.0,70.81666666666666,0.0,0.0,0.0,0,0.0,32.0,0.004949355037171719
17237,0,195.04097222222222,2,679.44,339.71999999999997,201.04513888888889,58,154.5,6.0,6.0,0.0,0.0,0.0,1,0.0,29.0,0.009898778119575865
17570,1,201.0375,1,100.0,100.0,201.0375,1,1.0,61.0,70.81666666666666,1.0,1.0,100.0,0,1.0,1.0,0.0049495761925385144
17872,1,201.03333333333333,1,235.87,235.87,201.03333333333333,15,176.0,61.0,70.81666666666666,0.0,0.0,0.0,0,0.0,15.0,0.0049496782709123905
18047,1,200.98541666666668,2,326.09,163.04500000000002,200.9951388888889,74,65.0,61.0,70.81666666666666,0.0,0.0,0.0,0,0.0,37.0,0.009901228371144795
14176,1,116.98472222222222,5,756.46,151.292,200.97847222222222,33,53.0,29.0,28.0,1.0,2.0,2.9,1,0.2,6.6,0.024755113478127824
14252,1,200.96805555555557,1,350.99,350.99,200.96805555555557,10,111.0,61.0,70.81666666666666,0.0,0.0,0.0,0,0.0,10.0,0.0049512780486463065
18118,0,6.030555555555556,18,4099.28,227.73777777777775,200.96805555555557,347,114.22222222222223,7.0,11.470588235294118,5.0,6.0,53.2,1,0.2777777777777778,19.27777777777778,0.08912300487563352
12434,0,79.98958333333333,2,583.54,291.77,200.96666666666667,34,107.5,121.0,121.0,2.0,21.0,40.949999999999996,1,1.0,17.0,0.009902624195411784
17766,1,200.93125,2,299.61,149.805,200.93958333333333,21,77.5,61.0,70.81666666666666,0.0,0.0,0.0,0,0.0,10.5,0.009903952295963107
15864,0,135.83819444444444,2,486.86,243.43,200.90833333333333,9,202.0,65.0,65.0,1.0,4.0,13.899999999999999,1,0.5,4.5,0.009905485162408684
13181,1,200.90625,1,359.69,359.69,200.90625,19,171.0,61.0,70.81666666666666,0.0,0.0,0.0,0,0.0,19.0,0.004952793685188052
14972,0,200.85625,1,30.300000000000004,30.300000000000004,200.85625,2,12.0,61.0,70.81666666666666,0.0,0.0,0.0,0,0.0,2.0,0.004954020497259808
16001,1,200.81944444444446,1,583.39,583.39,200.81944444444446,29,337.0,61.0,70.81666666666666,1.0,32.0,64.33,0,1.0,29.0,0.004954923955680958
17598,1,200.79652777777778,1,409.98,409.98,200.79652777777778,10,126.0,61.0,70.81666666666666,0.0,0.0,0.0,0,0.0,10.0,0.004955486652878484
13843,1,200.79305555555555,1,319.75,319.75,200.79305555555555,18,145.0,61.0,70.81666666666666,0.0,0.0,0.0,0,0.0,18.0,0.004955571921178875
15951,0,105.03680555555556,2,680.12,340.05999999999995,200.77083333333334,35,140.5,96.0,96.0,0.0,0.0,0.0,1,0.0,17.5,0.00991223541559112
16357,0,33.09375,2,347.39,173.695,200.7486111111111,20,82.5,168.0,168.0,0.0,0.0,0.0,1,0.0,10.0,0.009913327229293882
17744,0,70.00277777777778,5,1615.7,323.14,200.13611111111112,63,420.0,25.0,32.5,1.0,36.0,31.32,1,0.2,12.6,0.02485878827217611
14458,1,200.0048611111111,1,228.07,228.07,200.0048611111111,46,317.0,61.0,70.81666666666666,0.0,0.0,0.0,0,0.0,46.0,0.0049750040594651185
18076,1,199.95,1,151.49,151.49,199.95,8,164.0,61.0,70.81666666666666,0.0,0.0,0.0,0,0.0,8.0,0.004976362279173924
17601,1,58.78333333333333,2,413.08,206.54,199.93125,69,147.5,141.0,141.0,0.0,0.0,0.0,1,0.0,34.5,0.009953653301813432
15509,1,199.91805555555555,1,152.41,152.41,199.91805555555555,26,58.0,61.0,70.81666666666666,0.0,0.0,0.0,0,0.0,26.0,0.004977153482970531
15902,1,199.82847222222222,1,145.01,145.01,199.82847222222222,18,124.0,61.0,70.81666666666666,0.0,0.0,0.0,0,0.0,18.0,0.004979373636291335
16988,0,199.14444444444445,1,256.55,256.55,199.14444444444445,13,115.0,61.0,70.81666666666666,0.0,0.0,0.0,0,0.0,13.0,0.004996391495031366
15987,0,19.141666666666666,5,619.3,123.86000000000001,198.99583333333334,50,228.8,20.0,60.0,0.0,0.0,0.0,1,0.0,10.0,0.025000520844184252
14721,1,198.9875,1,109.07,109.07,198.9875,24,57.0,61.0,70.81666666666666,0.0,0.0,0.0,0,0.0,24.0,0.005000312519532471
16874,1,198.9875,1,209.89000000000001,209.89000000000001,198.9875,31,78.0,61.0,70.81666666666666,0.0,0.0,0.0,0,0.0,31.0,0.005000312519532471
15020,1,198.97291666666666,1,198.47,198.47,198.97291666666666,27,111.0,61.0,70.81666666666666,0.0,0.0,0.0,0,0.0,27.0,0.005000677175034119
14487,0,187.9777777777778,2,225.89000000000001,112.94500000000001,198.96805555555557,32,43.0,11.0,11.0,1.0,1.0,12.75,1,0.5,16.0,0.010001597477374858
15495,1,198.9611111111111,1,246.5,246.5,198.9611111111111,20,194.0,61.0,70.81666666666666,0.0,0.0,0.0,0,0.0,20.0,0.005000972411302197
17989,1,198.95902777777778,1,207.32999999999998,207.32999999999998,198.95902777777778,26,300.0,61.0,70.81666666666666,0.0,0.0,0.0,0,0.0,26.0,0.0050010245154389265
14443,0,129.90347222222223,3,1271.17,423.72333333333336,198.9388888888889,72,255.33333333333334,34.5,34.5,3.0,7.0,19.32,1,1.0,24.0,0.015004584734224346
17882,1,198.92361111111111,2,291.56,145.78,198.92708333333334,47,65.0,61.0,70.81666666666666,0.0,0.0,0.0,0,0.0,23.5,0.010003647163028187
12385,1,198.9,1,1938.4,1938.4,198.9,65,612.0,61.0,70.81666666666666,1.0,1.0,15.0,0,1.0,65.0,0.0050025012506253125
18161,0,72.18611111111112,3,730.73,243.57666666666663,198.87152777777777,31,156.66666666666666,63.5,63.5,0.0,0.0,0.0,1,0.0,10.333333333333334,0.015009641610062019
15961,1,198.86875,1,451.28999999999996,451.28999999999996,198.86875,42,154.0,61.0,70.81666666666666,0.0,0.0,0.0,0,0.0,42.0,0.005003283404734357
13626,1,72.11458333333333,2,707.04,353.52,198.85972222222222,44,199.0,127.0,127.0,1.0,3.0,17.55,1,0.5,22.0,0.010007018811805502
14627,1,198.84583333333333,1,462.75,462.75,198.84583333333333,29,284.0,61.0,70.81666666666666,2.0,15.0,56.35,0,2.0,29.0,0.005003857139878657
12961,1,198.8375,1,211.99,211.99,198.8375,37,180.0,61.0,70.81666666666666,0.0,0.0,0.0,0,0.0,37.0,0.005004065803465315
17556,1,25.084722222222222,2,300.67,150.335,198.82638888888889,13,92.0,174.0,174.0,0.0,0.0,0.0,1,0.0,6.5,0.01000868809730669
18031,1,198.07638888888889,1,451.3,451.3,198.07638888888889,49,298.0,61.0,70.81666666666666,0.0,0.0,0.0,0,0.0,49.0,0.005023197404681341
17283,1,198.03958333333333,1,188.46,188.46,198.03958333333333,15,179.0,61.0,70.81666666666666,0.0,0.0,0.0,0,0.0,15.0,0.005024126273040329
17516,0,36.97569444444444,4,634.63,158.6575,198.0,115,103.75,80.5,80.5,0.0,0.0,0.0,1,0.0,28.75,0.020100502512562814
12538,0,197.99166666666667,1,276.5,276.5,197.99166666666667,13,145.0,61.0,70.81666666666666,0.0,0.0,0.0,0,0.0,13.0,0.005025336069349637
17999,0,185.89791666666667,2,338.41,169.20499999999998,197.98194444444445,77,80.5,12.0,12.0,0.0,0.0,0.0,1,0.0,38.5,0.010051163212742641
16262,1,197.9777777777778,1,755.15,755.15,197.9777777777778,46,446.0,61.0,70.81666666666666,2.0,17.0,77.37,0,2.0,46.0,0.005025686843868662
15914,1,197.86111111111111,2,205.99,102.99499999999999,197.86180555555555,13,74.5,61.0,70.81666666666666,0.0,0.0,0.0,0,0.0,6.5,0.010057235447564438
15212,1,60.96180555555556,2,208.28,104.13999999999999,196.08680555555554,7,42.0,135.0,135.0,1.0,3.0,12.85,1,0.5,3.5,0.010147812758760416
15037,1,195.98958333333334,2,397.76,198.88,196.025,40,149.0,61.0,70.81666666666666,0.0,0.0,0.0,0,0.0,20.0,0.010150996066489023
17607,1,195.98541666666668,1,333.81,333.81,195.98541666666668,22,269.0,61.0,70.81666666666666,0.0,0.0,0.0,0,0.0,22.0,0.005076517931741986
15583,1,195.90694444444443,1,95.96,95.96,195.90694444444443,37,56.0,61.0,70.81666666666666,0.0,0.0,0.0,0,0.0,37.0,0.0050785410480133734
18003,1,195.90347222222223,1,353.51,353.51,195.90347222222223,23,297.0,61.0,70.81666666666666,0.0,0.0,0.0,0,0.0,23.0,0.005078630603686945
16893,1,186.03055555555557,2,249.89000000000001,124.94500000000001,195.9,80,58.5,10.0,10.0,0.0,0.0,0.0,1,0.0,40.0,0.01015744032503809
13254,1,195.88055555555556,1,51.410000000000004,51.410000000000004,195.88055555555556,4,43.0,61.0,70.81666666666666,0.0,0.0,0.0,0,0.0,4.0,0.005079221750356251
12996,1,195.14097222222222,1,355.5,355.5,195.14097222222222,22,122.0,61.0,70.81666666666666,0.0,0.0,0.0,0,0.0,22.0,0.005098373831180097
12767,1,195.13333333333333,1,949.82,949.82,195.13333333333333,43,598.0,61.0,70.81666666666666,0.0,0.0,0.0,0,0.0,43.0,0.005098572399728076
17722,0,9.00763888888889,4,3197.06,799.265,195.12916666666666,145,560.0,42.0,62.0,2.0,23.0,43.4,1,0.5,36.25,0.020394722865458563
17723,0,10.852083333333333,4,1263.8000000000002,315.95000000000005,195.09375,6,101.0,14.0,61.333333333333336,0.0,0.0,0.0,1,0.0,1.5,0.020398406374501993
16545,0,195.09097222222223,1,350.52,350.52,195.09097222222223,5,244.0,61.0,70.81666666666666,0.0,0.0,0.0,0,0.0,5.0,0.0050996738333610745
15404,1,195.07430555555555,1,257.06,257.06,195.07430555555555,16,334.0,61.0,70.81666666666666,0.0,0.0,0.0,0,0.0,16.0,0.005100107314758081
15540,0,195.06944444444446,1,247.38,247.38,195.06944444444446,16,244.0,61.0,70.81666666666666,0.0,0.0,0.0,0,0.0,16.0,0.005100233760714033
17671,0,30.775694444444444,3,1223.18,407.72666666666663,195.03958333333333,40,175.33333333333334,82.0,82.0,1.0,9.0,104.55,1,0.3333333333333333,13.333333333333334,0.015303031913197804
18034,0,195.00972222222222,1,335.52,335.52,195.00972222222222,97,392.0,61.0,70.81666666666666,0.0,0.0,0.0,0,0.0,97.0,0.005101787751457906
16413,0,195.00069444444443,1,259.83,259.83,195.00069444444443,32,135.0,61.0,70.81666666666666,0.0,0.0,0.0,0,0.0,32.0,0.005102022739431904
16194,1,194.9736111111111,1,308.59999999999997,308.59999999999997,194.9736111111111,8,140.0,61.0,70.81666666666666,0.0,0.0,0.0,0,0.0,8.0,0.005102727833254194
17912,1,129.93402777777777,6,374.55,62.425000000000004,194.95625,48,35.833333333333336,7.5,16.25,1.0,2.0,15.399999999999999,1,0.16666666666666666,8.0,0.03061907951392211
16355,1,194.93680555555557,1,416.35,416.35,194.93680555555557,47,179.0,61.0,70.81666666666666,1.0,34.0,67.15,0,1.0,47.0,0.005103686350119972
12351,1,194.89375,1,300.93,300.93,194.89375,21,261.0,61.0,70.81666666666666,0.0,0.0,0.0,0,0.0,21.0,0.005104808091120824
15828,1,194.83958333333334,1,1108.82,1108.82,194.83958333333334,74,367.0,61.0,70.81666666666666,0.0,0.0,0.0,0,0.0,74.0,0.0051062200142548645
17223,1,129.8701388888889,3,558.04,186.01333333333332,194.81319444444443,62,51.666666666666664,32.5,32.5,0.0,0.0,0.0,1,0.0,20.666666666666668,0.015320724471665527
17468,0,194.80902777777777,1,57.8,57.8,194.80902777777777,3,68.0,61.0,70.81666666666666,0.0,0.0,0.0,0,0.0,3.0,0.005107016828329757
13955,0,125.01805555555555,2,426.21,213.105,194.80208333333334,63,114.0,70.0,70.0,0.0,0.0,0.0,1,0.0,31.5,0.010214395914241633
14414,0,178.06875,2,1119.55,559.775,194.10972222222222,28,255.5,16.0,16.0,0.0,0.0,0.0,1,0.0,14.0,0.010250642444778224
15939,0,15.98125,10,7577.7300000000005,757.7729999999999,194.0298611111111,52,526.6,17.0,19.77777777777778,1.0,3.0,12.75,1,0.1,5.2,0.05127419946375733
17826,1,193.97708333333333,1,133.34,133.34,193.97708333333333,33,84.0,61.0,70.81666666666666,0.0,0.0,0.0,0,0.0,33.0,0.0051288078727200846
16473,0,106.9576388888889,3,372.53000000000003,124.17666666666666,193.84791666666666,21,82.0,43.5,43.5,1.0,1.0,1.25,1,0.3333333333333333,7.0,0.015396623434943921
17820,1,193.79652777777778,1,180.60999999999999,180.60999999999999,193.79652777777778,39,111.0,61.0,70.81666666666666,2.0,5.0,24.05,0,2.0,39.0,0.005133561729297308
17378,1,193.75277777777777,1,10.95,10.95,193.75277777777777,1,1.0,61.0,70.81666666666666,1.0,1.0,10.95,0,1.0,1.0,0.0051347149520046785
16552,1,62.11527777777778,2,379.73,189.86500000000004,193.00972222222222,17,109.5,131.0,131.0,0.0,0.0,0.0,1,0.0,8.5,0.010308761731585616
15922,1,192.95763888888888,1,369.5,369.5,192.95763888888888,11,138.0,61.0,70.81666666666666,1.0,2.0,5.9,0,1.0,11.0,0.005155764968725273
14594,0,192.95555555555555,1,255.0,255.0,192.95555555555555,31,146.0,61.0,70.81666666666666,0.0,0.0,0.0,0,0.0,31.0,0.005155820348304308
15165,1,192.94930555555555,1,487.75,487.75,192.94930555555555,27,160.0,61.0,70.81666666666666,0.0,0.0,0.0,0,0.0,27.0,0.0051559864941798225
16274,1,192.88541666666666,1,351.75,351.75,192.88541666666666,64,153.0,61.0,70.81666666666666,0.0,0.0,0.0,0,0.0,64.0,0.005157685488636974
12947,0,1.8423611111111111,5,1379.69,275.938,192.85347222222222,73,216.2,44.0,47.75,4.0,7.0,179.75,1,0.8,14.6,0.025792677029113482
17855,1,192.12916666666666,1,208.97,208.97,192.12916666666666,17,197.0,61.0,70.81666666666666,0.0,0.0,0.0,0,0.0,17.0,0.005177881814847576
17925,1,192.11111111111111,1,244.08,244.08,192.11111111111111,1,72.0,61.0,70.81666666666666,0.0,0.0,0.0,0,0.0,1.0,0.005178365937859608
16244,1,31.105555555555554,2,1522.75,761.375,192.04791666666668,88,427.5,161.0,161.0,0.0,0.0,0.0,1,0.0,44.0,0.010360122163107173
14491,0,192.02777777777777,1,127.2,127.2,192.02777777777777,4,40.0,61.0,70.81666666666666,0.0,0.0,0.0,0,0.0,4.0,0.005180601525399339
15923,1,192.0236111111111,1,127.08,127.08,192.0236111111111,21,122.0,61.0,70.81666666666666,0.0,0.0,0.0,0,0.0,21.0,0.005180713355447304
16752,1,192.0222222222222,1,207.5,207.5,192.0222222222222,9,54.0,61.0,70.81666666666666,0.0,0.0,0.0,0,0.0,9.0,0.005180750633202855
17964,0,191.97083333333333,1,261.76,261.76,191.97083333333333,35,195.0,61.0,70.81666666666666,0.0,0.0,0.0,0,0.0,35.0,0.005182130287392309
17976,1,191.95902777777778,1,321.79,321.79,191.95902777777778,56,93.0,61.0,70.81666666666666,0.0,0.0,0.0,0,0.0,56.0,0.005182447338777302
14775,0,191.84166666666667,1,406.56,406.56,191.84166666666667,20,384.0,61.0,70.81666666666666,0.0,0.0,0.0,0,0.0,20.0,0.005185601313685666
13011,1,191.8111111111111,1,50.550000000000004,50.550000000000004,191.8111111111111,3,13.0,61.0,70.81666666666666,0.0,0.0,0.0,0,0.0,3.0,0.0051864230968708585
14576,1,191.79097222222222,1,35.400000000000006,35.400000000000006,191.79097222222222,1,12.0,61.0,70.81666666666666,0.0,0.0,0.0,0,0.0,1.0,0.005186964869119189
12738,1,191.76597222222222,1,155.35,155.35,191.76597222222222,11,148.0,61.0,70.81666666666666,0.0,0.0,0.0,0,0.0,11.0,0.0051876375714651115
12686,1,191.12430555555557,1,89.14,89.14,191.12430555555557,7,107.0,61.0,70.81666666666666,0.0,0.0,0.0,0,0.0,7.0,0.005204963511037053
13370,1,191.1,1,754.87,754.87,191.1,39,343.0,61.0,70.81666666666666,1.0,7.0,33.55,0,1.0,39.0,0.0052056220718375845
12427,0,191.0875,1,303.5,303.5,191.0875,10,79.0,61.0,70.81666666666666,1.0,9.0,56.95,0,1.0,10.0,0.005205960825144791
14589,1,191.04722222222222,1,39.75,39.75,191.04722222222222,3,5.0,61.0,70.81666666666666,0.0,0.0,0.0,0,0.0,3.0,0.005207052663552078
17787,0,124.0513888888889,3,1668.52,556.1733333333333,190.96319444444444,87,276.3333333333333,33.5,33.5,0.0,0.0,0.0,1,0.0,29.0,0.015627995818064084
17198,0,184.96944444444443,2,521.66,260.83,190.9138888888889,73,121.0,6.0,6.0,0.0,0.0,0.0,1,0.0,36.5,0.010421340589674187
15545,0,190.80694444444444,1,135.32999999999998,135.32999999999998,190.80694444444444,31,75.0,61.0,70.81666666666666,0.0,0.0,0.0,0,0.0,31.0,0.0052135755715020165
18156,0,189.01458333333332,1,186.88,186.88,189.01458333333332,50,68.0,61.0,70.81666666666666,0.0,0.0,0.0,0,0.0,50.0,0.0052627539552885195
15880,1,188.99305555555554,1,329.03000000000003,329.03000000000003,188.99305555555554,95,202.0,61.0,70.81666666666666,1.0,24.0,30.0,0,1.0,95.0,0.005263350268650171
16402,1,84.01736111111111,2,293.45,146.725,188.9638888888889,55,73.0,105.0,105.0,0.0,0.0,0.0,1,0.0,27.5,0.010528316785353941
15894,1,72.95833333333333,2,258.25,129.125,188.94722222222222,35,82.0,116.0,116.0,0.0,0.0,0.0,1,0.0,17.5,0.010529240578523273
12763,0,188.87777777777777,1,320.08,320.08,188.87777777777777,16,196.0,61.0,70.81666666666666,0.0,0.0,0.0,0,0.0,16.0,0.0052665457311720995
17674,0,188.10416666666666,1,300.66,300.66,188.10416666666666,11,349.0,61.0,70.81666666666666,0.0,0.0,0.0,0,0.0,11.0,0.005288090778891704
15899,1,188.09305555555557,1,56.25,56.25,188.09305555555557,4,39.0,61.0,70.81666666666666,0.0,0.0,0.0,0,0.0,4.0,0.0052884015071944296
15919,0,188.05833333333334,1,214.07999999999998,214.07999999999998,188.05833333333334,38,175.0,61.0,70.81666666666666,0.0,0.0,0.0,0,0.0,38.0,0.005289372768545863
15048,0,40.048611111111114,2,254.25,127.125,188.02430555555554,58,60.0,148.0,148.0,0.0,0.0,0.0,1,0.0,29.0,0.010580649901724868
18113,1,188.01319444444445,1,76.32000000000001,76.32000000000001,188.01319444444445,1,72.0,61.0,70.81666666666666,0.0,0.0,0.0,0,0.0,1.0,0.005290635941788308
13030,0,187.9298611111111,1,402.36,402.36,187.9298611111111,50,174.0,61.0,70.81666666666666,0.0,0.0,0.0,0,0.0,50.0,0.005292969539695434
15018,0,72.12083333333334,2,291.34000000000003,145.67000000000002,187.08541666666667,17,47.0,115.0,115.0,1.0,1.0,39.95,1,0.5,8.5,0.010633466620883684
18119,1,187.03541666666666,1,180.7,180.7,187.03541666666666,29,124.0,61.0,70.81666666666666,0.0,0.0,0.0,0,0.0,29.0,0.005318147068925402
12386,1,157.0090277777778,2,401.9,200.95,186.12291666666667,10,177.0,29.0,29.0,0.0,0.0,0.0,1,0.0,5.0,0.010688161747514446
12441,1,186.08680555555554,1,173.55,173.55,186.08680555555554,11,121.0,61.0,70.81666666666666,0.0,0.0,0.0,0,0.0,11.0,0.005345112377275849
18043,0,26.006944444444443,2,421.59,210.79500000000002,186.01041666666666,87,114.5,160.0,160.0,0.0,0.0,0.0,1,0.0,43.5,0.010694591433186655
18269,1,185.95625,1,168.6,168.6,185.95625,7,76.0,61.0,70.81666666666666,1.0,6.0,29.700000000000003,0,1.0,7.0,0.005348844983786313
13270,1,185.91458333333333,1,590.0,590.0,185.91458333333333,1,200.0,61.0,70.81666666666666,0.0,0.0,0.0,0,0.0,1.0,0.005350037338802261
12942,0,17.065277777777776,2,396.52000000000004,198.26,185.13611111111112,23,52.0,168.0,168.0,0.0,0.0,0.0,1,0.0,11.5,0.010744825321971675
13369,1,185.05555555555554,1,308.28000000000003,308.28000000000003,185.05555555555554,14,149.0,61.0,70.81666666666666,1.0,22.0,44.53,0,1.0,14.0,0.005374738727978502
15211,0,184.8625,1,383.07,383.07,184.8625,23,117.0,61.0,70.81666666666666,0.0,0.0,0.0,0,0.0,23.0,0.005380321474208084
15881,1,131.82708333333332,5,501.39000000000004,100.278,183.97083333333333,26,52.0,26.0,26.0,3.0,61.0,63.15,1,0.6,5.2,0.02703128871668957
14448,0,183.80833333333334,1,102.35000000000001,102.35000000000001,183.80833333333334,18,44.0,61.0,70.81666666666666,0.0,0.0,0.0,0,0.0,18.0,0.0054110114082157185
12753,0,67.95416666666667,4,12940.51,3235.1275,182.04583333333332,87,1750.75,34.0,38.0,3.0,95.0,238.66,1,0.75,21.75,0.021852450433634565
17917,0,75.84236111111112,2,226.71,113.35499999999999,182.02916666666667,57,65.0,106.0,106.0,0.0,0.0,0.0,1,0.0,28.5,0.010927220160721196
18004,1,181.96041666666667,1,157.92,157.92,181.96041666666667,32,75.0,61.0,70.81666666666666,0.0,0.0,0.0,0,0.0,32.0,0.005465663110190045
16665,1,181.94930555555555,1,135.39999999999998,135.39999999999998,181.94930555555555,9,59.0,61.0,70.81666666666666,0.0,0.0,0.0,0,0.0,9.0,0.005465995057829468
17937,0,77.10694444444445,4,3327.48,831.87,181.92152777777778,19,312.0,41.0,35.0,0.0,0.0,0.0,1,0.0,4.75,0.021867300413428648
16927,0,95.97847222222222,2,341.45,170.725,181.03680555555556,5,256.5,85.0,85.0,0.0,0.0,0.0,1,0.0,2.5,0.010986789149019772
17303,1,180.97083333333333,1,250.04,250.04,180.97083333333333,53,144.0,61.0,70.81666666666666,0.0,0.0,0.0,0,0.0,53.0,0.005495386165365329
17890,1,142.06319444444443,2,586.89,293.445,180.9013888888889,88,201.0,39.0,39.0,0.0,0.0,0.0,1,0.0,44.0,0.010994968274935289
14150,0,179.11527777777778,1,306.18,306.18,179.11527777777778,12,262.0,61.0,70.81666666666666,0.0,0.0,0.0,0,0.0,12.0,0.005551999876622225
13496,0,179.10625,1,501.01,501.01,179.10625,26,229.0,61.0,70.81666666666666,1.0,12.0,35.400000000000006,0,1.0,26.0,0.005552278169136274
13221,1,59.827777777777776,2,847.41,423.70500000000004,178.9763888888889,62,122.0,119.0,119.0,0.0,0.0,0.0,1,0.0,31.0,0.01111256877831197
17551,1,178.94305555555556,1,290.34,290.34,178.94305555555556,39,142.0,61.0,70.81666666666666,0.0,0.0,0.0,0,0.0,39.0,0.005557313656326461
17214,0,68.84861111111111,4,611.97,152.9925,178.9,56,44.25,43.0,36.666666666666664,0.0,0.0,0.0,1,0.0,14.0,0.022234574763757644
17752,1,178.85486111111112,1,80.64,80.64,178.85486111111112,1,192.0,61.0,70.81666666666666,0.0,0.0,0.0,0,0.0,1.0,0.005560038765825839
14373,1,177.88194444444446,1,76.55,76.55,177.88194444444446,4,17.0,61.0,70.81666666666666,0.0,0.0,0.0,0,0.0,4.0,0.005590279125742458
18176,1,177.87847222222223,1,476.35,476.35,177.87847222222223,30,283.0,61.0,70.81666666666666,1.0,4.0,27.7,0,1.0,30.0,0.005590387639031776
16816,0,132.88194444444446,2,325.45,162.72500000000002,177.82569444444445,20,95.5,45.0,45.0,0.0,0.0,0.0,1,0.0,10.0,0.011184075119704553
14985,1,17.93125,2,292.01,146.005,177.70763888888888,78,128.0,160.0,160.0,0.0,0.0,0.0,1,0.0,39.0,0.011191463400417349
12551,1,177.06041666666667,1,168.0,168.0,177.06041666666667,10,100.0,61.0,70.81666666666666,0.0,0.0,0.0,0,0.0,10.0,0.005616071324105816
15780,1,3.0340277777777778,3,475.28000000000003,158.42666666666668,177.04652777777778,26,73.33333333333333,87.0,87.0,0.0,0.0,0.0,1,0.0,8.666666666666666,0.016849528252212476
15204,1,176.95902777777778,1,316.58,316.58,176.95902777777778,9,258.0,61.0,70.81666666666666,0.0,0.0,0.0,0,0.0,9.0,0.005619270977636082
12944,0,174.08958333333334,1,286.95,286.95,174.08958333333334,14,145.0,61.0,70.81666666666666,0.0,0.0,0.0,0,0.0,14.0,0.005711362040860036
15460,1,173.8625,1,214.26,214.26,173.8625,53,107.0,61.0,70.81666666666666,0.0,0.0,0.0,0,0.0,53.0,0.005718779040674815
16270,1,172.93333333333334,1,1141.24,1141.24,172.93333333333334,54,688.0,61.0,70.81666666666666,0.0,0.0,0.0,0,0.0,54.0,0.005749329244921426
12515,1,172.8798611111111,1,383.7,383.7,172.8798611111111,16,131.0,61.0,70.81666666666666,0.0,0.0,0.0,0,0.0,16.0,0.005751097301377468
12383,1,4.2,5,1850.56,370.11199999999997,171.93194444444444,84,306.4,43.0,42.0,1.0,3.0,11.25,1,0.2,16.8,0.028913108078804282
13817,0,171.04444444444445,1,128.7,128.7,171.04444444444445,9,63.0,61.0,70.81666666666666,0.0,0.0,0.0,0,0.0,9.0,0.005812451562903642
12585,1,53.96597222222222,2,2040.1,1020.05,170.99444444444444,77,639.5,117.0,117.0,2.0,21.0,57.29,1,1.0,38.5,0.011628282567266385
16112,0,152.84791666666666,2,136.14,68.07,158.04375,10,171.0,5.0,5.0,0.0,0.0,0.0,1,0.0,5.0,0.01257515620701851
15464,1,157.87083333333334,1,1044.65,1044.65,157.87083333333334,155,348.0,61.0,70.81666666666666,0.0,0.0,0.0,0,0.0,155.0,0.006294421568884576
17634,0,32.17777777777778,5,1811.29,362.258,157.00347222222223,131,91.0,31.5,31.25,0.0,0.0,0.0,1,0.0,26.2,0.03164487418964949
12735,1,134.9673611111111,2,779.5699999999999,389.78499999999997,156.93333333333334,38,184.0,22.0,22.0,0.0,0.0,0.0,1,0.0,19.0,0.01266357112705783
16567,1,13.953472222222222,2,865.6,432.8,156.13819444444445,34,498.0,142.0,142.0,0.0,0.0,0.0,1,0.0,17.0,0.012727650378515018
12501,1,156.01527777777778,1,2169.39,2169.39,156.01527777777778,149,1783.0,61.0,70.81666666666666,1.0,61.0,79.71000000000001,0,1.0,149.0,0.006368806998611246
15139,1,59.049305555555556,2,178.96,89.48,156.00416666666666,13,104.0,97.0,97.0,0.0,0.0,0.0,1,0.0,6.5,0.012738515432180676
12489,1,155.98402777777778,1,334.93,334.93,155.98402777777778,15,105.0,61.0,70.81666666666666,0.0,0.0,0.0,0,0.0,15.0,0.006370074804142318
18198,0,7.092361111111111,11,3500.7900000000004,318.25363636363636,155.96597222222223,48,264.45454545454544,15.0,14.9,1.0,1.0,0.65,1,0.09090909090909091,4.363636363636363,0.07007888298507726
14889,1,155.89652777777778,1,135.9,135.9,155.89652777777778,10,90.0,61.0,70.81666666666666,0.0,0.0,0.0,0,0.0,10.0,0.00637362734640222
17114,0,27.94097222222222,4,444.44,111.11,154.04930555555555,59,32.25,41.0,42.0,1.0,2.0,15.9,1,0.25,14.75,0.025798245181864195
17128,1,154.03333333333333,1,157.09,157.09,154.03333333333333,14,76.0,61.0,70.81666666666666,0.0,0.0,0.0,0,0.0,14.0,0.006450225757901527
17800,0,37.00416666666667,3,354.85,118.28333333333335,153.95833333333334,18,74.0,58.5,58.5,0.0,0.0,0.0,1,0.0,6.0,0.019360043022317825
18032,1,153.8875,1,73.5,73.5,153.8875,5,42.0,61.0,70.81666666666666,0.0,0.0,0.0,0,0.0,5.0,0.006456298926640304
16850,1,153.0701388888889,1,332.41,332.41,153.0701388888889,19,249.0,61.0,70.81666666666666,0.0,0.0,0.0,0,0.0,19.0,0.006490550389658389
12736,1,152.20347222222222,1,234.0,234.0,152.20347222222222,4,173.0,61.0,70.81666666666666,0.0,0.0,0.0,0,0.0,4.0,0.0065272672054684
15749,1,54.979166666666664,3,44534.3,14844.766666666668,151.99652777777777,5,6009.333333333333,97.0,97.0,1.0,9014.0,22998.4,1,0.3333333333333333,1.6666666666666667,0.01960828813290062
17569,1,151.94097222222223,1,344.14,344.14,151.94097222222223,29,159.0,61.0,70.81666666666666,0.0,0.0,0.0,0,0.0,29.0,0.0065384702703929895
14270,1,151.13680555555555,1,492.65000000000003,492.65000000000003,151.13680555555555,29,197.0,61.0,70.81666666666666,0.0,0.0,0.0,0,0.0,29.0,0.00657303139991875
14587,0,3.9451388888888888,8,1452.68,181.585,150.98194444444445,166,89.5,20.0,21.0,1.0,2.0,2.9,1,0.125,20.75,0.052637831613769906
14185,1,150.95694444444445,1,197.65,197.65,150.95694444444445,3,6.0,61.0,70.81666666666666,0.0,0.0,0.0,0,0.0,3.0,0.006580811450611924
15171,1,150.88472222222222,1,1289.5,1289.5,150.88472222222222,5,290.0,61.0,70.81666666666666,1.0,100.0,254.99999999999997,0,1.0,5.0,0.006583940671379061
13284,1,150.14375,1,201.19,201.19,150.14375,13,91.0,61.0,70.81666666666666,1.0,12.0,5.04,0,1.0,13.0,0.006616218004383244
15835,0,79.95208333333333,2,488.31,244.155,150.09375,25,121.5,70.0,70.0,0.0,0.0,0.0,1,0.0,12.5,0.013236814891416752
15510,1,150.02777777777777,1,250.0,250.0,150.02777777777777,1,2.0,61.0,70.81666666666666,0.0,0.0,0.0,0,0.0,1.0,0.0066212985102078355
15687,0,6.1506944444444445,5,1679.45,335.89,149.90069444444444,69,131.4,21.5,36.0,2.0,2.0,11.6,1,0.4,13.8,0.03313437369130729
13385,1,149.1236111111111,1,534.57,534.57,149.1236111111111,35,281.0,61.0,70.81666666666666,0.0,0.0,0.0,0,0.0,35.0,0.006661177363098928
15213,1,138.02013888888888,2,328.35,164.17499999999998,149.07291666666666,22,136.0,11.0,11.0,1.0,2.0,3.3,1,0.5,11.0,0.013326855001041162
15033,0,27.983333333333334,3,1155.62,385.20666666666665,148.9736111111111,151,219.66666666666666,60.5,60.5,0.0,0.0,0.0,1,0.0,50.333333333333336,0.020003519137626064
17064,0,2.1,2,457.40000000000003,228.70000000000002,146.86111111111111,36,93.5,145.0,145.0,0.0,0.0,0.0,1,0.0,18.0,0.013526207026113094
12626,0,135.9638888888889,2,1274.1,637.05,146.07569444444445,57,230.0,10.0,10.0,2.0,34.0,107.55,1,1.0,28.5,0.013598439956749406
14976,0,15.847222222222221,3,450.26,150.08666666666667,146.0701388888889,35,38.333333333333336,65.0,65.0,1.0,4.0,25.0,1,0.3333333333333333,11.666666666666666,0.02039843045410117
15316,1,146.05277777777778,1,165.0,165.0,146.05277777777778,1,100.0,61.0,70.81666666666666,0.0,0.0,0.0,0,0.0,1.0,0.006800279567048867
18233,1,145.17083333333332,1,440.0,440.0,145.17083333333332,1,4.0,61.0,70.81666666666666,0.0,0.0,0.0,0,0.0,1.0,0.006841310110886236
14242,1,54.044444444444444,2,280.55,140.27499999999998,145.16458333333333,13,61.5,91.0,91.0,0.0,0.0,0.0,1,0.0,6.5,0.013683205290839379
16997,1,107.80694444444444,3,702.0,234.0,145.04097222222222,7,120.0,18.5,18.5,0.0,0.0,0.0,1,0.0,2.3333333333333335,0.02054218041930775
15395,1,145.00694444444446,1,107.45,107.45,145.00694444444446,7,17.0,61.0,70.81666666666666,0.0,0.0,0.0,0,0.0,7.0,0.00684898929845422
14428,0,59.12986111111111,2,330.62,165.31,144.84097222222223,25,72.5,86.0,86.0,1.0,4.0,4.24,1,0.5,12.5,0.01371356738456557
14090,1,144.08263888888888,1,76.32000000000001,76.32000000000001,144.08263888888888,1,72.0,61.0,70.81666666666666,0.0,0.0,0.0,0,0.0,1.0,0.006892623456937857
15831,0,143.9152777777778,1,309.94,309.94,143.9152777777778,17,308.0,61.0,70.81666666666666,1.0,8.0,54.0,0,1.0,17.0,0.006900583674369123
14779,1,100.00555555555556,3,386.15,128.71666666666667,143.03194444444443,40,28.0,21.5,21.5,0.0,0.0,0.0,1,0.0,13.333333333333334,0.0208287127662652
16618,0,30.09236111111111,4,1441.29,360.3225,142.03819444444446,44,192.75,56.0,56.0,1.0,1.0,16.95,1,0.25,11.0,0.027964558805680297
17277,1,47.00208333333333,2,1065.3500000000001,532.675,142.0090277777778,67,215.0,95.0,95.0,0.0,0.0,0.0,1,0.0,33.5,0.013985131086324192
13742,0,3.9833333333333334,8,2139.87,267.48375,139.91041666666666,149,98.5,23.0,22.666666666666668,1.0,2.0,19.9,1,0.125,18.625,0.05677365938761329
13068,0,139.1875,1,165.0,165.0,139.1875,1,100.0,61.0,70.81666666666666,0.0,0.0,0.0,0,0.0,1.0,0.007133303611234953
14368,1,139.1236111111111,1,155.0,155.0,139.1236111111111,8,36.0,61.0,70.81666666666666,0.0,0.0,0.0,0,0.0,8.0,0.0071365560170087924
12559,1,130.12569444444443,2,561.71,280.855,139.10972222222222,21,141.5,9.0,9.0,1.0,2.0,25.5,1,0.5,10.5,0.01427452690847451
14501,1,3.033333333333333,2,251.21,125.605,139.08819444444444,9,80.5,136.0,136.0,0.0,0.0,0.0,1,0.0,4.5,0.01427672051832427
14782,1,139.06805555555556,1,200.10000000000002,200.10000000000002,139.06805555555556,6,114.0,61.0,70.81666666666666,0.0,0.0,0.0,0,0.0,6.0,0.007139386607700622
15820,1,139.03472222222223,1,206.98,206.98,139.03472222222223,17,128.0,61.0,70.81666666666666,0.0,0.0,0.0,0,0.0,17.0,0.0071410860401686085
13396,0,138.9673611111111,1,387.27000000000004,387.27000000000004,138.9673611111111,15,139.0,61.0,70.81666666666666,1.0,3.0,16.35,0,1.0,15.0,0.007144522780608575
16730,0,54.00625,2,480.94,240.47,138.95069444444445,35,375.0,85.0,85.0,1.0,96.0,40.32,1,0.5,17.5,0.014290747237370303
15052,1,138.8736111111111,1,207.73000000000002,207.73000000000002,138.8736111111111,27,79.0,61.0,70.81666666666666,0.0,0.0,0.0,0,0.0,27.0,0.007149311382299497
13837,1,31.02777777777778,2,266.59000000000003,133.29500000000002,137.02430555555554,17,91.0,106.0,106.0,0.0,0.0,0.0,1,0.0,8.5,0.014490201504364671
17118,1,137.02152777777778,1,157.02,157.02,137.02152777777778,10,154.0,61.0,70.81666666666666,0.0,0.0,0.0,0,0.0,10.0,0.007245246564797158
13098,0,5.009722222222222,9,7734.97,859.4411111111111,136.9611111111111,95,483.77777777777777,13.5,16.5,8.0,34.0,175.09,1,0.8888888888888888,10.555555555555555,0.06523577497684532
17786,0,136.92708333333334,1,103.35,103.35,136.92708333333334,24,52.0,61.0,70.81666666666666,0.0,0.0,0.0,0,0.0,24.0,0.007250207688241069
16882,0,58.92638888888889,2,215.70000000000002,107.85000000000001,136.79652777777778,15,51.0,78.0,78.0,0.0,0.0,0.0,1,0.0,7.5,0.01451415381979267
12764,1,136.10486111111112,1,1693.88,1693.88,136.10486111111112,45,386.0,61.0,70.81666666666666,0.0,0.0,0.0,0,0.0,45.0,0.0072936874148436665
16949,0,5.094444444444444,4,893.75,223.4375,136.02708333333334,32,96.5,36.0,43.666666666666664,0.0,0.0,0.0,1,0.0,8.0,0.029191309503899775
18125,0,21.040972222222223,3,933.9,311.3,135.90833333333333,146,230.33333333333334,57.5,57.5,1.0,1.0,1.65,1,0.3333333333333333,48.666666666666664,0.02191247184856047
13328,1,135.89444444444445,1,1308.48,1308.48,135.89444444444445,17,680.0,61.0,70.81666666666666,0.0,0.0,0.0,0,0.0,17.0,0.007304898340164766
12574,1,135.14583333333334,1,218.45,218.45,135.14583333333334,11,61.0,61.0,70.81666666666666,0.0,0.0,0.0,0,0.0,11.0,0.007345065034429991
14659,0,6.896527777777778,5,1381.76,276.352,135.0048611111111,96,130.0,32.0,32.0,1.0,10.0,53.5,1,0.2,19.2,0.036763391831378577
16897,1,118.90833333333333,2,289.78,144.89,133.0402777777778,37,36.5,14.0,14.0,1.0,15.0,76.75,1,0.5,18.5,0.014920888207317452
15415,1,132.9423611111111,1,559.61,559.61,132.9423611111111,46,551.0,61.0,70.81666666666666,0.0,0.0,0.0,0,0.0,46.0,0.00746589795569197
17431,1,132.92638888888888,1,403.3,403.3,132.92638888888888,41,292.0,61.0,70.81666666666666,0.0,0.0,0.0,0,0.0,41.0,0.007466788347661962
14502,0,54.019444444444446,6,1059.94,176.65666666666667,132.8736111111111,176,72.83333333333333,21.0,19.75,2.0,11.0,98.25,1,0.3333333333333333,29.333333333333332,0.044818392140181976
12528,0,96.04444444444445,2,771.66,385.83000000000004,132.15625,38,179.0,36.0,36.0,1.0,2.0,6.2,1,0.5,19.0,0.015019948368927482
16403,1,131.96597222222223,1,177.5,177.5,131.96597222222223,10,114.0,61.0,70.81666666666666,1.0,11.0,16.45,0,1.0,10.0,0.0075207211535950605
17619,1,131.9388888888889,1,214.37,214.37,131.9388888888889,71,124.0,61.0,70.81666666666666,0.0,0.0,0.0,0,0.0,71.0,0.007522253332776129
16745,0,3.020138888888889,10,4109.4400000000005,410.9440000000001,131.0548611111111,126,421.2,11.0,14.222222222222221,0.0,0.0,0.0,1,0.0,12.6,0.0757261028928423
13606,0,62.99861111111111,2,246.63,123.315,131.04722222222222,37,120.0,68.0,68.0,0.0,0.0,0.0,1,0.0,18.5,0.015146096724656584
13494,1,131.0361111111111,1,316.26000000000005,316.26000000000005,131.0361111111111,18,162.0,61.0,70.81666666666666,0.0,0.0,0.0,0,0.0,18.0,0.007573685649969496
12929,1,131.02916666666667,1,117.85,117.85,131.02916666666667,8,37.0,61.0,70.81666666666666,0.0,0.0,0.0,0,0.0,8.0,0.007574084009215136
18202,1,19.02638888888889,3,1396.99,465.66333333333336,130.96805555555557,55,193.66666666666666,112.0,112.0,0.0,0.0,0.0,1,0.0,18.333333333333332,0.02273277413515476
15940,1,130.85555555555555,1,35.8,35.8,130.85555555555555,1,4.0,61.0,70.81666666666666,2.0,5.0,35.8,0,2.0,1.0,0.00758405662762282
14457,1,130.1326388888889,1,113.64,113.64,130.1326388888889,4,88.0,61.0,70.81666666666666,0.0,0.0,0.0,0,0.0,4.0,0.007625866515561534
15589,1,75.12222222222222,3,478.53000000000003,159.51,130.0861111111111,28,81.0,55.0,55.0,1.0,1.0,21.95,1,0.3333333333333333,9.333333333333334,0.022885719734695175
14411,1,130.07916666666668,1,1063.0,1063.0,130.07916666666668,14,196.0,61.0,70.81666666666666,0.0,0.0,0.0,0,0.0,14.0,0.007628977399154455
15226,1,130.04791666666668,1,154.41,154.41,130.04791666666668,8,71.0,61.0,70.81666666666666,0.0,0.0,0.0,0,0.0,8.0,0.007630796623372493
16378,1,66.90486111111112,3,362.95,120.98333333333333,130.00555555555556,22,89.0,31.5,31.5,0.0,0.0,0.0,1,0.0,7.333333333333333,0.022899792205589246
13894,0,129.99722222222223,1,160.85,160.85,129.99722222222223,10,105.0,61.0,70.81666666666666,1.0,6.0,9.899999999999999,0,1.0,10.0,0.007633749655421022
18250,1,129.98194444444445,1,349.27,349.27,129.98194444444445,21,199.0,61.0,70.81666666666666,1.0,1.0,6.35,0,1.0,21.0,0.00763464005853224
14188,0,34.115972222222226,2,760.9,380.45,129.9611111111111,17,206.5,96.0,96.0,0.0,0.0,0.0,1,0.0,8.5,0.015271709158783354
17446,0,129.92361111111111,1,68.10000000000001,68.10000000000001,129.92361111111111,5,102.0,61.0,70.81666666666666,0.0,0.0,0.0,0,0.0,5.0,0.007638041690977563
12350,1,129.8673611111111,1,334.4,334.4,129.8673611111111,17,197.0,61.0,70.81666666666666,0.0,0.0,0.0,0,0.0,17.0,0.007641324708541833
17337,0,30.69236111111111,3,1948.11,649.37,129.82222222222222,421,407.3333333333333,49.5,49.5,2.0,28.0,74.60000000000001,1,0.6666666666666666,140.33333333333334,0.02293188381178869
16405,1,121.89305555555555,2,167.25,83.625,129.82083333333333,3,93.5,8.0,8.0,0.0,0.0,0.0,1,0.0,1.5,0.015288084848870911
12502,0,37.18819444444444,3,1842.65,614.2166666666667,129.08958333333334,61,144.66666666666666,46.0,46.0,0.0,0.0,0.0,1,0.0,20.333333333333332,0.02306103166087472
16333,0,11.965972222222222,16,13087.2,817.95,129.08333333333334,8,1380.75,12.0,16.714285714285715,0.0,0.0,0.0,1,0.0,0.5,0.12299807815502882
16030,1,129.05694444444444,1,331.24,331.24,129.05694444444444,28,283.0,61.0,70.81666666666666,0.0,0.0,0.0,0,0.0,28.0,0.007688939673860809
12464,0,20.042361111111113,4,544.8499999999999,136.21249999999998,128.97222222222223,6,13.5,54.5,54.5,0.0,0.0,0.0,1,0.0,1.5,0.030775806796324
17507,1,81.04305555555555,2,605.58,302.78999999999996,128.77916666666667,79,179.5,48.0,48.0,0.0,0.0,0.0,1,0.0,39.5,0.01541079397694802
12754,1,55.15972222222222,3,3010.74,1003.5799999999999,128.09652777777777,49,2160.3333333333335,36.5,36.5,2.0,2.0,61.620000000000005,1,0.6666666666666666,16.333333333333332,0.023238425166353775
14778,0,128.04652777777778,1,334.05,334.05,128.04652777777778,18,141.0,61.0,70.81666666666666,0.0,0.0,0.0,0,0.0,18.0,0.007749143020120865
17517,1,128.04305555555555,1,153.94,153.94,128.04305555555555,11,102.0,61.0,70.81666666666666,0.0,0.0,0.0,0,0.0,11.0,0.007749351529958778
13725,0,44.90069444444445,6,1751.6,291.93333333333334,128.0222222222222,83,116.0,13.0,16.6,2.0,8.0,37.599999999999994,1,0.3333333333333333,13.833333333333334,0.04650361694798485
17291,1,127.99027777777778,1,550.8000000000001,550.8000000000001,127.99027777777778,1,72.0,61.0,70.81666666666666,0.0,0.0,0.0,0,0.0,1.0,0.007752522261583022
15090,1,127.94930555555555,1,381.32,381.32,127.94930555555555,23,208.0,61.0,70.81666666666666,0.0,0.0,0.0,0,0.0,23.0,0.007754985540183211
14842,0,11.175,2,1688.48,844.24,127.8875,77,316.5,117.0,117.0,2.0,3.0,307.25,1,1.0,38.5,0.015517408592765009
17105,0,125.91944444444445,1,319.4,319.4,125.91944444444445,38,359.0,61.0,70.81666666666666,0.0,0.0,0.0,0,0.0,38.0,0.007879013372436584
14438,1,125.9125,1,131.9,131.9,125.9125,9,82.0,61.0,70.81666666666666,0.0,0.0,0.0,0,0.0,9.0,0.00787944449916281
15781,0,125.14930555555556,1,83.35,83.35,125.14930555555556,5,29.0,61.0,70.81666666666666,0.0,0.0,0.0,0,0.0,5.0,0.007927114585340343
17302,0,28.05625,2,303.12,151.56,125.10833333333333,35,95.0,97.0,97.0,0.0,0.0,0.0,1,0.0,17.5,0.015859380162558646
17613,0,14.030555555555555,7,2512.41,358.9157142857143,125.0625,163,208.57142857142858,25.0,22.2,1.0,1.0,7.95,1,0.14285714285714285,23.285714285714285,0.05552801189885969
17162,0,10.156944444444445,8,1165.28,145.66,125.01597222222222,70,86.125,32.0,38.333333333333336,1.0,1.0,8.25,1,0.125,8.75,0.06348401602530544
15407,0,3.0541666666666667,3,740.73,246.91,124.98055555555555,62,109.66666666666667,61.0,61.0,0.0,0.0,0.0,1,0.0,20.666666666666668,0.02381319868586422
17859,1,124.09583333333333,1,141.92000000000002,141.92000000000002,124.09583333333333,23,102.0,61.0,70.81666666666666,0.0,0.0,0.0,0,0.0,23.0,0.007993871365286613
15753,1,124.00625,1,79.2,79.2,124.00625,1,144.0,61.0,70.81666666666666,0.0,0.0,0.0,0,0.0,1.0,0.007999600019999
16951,0,123.91111111111111,1,1053.79,1053.79,123.91111111111111,70,1066.0,61.0,70.81666666666666,0.0,0.0,0.0,0,0.0,70.0,0.008005692937199787
17881,1,123.81527777777778,1,133.35000000000002,133.35000000000002,123.81527777777778,8,32.0,61.0,70.81666666666666,0.0,0.0,0.0,0,0.0,8.0,0.008011839718695405
15843,1,123.1048611111111,1,118.95000000000002,118.95000000000002,123.1048611111111,8,27.0,61.0,70.81666666666666,0.0,0.0,0.0,0,0.0,8.0,0.008057702100038611
17537,0,122.96736111111112,1,620.75,620.75,122.96736111111112,60,369.0,61.0,70.81666666666666,0.0,0.0,0.0,0,0.0,60.0,0.008066639404413123
12401,1,122.95833333333333,1,84.3,84.3,122.95833333333333,5,11.0,61.0,70.81666666666666,0.0,0.0,0.0,0,0.0,5.0,0.008067226890756302
12462,0,122.92083333333333,1,762.11,762.11,122.92083333333333,40,287.0,61.0,70.81666666666666,1.0,4.0,20.8,0,1.0,40.0,0.008069668134897953
12561,1,122.04930555555555,1,238.85,238.85,122.04930555555555,16,177.0,61.0,70.81666666666666,0.0,0.0,0.0,0,0.0,16.0,0.008126823597135294
16425,1,121.93055555555556,1,302.7,302.7,121.93055555555556,21,199.0,61.0,70.81666666666666,0.0,0.0,0.0,0,0.0,21.0,0.008134674048130154
16842,0,121.91597222222222,1,520.5699999999999,520.5699999999999,121.91597222222222,30,370.0,61.0,70.81666666666666,0.0,0.0,0.0,0,0.0,30.0,0.008135639184402172
18159,1,120.93333333333334,1,530.15,530.15,120.93333333333334,23,139.0,61.0,70.81666666666666,0.0,0.0,0.0,0,0.0,23.0,0.008201202843083653
13171,0,118.94027777777778,1,140.35,140.35,118.94027777777778,23,53.0,61.0,70.81666666666666,0.0,0.0,0.0,0,0.0,23.0,0.008337482774992184
16084,1,118.86458333333333,1,436.18,436.18,118.86458333333333,38,216.0,61.0,70.81666666666666,0.0,0.0,0.0,0,0.0,38.0,0.008342747892587122
15236,1,118.08194444444445,1,321.05,321.05,118.08194444444445,15,269.0,61.0,70.81666666666666,0.0,0.0,0.0,0,0.0,15.0,0.008397578698142035
13475,1,10.956944444444444,4,1431.78,357.945,118.00972222222222,64,253.0,37.0,35.666666666666664,0.0,0.0,0.0,1,0.0,16.0,0.03361069940597757
16738,1,117.12777777777778,1,3.75,3.75,117.12777777777778,1,3.0,61.0,70.81666666666666,0.0,0.0,0.0,0,0.0,1.0,0.00846540939660443
13893,1,117.05555555555556,1,821.1,821.1,117.05555555555556,21,190.0,61.0,70.81666666666666,0.0,0.0,0.0,0,0.0,21.0,0.008470588235294117
16431,1,32.94513888888889,3,623.28,207.76,116.95,51,147.33333333333334,84.0,84.0,0.0,0.0,0.0,1,0.0,17.0,0.02543450614667232
16073,1,116.88125,1,122.39999999999999,122.39999999999999,116.88125,1,48.0,61.0,70.81666666666666,1.0,11.0,28.049999999999997,0,1.0,1.0,0.008483113302582048
14760,1,116.84930555555556,1,89.2,89.2,116.84930555555556,5,40.0,61.0,70.81666666666666,1.0,12.0,35.400000000000006,0,1.0,5.0,0.008485412750511187
16509,1,116.14236111111111,1,363.7,363.7,116.14236111111111,13,64.0,61.0,70.81666666666666,0.0,0.0,0.0,0,0.0,13.0,0.008536621513471855
14386,1,116.12847222222223,1,142.4,142.4,116.12847222222223,7,54.0,61.0,70.81666666666666,0.0,0.0,0.0,0,0.0,7.0,0.008537633771084694
12372,0,32.08819444444445,2,914.9200000000001,457.46000000000004,116.00277777777778,32,296.0,84.0,84.0,0.0,0.0,0.0,1,0.0,16.0,0.01709361126279053
16494,1,116.00069444444445,1,826.53,826.53,116.00069444444445,47,675.0,61.0,70.81666666666666,0.0,0.0,0.0,0,0.0,47.0,0.008546957817201939
14959,0,35.05,2,422.38,211.19,115.99305555555556,31,171.0,81.0,81.0,0.0,0.0,0.0,1,0.0,15.5,0.017095031756395797
17175,0,0.029166666666666667,2,821.7,410.85,115.9125,30,257.0,116.0,116.0,0.0,0.0,0.0,1,0.0,15.0,0.01710681064898963
13718,1,65.97638888888889,2,306.55,153.275,115.03611111111111,9,86.5,49.0,49.0,0.0,0.0,0.0,1,0.0,4.5,0.017236013693055323
12654,0,17.088194444444444,3,337.75,112.58333333333333,114.98194444444445,19,50.333333333333336,98.0,98.0,0.0,0.0,0.0,1,0.0,6.333333333333333,0.025866095057899337
18138,1,114.91597222222222,1,152.65,152.65,114.91597222222222,8,38.0,61.0,70.81666666666666,0.0,0.0,0.0,0,0.0,8.0,0.008626938814634643
14371,1,114.84375,1,100.5,100.5,114.84375,4,34.0,61.0,70.81666666666666,0.0,0.0,0.0,0,0.0,4.0,0.008632317237658484
12852,1,114.16875,1,311.55,311.55,114.16875,17,149.0,61.0,70.81666666666666,1.0,4.0,11.8,0,1.0,17.0,0.008682910945894611
13489,0,108.96319444444444,2,235.68,117.84,114.08888888888889,6,176.0,5.0,5.0,0.0,0.0,0.0,1,0.0,3.0,0.017377872176095772
13904,0,114.06388888888888,1,201.12,201.12,114.06388888888888,17,223.0,61.0,70.81666666666666,0.0,0.0,0.0,0,0.0,17.0,0.008690823938391715
13932,1,114.03333333333333,1,307.4,307.4,114.03333333333333,16,72.0,61.0,70.81666666666666,0.0,0.0,0.0,0,0.0,16.0,0.008693132425383946
13951,0,55.979166666666664,2,516.05,258.025,113.8951388888889,32,157.5,58.0,58.0,0.0,0.0,0.0,1,0.0,16.0,0.01740717683394883
16566,0,12.179166666666667,2,280.12,140.06,112.09791666666666,6,64.0,100.0,100.0,1.0,1.0,0.65,1,0.5,3.0,0.01768379169967027
14162,0,112.0125,1,177.68,177.68,112.0125,13,110.0,61.0,70.81666666666666,0.0,0.0,0.0,0,0.0,13.0,0.008848578697046786
13301,0,42.03819444444444,2,327.77,163.885,111.98402777777778,40,94.5,70.0,70.0,0.0,0.0,0.0,1,0.0,20.0,0.017701617116480328
14803,0,95.02638888888889,2,730.79,365.395,111.97847222222222,15,132.0,17.0,17.0,0.0,0.0,0.0,1,0.0,7.5,0.01770248756830517
13744,0,111.94583333333334,1,817.3199999999999,817.3199999999999,111.94583333333334,44,899.0,61.0,70.81666666666666,0.0,0.0,0.0,0,0.0,44.0,0.008853801601062456
12988,1,111.92986111111111,1,505.82,505.82,111.92986111111111,75,126.0,61.0,70.81666666666666,0.0,0.0,0.0,0,0.0,75.0,0.008855053837497464
12707,1,111.175,1,603.42,603.42,111.175,33,256.0,61.0,70.81666666666666,0.0,0.0,0.0,0,0.0,33.0,0.008914642299977713
18155,0,111.09305555555555,1,113.93,113.93,111.09305555555555,8,91.0,61.0,70.81666666666666,0.0,0.0,0.0,0,0.0,8.0,0.008921159255083203
15146,0,110.98819444444445,1,834.22,834.22,110.98819444444445,63,914.0,61.0,70.81666666666666,1.0,14.0,13.5,0,1.0,63.0,0.00892951265944451
12365,1,110.9486111111111,2,641.38,320.69,110.9576388888889,22,87.0,61.0,70.81666666666666,1.0,1.0,320.69,0,0.5,11.0,0.017863899416321896
14520,0,110.14930555555556,1,165.0,165.0,110.14930555555556,1,100.0,61.0,70.81666666666666,0.0,0.0,0.0,0,0.0,1.0,0.008996907313111117
13038,0,3.0965277777777778,2,591.76,295.88,110.04652777777778,22,140.0,107.0,107.0,0.0,0.0,0.0,1,0.0,11.0,0.018010468584864953
16349,1,110.00694444444444,1,53.5,53.5,110.00694444444444,9,9.0,61.0,70.81666666666666,0.0,0.0,0.0,0,0.0,9.0,0.00900844541757898
18114,1,109.97916666666667,1,220.1,220.1,109.97916666666667,28,55.0,61.0,70.81666666666666,0.0,0.0,0.0,0,0.0,28.0,0.009010700206495213
12845,1,86.96944444444445,4,354.09,88.5225,109.94444444444444,26,51.0,2.0,7.666666666666667,0.0,0.0,0.0,1,0.0,6.5,0.03605408112168253
16573,0,109.9,1,292.63,292.63,109.9,16,111.0,61.0,70.81666666666666,1.0,5.0,10.25,0,1.0,16.0,0.009017132551848512
13184,0,4.008333333333334,5,919.97,183.994,109.80902777777777,76,188.4,28.0,26.5,1.0,6.0,22.5,1,0.2,15.2,0.04512267727885188
15397,1,109.14236111111111,1,94.0,94.0,109.14236111111111,6,20.0,61.0,70.81666666666666,0.0,0.0,0.0,0,0.0,6.0,0.0090791589168059
16394,0,67.91597222222222,2,619.3,309.65,109.07777777777778,47,384.0,41.0,41.0,1.0,22.0,11.82,1,0.5,23.5,0.018168971434339355
17711,0,109.05416666666666,1,220.53000000000003,220.53000000000003,109.05416666666666,13,107.0,61.0,70.81666666666666,0.0,0.0,0.0,0,0.0,13.0,0.009086434710180594
13865,0,6.198611111111111,2,282.52,141.26,109.03194444444445,17,50.0,103.0,103.0,0.0,0.0,0.0,1,0.0,8.5,0.018176539641265792
14289,0,18.91875,3,594.22,198.07333333333335,109.01180555555555,30,71.33333333333333,45.0,45.0,0.0,0.0,0.0,1,0.0,10.0,0.027269800589583188
13149,0,108.95347222222222,1,376.74,376.74,108.95347222222222,18,276.0,61.0,70.81666666666666,0.0,0.0,0.0,0,0.0,18.0,0.009094755988959978
18068,1,108.91666666666667,1,101.69999999999999,101.69999999999999,108.91666666666667,1,6.0,61.0,70.81666666666666,0.0,0.0,0.0,0,0.0,1.0,0.009097801364670205
15932,0,34.00763888888889,4,1273.25,318.3125,108.91666666666667,44,219.75,27.0,25.0,2.0,9.0,12.77,1,0.5,11.0,0.03639120545868082
15974,0,3.915277777777778,4,2054.85,513.7125,108.11111111111111,90,325.0,27.0,34.666666666666664,1.0,6.0,12.600000000000001,1,0.25,22.5,0.03665987780040733
17830,0,81.04583333333333,2,287.65000000000003,143.825,108.10763888888889,15,32.5,27.0,27.0,0.0,0.0,0.0,1,0.0,7.5,0.018330522228940587
12565,1,108.09444444444445,1,145.92,145.92,108.09444444444445,9,80.0,61.0,70.81666666666666,1.0,5.0,14.75,0,1.0,9.0,0.00916636960839232
14880,0,4.9743055555555555,2,347.67,173.83499999999998,108.01597222222222,25,118.5,103.0,103.0,0.0,0.0,0.0,1,0.0,12.5,0.018345935547161157
15121,0,108.00625,1,295.15,295.15,108.00625,18,125.0,61.0,70.81666666666666,0.0,0.0,0.0,0,0.0,18.0,0.009173785906771401
17117,1,107.95555555555555,1,116.19999999999999,116.19999999999999,107.95555555555555,9,68.0,61.0,70.81666666666666,0.0,0.0,0.0,0,0.0,9.0,0.009178054252498472
13751,1,107.87083333333334,1,296.25,296.25,107.87083333333334,9,152.0,61.0,70.81666666666666,0.0,0.0,0.0,0,0.0,9.0,0.009185196524933981
13345,1,107.15902777777778,1,389.5,389.5,107.15902777777778,20,141.0,61.0,70.81666666666666,1.0,2.0,11.899999999999999,0,1.0,20.0,0.009245645236887557
13973,1,106.8951388888889,1,264.7,264.7,106.8951388888889,11,109.0,61.0,70.81666666666666,0.0,0.0,0.0,0,0.0,11.0,0.009268258146734548
13493,1,94.88541666666667,2,618.63,309.315,106.83888888888889,6,190.0,12.0,12.0,0.0,0.0,0.0,1,0.0,3.0,0.018546185152748442
13261,1,88.01944444444445,2,944.1,472.05,105.08958333333334,8,105.0,17.0,17.0,0.0,0.0,0.0,1,0.0,4.0,0.01885199222355321
16598,1,105.04722222222222,1,145.04999999999998,145.04999999999998,105.04722222222222,10,73.0,61.0,70.81666666666666,1.0,3.0,4.35,0,1.0,10.0,0.009429761374649659
13630,0,3.9541666666666666,3,1051.84,350.6133333333333,105.00069444444445,46,237.0,50.5,50.5,1.0,3.0,14.4,1,0.3333333333333333,15.333333333333334,0.028301701377742544
13636,0,72.02847222222222,3,541.45,180.48333333333335,104.93125,32,101.0,16.5,16.5,1.0,6.0,7.5,1,0.3333333333333333,10.666666666666666,0.02832025488229394
12781,0,104.17152777777778,1,549.26,549.26,104.17152777777778,15,346.0,61.0,70.81666666666666,1.0,39.0,57.51,0,1.0,15.0,0.009508276822914948
14036,1,104.14166666666667,1,626.65,626.65,104.14166666666667,38,268.0,61.0,70.81666666666666,0.0,0.0,0.0,0,0.0,38.0,0.009510977252912736
13675,0,104.025,1,308.44,308.44,104.025,15,204.0,61.0,70.81666666666666,0.0,0.0,0.0,0,0.0,15.0,0.00952154248988336
16667,0,103.99513888888889,1,200.4,200.4,103.99513888888889,20,77.0,61.0,70.81666666666666,0.0,0.0,0.0,0,0.0,20.0,0.009524250461330881
16187,0,22.946527777777778,7,2564.64,366.3771428571428,103.96944444444445,89,220.71428571428572,22.0,27.0,0.0,0.0,0.0,1,0.0,12.714285714285714,0.06668607266664903
16339,1,103.96458333333334,1,94.05,94.05,103.96458333333334,17,21.0,61.0,70.81666666666666,0.0,0.0,0.0,0,0.0,17.0,0.009527023003790961
12509,1,103.92013888888889,1,176.5,176.5,103.92013888888889,7,55.0,61.0,70.81666666666666,0.0,0.0,0.0,0,0.0,7.0,0.009531058675579972
14046,1,103.91805555555555,1,154.99,154.99,103.91805555555555,14,460.0,61.0,70.81666666666666,0.0,0.0,0.0,0,0.0,14.0,0.009531247931586821
16427,1,82.81944444444444,2,241.06,120.53,103.89722222222223,8,78.0,21.0,21.0,0.0,0.0,0.0,1,0.0,4.0,0.019066281810237534
14056,0,3.8305555555555557,11,3653.83,332.16636363636366,103.89652777777778,238,185.63636363636363,8.0,10.0,1.0,3.0,7.95,1,0.09090909090909091,21.636363636363637,0.10486524418904873
15656,0,40.02291666666667,2,306.86,153.43,103.8875,19,50.0,64.0,64.0,0.0,0.0,0.0,1,0.0,9.5,0.01906804910022643
17462,0,103.82569444444445,1,463.40999999999997,463.40999999999997,103.82569444444445,14,155.0,61.0,70.81666666666666,0.0,0.0,0.0,0,0.0,14.0,0.009539645840648165
14620,1,25.03611111111111,2,412.78000000000003,206.39,103.18055555555556,26,107.0,78.0,78.0,1.0,26.0,19.5,1,0.5,13.0,0.019197440341287828
16462,0,5.071527777777778,2,68.0,34.0,103.16111111111111,1,4.0,98.0,98.0,0.0,0.0,0.0,1,0.0,0.5,0.019201024054616246
12428,0,62.11527777777778,6,6310.54,1051.7566666666667,103.13680555555555,228,462.1666666666667,12.0,13.666666666666666,2.0,32.0,74.31,1,0.3333333333333333,38.0,0.057616516734797306
15676,0,103.1048611111111,1,897.8,897.8,103.1048611111111,61,555.0,61.0,70.81666666666666,1.0,4.0,20.4,0,1.0,61.0,0.009605699381633102
12679,0,25.022222222222222,2,906.38,453.19,103.01666666666667,43,203.5,78.0,78.0,1.0,15.0,37.25,1,0.5,21.5,0.01922768787053357
15319,1,103.00138888888888,1,204.5,204.5,103.00138888888888,16,175.0,61.0,70.81666666666666,0.0,0.0,0.0,0,0.0,16.0,0.009615256206514336
16389,0,24.95486111111111,2,670.17,335.085,102.87708333333333,16,153.5,78.0,78.0,0.0,0.0,0.0,1,0.0,8.0,0.019253524798941057
15733,1,102.15625,1,162.3,162.3,102.15625,10,62.0,61.0,70.81666666666666,0.0,0.0,0.0,0,0.0,10.0,0.00969403211148137
16678,0,17.175,5,1266.65,253.33,102.14305555555555,52,160.2,21.5,21.25,1.0,2.0,2.5,1,0.2,10.4,0.04847636104116451
12834,1,102.12569444444445,1,312.38,312.38,102.12569444444445,18,110.0,61.0,70.81666666666666,0.0,0.0,0.0,0,0.0,18.0,0.009696904397950182
17770,1,18.011111111111113,5,1143.27,228.654,101.96875,33,73.0,14.0,28.0,0.0,0.0,0.0,1,0.0,6.6,0.048558421851289835
14473,0,101.95416666666667,1,85.0,85.0,101.95416666666667,1,10.0,61.0,70.81666666666666,0.0,0.0,0.0,0,0.0,1.0,0.0097130600186167
15104,1,16.014583333333334,2,993.54,496.77,101.94027777777778,66,317.5,86.0,86.0,0.0,0.0,0.0,1,0.0,33.0,0.019428741044564674
15643,1,11.216666666666667,3,664.0,221.33333333333334,101.92777777777778,31,82.0,91.0,91.0,2.0,2.0,8.3,1,0.6666666666666666,10.333333333333334,0.029146650833918066
16217,1,54.97152777777778,2,304.25,152.125,101.89027777777778,13,45.5,47.0,47.0,2.0,15.0,44.86,1,1.0,6.5,0.01943818252993345
16957,1,58.954166666666666,2,416.64,208.32,101.14236111111111,15,86.0,42.0,42.0,0.0,0.0,0.0,1,0.0,7.5,0.019580514668389025
15087,1,101.09444444444445,1,306.94,306.94,101.09444444444445,15,470.0,61.0,70.81666666666666,0.0,0.0,0.0,0,0.0,15.0,0.009794852260978397
17856,0,52.984027777777776,3,1142.63,380.8766666666666,101.04861111111111,6,192.33333333333334,24.0,24.0,2.0,16.0,24.240000000000002,1,0.6666666666666666,2.0,0.029397754338210274
15053,0,101.03055555555555,1,222.65,222.65,101.03055555555555,19,257.0,61.0,70.81666666666666,0.0,0.0,0.0,0,0.0,19.0,0.009800985543546324
17652,0,2.829861111111111,4,1629.4,407.35,100.94791666666667,68,207.0,43.0,32.666666666666664,1.0,14.0,4.34,1,0.25,17.0,0.039235720854194335
12541,0,100.1375,1,312.4,312.4,100.1375,17,288.0,61.0,70.81666666666666,0.0,0.0,0.0,0,0.0,17.0,0.009887529353602768
15220,0,23.053472222222222,3,858.1899999999999,286.06333333333333,100.10138888888889,53,261.0,38.5,38.5,1.0,16.0,20.04,1,0.3333333333333333,17.666666666666668,0.02967318286098938
16449,1,17.100694444444443,2,707.69,353.845,100.02430555555556,40,183.5,83.0,83.0,1.0,8.0,33.0,1,0.5,20.0,0.01979721601649768
14995,0,99.98333333333333,1,119.31,119.31,99.98333333333333,37,51.0,61.0,70.81666666666666,0.0,0.0,0.0,0,0.0,37.0,0.009902624195411784
12584,0,4.993055555555555,2,622.74,311.37,99.89930555555556,23,57.5,95.0,95.0,1.0,2.0,9.9,1,0.5,11.5,0.01982174197322688
17535,1,99.89583333333333,1,164.4,164.4,99.89583333333333,13,136.0,61.0,70.81666666666666,0.0,0.0,0.0,0,0.0,13.0,0.00991121205864134
14903,0,19.98125,3,1796.93,598.9766666666667,98.04166666666667,156,307.3333333333333,39.0,39.0,4.0,44.0,60.2,1,1.3333333333333333,52.0,0.030290281867900715
18211,0,98.02847222222222,1,137.9,137.9,98.02847222222222,8,56.0,61.0,70.81666666666666,0.0,0.0,0.0,0,0.0,8.0,0.010098105903885667
14504,0,62.86736111111111,3,542.71,180.90333333333334,97.925,81,87.66666666666667,17.5,17.5,0.0,0.0,0.0,1,0.0,27.0,0.030326004548900682
15554,1,97.15972222222223,1,217.2,217.2,97.15972222222223,14,74.0,61.0,70.81666666666666,0.0,0.0,0.0,0,0.0,14.0,0.010187477891758046
12614,1,97.10277777777777,1,315.6,315.6,97.10277777777777,20,76.0,61.0,70.81666666666666,0.0,0.0,0.0,0,0.0,20.0,0.010193391284650452
13344,0,97.09861111111111,1,1656.15,1656.15,97.09861111111111,68,599.0,61.0,70.81666666666666,0.0,0.0,0.0,0,0.0,68.0,0.01019382424148037
16621,0,35.08819444444445,2,490.7,245.35000000000002,97.05416666666666,14,71.0,62.0,62.0,0.0,0.0,0.0,1,0.0,7.0,0.02039688947435516
14214,0,97.01666666666667,1,638.65,638.65,97.01666666666667,37,313.0,61.0,70.81666666666666,2.0,3.0,4.15,0,2.0,37.0,0.010202346539704131
14012,1,97.01666666666667,1,328.8,328.8,97.01666666666667,11,160.0,61.0,70.81666666666666,0.0,0.0,0.0,0,0.0,11.0,0.010202346539704131
17654,1,96.98125,1,117.55,117.55,96.98125,22,41.0,61.0,70.81666666666666,0.0,0.0,0.0,0,0.0,22.0,0.010206034317790394
16517,1,96.95833333333333,1,162.7,162.7,96.95833333333333,17,96.0,61.0,70.81666666666666,0.0,0.0,0.0,0,0.0,17.0,0.010208421948107189
15234,1,96.16458333333334,1,197.0,197.0,96.16458333333334,14,196.0,61.0,70.81666666666666,0.0,0.0,0.0,0,0.0,14.0,0.010291815862261198
15806,0,96.14305555555555,1,300.36,300.36,96.14305555555555,16,274.0,61.0,70.81666666666666,0.0,0.0,0.0,0,0.0,16.0,0.010294096621534679
14586,1,96.11527777777778,1,237.36,237.36,96.11527777777778,19,444.0,61.0,70.81666666666666,2.0,208.0,103.2,0,2.0,19.0,0.01029704103084822
14407,0,25.01527777777778,2,1002.6800000000001,501.34000000000003,96.03541666666666,33,208.0,71.0,71.0,2.0,2.0,29.7,1,1.0,16.5,0.02061103119565451
13908,0,34.10138888888889,2,831.11,415.555,96.03194444444445,49,279.0,62.0,62.0,1.0,8.0,22.5,1,0.5,24.5,0.020611768747405636
14730,0,52.08263888888889,3,529.3,176.4333333333333,96.00069444444445,80,104.0,22.0,22.0,0.0,0.0,0.0,1,0.0,26.666666666666668,0.030927613633923007
14367,0,3.9902777777777776,8,4116.77,514.59625,95.94305555555556,183,234.125,24.5,23.0,2.0,25.0,83.75,1,0.25,22.875,0.08252267224458802
16426,0,95.87847222222223,1,328.37,328.37,95.87847222222223,11,157.0,61.0,70.81666666666666,0.0,0.0,0.0,0,0.0,11.0,0.010322210673452565
16495,0,95.84097222222222,2,246.51,123.255,95.84166666666667,32,83.0,61.0,70.81666666666666,0.0,0.0,0.0,0,0.0,16.0,0.020652267446863437
14336,0,17.920833333333334,3,1114.39,371.46333333333337,95.83472222222223,53,329.6666666666667,39.0,39.0,0.0,0.0,0.0,1,0.0,17.666666666666668,0.030980622767889158
15206,0,95.16041666666666,1,17.700000000000003,17.700000000000003,95.16041666666666,1,6.0,61.0,70.81666666666666,0.0,0.0,0.0,0,0.0,1.0,0.010399289381892237
12881,1,95.04583333333333,1,298.0,298.0,95.04583333333333,7,21.0,61.0,70.81666666666666,0.0,0.0,0.0,0,0.0,7.0,0.010411695804954232
16572,0,95.03194444444445,1,342.58,342.58,95.03194444444445,21,202.0,61.0,70.81666666666666,0.0,0.0,0.0,0,0.0,21.0,0.010413201625616476
14165,1,95.00763888888889,1,120.44,120.44,95.00763888888889,23,53.0,61.0,70.81666666666666,0.0,0.0,0.0,0,0.0,23.0,0.010415837860123978
15632,0,1.8840277777777779,4,1556.66,389.165,94.18125,55,208.0,28.0,30.666666666666668,1.0,2.0,15.9,1,0.25,13.75,0.042025083721846476
14297,0,94.17986111111111,1,232.6,232.6,94.17986111111111,11,78.0,61.0,70.81666666666666,0.0,0.0,0.0,0,0.0,11.0,0.010506424240655484
13899,0,94.13888888888889,1,298.5,298.5,94.13888888888889,15,122.0,61.0,70.81666666666666,0.0,0.0,0.0,0,0.0,15.0,0.01051094890510949
18183,1,46.891666666666666,2,632.07,316.035,94.1125,36,185.5,47.0,47.0,4.0,9.0,31.55,1,2.0,18.0,0.021027730319358656
14603,1,94.09930555555556,1,660.0,660.0,94.09930555555556,2,400.0,61.0,70.81666666666666,0.0,0.0,0.0,0,0.0,2.0,0.010515323893882857
15308,1,93.9875,1,310.47,310.47,93.9875,19,175.0,61.0,70.81666666666666,1.0,2.0,8.2,0,1.0,19.0,0.010527701013291223
18086,1,93.96944444444445,1,101.34,101.34,93.96944444444445,7,106.0,61.0,70.81666666666666,0.0,0.0,0.0,0,0.0,7.0,0.01052970253590336
16778,0,93.8951388888889,1,93.18,93.18,93.8951388888889,5,66.0,61.0,70.81666666666666,0.0,0.0,0.0,0,0.0,5.0,0.010537947588346785
16808,0,93.73958333333333,1,166.5,166.5,93.73958333333333,19,116.0,61.0,70.81666666666666,0.0,0.0,0.0,0,0.0,19.0,0.010555250137438153
16475,0,93.13263888888889,1,310.0,310.0,93.13263888888889,20,192.0,61.0,70.81666666666666,0.0,0.0,0.0,0,0.0,20.0,0.010623307832476336
13265,0,3.140277777777778,3,1450.66,483.55333333333334,93.12222222222222,44,375.3333333333333,45.0,45.0,0.0,0.0,0.0,1,0.0,14.666666666666666,0.03187345059615158
12520,0,24.134027777777778,3,1697.56,565.8533333333334,93.05208333333333,94,315.0,34.5,34.5,1.0,9.0,51.75,1,0.3333333333333333,31.333333333333332,0.03189722006866763
15049,1,93.02569444444444,1,121.17000000000002,121.17000000000002,93.02569444444444,3,63.0,61.0,70.81666666666666,0.0,0.0,0.0,0,0.0,3.0,0.010635390739824368
16766,1,92.89444444444445,2,1145.6,572.8,92.96944444444445,17,268.0,61.0,70.81666666666666,0.0,0.0,0.0,0,0.0,8.5,0.021283514144668773
16801,0,12.066666666666666,3,1453.38,484.46000000000004,92.95416666666667,70,159.33333333333334,40.5,40.5,1.0,186.0,751.9,1,0.3333333333333333,23.333333333333332,0.0319304625482283
17164,0,32.140277777777776,2,943.22,471.61,92.93333333333334,49,301.0,61.0,61.0,0.0,0.0,0.0,1,0.0,24.5,0.021291696238467
13043,1,92.91527777777777,1,516.42,516.42,92.91527777777777,13,254.0,61.0,70.81666666666666,1.0,3.0,44.849999999999994,0,1.0,13.0,0.010647894822461142
14352,0,54.18958333333333,2,845.32,422.65999999999997,92.91111111111111,35,205.0,39.0,39.0,0.0,0.0,0.0,1,0.0,17.5,0.02129673450070989
13956,0,62.86527777777778,2,290.32,145.16,90.99930555555555,49,66.0,28.0,28.0,0.0,0.0,0.0,1,0.0,24.5,0.021739294529699048
13708,1,90.96111111111111,1,285.33,285.33,90.96111111111111,49,301.0,61.0,70.81666666666666,0.0,0.0,0.0,0,0.0,49.0,0.010874161783362533
15671,0,62.045138888888886,3,1033.13,344.3766666666667,90.13402777777777,41,187.0,14.0,14.0,2.0,2.0,17.0,1,0.6666666666666666,13.666666666666666,0.0329185494502145
16871,0,30.045833333333334,4,2037.82,509.455,90.09652777777778,104,215.25,30.0,30.0,1.0,3.0,50.849999999999994,1,0.25,26.0,0.04390946721655143
12901,0,3.995138888888889,12,8061.8,671.8166666666667,90.08958333333334,22,682.5833333333334,12.0,10.75,3.0,1296.0,219.35999999999999,1,0.25,1.8333333333333333,0.1317384442970519
15388,1,89.95625,1,140.54,140.54,89.95625,10,88.0,61.0,70.81666666666666,0.0,0.0,0.0,0,0.0,10.0,0.010994296708582423
16804,0,89.87638888888888,1,118.05,118.05,89.87638888888888,19,34.0,61.0,70.81666666666666,0.0,0.0,0.0,0,0.0,19.0,0.011003958368357507
13499,0,44.91041666666667,2,463.79,231.895,89.16527777777777,18,132.5,44.0,44.0,1.0,6.0,9.2,1,0.5,9.0,0.022181487700056995
15047,1,89.08402777777778,1,343.62,343.62,89.08402777777778,22,222.0,61.0,70.81666666666666,0.0,0.0,0.0,0,0.0,22.0,0.011100746987766051
15106,0,31.172916666666666,2,778.45,389.225,88.99861111111112,51,280.0,58.0,58.0,0.0,0.0,0.0,1,0.0,25.5,0.022222565163042638
13716,1,88.95902777777778,1,138.28,138.28,88.95902777777778,21,138.0,61.0,70.81666666666666,0.0,0.0,0.0,0,0.0,21.0,0.011116171713974726
13121,1,88.83541666666666,1,283.73,283.73,88.83541666666666,50,252.0,61.0,70.81666666666666,1.0,25.0,29.0,0,1.0,50.0,0.01113146726652907
16297,1,88.18125,1,301.9,301.9,88.18125,20,206.0,61.0,70.81666666666666,3.0,26.0,26.499999999999996,0,3.0,20.0,0.011213119349639077
12994,0,88.17986111111111,1,352.6,352.6,88.17986111111111,22,166.0,61.0,70.81666666666666,1.0,7.0,36.2,0,1.0,22.0,0.011213293982977598
16152,1,88.12708333333333,1,1829.04,1829.04,88.12708333333333,29,642.0,61.0,70.81666666666666,0.0,0.0,0.0,0,0.0,29.0,0.011219934082887264
14636,0,88.12361111111112,1,300.19,300.19,88.12361111111112,16,117.0,61.0,70.81666666666666,0.0,0.0,0.0,0,0.0,16.0,0.011220371207280774
13358,1,88.04027777777777,1,439.03,439.03,88.04027777777777,29,285.0,61.0,70.81666666666666,0.0,0.0,0.0,0,0.0,29.0,0.011230872420408992
12597,0,2.8652777777777776,2,1428.81,714.405,87.95138888888889,72,337.5,85.0,85.0,0.0,0.0,0.0,1,0.0,36.0,0.0224841908033414
12955,0,23.127083333333335,3,697.42,232.47333333333333,87.15763888888888,27,182.66666666666666,32.0,32.0,0.0,0.0,0.0,1,0.0,9.0,0.03402994950648696
13185,1,87.0375,1,71.4,71.4,87.0375,1,12.0,61.0,70.81666666666666,0.0,0.0,0.0,0,0.0,1.0,0.011358795967627433
13216,1,87.02222222222223,1,333.74,333.74,87.02222222222223,5,297.0,61.0,70.81666666666666,0.0,0.0,0.0,0,0.0,5.0,0.011360767482958849
13533,1,2.0388888888888888,3,269.09,89.69666666666666,87.00208333333333,61,67.33333333333333,85.0,85.0,0.0,0.0,0.0,1,0.0,20.333333333333332,0.03409010203356928
13268,0,18.052777777777777,5,1810.34,362.068,86.97916666666667,199,438.6,17.0,17.25,3.0,21.0,38.85,1,0.6,39.8,0.05683163627752782
15433,1,33.08680555555556,2,533.3,266.65,86.94305555555556,40,267.0,54.0,54.0,0.0,0.0,0.0,1,0.0,20.0,0.022741988976452566
16216,1,86.8861111111111,1,914.9300000000001,914.9300000000001,86.8861111111111,37,254.0,61.0,70.81666666666666,0.0,0.0,0.0,0,0.0,37.0,0.011378362147981921
16976,1,86.84513888888888,1,251.51999999999998,251.51999999999998,86.84513888888888,2,88.0,61.0,70.81666666666666,0.0,0.0,0.0,0,0.0,2.0,0.011383669177925168
13631,0,21.099305555555556,4,1330.0,332.5,86.81736111111111,3,47.0,33.0,33.0,0.0,0.0,0.0,1,0.0,0.75,0.04554907992440118
15648,1,23.872916666666665,2,639.5,319.75,86.74375,23,109.0,63.0,63.0,2.0,8.0,57.45,1,1.0,11.5,0.02279364627110193
17725,0,11.918055555555556,4,1269.63,317.4075,86.71041666666666,53,171.25,23.0,25.0,2.0,20.0,53.0,1,0.5,13.25,0.045604617467518586
13072,1,86.19305555555556,1,177.15,177.15,86.19305555555556,7,69.0,61.0,70.81666666666666,0.0,0.0,0.0,0,0.0,7.0,0.011468803262237372
14059,1,86.1138888888889,1,183.6,183.6,86.1138888888889,8,128.0,61.0,70.81666666666666,0.0,0.0,0.0,0,0.0,8.0,0.011479225789993941
16672,0,4.009722222222222,10,4154.34,415.434,86.10763888888889,22,156.6,9.0,10.25,1.0,18.0,26.099999999999998,1,0.1,2.2,0.11480049427990593
14066,1,86.0201388888889,1,152.55,152.55,86.0201388888889,7,45.0,61.0,70.81666666666666,0.0,0.0,0.0,0,0.0,7.0,0.01149159278264131
16626,0,4.083333333333333,2,1391.8799999999999,695.94,86.01597222222222,68,377.0,82.0,82.0,1.0,1.0,2.1,1,0.5,34.0,0.02298428609051659
15019,1,86.01041666666667,1,252.81,252.81,86.01041666666667,64,150.0,61.0,70.81666666666666,0.0,0.0,0.0,0,0.0,64.0,0.011492876810726685
14041,1,85.97569444444444,1,141.41,141.41,85.97569444444444,21,94.0,61.0,70.81666666666666,0.0,0.0,0.0,0,0.0,21.0,0.011497464968661424
17060,1,85.97430555555556,1,234.24,234.24,85.97430555555556,5,216.0,61.0,70.81666666666666,0.0,0.0,0.0,0,0.0,5.0,0.01149764857117763
16023,0,11.938194444444445,2,500.69,250.34500000000003,85.97083333333333,59,113.5,74.0,74.0,0.0,0.0,0.0,1,0.0,29.5,0.022996215206247304
12878,1,55.988194444444446,2,854.99,427.495,85.95,38,273.5,30.0,30.0,0.0,0.0,0.0,1,0.0,19.0,0.0230017251293847
14155,1,85.94236111111111,1,118.75,118.75,85.94236111111111,6,25.0,61.0,70.81666666666666,0.0,0.0,0.0,0,0.0,6.0,0.011501873048076231
14633,1,85.82152777777777,1,344.90000000000003,344.90000000000003,85.82152777777777,20,96.0,61.0,70.81666666666666,0.0,0.0,0.0,0,0.0,20.0,0.01151788070994937
15703,1,84.0826388888889,1,211.5,211.5,84.0826388888889,5,66.0,61.0,70.81666666666666,0.0,0.0,0.0,0,0.0,5.0,0.011753279083244231
14071,0,79.97361111111111,2,356.81,178.405,84.05347222222223,22,147.5,4.0,4.0,1.0,95.0,131.41,1,0.5,11.0,0.02351461907133584
17795,0,84.03333333333333,1,155.69,155.69,84.03333333333333,15,155.0,61.0,70.81666666666666,0.0,0.0,0.0,0,0.0,15.0,0.011760094080752646
12902,1,84.03055555555555,1,138.68,138.68,84.03055555555555,10,66.0,61.0,70.81666666666666,0.0,0.0,0.0,0,0.0,10.0,0.011760478259449219
14232,0,6.151388888888889,2,1003.97,501.985,84.00416666666666,52,404.5,78.0,78.0,2.0,3.0,2.4899999999999998,1,1.0,26.0,0.023528258418704966
12407,0,55.017361111111114,2,495.96,247.98000000000002,83.97847222222222,23,209.5,29.0,29.0,0.0,0.0,0.0,1,0.0,11.5,0.023535372520818183
16728,0,56.07361111111111,2,326.93,163.465,83.97361111111111,82,105.0,28.0,28.0,0.0,0.0,0.0,1,0.0,41.0,0.023536718916003334
13592,0,25.150694444444444,3,205.51,68.50333333333333,83.95069444444445,12,23.666666666666668,29.5,29.5,0.0,0.0,0.0,1,0.0,4.0,0.03531460242460904
15408,1,83.90833333333333,1,267.18,267.18,83.90833333333333,34,106.0,61.0,70.81666666666666,0.0,0.0,0.0,0,0.0,34.0,0.01177740700755717
14223,0,83.86666666666666,1,304.9,304.9,83.86666666666666,18,130.0,61.0,70.81666666666666,1.0,2.0,15.9,0,1.0,18.0,0.011783189316575021
13934,1,83.17430555555555,1,922.1,922.1,83.17430555555555,31,390.0,61.0,70.81666666666666,0.0,0.0,0.0,0,0.0,31.0,0.011880109891016493
15669,0,83.15069444444444,1,198.8,198.8,83.15069444444444,11,64.0,61.0,70.81666666666666,0.0,0.0,0.0,0,0.0,11.0,0.01188344322767522
18224,1,83.09722222222223,1,158.95000000000002,158.95000000000002,83.09722222222223,10,69.0,61.0,70.81666666666666,0.0,0.0,0.0,0,0.0,10.0,0.011890999174236168
14245,1,39.173611111111114,2,1693.45,846.725,83.08958333333334,107,488.0,44.0,44.0,2.0,3.0,11.85,1,1.0,53.5,0.023784158759259717
14632,1,82.1673611111111,1,114.56,114.56,82.1673611111111,8,96.0,61.0,70.81666666666666,0.0,0.0,0.0,0,0.0,8.0,0.012023947695827524
15132,0,19.164583333333333,2,489.87,244.935,82.03333333333333,24,188.5,63.0,63.0,0.0,0.0,0.0,1,0.0,12.0,0.024086712163789645
17272,0,18.961111111111112,2,1409.44,704.72,82.03125,59,580.5,63.0,63.0,1.0,2.0,4.1,1,0.5,29.5,0.024087316522393678
14711,0,4.986111111111111,6,1596.3,266.05,81.97083333333333,138,112.33333333333333,16.0,15.4,1.0,12.0,30.599999999999998,1,0.16666666666666666,23.0,0.07231456837242003
14377,1,10.970833333333333,2,617.05,308.525,81.96666666666667,11,109.5,71.0,71.0,0.0,0.0,0.0,1,0.0,5.5,0.024106066693451184
15457,1,81.88819444444445,1,237.07,237.07,81.88819444444445,56,132.0,61.0,70.81666666666666,0.0,0.0,0.0,0,0.0,56.0,0.012064444239646779
16721,1,81.8625,1,292.47,292.47,81.8625,37,172.0,61.0,70.81666666666666,0.0,0.0,0.0,0,0.0,37.0,0.012068185246643536
17733,0,81.12222222222222,1,216.95000000000002,216.95000000000002,81.12222222222222,12,87.0,61.0,70.81666666666666,0.0,0.0,0.0,0,0.0,12.0,0.012176971992964417
17102,1,81.1125,1,25.5,25.5,81.1125,1,2.0,61.0,70.81666666666666,0.0,0.0,0.0,0,0.0,1.0,0.01217841376160755
15449,0,4.838888888888889,2,647.7,323.85,81.08819444444444,30,258.0,76.0,76.0,1.0,1.0,1.65,1,0.5,15.0,0.024364039354691346
12818,1,81.03055555555555,1,1542.08,1542.08,81.03055555555555,14,929.0,61.0,70.81666666666666,0.0,0.0,0.0,0,0.0,14.0,0.012190579391148286
12604,0,81.03055555555555,1,178.5,178.5,81.03055555555555,10,137.0,61.0,70.81666666666666,0.0,0.0,0.0,0,0.0,10.0,0.012190579391148286
13132,1,81.00416666666666,1,77.3,77.3,81.00416666666666,3,20.0,61.0,70.81666666666666,0.0,0.0,0.0,0,0.0,3.0,0.012194502311874397
17486,1,80.95138888888889,1,396.87,396.87,80.95138888888889,24,191.0,61.0,70.81666666666666,0.0,0.0,0.0,0,0.0,24.0,0.012202355732565038
12564,1,80.91319444444444,1,456.9,456.9,80.91319444444444,21,133.0,61.0,70.81666666666666,0.0,0.0,0.0,0,0.0,21.0,0.012208045441058031
15644,0,75.89097222222222,3,423.19,141.06333333333333,80.88402777777777,85,93.0,5.0,5.0,0.0,0.0,0.0,1,0.0,28.333333333333332,0.03663718165087819
17250,0,80.83680555555556,1,162.65,162.65,80.83680555555556,23,70.0,61.0,70.81666666666666,0.0,0.0,0.0,0,0.0,23.0,0.012219440790869363
13341,1,80.125,1,775.85,775.85,80.125,42,301.0,61.0,70.81666666666666,0.0,0.0,0.0,0,0.0,42.0,0.012326656394453005
17698,1,80.05277777777778,1,154.95,154.95,80.05277777777778,8,93.0,61.0,70.81666666666666,0.0,0.0,0.0,0,0.0,8.0,0.012337640083621784
14267,0,79.99861111111112,2,836.36,418.18,80.05,15,140.0,61.0,70.81666666666666,4.0,15.0,47.25,0,2.0,7.5,0.024676125848241828
16022,1,79.98194444444445,1,602.63,602.63,79.98194444444445,68,255.0,61.0,70.81666666666666,0.0,0.0,0.0,0,0.0,68.0,0.012348431577683639
16063,1,79.9125,1,335.32,335.32,79.91319444444444,23,262.0,61.0,70.81666666666666,0.0,0.0,0.0,0,0.0,23.0,0.012358923743723984
15178,1,79.90138888888889,1,40.5,40.5,79.90138888888889,3,30.0,61.0,70.81666666666666,0.0,0.0,0.0,0,0.0,3.0,0.01236072722278494
14348,1,79.85208333333334,1,409.57,409.57,79.85208333333334,18,183.0,61.0,70.81666666666666,0.0,0.0,0.0,0,0.0,18.0,0.012368265093148496
15815,0,31.897916666666667,3,1394.08,464.6933333333333,79.17152777777778,12,356.0,23.5,23.5,0.0,0.0,0.0,1,0.0,4.0,0.03741976837856332
17979,0,79.02986111111112,2,231.67,115.83500000000001,79.05277777777778,53,39.5,61.0,70.81666666666666,1.0,2.0,19.9,0,0.5,26.5,0.02498351781810611
12545,0,79.03194444444445,1,628.15,628.15,79.03194444444445,34,346.0,61.0,70.81666666666666,0.0,0.0,0.0,0,0.0,34.0,0.012495010672821615
14536,1,79.0201388888889,1,170.95,170.95,79.0201388888889,18,39.0,61.0,70.81666666666666,0.0,0.0,0.0,0,0.0,18.0,0.012496854090550121
17946,1,52.826388888888886,2,149.57999999999998,74.78999999999999,78.92777777777778,18,37.5,26.0,26.0,0.0,0.0,0.0,1,0.0,9.0,0.02502258983804824
13743,0,36.92916666666667,2,353.15999999999997,176.57999999999998,78.91944444444445,7,210.0,42.0,42.0,0.0,0.0,0.0,1,0.0,3.5,0.02502519898508915
15045,0,77.04583333333333,1,388.9,388.9,77.04583333333333,4,38.0,61.0,70.81666666666666,1.0,8.0,102.0,0,1.0,4.0,0.012812983823607923
14476,1,76.88263888888889,1,193.0,193.0,76.88263888888889,17,110.0,61.0,70.81666666666666,0.0,0.0,0.0,0,0.0,17.0,0.01283983201219784
16245,0,76.13888888888889,1,453.98,453.98,76.13888888888889,30,258.0,61.0,70.81666666666666,1.0,3.0,8.850000000000001,0,1.0,30.0,0.012963629816348578
12669,0,68.12847222222223,2,2272.6,1136.3,76.10763888888889,70,424.5,8.0,8.0,1.0,1.0,1136.3,1,0.5,35.0,0.025937767370648894
15083,1,76.02222222222223,1,88.2,88.2,76.02222222222223,5,38.0,61.0,70.81666666666666,0.0,0.0,0.0,0,0.0,5.0,0.012983266012694748
18010,1,76.01597222222222,1,174.8,174.8,76.01597222222222,14,60.0,61.0,70.81666666666666,0.0,0.0,0.0,0,0.0,14.0,0.012984319630668243
15624,0,26.004166666666666,2,311.4,155.7,75.97083333333333,18,60.0,50.0,50.0,0.0,0.0,0.0,1,0.0,9.0,0.025983868348400368
17874,1,4.997222222222222,6,683.46,113.91000000000001,75.05902777777777,37,36.833333333333336,35.0,35.0,1.0,12.0,25.200000000000003,1,0.16666666666666666,6.166666666666667,0.07888609906414061
17719,0,9.876388888888888,5,1971.46,394.29200000000003,75.05625,66,258.8,11.5,16.25,0.0,0.0,0.0,1,0.0,13.2,0.0657408168296491
17398,0,30.00625,2,528.45,264.225,74.99027777777778,26,129.5,45.0,45.0,0.0,0.0,0.0,1,0.0,13.0,0.026319156324822256
12888,1,33.86666666666667,2,354.12,177.06,74.92986111111111,4,38.0,41.0,41.0,2.0,8.0,40.349999999999994,1,1.0,2.0,0.026340098226616305
13588,0,74.87291666666667,1,113.30000000000001,113.30000000000001,74.87291666666667,8,48.0,61.0,70.81666666666666,0.0,0.0,0.0,0,0.0,8.0,0.013179933551168347
12456,0,74.15138888888889,1,940.1700000000001,940.1700000000001,74.15138888888889,41,445.0,61.0,70.81666666666666,0.0,0.0,0.0,0,0.0,41.0,0.013306473969210298
13720,0,57.89791666666667,2,432.1,216.05,74.14791666666666,26,125.0,16.0,16.0,0.0,0.0,0.0,1,0.0,13.0,0.02661417759418924
17775,1,74.08333333333333,1,56.4,56.4,74.08333333333333,3,72.0,61.0,70.81666666666666,0.0,0.0,0.0,0,0.0,3.0,0.013318534961154274
16657,0,74.03333333333333,1,215.43,215.43,74.03333333333333,65,394.0,61.0,70.81666666666666,0.0,0.0,0.0,0,0.0,65.0,0.01332741003998223
15364,0,73.96597222222222,1,331.80000000000007,331.80000000000007,73.96597222222222,3,84.0,61.0,70.81666666666666,0.0,0.0,0.0,0,0.0,3.0,0.013339385461922539
15832,1,73.88958333333333,1,836.79,836.79,73.88958333333333,54,465.0,61.0,70.81666666666666,0.0,0.0,0.0,0,0.0,54.0,0.013352991904748658
15528,1,73.85833333333333,1,229.33,229.33,73.85833333333333,26,123.0,61.0,70.81666666666666,0.0,0.0,0.0,0,0.0,26.0,0.013358566180563285
16398,0,73.13333333333334,1,1169.95,1169.95,73.13333333333334,63,503.0,61.0,70.81666666666666,1.0,2.0,19.9,0,1.0,63.0,0.013489208633093525
17088,0,2.14375,2,1399.1100000000001,699.5550000000001,73.12638888888888,72,262.5,71.0,71.0,0.0,0.0,0.0,1,0.0,36.0,0.026980944707800117
13060,1,73.05069444444445,1,307.53,307.53,73.05069444444445,15,123.0,61.0,70.81666666666666,0.0,0.0,0.0,0,0.0,15.0,0.013504262282783003
16698,1,46.081944444444446,2,1998.0,999.0,72.97013888888888,4,420.0,27.0,27.0,0.0,0.0,0.0,1,0.0,2.0,0.027037937606203707
13918,0,72.78125,1,198.2,198.2,72.78125,8,100.0,61.0,70.81666666666666,0.0,0.0,0.0,0,0.0,8.0,0.013553578991952562
17781,0,72.70555555555555,1,102.0,102.0,72.70555555555555,2,8.0,61.0,70.81666666666666,0.0,0.0,0.0,0,0.0,2.0,0.013567498304062713
14886,1,72.1625,1,364.8,364.8,72.1625,18,160.0,61.0,70.81666666666666,0.0,0.0,0.0,0,0.0,18.0,0.013668204339654879
16609,0,16.969444444444445,3,1987.6200000000001,662.54,72.11041666666667,87,274.3333333333333,27.5,27.5,0.0,0.0,0.0,1,0.0,29.0,0.041033824409426385
18263,0,72.04305555555555,1,307.59999999999997,307.59999999999997,72.04305555555555,15,328.0,61.0,70.81666666666666,0.0,0.0,0.0,0,0.0,15.0,0.013690555418227453
13841,1,72.02777777777777,1,85.0,85.0,72.02777777777777,1,100.0,61.0,70.81666666666666,0.0,0.0,0.0,0,0.0,1.0,0.013693419551160138
17701,1,72.01736111111111,1,417.95,417.95,72.01736111111111,24,109.0,61.0,70.81666666666666,0.0,0.0,0.0,0,0.0,24.0,0.013695373056255646
12569,0,3.1347222222222224,6,1306.46,217.74333333333334,71.96041666666666,30,95.16666666666667,16.5,17.25,1.0,6.0,23.700000000000003,1,0.16666666666666666,5.0,0.08223637246223695
16162,1,71.90763888888888,1,37.4,37.4,71.90763888888888,2,4.0,61.0,70.81666666666666,0.0,0.0,0.0,0,0.0,2.0,0.013715983883718938
14023,0,69.875,1,273.14,273.14,69.875,16,162.0,61.0,70.81666666666666,0.0,0.0,0.0,0,0.0,16.0,0.014109347442680775
16142,1,69.10694444444445,1,535.34,535.34,69.10694444444445,37,422.0,61.0,70.81666666666666,0.0,0.0,0.0,0,0.0,37.0,0.014263922182380092
18185,1,68.96388888888889,1,304.25,304.25,68.96388888888889,17,183.0,61.0,70.81666666666666,0.0,0.0,0.0,0,0.0,17.0,0.014293087703974272
17956,1,68.96041666666666,1,12.75,12.75,68.96041666666666,1,1.0,61.0,70.81666666666666,0.0,0.0,0.0,0,0.0,1.0,0.014293797087638845
15756,0,32.9375,2,244.17,122.08500000000001,68.95138888888889,83,52.5,36.0,36.0,0.0,0.0,0.0,1,0.0,41.5,0.028591283629504617
14747,1,68.94513888888889,1,328.2,328.2,68.94513888888889,18,84.0,61.0,70.81666666666666,1.0,2.0,33.9,0,1.0,18.0,0.014296919212478033
14719,0,68.93958333333333,1,223.46,223.46,68.93958333333333,40,188.0,61.0,70.81666666666666,0.0,0.0,0.0,0,0.0,40.0,0.01429805486878556
15442,1,68.01805555555555,1,594.0,594.0,68.01805555555555,2,120.0,61.0,70.81666666666666,0.0,0.0,0.0,0,0.0,2.0,0.014488962228080415
16696,0,22.9125,3,558.9000000000001,186.30000000000004,67.89583333333333,7,42.0,22.5,22.5,0.0,0.0,0.0,1,0.0,2.3333333333333335,0.043543997580889025
15145,0,46.84027777777778,2,724.03,362.015,67.89583333333333,35,219.0,21.0,21.0,0.0,0.0,0.0,1,0.0,17.5,0.029029331720592685
13525,0,67.88472222222222,1,282.88,282.88,67.88472222222222,2,208.0,61.0,70.81666666666666,0.0,0.0,0.0,0,0.0,2.0,0.01451700707704095
17140,1,66.97013888888888,1,454.12,454.12,66.97013888888888,16,296.0,61.0,70.81666666666666,0.0,0.0,0.0,0,0.0,16.0,0.014712343042798616
14964,1,66.94236111111111,1,206.21,206.21,66.94236111111111,13,143.0,61.0,70.81666666666666,0.0,0.0,0.0,0,0.0,13.0,0.014718358085386919
16031,0,66.93541666666667,1,305.63,305.63,66.93541666666667,39,219.0,61.0,70.81666666666666,0.0,0.0,0.0,0,0.0,39.0,0.014719862614615596
17042,0,16.10763888888889,2,487.59,243.795,66.91458333333334,51,222.5,51.0,51.0,0.0,0.0,0.0,1,0.0,25.5,0.029448756096812783
17906,1,66.80902777777777,1,72.9,72.9,66.80902777777777,12,26.0,61.0,70.81666666666666,0.0,0.0,0.0,0,0.0,12.0,0.014747298888831995
16144,1,66.11180555555555,1,175.2,175.2,66.11180555555555,1,16.0,61.0,70.81666666666666,0.0,0.0,0.0,0,0.0,1.0,0.01490050806593475
13731,1,38.928472222222226,2,610.59,305.295,66.11111111111111,36,139.0,27.0,27.0,0.0,0.0,0.0,1,0.0,18.0,0.029801324503311258
13950,0,66.05625,1,179.30999999999997,179.30999999999997,66.05625,7,81.0,61.0,70.81666666666666,0.0,0.0,0.0,0,0.0,7.0,0.014912853015192467
14246,0,65.18402777777777,1,449.64,449.64,65.18402777777777,24,216.0,61.0,70.81666666666666,0.0,0.0,0.0,0,0.0,24.0,0.015109385656576256
18040,0,65.18263888888889,1,239.0,239.0,65.18263888888889,12,96.0,61.0,70.81666666666666,0.0,0.0,0.0,0,0.0,12.0,0.015109702737584337
16837,0,17.05,8,1814.74,226.84250000000003,65.16805555555555,76,88.375,8.0,9.6,1.0,1.0,3.25,1,0.125,9.5,0.1209042631346949
15119,1,65.15416666666667,1,266.4,266.4,65.15416666666667,14,88.0,61.0,70.81666666666666,0.0,0.0,0.0,0,0.0,14.0,0.015116205832336083
12999,1,15.97638888888889,3,455.88,151.96,65.1,25,114.0,24.5,24.5,0.0,0.0,0.0,1,0.0,8.333333333333334,0.04538577912254161
17054,0,26.99513888888889,3,918.82,306.2733333333333,64.98333333333333,46,181.33333333333334,19.0,19.0,0.0,0.0,0.0,1,0.0,15.333333333333334,0.045466026774437986
12447,1,62.97569444444444,1,476.49,476.49,62.97569444444444,26,190.0,61.0,70.81666666666666,0.0,0.0,0.0,0,0.0,26.0,0.015630936227951153
13570,1,62.96805555555556,1,239.49,239.49,62.96805555555556,27,161.0,61.0,70.81666666666666,0.0,0.0,0.0,0,0.0,27.0,0.01563280283127429
13232,0,0.06458333333333334,4,861.45,215.3625,62.959722222222226,105,136.75,16.0,21.0,0.0,0.0,0.0,1,0.0,26.25,0.0625393585372739
18129,1,62.94027777777778,1,112.55000000000001,112.55000000000001,62.94027777777778,13,48.0,61.0,70.81666666666666,0.0,0.0,0.0,0,0.0,13.0,0.015639594239416122
15655,1,62.892361111111114,1,560.67,560.67,62.892361111111114,34,324.0,61.0,70.81666666666666,1.0,5.0,49.35,0,1.0,34.0,0.015651323297646867
15214,0,3.129166666666667,2,651.63,325.81500000000005,62.12777777777778,46,278.0,59.0,59.0,0.0,0.0,0.0,1,0.0,23.0,0.03168177417935404
17574,1,62.12708333333333,1,185.65,185.65,62.12708333333333,8,77.0,61.0,70.81666666666666,0.0,0.0,0.0,0,0.0,8.0,0.015841061351110526
15737,0,5.852083333333334,4,712.73,178.1825,62.11736111111111,39,92.25,28.0,28.0,3.0,8.0,55.6,1,0.75,9.75,0.06337400565524981
18080,0,62.111111111111114,1,841.4999999999999,841.4999999999999,62.111111111111114,1,330.0,61.0,70.81666666666666,0.0,0.0,0.0,0,0.0,1.0,0.01584507042253521
12596,0,61.977777777777774,1,269.95,269.95,61.977777777777774,15,156.0,61.0,70.81666666666666,0.0,0.0,0.0,0,0.0,15.0,0.01587861679604799
14273,0,37.18402777777778,2,218.7,109.35,61.97638888888889,10,54.5,25.0,25.0,0.0,0.0,0.0,1,0.0,5.0,0.031757933969962286
12363,0,61.97291666666667,1,299.1,299.1,61.97291666666667,16,282.0,61.0,70.81666666666666,0.0,0.0,0.0,0,0.0,16.0,0.01587984252489496
15414,0,61.96180555555556,1,36.2,36.2,61.96180555555556,5,12.0,61.0,70.81666666666666,0.0,0.0,0.0,0,0.0,5.0,0.01588264490156069
15935,1,58.97430555555555,2,416.86,208.43,61.135416666666664,12,57.5,2.0,2.0,1.0,286.0,308.82,1,0.5,6.0,0.03218776194467728
14111,0,61.05138888888889,1,94.2,94.2,61.05138888888889,2,148.0,61.0,70.81666666666666,0.0,0.0,0.0,0,0.0,2.0,0.016115674731964992
17972,1,61.02361111111111,1,135.19,135.19,61.02361111111111,30,36.0,61.0,70.81666666666666,0.0,0.0,0.0,0,0.0,30.0,0.016122892267729585
12463,0,26.116666666666667,2,647.95,323.975,61.00208333333333,32,178.5,35.0,35.0,2.0,6.0,11.4,1,1.0,16.0,0.03225698061221061
16729,0,1.9805555555555556,11,3368.23,306.20272727272726,60.93611111111111,122,227.36363636363637,7.5,7.375,1.0,1.0,1.95,1,0.09090909090909091,11.090909090909092,0.17760236803157375
16697,1,60.81805555555555,1,112.75,112.75,60.81805555555555,20,27.0,61.0,70.81666666666666,0.0,0.0,0.0,0,0.0,20.0,0.016176503628479635
14931,0,25.818055555555556,2,586.0,293.0,60.1375,10,49.0,34.0,34.0,1.0,1.0,293.0,1,0.5,5.0,0.03271314659578818
15230,1,58.924305555555556,2,429.6,214.8,60.07361111111111,23,175.5,1.0,1.0,0.0,0.0,0.0,1,0.0,11.5,0.0327473677029086
16309,0,60.044444444444444,1,334.2,334.2,60.044444444444444,21,304.0,61.0,70.81666666666666,0.0,0.0,0.0,0,0.0,21.0,0.016381507098653075
14262,0,60.01875,1,240.0,240.0,60.01875,16,196.0,61.0,70.81666666666666,0.0,0.0,0.0,0,0.0,16.0,0.016388405203318652
16097,1,59.96041666666667,1,185.04999999999998,185.04999999999998,59.96041666666667,10,87.0,61.0,70.81666666666666,0.0,0.0,0.0,0,0.0,10.0,0.01640408735176515
13122,0,59.94305555555555,1,903.67,903.67,59.94305555555555,54,537.0,61.0,70.81666666666666,0.0,0.0,0.0,0,0.0,54.0,0.016408760454887303
16966,0,17.02986111111111,3,1154.3999999999999,384.8,59.93958333333333,8,392.0,21.5,21.5,0.0,0.0,0.0,1,0.0,2.6666666666666665,0.04922908618508769
15147,1,59.87013888888889,1,623.5,623.5,59.87013888888889,28,366.0,61.0,70.81666666666666,1.0,3.0,14.850000000000001,0,1.0,28.0,0.01642841659726421
15813,1,27.19236111111111,2,1303.9099999999999,651.9549999999999,59.15347222222222,40,301.5,32.0,32.0,0.0,0.0,0.0,1,0.0,20.0,0.03324828852125928
17058,0,18.958333333333332,2,819.66,409.83000000000004,59.147222222222226,42,227.5,40.0,40.0,0.0,0.0,0.0,1,0.0,21.0,0.03325174340738004
17704,0,59.140277777777776,1,387.29,387.29,59.140277777777776,16,175.0,61.0,70.81666666666666,0.0,0.0,0.0,0,0.0,16.0,0.01662779150596984
16249,0,20.945138888888888,2,1020.53,510.265,58.958333333333336,26,243.5,38.0,38.0,0.0,0.0,0.0,1,0.0,13.0,0.03335649756775538
13811,1,3.1222222222222222,3,814.5,271.5,58.75694444444444,7,22.666666666666668,28.0,28.0,1.0,1.0,222.75,1,0.3333333333333333,2.3333333333333335,0.05020337013364323
16806,0,39.89930555555556,2,396.63,198.315,58.702083333333334,28,92.5,19.0,19.0,0.0,0.0,0.0,1,0.0,14.0,0.03349966849286387
13120,1,58.10486111111111,1,30.599999999999998,30.599999999999998,58.10486111111111,1,12.0,61.0,70.81666666666666,0.0,0.0,0.0,0,0.0,1.0,0.016919082139793915
12769,1,58.10069444444444,1,1143.6,1143.6,58.10069444444444,32,356.0,61.0,70.81666666666666,0.0,0.0,0.0,0,0.0,32.0,0.01692027495446801
14323,0,58.045833333333334,1,299.82,299.82,58.045833333333334,19,222.0,61.0,70.81666666666666,2.0,10.0,30.800000000000004,0,2.0,19.0,0.01693599604826759
17367,1,57.93680555555556,1,167.55,167.55,57.93680555555556,33,149.0,61.0,70.81666666666666,0.0,0.0,0.0,0,0.0,33.0,0.01696732611436449
18213,1,56.10347222222222,1,232.48000000000002,232.48000000000002,56.10347222222222,15,232.0,61.0,70.81666666666666,0.0,0.0,0.0,0,0.0,15.0,0.017512069950990528
15172,0,16.12638888888889,2,526.2,263.1,56.0375,38,240.0,40.0,40.0,0.0,0.0,0.0,1,0.0,19.0,0.035064650449265836
15745,0,55.99027777777778,1,302.85,302.85,55.99027777777778,18,127.0,61.0,70.81666666666666,0.0,0.0,0.0,0,0.0,18.0,0.017546852533326836
17697,1,55.88194444444444,1,338.95,338.95,55.88194444444444,19,93.0,61.0,70.81666666666666,0.0,0.0,0.0,0,0.0,19.0,0.017580271029178366
15491,0,37.84444444444444,3,1644.92,548.3066666666667,55.11527777777778,80,298.0,17.0,17.0,1.0,22.0,9.24,1,0.3333333333333333,26.666666666666668,0.05346137663044823
16617,1,55.09375,1,151.85,151.85,55.09375,5,91.0,61.0,70.81666666666666,0.0,0.0,0.0,0,0.0,5.0,0.017827298050139277
15508,1,8.879861111111111,6,1000.27,166.71166666666667,54.888194444444444,78,73.33333333333333,10.0,15.333333333333334,0.0,0.0,0.0,1,0.0,13.0,0.10735719877235055
15594,0,54.1125,1,267.91,267.91,54.1125,15,145.0,61.0,70.81666666666666,1.0,1.0,4.25,0,1.0,15.0,0.018144704014515765
13376,0,23.154166666666665,2,770.0,385.0,53.990972222222226,34,178.0,31.0,31.0,0.0,0.0,0.0,1,0.0,17.0,0.03636960612221703
16633,0,0.043055555555555555,2,703.32,351.65999999999997,53.92638888888889,38,150.5,54.0,54.0,0.0,0.0,0.0,1,0.0,19.0,0.03641237009128379
15225,1,53.91597222222222,1,409.40000000000003,409.40000000000003,53.91597222222222,23,226.0,61.0,70.81666666666666,0.0,0.0,0.0,0,0.0,23.0,0.01820963846280302
15436,0,53.831944444444446,1,484.1,484.1,53.831944444444446,124,246.0,61.0,70.81666666666666,0.0,0.0,0.0,0,0.0,124.0,0.018237544010739886
15517,1,52.95,1,267.03,267.03,52.95,27,293.0,61.0,70.81666666666666,0.0,0.0,0.0,0,0.0,27.0,0.018535681186283594
17120,1,52.89513888888889,1,307.46,307.46,52.89513888888889,18,120.0,61.0,70.81666666666666,0.0,0.0,0.0,0,0.0,18.0,0.018554549085801904
12506,1,52.16388888888889,1,73.5,73.5,52.16388888888889,23,23.0,61.0,70.81666666666666,0.0,0.0,0.0,0,0.0,23.0,0.01880976017555776
14759,0,52.079861111111114,1,572.25,572.25,52.079861111111114,35,119.0,61.0,70.81666666666666,0.0,0.0,0.0,0,0.0,35.0,0.01883953686138549
13505,0,11.88125,2,1916.09,958.0450000000001,52.02986111111111,90,426.5,40.0,40.0,1.0,4.0,42.8,1,0.5,45.0,0.03771460000261907
13389,0,52.02638888888889,1,257.89,257.89,52.02638888888889,18,115.0,61.0,70.81666666666666,0.0,0.0,0.0,0,0.0,18.0,0.01885853479661594
12354,1,51.985416666666666,1,1079.4,1079.4,51.985416666666666,58,530.0,61.0,70.81666666666666,0.0,0.0,0.0,0,0.0,58.0,0.018873117603114064
17061,0,12.10138888888889,7,3250.23,464.31857142857143,51.97291666666667,46,150.0,8.5,10.0,1.0,42.0,116.10000000000001,1,0.14285714285714285,6.571428571428571,0.13214299760097534
17630,0,51.949305555555554,1,335.5,335.5,51.949305555555554,19,112.0,61.0,70.81666666666666,0.0,0.0,0.0,0,0.0,19.0,0.01888598895694257
16587,1,51.87430555555556,1,225.15,225.15,51.87430555555556,13,71.0,61.0,70.81666666666666,0.0,0.0,0.0,0,0.0,13.0,0.018912777945599493
12622,1,51.84097222222222,1,180.1,180.1,51.84097222222222,11,69.0,61.0,70.81666666666666,0.0,0.0,0.0,0,0.0,11.0,0.01892470857263014
16750,0,51.83125,1,118.7,118.7,51.83125,10,18.0,61.0,70.81666666666666,0.0,0.0,0.0,0,0.0,10.0,0.018928191174730866
17670,1,47.15138888888889,1,205.7,205.7,47.15138888888889,11,110.0,61.0,70.81666666666666,0.0,0.0,0.0,0,0.0,11.0,0.020767832934321728
15108,0,5.867361111111111,3,623.45,207.8166666666667,47.080555555555556,24,54.666666666666664,20.5,20.5,1.0,2.0,8.5,1,0.3333333333333333,8.0,0.06239528568952568
16942,0,8.963194444444444,4,898.54,224.635,47.03541666666667,89,86.5,19.0,19.0,0.0,0.0,0.0,1,0.0,22.25,0.08327189139957496
15237,0,22.91875,2,1093.65,546.825,46.90694444444444,74,399.0,24.0,24.0,0.0,0.0,0.0,1,0.0,37.0,0.041747600962514134
16965,1,46.02916666666667,1,201.19,201.19,46.02916666666667,26,291.0,61.0,70.81666666666666,0.0,0.0,0.0,0,0.0,26.0,0.021263400372109505
15891,1,46.010416666666664,1,511.68,511.68,46.010416666666664,60,418.0,61.0,70.81666666666666,0.0,0.0,0.0,0,0.0,60.0,0.021271881231996456
13637,0,6.976388888888889,2,678.65,339.325,45.98888888888889,75,175.0,39.0,39.0,0.0,0.0,0.0,1,0.0,37.5,0.042563253724284704
16637,0,45.104166666666664,1,303.62,303.62,45.104166666666664,16,140.0,61.0,70.81666666666666,0.0,0.0,0.0,0,0.0,16.0,0.021690013556258474
13229,1,45.02986111111111,1,160.95,160.95,45.02986111111111,10,63.0,61.0,70.81666666666666,0.0,0.0,0.0,0,0.0,10.0,0.021725027533455035
14973,0,45.019444444444446,1,654.6,654.6,45.019444444444446,5,51.0,61.0,70.81666666666666,0.0,0.0,0.0,0,0.0,5.0,0.021729945071527736
15952,0,44.99652777777778,1,232.65,232.65,44.99652777777778,14,123.0,61.0,70.81666666666666,0.0,0.0,0.0,0,0.0,14.0,0.021740771495432926
17893,1,44.958333333333336,1,107.21,107.21,44.958333333333336,15,149.0,61.0,70.81666666666666,0.0,0.0,0.0,0,0.0,15.0,0.021758839528558477
16370,0,2.0458333333333334,2,543.21,271.605,44.84027777777778,88,162.5,43.0,43.0,0.0,0.0,0.0,1,0.0,44.0,0.04362975306771701
15376,0,41.96180555555556,1,642.37,642.37,41.96180555555556,57,371.0,61.0,70.81666666666666,0.0,0.0,0.0,0,0.0,57.0,0.02327648912955629
16055,1,40.141666666666666,1,134.8,134.8,40.141666666666666,8,22.0,61.0,70.81666666666666,0.0,0.0,0.0,0,0.0,8.0,0.02430625886165688
14149,1,40.12916666666667,1,446.62,446.62,40.12916666666667,28,218.0,61.0,70.81666666666666,2.0,89.0,187.19,0,2.0,28.0,0.02431364603383649
17501,1,40.12708333333333,2,288.6,144.3,40.12777777777778,18,80.0,61.0,70.81666666666666,0.0,0.0,0.0,0,0.0,9.0,0.048628934215858434
15582,0,39.96805555555556,1,303.61,303.61,39.96805555555556,22,255.0,61.0,70.81666666666666,0.0,0.0,0.0,0,0.0,22.0,0.02440926195884327
16230,1,9.113888888888889,2,542.03,271.015,39.90138888888889,32,182.5,31.0,31.0,0.0,0.0,0.0,1,0.0,16.0,0.048898095011715166
18146,0,39.84375,1,76.65,76.65,39.84375,4,27.0,61.0,70.81666666666666,0.0,0.0,0.0,0,0.0,4.0,0.02448355011476664
17443,1,39.08541666666667,1,534.24,534.24,39.08541666666667,1,504.0,61.0,70.81666666666666,0.0,0.0,0.0,0,0.0,1.0,0.02494672834052284
12886,0,39.06180555555556,1,775.0,775.0,39.06180555555556,47,416.0,61.0,70.81666666666666,1.0,9.0,27.310000000000002,0,1.0,47.0,0.024961431122050997
13524,0,39.016666666666666,1,159.20000000000002,159.20000000000002,39.016666666666666,9,100.0,61.0,70.81666666666666,0.0,0.0,0.0,0,0.0,9.0,0.024989587671803416
16610,1,38.984027777777776,1,75.66,75.66,38.984027777777776,6,66.0,61.0,70.81666666666666,0.0,0.0,0.0,0,0.0,6.0,0.025009986626604374
17394,1,38.977777777777774,1,203.86999999999998,203.86999999999998,38.977777777777774,4,241.0,61.0,70.81666666666666,0.0,0.0,0.0,0,0.0,4.0,0.02501389660922735
14948,0,38.915277777777774,1,278.4,278.4,38.915277777777774,13,72.0,61.0,70.81666666666666,0.0,0.0,0.0,0,0.0,13.0,0.025053063780924877
12593,0,38.139583333333334,1,236.0,236.0,38.139583333333334,11,100.0,61.0,70.81666666666666,0.0,0.0,0.0,0,0.0,11.0,0.025549582157875127
14340,1,38.12916666666667,1,134.7,134.7,38.12916666666667,6,58.0,61.0,70.81666666666666,0.0,0.0,0.0,0,0.0,6.0,0.025556383771696303
16457,1,37.97986111111111,1,208.36,208.36,37.97986111111111,9,140.0,61.0,70.81666666666666,0.0,0.0,0.0,0,0.0,9.0,0.0256542730398532
17527,0,37.96319444444445,1,292.11,292.11,37.96319444444445,7,57.0,61.0,70.81666666666666,1.0,24.0,40.56,0,1.0,7.0,0.025665246760653748
14697,1,37.88263888888889,2,188.60999999999999,94.30499999999999,37.889583333333334,22,90.5,61.0,70.81666666666666,0.0,0.0,0.0,0,0.0,11.0,0.05142765307762361
17522,0,2.935416666666667,3,787.54,262.5133333333333,37.84652777777778,50,249.66666666666666,17.5,17.5,0.0,0.0,0.0,1,0.0,16.666666666666668,0.07722697938826222
13867,0,37.80694444444445,1,138.85,138.85,37.80694444444445,8,31.0,61.0,70.81666666666666,0.0,0.0,0.0,0,0.0,8.0,0.025768583801581903
14393,1,37.77361111111111,1,67.95,67.95,37.77361111111111,5,13.0,61.0,70.81666666666666,0.0,0.0,0.0,0,0.0,5.0,0.025790736827022962
15668,1,37.09097222222222,1,76.32000000000001,76.32000000000001,37.09097222222222,1,72.0,61.0,70.81666666666666,0.0,0.0,0.0,0,0.0,1.0,0.026252939782319375
16319,1,37.05763888888889,1,404.40000000000003,404.40000000000003,37.05763888888889,3,72.0,61.0,70.81666666666666,0.0,0.0,0.0,0,0.0,3.0,0.026275933799244568
17174,1,37.04375,1,59.9,59.9,37.04375,4,41.0,61.0,70.81666666666666,0.0,0.0,0.0,0,0.0,4.0,0.026285526531953343
13365,0,37.03472222222222,1,700.6,700.6,37.03472222222222,39,404.0,61.0,70.81666666666666,1.0,2.0,26.9,0,1.0,39.0,0.02629176556509038
18235,0,36.96875,1,430.46000000000004,430.46000000000004,36.96875,29,332.0,61.0,70.81666666666666,0.0,0.0,0.0,0,0.0,29.0,0.02633744855967078
13741,0,3.20625,2,363.13,181.565,36.96319444444445,20,71.5,34.0,34.0,1.0,1.0,2.1,1,0.5,10.0,0.05268260559386832
12394,0,36.950694444444444,1,381.08,381.08,36.950694444444444,21,182.0,61.0,70.81666666666666,0.0,0.0,0.0,0,0.0,21.0,0.026349978956614027
15258,0,36.94027777777778,1,315.66,315.66,36.94027777777778,16,78.0,61.0,70.81666666666666,0.0,0.0,0.0,0,0.0,16.0,0.02635721345682176
14005,0,35.09513888888889,1,187.16,187.16,35.09513888888889,14,240.0,61.0,70.81666666666666,0.0,0.0,0.0,0,0.0,14.0,0.027704561633029992
18142,0,35.013194444444444,1,282.48,282.48,35.013194444444444,9,292.0,61.0,70.81666666666666,1.0,1.0,2.1,0,1.0,9.0,0.027767600609344568
17410,0,34.89513888888889,1,302.4,302.4,34.89513888888889,15,100.0,61.0,70.81666666666666,0.0,0.0,0.0,0,0.0,15.0,0.027858925496720775
12700,0,34.861111111111114,1,1092.43,1092.43,34.861111111111114,62,779.0,61.0,70.81666666666666,1.0,2.0,36.0,0,1.0,62.0,0.0278853601859024
13003,0,34.18541666666667,1,59.050000000000004,59.050000000000004,34.18541666666667,4,31.0,61.0,70.81666666666666,0.0,0.0,0.0,0,0.0,4.0,0.028420865652199655
13492,0,34.11388888888889,1,315.3,315.3,34.11388888888889,15,114.0,61.0,70.81666666666666,0.0,0.0,0.0,0,0.0,15.0,0.02847875959180445
18120,1,33.96180555555556,1,111.15,111.15,33.96180555555556,17,31.0,61.0,70.81666666666666,0.0,0.0,0.0,0,0.0,17.0,0.028602641771774753
14397,0,17.92361111111111,2,242.24,121.12,33.017361111111114,11,112.0,15.0,15.0,0.0,0.0,0.0,1,0.0,5.5,0.05879350821680106
12684,0,16.815277777777776,3,917.1,305.7,32.99652777777778,32,296.0,8.0,8.0,0.0,0.0,0.0,1,0.0,10.666666666666666,0.08824430599530181
14288,1,32.977777777777774,1,426.6,426.6,32.977777777777774,16,188.0,61.0,70.81666666666666,1.0,1.0,12.75,0,1.0,16.0,0.02943100065402224
15063,1,32.97569444444444,1,370.79999999999995,370.79999999999995,32.97569444444444,5,56.0,61.0,70.81666666666666,0.0,0.0,0.0,0,0.0,5.0,0.029432805314256516
14591,0,32.94513888888889,1,204.02,204.02,32.94513888888889,33,91.0,61.0,70.81666666666666,0.0,0.0,0.0,0,0.0,33.0,0.02945929911417524
13990,1,32.89652777777778,1,311.3,311.3,32.89652777777778,16,190.0,61.0,70.81666666666666,0.0,0.0,0.0,0,0.0,16.0,0.029501546782487554
14691,0,32.12152777777778,1,439.6,439.6,32.12152777777778,17,162.0,61.0,70.81666666666666,0.0,0.0,0.0,0,0.0,17.0,0.030191844008805955
17489,0,32.05277777777778,1,208.56,208.56,32.05277777777778,16,232.0,61.0,70.81666666666666,0.0,0.0,0.0,0,0.0,16.0,0.03025464324733171
13404,0,32.03680555555555,1,217.81,217.81,32.03680555555555,9,99.0,61.0,70.81666666666666,0.0,0.0,0.0,0,0.0,9.0,0.030269270384461776
16644,0,31.997916666666665,1,722.41,722.41,31.997916666666665,54,751.0,61.0,70.81666666666666,0.0,0.0,0.0,0,0.0,54.0,0.030304943493907444
14731,0,25.075,2,251.01999999999998,125.50999999999999,31.988888888888887,23,91.0,7.0,7.0,0.0,0.0,0.0,1,0.0,11.5,0.060626473560121255
15187,0,31.959027777777777,1,431.6,431.6,31.959027777777777,9,172.0,61.0,70.81666666666666,0.0,0.0,0.0,0,0.0,9.0,0.03034070078590843
18133,1,31.941666666666666,1,931.4999999999999,931.4999999999999,31.941666666666666,1,1350.0,61.0,70.81666666666666,1.0,1350.0,216.0,0,1.0,1.0,0.030356691120667852
13235,1,31.81736111111111,1,1031.07,1031.07,31.81736111111111,53,441.0,61.0,70.81666666666666,1.0,1.0,929.9,0,1.0,53.0,0.03047167615379732
14883,0,31.125694444444445,1,310.56,310.56,31.125694444444445,19,234.0,61.0,70.81666666666666,0.0,0.0,0.0,0,0.0,19.0,0.031127731782711134
16116,1,31.034027777777776,1,612.78,612.78,31.034027777777776,34,248.0,61.0,70.81666666666666,1.0,2.0,19.9,0,1.0,34.0,0.031216805046716815
14364,0,7.045833333333333,4,2161.85,540.4625,30.995833333333334,22,256.25,12.0,12.0,0.0,0.0,0.0,1,0.0,5.5,0.1250162781612189
16184,0,1.9520833333333334,2,447.89,223.945,30.97013888888889,13,82.5,29.0,29.0,0.0,0.0,0.0,1,0.0,6.5,0.06255837695766449
17932,0,30.95277777777778,1,589.01,589.01,30.95277777777778,42,391.0,61.0,70.81666666666666,0.0,0.0,0.0,0,0.0,42.0,0.03129618360427714
12590,1,30.915277777777778,2,9864.26,4932.13,30.919444444444444,68,2141.5,61.0,70.81666666666666,3.0,6.0,10.780000000000001,0,1.5,34.0,0.06265773213819512
17658,0,30.89375,1,317.59999999999997,317.59999999999997,30.89375,9,216.0,61.0,70.81666666666666,0.0,0.0,0.0,0,0.0,9.0,0.0313541054281795
12757,0,4.9319444444444445,6,4445.43,740.9050000000001,30.742361111111112,79,76.83333333333333,13.0,13.0,5.0,5.0,3614.4,1,0.8333333333333334,13.166666666666666,0.18902185565205976
17970,1,30.699305555555554,1,562.79,562.79,30.699305555555554,27,513.0,61.0,70.81666666666666,0.0,0.0,0.0,0,0.0,27.0,0.031546432405196397
15907,0,29.992361111111112,1,223.07,223.07,29.992361111111112,46,146.0,61.0,70.81666666666666,0.0,0.0,0.0,0,0.0,46.0,0.032266015371171214
14689,1,28.06111111111111,1,112.8,112.8,28.06111111111111,13,76.0,61.0,70.81666666666666,0.0,0.0,0.0,0,0.0,13.0,0.03441024660676735
15440,0,28.055555555555557,1,125.8,125.8,28.055555555555557,20,78.0,61.0,70.81666666666666,0.0,0.0,0.0,0,0.0,20.0,0.03441682600382409
16076,0,28.013194444444444,1,305.45000000000005,305.45000000000005,28.013194444444444,16,137.0,61.0,70.81666666666666,0.0,0.0,0.0,0,0.0,16.0,0.03446707676105221
15333,1,27.974305555555556,1,1028.56,1028.56,27.974305555555556,16,344.0,61.0,70.81666666666666,0.0,0.0,0.0,0,0.0,16.0,0.03451333796706852
17263,1,27.929166666666667,1,63.440000000000005,63.440000000000005,27.929166666666667,23,36.0,61.0,70.81666666666666,0.0,0.0,0.0,0,0.0,23.0,0.0345671899755149
16877,0,27.85902777777778,1,77.75,77.75,27.85902777777778,25,35.0,61.0,70.81666666666666,0.0,0.0,0.0,0,0.0,25.0,0.03465120196356811
12674,0,27.15277777777778,1,586.74,586.74,27.15277777777778,17,222.0,61.0,70.81666666666666,0.0,0.0,0.0,0,0.0,17.0,0.03552047360631475
14888,1,26.91111111111111,1,369.2,369.2,26.91111111111111,20,184.0,61.0,70.81666666666666,0.0,0.0,0.0,0,0.0,20.0,0.035828025477707005
13456,0,26.886111111111113,1,207.66,207.66,26.886111111111113,13,100.0,61.0,70.81666666666666,1.0,9.0,28.9,0,1.0,13.0,0.03586014543281203
12690,1,25.153472222222224,1,389.01,389.01,25.153472222222224,16,106.0,61.0,70.81666666666666,0.0,0.0,0.0,0,0.0,16.0,0.03823584079020737
16446,0,25.12361111111111,1,2.9,2.9,25.12361111111111,2,2.0,61.0,70.81666666666666,1.0,2.0,9.0,0,1.0,2.0,0.038279547025360204
16818,0,2.886111111111111,4,1193.17,298.2925,25.04722222222222,71,166.75,8.0,7.333333333333333,2.0,2.0,31.599999999999998,1,0.5,17.75,0.1535672389890157
13572,1,25.035416666666666,1,1384.25,1384.25,25.035416666666666,32,534.0,61.0,70.81666666666666,0.0,0.0,0.0,0,0.0,32.0,0.03840921821237097
15116,0,24.166666666666668,1,479.65,479.65,24.166666666666668,15,147.0,61.0,70.81666666666666,0.0,0.0,0.0,0,0.0,15.0,0.03973509933774834
13529,0,24.041666666666668,1,181.1,181.1,24.041666666666668,7,30.0,61.0,70.81666666666666,0.0,0.0,0.0,0,0.0,7.0,0.03993344425956739
12620,0,24.02777777777778,1,561.66,561.66,24.02777777777778,33,434.0,61.0,70.81666666666666,0.0,0.0,0.0,0,0.0,33.0,0.039955604883462816
16813,0,11.027083333333334,2,301.66,150.82999999999998,23.97361111111111,110,103.5,13.0,13.0,0.0,0.0,0.0,1,0.0,55.0,0.08008453367443412
16463,0,23.92013888888889,1,319.37,319.37,23.92013888888889,19,179.0,61.0,70.81666666666666,1.0,1.0,4.95,0,1.0,19.0,0.0401281872648739
13887,1,23.81111111111111,1,349.55,349.55,23.81111111111111,19,147.0,61.0,70.81666666666666,0.0,0.0,0.0,0,0.0,19.0,0.040304523063143756
17166,0,23.18888888888889,1,127.59,127.59,23.18888888888889,10,57.0,61.0,70.81666666666666,1.0,3.0,16.85,0,1.0,10.0,0.04134129536058796
13391,1,23.083333333333332,1,59.8,59.8,23.083333333333332,1,4.0,61.0,70.81666666666666,0.0,0.0,0.0,0,0.0,1.0,0.041522491349480974
17455,1,23.013194444444444,1,131.7,131.7,23.013194444444444,8,66.0,61.0,70.81666666666666,0.0,0.0,0.0,0,0.0,8.0,0.04164377223170132
18150,0,21.085416666666667,1,227.57999999999998,227.57999999999998,21.085416666666667,14,140.0,61.0,70.81666666666666,0.0,0.0,0.0,0,0.0,14.0,0.0452787472879917
16038,0,21.05625,1,316.95,316.95,21.05625,19,187.0,61.0,70.81666666666666,0.0,0.0,0.0,0,0.0,19.0,0.04533862283933126
13972,0,21.052777777777777,1,145.9,145.9,21.052777777777777,9,42.0,61.0,70.81666666666666,0.0,0.0,0.0,0,0.0,9.0,0.045345761430910694
13227,1,21.04375,1,257.7,257.7,21.04375,9,99.0,61.0,70.81666666666666,0.0,0.0,0.0,0,0.0,9.0,0.04536433229373405
13657,0,21.010416666666668,1,152.34,152.34,21.010416666666668,9,132.0,61.0,70.81666666666666,0.0,0.0,0.0,0,0.0,9.0,0.04543303360151443
14921,0,20.999305555555555,1,903.01,903.01,20.999305555555555,53,631.0,61.0,70.81666666666666,0.0,0.0,0.0,0,0.0,53.0,0.045455980302408536
12710,0,20.947916666666668,1,718.96,718.96,20.947916666666668,44,386.0,61.0,70.81666666666666,1.0,2.0,18.45,0,1.0,44.0,0.045562411010915994
15292,1,20.90972222222222,1,178.39,178.39,20.90972222222222,24,55.0,61.0,70.81666666666666,0.0,0.0,0.0,0,0.0,24.0,0.045641838351822506
15705,1,20.884027777777778,1,143.1,143.1,20.884027777777778,6,62.0,61.0,70.81666666666666,0.0,0.0,0.0,0,0.0,6.0,0.04569542728397804
13339,1,20.179861111111112,1,860.12,860.12,20.179861111111112,54,326.0,61.0,70.81666666666666,0.0,0.0,0.0,0,0.0,54.0,0.04721466277582871
13885,1,8.904861111111112,2,506.8,253.39999999999998,20.165277777777778,28,91.0,11.0,11.0,0.0,0.0,0.0,1,0.0,14.0,0.09449438939562964
13737,1,19.845833333333335,1,339.59999999999997,339.59999999999997,19.845833333333335,29,125.0,61.0,70.81666666666666,0.0,0.0,0.0,0,0.0,29.0,0.04797121726963821
16091,0,18.147222222222222,1,157.25,157.25,18.147222222222222,10,83.0,61.0,70.81666666666666,0.0,0.0,0.0,0,0.0,10.0,0.052226896851878715
15804,0,18.10972222222222,1,525.36,525.36,18.10972222222222,34,314.0,61.0,70.81666666666666,0.0,0.0,0.0,0,0.0,34.0,0.05232938440293627
14287,0,18.045833333333334,2,83.28,41.64,18.047916666666666,4,108.0,61.0,70.81666666666666,1.0,25.0,25.4,0,0.5,2.0,0.10499835940063437
14705,1,18.007638888888888,1,179.0,179.0,18.007638888888888,1,100.0,61.0,70.81666666666666,0.0,0.0,0.0,0,0.0,1.0,0.05261042709436996
12815,0,17.969444444444445,1,615.36,615.36,17.969444444444445,31,239.0,61.0,70.81666666666666,0.0,0.0,0.0,0,0.0,31.0,0.052716356714013764
14816,1,16.981944444444444,1,271.85,271.85,16.981944444444444,4,5.0,61.0,70.81666666666666,0.0,0.0,0.0,0,0.0,4.0,0.05561133853402333
16624,0,16.9375,1,426.43,426.43,16.9375,21,196.0,61.0,70.81666666666666,0.0,0.0,0.0,0,0.0,21.0,0.05574912891986063
12493,0,16.914583333333333,1,232.5,232.5,16.914583333333333,12,88.0,61.0,70.81666666666666,1.0,1.0,16.95,0,1.0,12.0,0.05582044423770206
18232,0,12.199305555555556,2,370.98,185.49,16.84722222222222,24,85.0,5.0,5.0,1.0,3.0,10.5,1,0.5,12.0,0.11206225680933853
18073,0,4.906944444444444,3,504.24,168.08,16.716666666666665,6,140.0,6.0,6.0,0.0,0.0,0.0,1,0.0,2.0,0.16933207902163688
14280,1,16.09236111111111,1,134.04,134.04,16.09236111111111,8,52.0,61.0,70.81666666666666,0.0,0.0,0.0,0,0.0,8.0,0.05850566773656198
14823,0,13.949305555555556,2,210.65,105.325,14.001388888888888,38,24.0,61.0,70.81666666666666,0.0,0.0,0.0,0,0.0,19.0,0.1333209887973336
15897,1,13.958333333333334,2,208.59,104.295,13.970833333333333,17,111.5,61.0,70.81666666666666,0.0,0.0,0.0,0,0.0,8.5,0.1335930976899527
15925,1,13.885416666666666,1,207.15,207.15,13.885416666666666,12,93.0,61.0,70.81666666666666,0.0,0.0,0.0,0,0.0,12.0,0.06717984604618615
16483,1,11.9875,1,139.35,139.35,11.9875,19,44.0,61.0,70.81666666666666,0.0,0.0,0.0,0,0.0,19.0,0.07699711260827719
15163,0,11.894444444444444,1,155.0,155.0,11.894444444444444,10,48.0,61.0,70.81666666666666,0.0,0.0,0.0,0,0.0,10.0,0.07755277897457992
18204,0,11.891666666666667,1,540.98,540.98,11.891666666666667,84,387.0,61.0,70.81666666666666,0.0,0.0,0.0,0,0.0,84.0,0.0775694893341952
12473,0,11.10763888888889,1,661.6899999999999,661.6899999999999,11.10763888888889,34,532.0,61.0,70.81666666666666,2.0,73.0,76.46,0,2.0,34.0,0.08259248637797534
16969,0,11.027777777777779,1,397.36,397.36,11.027777777777779,27,388.0,61.0,70.81666666666666,0.0,0.0,0.0,0,0.0,27.0,0.08314087759815242
13917,0,11.002777777777778,1,65.38,65.38,11.002777777777778,5,38.0,61.0,70.81666666666666,0.0,0.0,0.0,0,0.0,5.0,0.0833140476741495
13062,1,10.901388888888889,1,346.98,346.98,10.901388888888889,11,343.0,61.0,70.81666666666666,0.0,0.0,0.0,0,0.0,11.0,0.08402380674524448
16484,0,10.090972222222222,1,285.7,285.7,10.090972222222222,18,152.0,61.0,70.81666666666666,1.0,6.0,24.900000000000002,0,1.0,18.0,0.09016342120092669
14453,1,9.940972222222221,1,119.93,119.93,9.940972222222221,22,49.0,61.0,70.81666666666666,0.0,0.0,0.0,0,0.0,22.0,0.09139955569660425
17900,1,9.925,2,112.19999999999999,56.099999999999994,9.931944444444444,4,36.5,61.0,70.81666666666666,0.0,0.0,0.0,0,0.0,2.0,0.18295006987676282
13437,0,9.930555555555555,1,1440.9,1440.9,9.930555555555555,80,398.0,61.0,70.81666666666666,0.0,0.0,0.0,0,0.0,80.0,0.0914866581956798
12517,0,9.900694444444444,1,749.7,749.7,9.900694444444444,125,413.0,61.0,70.81666666666666,0.0,0.0,0.0,0,0.0,125.0,0.09173727463846595
14500,0,9.1125,1,284.85,284.85,9.1125,4,103.0,61.0,70.81666666666666,0.0,0.0,0.0,0,0.0,4.0,0.09888751545117429
13248,0,8.989583333333334,1,387.46999999999997,387.46999999999997,8.989583333333334,21,251.0,61.0,70.81666666666666,0.0,0.0,0.0,0,0.0,21.0,0.10010427528675703
16967,1,8.934722222222222,1,319.02,319.02,8.934722222222222,21,333.0,61.0,70.81666666666666,0.0,0.0,0.0,0,0.0,21.0,0.10065706696490984
16659,1,8.907638888888888,1,39.12,39.12,8.907638888888888,2,72.0,61.0,70.81666666666666,0.0,0.0,0.0,0,0.0,2.0,0.10093222120978483
16682,0,7.075,1,525.5,525.5,7.075,11,514.0,61.0,70.81666666666666,0.0,0.0,0.0,0,0.0,11.0,0.12383900928792571
15453,0,7.009027777777778,1,194.34,194.34,7.009027777777778,39,95.0,61.0,70.81666666666666,0.0,0.0,0.0,0,0.0,39.0,0.12485909997398768
16963,1,6.959722222222222,1,110.55000000000001,110.55000000000001,6.959722222222222,7,35.0,61.0,70.81666666666666,0.0,0.0,0.0,0,0.0,7.0,0.12563252486477056
13682,1,6.947222222222222,1,59.5,59.5,6.947222222222222,3,10.0,61.0,70.81666666666666,0.0,0.0,0.0,0,0.0,3.0,0.1258301293254107
15349,0,6.877777777777778,1,356.21,356.21,6.877777777777778,58,244.0,61.0,70.81666666666666,0.0,0.0,0.0,0,0.0,58.0,0.12693935119887165
16849,1,6.148611111111111,1,124.57,124.57,6.148611111111111,8,33.0,61.0,70.81666666666666,0.0,0.0,0.0,0,0.0,8.0,0.13988731299786283
12535,0,6.002083333333333,1,371.45,371.45,6.002083333333333,18,115.0,61.0,70.81666666666666,0.0,0.0,0.0,0,0.0,18.0,0.1428146385004463
18248,0,5.980555555555555,1,496.46000000000004,496.46000000000004,5.980555555555555,28,242.0,61.0,70.81666666666666,0.0,0.0,0.0,0,0.0,28.0,0.14325507361719061
15386,1,5.960416666666666,1,394.14,394.14,5.960416666666666,31,446.0,61.0,70.81666666666666,0.0,0.0,0.0,0,0.0,31.0,0.14366956001197248
17252,0,5.839583333333334,1,337.01,337.01,5.839583333333334,85,190.0,61.0,70.81666666666666,0.0,0.0,0.0,0,0.0,85.0,0.14620773682607371
14542,1,5.188194444444444,1,103.25,103.25,5.188194444444444,5,19.0,61.0,70.81666666666666,0.0,0.0,0.0,0,0.0,5.0,0.16159802491302885
18072,1,5.0875,1,247.44,247.44,5.0875,18,288.0,61.0,70.81666666666666,0.0,0.0,0.0,0,0.0,18.0,0.16427104722792607
17015,0,4.979861111111111,1,520.55,520.55,4.979861111111111,116,546.0,61.0,70.81666666666666,0.0,0.0,0.0,0,0.0,116.0,0.16722796423179653
17124,1,4.95,1,294.24,294.24,4.95,31,129.0,61.0,70.81666666666666,0.0,0.0,0.0,0,0.0,31.0,0.1680672268907563
17828,0,4.179861111111111,1,833.16,833.16,4.179861111111111,44,378.0,61.0,70.81666666666666,0.0,0.0,0.0,0,0.0,44.0,0.19305536935246012
15743,0,4.108333333333333,1,322.55,322.55,4.108333333333333,18,91.0,61.0,70.81666666666666,0.0,0.0,0.0,0,0.0,18.0,0.19575856443719414
14622,1,4.0055555555555555,1,320.58000000000004,320.58000000000004,4.0055555555555555,21,146.0,61.0,70.81666666666666,0.0,0.0,0.0,0,0.0,21.0,0.1997780244173141
15609,1,3.9930555555555554,1,298.48,298.48,3.9930555555555554,16,148.0,61.0,70.81666666666666,1.0,3.0,28.45,0,1.0,16.0,0.20027816411682894
14561,0,3.975,1,222.07,222.07,3.975,16,183.0,61.0,70.81666666666666,0.0,0.0,0.0,0,0.0,16.0,0.20100502512562815
15238,0,3.8680555555555554,1,300.14,300.14,3.8680555555555554,14,222.0,61.0,70.81666666666666,0.0,0.0,0.0,0,0.0,14.0,0.20542082738944367
14132,0,3.0319444444444446,1,306.86,306.86,3.0319444444444446,24,388.0,61.0,70.81666666666666,0.0,0.0,0.0,0,0.0,24.0,0.24801929038925247
16113,1,2.8569444444444443,1,161.38,161.38,2.8569444444444443,30,176.0,61.0,70.81666666666666,0.0,0.0,0.0,0,0.0,30.0,0.2592725963269716
16107,0,2.7555555555555555,1,532.9,532.9,2.7555555555555555,10,94.0,61.0,70.81666666666666,0.0,0.0,0.0,0,0.0,10.0,0.26627218934911245
15679,0,2.1847222222222222,1,178.22,178.22,2.1847222222222222,13,212.0,61.0,70.81666666666666,0.0,0.0,0.0,0,0.0,13.0,0.3139991277802006
16581,1,2.1145833333333335,1,105.84,105.84,2.1145833333333335,9,134.0,61.0,70.81666666666666,0.0,0.0,0.0,0,0.0,9.0,0.3210702341137124
15267,0,2.1013888888888888,1,1035.76,1035.76,2.1013888888888888,5,488.0,61.0,70.81666666666666,0.0,0.0,0.0,0,0.0,5.0,0.32243618450515005
17234,1,2.0625,1,149.89000000000001,149.89000000000001,2.0625,14,55.0,61.0,70.81666666666666,0.0,0.0,0.0,0,0.0,14.0,0.32653061224489793
15411,0,2.013888888888889,1,156.4,156.4,2.013888888888889,10,48.0,61.0,70.81666666666666,0.0,0.0,0.0,0,0.0,10.0,0.3317972350230415
14178,0,1.9993055555555554,1,197.37,197.37,1.9993055555555554,28,161.0,61.0,70.81666666666666,0.0,0.0,0.0,0,0.0,28.0,0.33341051169252145
15098,1,1.8868055555555556,3,39916.5,13305.5,1.8944444444444444,1,40.333333333333336,61.0,70.81666666666666,2.0,61.0,39267.0,0,0.6666666666666666,0.3333333333333333,1.0364683301343571
17265,0,0.034722222222222224,1,377.84000000000003,377.84000000000003,0.034722222222222224,72,214.0,61.0,70.81666666666666,0.0,0.0,0.0,0,0.0,72.0,0.9664429530201342
