Customer ID,Churn,ChurnProbability,RiskSegment,RecencyDays,PurchaseFrequency,MonetaryValue,UniqueProducts,IsRepeatCustomer,HighValueCustomer,RetentionPriority
12918,1,0.9456287,Critical,445.8944444444445,1,10953.5,1,0,1,Immediate Action
15760,1,0.93851906,Critical,450.0451388888889,2,13916.34,1,0,1,Immediate Action
16077,1,0.9259245,Critical,445.0888888888889,1,2300.4,8,0,1,Immediate Action
13091,0,0.9125324,Critical,549.0041666666667,2,1976.0,24,0,1,Immediate Action
13902,1,0.91076934,Critical,451.9868055555556,5,34095.26,58,1,1,Immediate Action
17305,1,0.9004482,Critical,468.00208333333336,1,2135.46,9,0,1,Immediate Action
14091,1,0.88360924,Critical,473.8979166666667,2,9530.08,13,1,1,Immediate Action
14028,1,0.86917114,Critical,369.97013888888887,3,10396.5,3,0,1,Immediate Action
12737,1,0.8690459,Critical,318.0145833333333,2,3710.5,2,0,1,Immediate Action
13734,1,0.8629639,Critical,328.03194444444443,4,6695.6900000000005,24,1,1,Immediate Action
15413,1,0.862166,Critical,511.05347222222224,5,6798.72,20,1,1,Immediate Action
16118,1,0.84757453,Critical,472.13194444444446,1,4376.25,41,0,1,Immediate Action
18052,1,0.842721,Critical,384.06875,1,10877.18,16,0,1,Immediate Action
15202,1,0.83920527,Critical,239.98958333333331,3,6001.49,1,0,1,Immediate Action
12671,1,0.827055,Critical,425.84722222222223,1,2622.481,45,0,1,Immediate Action
13935,1,0.8000166,Critical,416.0618055555556,3,6116.92,67,1,1,Immediate Action
16749,1,0.79934454,Critical,410.9888888888889,2,4157.88,53,1,1,Immediate Action
18026,1,0.7826765,Critical,320.0923611111112,2,2074.07,12,1,1,Immediate Action
16067,1,0.77181834,Critical,382.0118055555556,3,3269.11,60,1,1,Immediate Action
18051,1,0.761476,Critical,453.9527777777778,7,2282.28,41,1,1,Immediate Action
13205,1,0.7504831,Critical,262.85,1,2803.2,1,0,1,Immediate Action
16772,1,0.74414045,Critical,242.97986111111112,3,3698.05,54,1,1,Immediate Action
17113,1,0.7297368,Critical,393.95208333333335,6,2305.59,122,1,1,Immediate Action
14685,1,0.72303665,Critical,395.9875,8,4536.64,109,1,1,Immediate Action
15538,1,0.7188118,Critical,357.0840277777778,6,3358.4,3,1,1,Immediate Action
15015,1,0.71662074,Critical,320.9583333333333,13,2354.97,158,1,1,Immediate Action
13687,1,0.7146134,Critical,257.84722222222223,1,11880.84,45,0,1,Immediate Action
12860,1,0.9409972,Critical,512.8944444444444,1,54.22,16,0,0,High Priority
16908,1,0.935915,Critical,541.96875,1,252.59,20,0,0,High Priority
15375,1,0.935374,Critical,509.8833333333333,1,60.96,6,0,0,High Priority
12404,1,0.93500775,Critical,501.85069444444446,1,63.24,1,0,0,High Priority
12466,1,0.93500775,Critical,501.85,1,56.73,1,0,0,High Priority
17352,1,0.9348189,Critical,515.8590277777778,1,36.25,5,0,0,High Priority
16397,1,0.9347629,Critical,447.8847222222222,1,123.13,9,0,0,High Priority
14832,1,0.93466187,Critical,449.9,1,322.69,1,0,0,High Priority
12568,1,0.93434644,Critical,464.14930555555554,1,70.0,5,0,0,High Priority
17933,1,0.93396163,Critical,451.9020833333333,1,114.69,12,0,0,High Priority
14380,1,0.9334614,Critical,501.81875,1,48.96,1,0,0,High Priority
16867,1,0.9333374,Critical,509.1520833333333,1,76.74000000000001,6,0,0,High Priority
12692,1,0.93308514,Critical,456.95,1,110.95,13,0,0,High Priority
15324,1,0.93307567,Critical,520.9256944444444,1,140.22000000000003,8,0,0,High Priority
16064,1,0.93256754,Critical,544.8604166666667,1,109.31,17,0,0,High Priority
18012,1,0.9322991,Critical,542.9819444444445,1,115.3,13,0,0,High Priority
12992,1,0.9320338,Critical,544.8361111111111,1,93.35,6,0,0,High Priority
17108,1,0.93203306,Critical,483.0194444444445,1,174.95,9,0,0,High Priority
15250,1,0.9318295,Critical,460.21875,1,60.0,3,0,0,High Priority
14613,1,0.9315882,Critical,499.9916666666667,1,76.32000000000001,1,0,0,High Priority
14884,1,0.931579,Critical,488.9958333333333,1,120.6,8,0,0,High Priority
13392,1,0.9315063,Critical,496.9694444444444,1,91.14,8,0,0,High Priority
18175,1,0.9312665,Critical,495.10069444444446,1,176.1,7,0,0,High Priority
15941,1,0.9303312,Critical,456.9201388888889,1,405.0,6,0,0,High Priority
16741,1,0.9302571,Critical,444.89930555555554,1,173.06,11,0,0,High Priority
12570,1,0.9299314,Critical,501.80694444444447,1,77.52,1,0,0,High Priority
16090,1,0.92990625,Critical,443.9895833333333,1,180.56,18,0,0,High Priority
16970,1,0.9297636,Critical,445.9583333333333,1,71.4,2,0,0,High Priority
16082,1,0.9297361,Critical,489.8986111111111,1,106.75,16,0,0,High Priority
16291,1,0.9296748,Critical,501.85,1,117.72,1,0,0,High Priority
16047,1,0.9296748,Critical,501.8444444444444,1,107.14,1,0,0,High Priority
15672,1,0.92963535,Critical,544.8319444444444,1,45.3,3,0,0,High Priority
16439,1,0.9292724,Critical,541.9361111111111,1,310.70000000000005,9,0,0,High Priority
16673,1,0.9292026,Critical,498.93611111111113,1,171.13,19,0,0,High Priority
12954,1,0.92904055,Critical,458.1069444444444,1,162.45,10,0,0,High Priority
14604,1,0.92888254,Critical,452.99305555555554,1,143.86,20,0,0,High Priority
12606,1,0.9288164,Critical,501.8520833333333,1,21.0,1,0,0,High Priority
12846,1,0.9288164,Critical,501.84791666666666,1,15.58,1,0,0,High Priority
18115,1,0.92878675,Critical,517.0368055555556,1,9.7,3,0,0,High Priority
12555,1,0.92868006,Critical,501.85,1,129.23,1,0,0,High Priority
17575,1,0.92855567,Critical,486.95972222222224,1,171.7,5,0,0,High Priority
16694,1,0.92798597,Critical,542.8784722222222,1,98.3,3,0,0,High Priority
14376,1,0.92795753,Critical,502.8847222222222,1,215.46,17,0,0,High Priority
14079,0,0.92762446,Critical,501.8131944444444,1,243.63,1,0,0,High Priority
15534,1,0.9275671,Critical,545.0013888888889,1,162.25,8,0,0,High Priority
14207,1,0.9274815,Critical,507.1368055555556,1,157.8,2,0,0,High Priority
12776,1,0.92740273,Critical,487.0270833333333,1,55.5,4,0,0,High Priority
15875,1,0.9273113,Critical,465.8326388888889,1,108.52,18,0,0,High Priority
15371,1,0.92684346,Critical,481.98333333333335,1,59.400000000000006,1,0,0,High Priority
14095,1,0.92658913,Critical,542.0006944444444,1,2.95,1,0,0,High Priority
17592,1,0.92642796,Critical,558.0840277777778,1,148.3,13,0,0,High Priority
17318,1,0.92630094,Critical,544.9854166666667,1,157.32999999999998,17,0,0,High Priority
17909,1,0.9262774,Critical,556.9861111111111,1,110.05,8,0,0,High Priority
17056,1,0.9261841,Critical,557.9965277777778,1,128.60000000000002,8,0,0,High Priority
13036,1,0.92612433,Critical,504.0520833333333,1,307.1,6,0,0,High Priority
14892,1,0.9259923,Critical,510.1611111111111,1,202.35,13,0,0,High Priority
15082,1,0.92598057,Critical,488.1020833333333,1,93.35,6,0,0,High Priority
16051,1,0.9258812,Critical,501.1333333333333,1,188.44,12,0,0,High Priority
17487,1,0.925841,Critical,547.9055555555556,1,160.55,8,0,0,High Priority
18148,1,0.9254832,Critical,466.0486111111111,1,112.85,9,0,0,High Priority
16530,1,0.9253347,Critical,487.8888888888889,1,48.35,3,0,0,High Priority
12638,0,0.9249793,Critical,459.09722222222223,1,249.8,9,0,0,High Priority
14943,1,0.9249026,Critical,482.8652777777778,1,107.62,5,0,0,High Priority
13793,1,0.92472464,Critical,466.18402777777777,1,96.0,7,0,0,High Priority
16459,1,0.92471033,Critical,549.0055555555556,1,71.78999999999999,5,0,0,High Priority
16537,1,0.92469984,Critical,460.9645833333333,1,23.35,3,0,0,High Priority
13490,1,0.92455155,Critical,473.9180555555556,1,154.25,8,0,0,High Priority
14751,1,0.924159,Critical,503.96736111111113,2,126.45,7,1,0,High Priority
15927,1,0.9240751,Critical,466.97569444444446,1,106.54,13,0,0,High Priority
17328,1,0.923952,Critical,492.81875,1,104.7,6,0,0,High Priority
13907,1,0.9238848,Critical,511.0194444444445,1,136.8,4,0,0,High Priority
13114,1,0.9233822,Critical,550.1208333333333,1,234.38,16,0,0,High Priority
15558,1,0.9232884,Critical,458.8923611111111,1,202.68,23,0,0,High Priority
15479,1,0.9230957,Critical,552.9041666666667,1,147.4,9,0,0,High Priority
15833,1,0.9228737,Critical,557.0354166666667,1,80.4,5,0,0,High Priority
17319,1,0.92250884,Critical,488.87708333333336,1,29.1,3,0,0,High Priority
14977,1,0.92201686,Critical,545.0923611111111,1,31.93,4,0,0,High Priority
16301,1,0.92199373,Critical,556.1041666666666,1,107.33,6,0,0,High Priority
17606,1,0.92199373,Critical,556.9708333333333,1,87.30000000000001,6,0,0,High Priority
14347,1,0.92199373,Critical,556.0840277777778,1,82.6,6,0,0,High Priority
13469,1,0.92190385,Critical,472.90763888888887,1,82.4,6,0,0,High Priority
14726,1,0.9218356,Critical,474.0104166666667,1,116.5,15,0,0,High Priority
13757,1,0.9217003,Critical,494.00902777777776,1,195.55,8,0,0,High Priority
13053,1,0.9216573,Critical,441.05694444444447,1,127.65,17,0,0,High Priority
17586,1,0.921595,Critical,438.9847222222222,1,167.4,8,0,0,High Priority
14574,1,0.9214279,Critical,552.0055555555556,1,143.70000000000002,11,0,0,High Priority
12848,1,0.92137814,Critical,495.00347222222223,1,208.0,16,0,0,High Priority
15693,1,0.9213301,Critical,478.9256944444445,1,37.5,1,0,0,High Priority
14190,1,0.9212969,Critical,485.9326388888889,1,79.9,1,0,0,High Priority
15162,1,0.9210848,Critical,550.9833333333333,1,312.9,12,0,0,High Priority
12861,1,0.9205437,Critical,439.0493055555556,1,68.25,4,0,0,High Priority
14378,1,0.92049974,Critical,441.0194444444445,1,131.25,9,0,0,High Priority
15698,1,0.9200666,Critical,443.8,1,46.2,2,0,0,High Priority
14827,1,0.9200562,Critical,484.87708333333336,1,0.0,1,0,0,High Priority
14103,1,0.9200562,Critical,484.9111111111111,1,0.0,1,0,0,High Priority
13219,1,0.91965264,Critical,437.93888888888887,1,76.23,11,0,0,High Priority
14072,1,0.91885746,Critical,486.0131944444444,1,390.85,19,0,0,High Priority
14171,0,0.9186434,Critical,549.9583333333334,1,135.0,6,0,0,High Priority
15999,1,0.91789675,Critical,555.0131944444445,1,20.4,1,0,0,High Priority
13847,1,0.9176757,Critical,539.0895833333333,1,310.72,19,0,0,High Priority
16388,1,0.9174136,Critical,473.1041666666667,1,186.05,13,0,0,High Priority
13087,1,0.9171146,Critical,545.8986111111111,1,313.64,15,0,0,High Priority
17557,0,0.91692835,Critical,552.1076388888889,1,34.0,1,0,0,High Priority
17151,1,0.91688395,Critical,554.9125,1,231.90000000000003,4,0,0,High Priority
18166,1,0.91661155,Critical,443.01666666666665,1,175.5,10,0,0,High Priority
13416,0,0.91653794,Critical,555.9916666666667,1,228.3,7,0,0,High Priority
14637,1,0.916252,Critical,496.87361111111113,1,106.68,7,0,0,High Priority
17875,1,0.91619736,Critical,507.8888888888889,1,167.1,25,0,0,High Priority
13609,1,0.9160001,Critical,412.975,1,167.35,7,0,0,High Priority
17982,1,0.91564775,Critical,500.1333333333333,1,138.18,13,0,0,High Priority
16280,1,0.91505444,Critical,544.8756944444444,1,238.05,16,0,0,High Priority
13128,1,0.9148938,Critical,450.9041666666666,1,263.5,1,0,0,High Priority
16944,1,0.91433865,Critical,429.0743055555556,1,101.36,7,0,0,High Priority
15496,1,0.9143062,Critical,450.9819444444444,1,146.14,22,0,0,High Priority
12934,1,0.91430527,Critical,556.0826388888889,1,181.65,2,0,0,High Priority
17794,1,0.9142882,Critical,506.1055555555556,2,147.3,7,1,0,High Priority
15524,0,0.9142675,Critical,426.1465277777778,1,151.4,8,0,0,High Priority
15575,1,0.9141012,Critical,439.0,1,30.1,3,0,0,High Priority
18152,1,0.9140565,Critical,465.89166666666665,1,426.69,10,0,0,High Priority
13071,1,0.9138229,Critical,431.96736111111113,1,129.22,12,0,0,High Priority
14650,1,0.913794,Critical,408.6826388888889,1,62.5,4,0,0,High Priority
16901,1,0.9129412,Critical,548.8472222222222,1,204.26,23,0,0,High Priority
12636,1,0.9128503,Critical,558.1215277777778,1,141.0,1,0,0,High Priority
14106,1,0.9120842,Critical,556.9451388888889,1,214.8,1,0,0,High Priority
16028,1,0.9118393,Critical,415.0451388888889,1,82.2,5,0,0,High Priority
14743,1,0.91176945,Critical,412.1,1,50.48,3,0,0,High Priority
17927,1,0.91171414,Critical,541.0743055555556,1,294.0,10,0,0,High Priority
16964,1,0.91167927,Critical,552.9979166666667,2,207.85,6,0,0,High Priority
17066,1,0.9116477,Critical,545.9763888888889,1,228.34,17,0,0,High Priority
15474,1,0.9115943,Critical,415.06666666666666,1,150.35,19,0,0,High Priority
17359,0,0.9114762,Critical,467.9180555555556,1,156.6,23,0,0,High Priority
15209,1,0.9110227,Critical,549.8083333333333,1,178.98000000000002,13,0,0,High Priority
14519,1,0.91054916,Critical,503.06388888888887,2,203.14,38,1,0,High Priority
18174,0,0.9102771,Critical,423.0229166666667,1,58.5,1,0,0,High Priority
17605,1,0.9102305,Critical,409.9201388888889,1,160.75,13,0,0,High Priority
12470,1,0.9101558,Critical,509.0756944444444,1,211.95,23,0,0,High Priority
16548,1,0.91004753,Critical,418.8576388888889,1,30.15,6,0,0,High Priority
16578,1,0.90983564,Critical,445.9020833333333,1,156.6,9,0,0,High Priority
14879,1,0.90968287,Critical,504.0520833333333,1,185.06,27,0,0,High Priority
16277,1,0.9096277,Critical,553.0576388888888,1,188.69,23,0,0,High Priority
18046,1,0.9094881,Critical,469.0513888888889,1,189.63,26,0,0,High Priority
17216,1,0.90931165,Critical,373.99097222222224,1,63.6,13,0,0,High Priority
13119,1,0.90873075,Critical,488.175,1,134.9,11,0,0,High Priority
14999,1,0.90867335,Critical,412.0854166666667,1,129.48000000000002,9,0,0,High Priority
12969,1,0.90815216,Critical,422.0833333333333,1,122.45,5,0,0,High Priority
14980,1,0.9078139,Critical,556.9451388888889,1,150.68,24,0,0,High Priority
16195,1,0.9076223,Critical,542.9451388888889,1,323.25,16,0,0,High Priority
13007,1,0.9072735,Critical,399.0916666666666,1,175.25,11,0,0,High Priority
17577,1,0.9070107,Critical,464.9923611111111,2,348.75,20,1,0,High Priority
17488,1,0.9068517,Critical,460.94652777777776,1,336.5,18,0,0,High Priority
13289,1,0.90667284,Critical,543.0395833333333,1,307.95,16,0,0,High Priority
15924,1,0.90653616,Critical,550.9097222222222,1,102.82,14,0,0,High Priority
15455,1,0.90643185,Critical,417.0048611111111,1,38.25,2,0,0,High Priority
17192,1,0.9061662,Critical,355.86319444444445,1,75.28,20,0,0,High Priority
13180,1,0.90578884,Critical,426.96736111111113,1,86.10000000000001,4,0,0,High Priority
15964,1,0.9055516,Critical,482.8888888888889,1,269.21000000000004,20,0,0,High Priority
13511,1,0.90551347,Critical,496.02777777777777,1,282.76,5,0,0,High Priority
15697,1,0.905324,Critical,509.15277777777777,1,246.75,14,0,0,High Priority
16651,1,0.90511435,Critical,406.0444444444444,1,136.2,6,0,0,High Priority
13628,1,0.90496963,Critical,495.92083333333335,1,310.14,16,0,0,High Priority
12496,1,0.9049044,Critical,439.9472222222222,2,45.34,10,0,0,High Priority
14983,1,0.90464807,Critical,508.8041666666667,1,183.2,30,0,0,High Priority
16941,1,0.9044968,Critical,431.0673611111111,1,33.0,2,0,0,High Priority
16664,1,0.90440726,Critical,388.81875,1,109.2,8,0,0,High Priority
15112,1,0.9043484,Critical,430.93958333333336,1,209.4,7,0,0,High Priority
17922,1,0.90432566,Critical,362.84583333333336,1,170.4,8,0,0,High Priority
14255,1,0.90427154,Critical,365.8722222222222,1,1000.63,1,0,0,High Priority
17784,1,0.9041686,Critical,369.8625,1,112.86,19,0,0,High Priority
16896,1,0.904165,Critical,374.88194444444446,1,103.95,18,0,0,High Priority
13413,1,0.9040746,Critical,459.0229166666667,6,429.44,38,1,0,High Priority
15548,1,0.9037736,Critical,415.0208333333333,1,158.09,23,0,0,High Priority
18103,1,0.9034891,Critical,368.9680555555556,1,105.8,10,0,0,High Priority
15487,1,0.90334886,Critical,499.02986111111113,1,231.32,14,0,0,High Priority
14374,1,0.90277076,Critical,360.93402777777777,1,108.0,7,0,0,High Priority
16645,1,0.90275633,Critical,555.1256944444444,1,160.39,14,0,0,High Priority
14993,1,0.902724,Critical,383.00208333333336,1,36.13,9,0,0,High Priority
14955,1,0.90247405,Critical,552.0520833333334,1,163.77,30,0,0,High Priority
12392,1,0.90242356,Critical,410.9486111111111,1,234.75000000000003,7,0,0,High Priority
18042,0,0.9023132,Critical,361.08125,1,116.1,9,0,0,High Priority
17401,1,0.9023132,Critical,360.8305555555556,1,114.85,11,0,0,High Priority
15022,0,0.90156114,Critical,496.8666666666667,1,281.05,19,0,0,High Priority
17721,1,0.9012081,Critical,478.89722222222224,1,307.21000000000004,11,0,0,High Priority
15409,1,0.9008706,Critical,540.8854166666666,1,131.25,9,0,0,High Priority
12894,1,0.90073055,Critical,394.91875,1,157.35,21,0,0,High Priority
16911,1,0.90063685,Critical,455.02222222222224,2,255.25,30,1,0,High Priority
13586,1,0.900603,Critical,360.9604166666667,1,127.28,20,0,0,High Priority
12663,1,0.9000523,Critical,444.13194444444446,2,239.4,9,1,0,High Priority
17087,1,0.89974755,Critical,557.0895833333333,1,221.53,12,0,0,High Priority
17065,1,0.899734,Critical,457.04791666666665,2,194.7,6,0,0,High Priority
17971,1,0.8995878,Critical,367.9486111111111,1,161.94,21,0,0,High Priority
17959,1,0.8994559,Critical,411.94305555555553,1,140.75,2,0,0,High Priority
16605,1,0.899377,Critical,543.7409722222222,1,60.48,1,0,0,High Priority
14330,1,0.8993603,Critical,443.15277777777777,1,200.63,13,0,0,High Priority
17543,1,0.89912355,Critical,369.00625,1,120.05,13,0,0,High Priority
16486,1,0.89886844,Critical,357.0236111111111,1,134.36,7,0,0,High Priority
18253,1,0.8988112,Critical,462.0083333333333,1,317.88,7,0,0,High Priority
13794,1,0.8986592,Critical,366.0138888888889,1,126.03,9,0,0,High Priority
15340,1,0.89792985,Critical,381.09930555555553,1,105.5,7,0,0,High Priority
14042,1,0.8977187,Critical,544.9048611111111,1,431.98,21,0,0,High Priority
13905,1,0.897399,Critical,552.0479166666667,1,312.65,12,0,0,High Priority
13688,1,0.89729816,Critical,454.94375,1,375.5,5,0,0,High Priority
17225,1,0.89725804,Critical,401.05,1,131.15,5,0,0,High Priority
14558,1,0.8971599,Critical,473.9993055555556,3,655.5,13,1,0,High Priority
16831,1,0.89679223,Critical,384.1541666666666,1,91.8,6,0,0,High Priority
13438,1,0.89657485,Critical,366.7527777777778,1,46.5,1,0,0,High Priority
16452,1,0.8963704,Critical,450.0076388888889,2,332.17,14,1,0,High Priority
17304,1,0.8962778,Critical,353.8520833333333,1,111.5,5,0,0,High Priority
15770,1,0.896178,Critical,432.04375,1,321.45,18,0,0,High Priority
17916,1,0.8959916,Critical,448.01666666666665,2,43.87,15,1,0,High Priority
16666,0,0.8959326,Critical,440.90069444444447,1,98.73,15,0,0,High Priority
17417,1,0.8955141,Critical,368.11805555555554,1,164.18,16,0,0,High Priority
16663,1,0.8954487,Critical,548.9847222222222,1,165.0,1,0,0,High Priority
12774,1,0.8953556,Critical,355.09166666666664,1,98.7,6,0,0,High Priority
14394,1,0.8953556,Critical,384.08819444444447,1,93.8,6,0,0,High Priority
15305,1,0.89533734,Critical,374.9583333333333,1,93.6,5,0,0,High Priority
16564,1,0.89533734,Critical,388.92291666666665,1,87.8,5,0,0,High Priority
17647,0,0.89527243,Critical,488.9236111111111,2,198.6,5,0,0,High Priority
17583,1,0.8952287,Critical,379.9347222222222,1,135.95,7,0,0,High Priority
15256,0,0.8951577,Critical,381.04791666666665,1,71.95,4,0,0,High Priority
14588,1,0.89514196,Critical,397.9041666666666,1,135.39,16,0,0,High Priority
12416,1,0.894985,Critical,476.1048611111111,1,202.56,11,0,0,High Priority
17285,1,0.8944707,Critical,447.9666666666666,2,407.94,41,1,0,High Priority
13111,1,0.89437985,Critical,538.1597222222222,1,321.88000000000005,12,0,0,High Priority
15588,1,0.89426076,Critical,497.0215277777778,1,579.6,4,0,0,High Priority
15913,1,0.89405495,Critical,353.8465277777778,1,6.300000000000001,1,0,0,High Priority
14274,1,0.89402837,Critical,505.9993055555556,1,256.6,15,0,0,High Priority
17494,1,0.89381135,Critical,321.1138888888889,1,54.7,3,0,0,High Priority
15229,1,0.8930785,Critical,405.9583333333333,1,160.5,9,0,0,High Priority
13457,1,0.89286816,Critical,508.1680555555556,2,148.22,9,1,0,High Priority
15868,1,0.8928541,Critical,402.94375,1,94.53,4,0,0,High Priority
15317,1,0.89283967,Critical,496.87152777777777,1,129.75,5,0,0,High Priority
15943,1,0.89279044,Critical,469.0006944444444,2,271.29,12,1,0,High Priority
17040,0,0.89278656,Critical,369.9041666666666,1,13.52,1,0,0,High Priority
15040,1,0.89278656,Critical,361.0486111111111,1,7.49,1,0,0,High Priority
16219,1,0.8926868,Critical,320.0458333333333,1,40.8,1,0,0,High Priority
15991,1,0.8926786,Critical,353.875,1,150.55,6,0,0,High Priority
14086,1,0.8925676,Critical,282.08194444444445,1,39.95,1,0,0,High Priority
14717,1,0.8924823,Critical,552.9895833333334,1,81.3,11,0,0,High Priority
16165,1,0.8923836,Critical,324.93958333333336,1,79.9,1,0,0,High Priority
15905,1,0.8923734,Critical,362.86805555555554,1,114.69,22,0,0,High Priority
16436,1,0.89222723,Critical,487.9798611111111,3,319.14,37,1,0,High Priority
17224,1,0.8916167,Critical,320.97222222222223,1,100.86,8,0,0,High Priority
18186,1,0.8915786,Critical,542.1027777777778,1,329.58,11,0,0,High Priority
14509,1,0.8914035,Critical,353.9784722222222,1,110.95,25,0,0,High Priority
14384,1,0.8913732,Critical,320.12291666666664,1,58.5,3,0,0,High Priority
15293,1,0.89125067,Critical,485.0388888888889,1,247.5,19,0,0,High Priority
17662,1,0.8910561,Critical,481.1333333333333,2,412.92,14,1,0,High Priority
18199,1,0.89086914,Critical,503.0541666666667,1,344.75,20,0,0,High Priority
17240,1,0.89083457,Critical,415.87916666666666,1,130.6,7,0,0,High Priority
14969,1,0.8908343,Critical,523.0048611111112,1,906.23,13,0,0,High Priority
13009,1,0.89074564,Critical,492.0194444444445,1,234.0,4,0,0,High Priority
16417,1,0.8907412,Critical,312.15416666666664,1,35.7,1,0,0,High Priority
15284,1,0.8907412,Critical,319.97569444444446,1,24.75,1,0,0,High Priority
13788,1,0.8907412,Critical,324.875,1,3.75,1,0,0,High Priority
14495,0,0.889999,Critical,479.1673611111111,1,51.0,1,0,0,High Priority
13222,1,0.8898793,Critical,396.9555555555556,1,88.5,1,0,0,High Priority
14833,1,0.8897878,Critical,318.1138888888889,1,94.8,7,0,0,High Priority
12368,1,0.8897358,Critical,447.8708333333333,1,917.7,18,0,0,High Priority
18201,1,0.88973016,Critical,542.1631944444445,1,447.53,27,0,0,High Priority
17565,1,0.8896768,Critical,406.0388888888889,1,131.83,30,0,0,High Priority
14989,1,0.88950384,Critical,481.09027777777777,1,342.4,18,0,0,High Priority
17842,1,0.8892182,Critical,421.9354166666666,1,430.69,18,0,0,High Priority
15359,1,0.88885367,Critical,482.0854166666667,8,181.35,10,1,0,High Priority
14941,1,0.8887999,Critical,398.05555555555554,1,182.1,7,0,0,High Priority
12941,1,0.8887304,Critical,543.9847222222222,1,377.49,27,0,0,High Priority
17336,1,0.88866204,Critical,291.88402777777776,1,81.12,1,0,0,High Priority
13896,1,0.88860375,Critical,445.16319444444446,1,388.55,21,0,0,High Priority
14137,1,0.88858277,Critical,515.0138888888889,1,332.7,11,0,0,High Priority
13913,1,0.8882894,Critical,326.11041666666665,1,42.22,3,0,0,High Priority
17587,1,0.88827944,Critical,447.9402777777778,1,176.71,42,0,0,High Priority
18029,1,0.88772976,Critical,461.8888888888889,1,433.77,18,0,0,High Priority
17833,1,0.88752854,Critical,542.9652777777778,1,338.46000000000004,28,0,0,High Priority
16035,1,0.8873724,Critical,379.9034722222222,1,217.73,21,0,0,High Priority
15720,0,0.8871021,Critical,369.88194444444446,1,140.49,25,0,0,High Priority
14007,1,0.88701904,Critical,332.1555555555556,1,79.48,5,0,0,High Priority
14144,1,0.8868836,Critical,305.8979166666667,1,30.6,1,0,0,High Priority
16285,1,0.88672274,Critical,465.86597222222224,1,176.9,31,0,0,High Priority
16641,0,0.88668656,Critical,521.0194444444444,1,323.40000000000003,24,0,0,High Priority
13234,1,0.8866308,Critical,492.04791666666665,2,346.5,56,1,0,High Priority
18153,1,0.8866288,Critical,478.875,1,246.22,17,0,0,High Priority
12495,1,0.88639957,Critical,460.08125,1,357.4,17,0,0,High Priority
14003,1,0.88637257,Critical,552.1645833333333,1,209.41,16,0,0,High Priority
16251,1,0.88624823,Critical,331.91319444444446,1,128.31,20,0,0,High Priority
15816,1,0.8856079,Critical,361.9680555555556,2,144.14999999999998,11,0,0,High Priority
15851,1,0.88512653,Critical,346.0111111111111,1,109.73,8,0,0,High Priority
17479,1,0.88499224,Critical,452.14166666666665,1,389.2600000000001,18,0,0,High Priority
18124,1,0.88493496,Critical,291.8118055555556,1,102.65,20,0,0,High Priority
13315,1,0.8849345,Critical,508.8861111111111,1,310.26,22,0,0,High Priority
18038,1,0.8845818,Critical,375.86875,1,141.48,25,0,0,High Priority
16196,1,0.8844355,Critical,308.0486111111111,1,93.3,4,0,0,High Priority
14018,1,0.8844222,Critical,464.9354166666666,1,367.15,13,0,0,High Priority
16288,1,0.88431567,Critical,289.9201388888889,1,129.85,7,0,0,High Priority
13530,1,0.8839292,Critical,453.94444444444446,1,402.98,18,0,0,High Priority
15085,1,0.88384295,Critical,549.04375,1,347.54,9,0,0,High Priority
17953,1,0.8838298,Critical,359.90416666666664,1,159.17000000000002,20,0,0,High Priority
14366,1,0.8835968,Critical,344.81041666666664,1,136.0,1,0,0,High Priority
17910,1,0.88358104,Critical,545.8652777777778,1,261.7,25,0,0,High Priority
12925,0,0.88356066,Critical,412.09583333333336,1,35.28,5,0,0,High Priority
13739,0,0.88353527,Critical,347.10069444444446,1,75.3,3,0,0,High Priority
16978,0,0.88346285,Critical,485.84513888888887,2,424.55,28,0,0,High Priority
14580,1,0.88343745,Critical,337.8958333333333,1,14.85,1,0,0,High Priority
13498,1,0.88340986,Critical,549.8916666666667,1,327.38,17,0,0,High Priority
14017,1,0.88334537,Critical,390.91527777777776,1,229.75,14,0,0,High Priority
14187,1,0.88326055,Critical,293.0305555555556,1,123.5,8,0,0,High Priority
12443,1,0.88316864,Critical,551.8805555555556,1,485.31,21,0,0,High Priority
16822,1,0.88308185,Critical,505.93611111111113,1,181.39,11,0,0,High Priority
15486,1,0.8830259,Critical,346.9826388888889,1,102.0,1,0,0,High Priority
18020,1,0.883008,Critical,363.0131944444444,1,190.48,12,0,0,High Priority
12773,1,0.88299984,Critical,383.80555555555554,1,124.25,6,0,0,High Priority
16192,1,0.88274467,Critical,555.0152777777778,1,351.3,11,0,0,High Priority
16273,1,0.8826935,Critical,467.9763888888889,2,318.34000000000003,15,1,0,High Priority
17441,1,0.8825899,Critical,551.9708333333333,1,293.35,21,0,0,High Priority
15662,1,0.8825476,Critical,480.8354166666667,2,283.73,12,1,0,High Priority
18285,1,0.8825345,Critical,480.1013888888889,1,427.0,12,0,0,High Priority
18070,1,0.8824657,Critical,488.9736111111111,1,314.1,9,0,0,High Priority
12703,0,0.88238955,Critical,452.97777777777776,3,722.98,44,1,0,High Priority
15603,0,0.88229334,Critical,467.8666666666667,1,40.0,2,0,0,High Priority
13445,1,0.8821658,Critical,445.8861111111111,1,241.9,7,0,0,High Priority
14900,1,0.8821359,Critical,341.9034722222222,1,13.919999999999998,1,0,0,High Priority
13454,1,0.88202256,Critical,460.9236111111111,1,219.87,23,0,0,High Priority
17810,1,0.8820087,Critical,488.0854166666667,2,373.16,51,1,0,High Priority
14799,0,0.88172245,Critical,557.0638888888889,1,180.45,10,0,0,High Priority
13839,1,0.8816548,Critical,305.95694444444445,1,139.95000000000002,7,0,0,High Priority
13653,1,0.8816009,Critical,307.18819444444443,1,152.2,9,0,0,High Priority
14468,1,0.8814833,Critical,553.0201388888889,1,204.24,12,0,0,High Priority
16840,1,0.8813557,Critical,422.87638888888887,2,139.85,9,1,0,High Priority
13125,1,0.8812498,Critical,343.0361111111111,1,148.62,20,0,0,High Priority
13620,1,0.8810547,Critical,347.90833333333336,1,112.34,5,0,0,High Priority
17072,1,0.8807905,Critical,444.84513888888887,1,273.35,20,0,0,High Priority
16294,1,0.8806209,Critical,296.0340277777778,1,126.05,8,0,0,High Priority
17136,1,0.88053274,Critical,481.9840277777778,1,231.68,14,0,0,High Priority
14750,1,0.88038117,Critical,555.7868055555556,1,112.03,32,0,0,High Priority
17395,1,0.8801701,Critical,327.8861111111111,1,97.5,3,0,0,High Priority
14787,1,0.8798344,Critical,290.925,1,110.65,14,0,0,High Priority
18123,0,0.8796558,Critical,333.00208333333336,1,92.2,22,0,0,High Priority
17074,1,0.8795016,Critical,382.0319444444444,1,203.05,4,0,0,High Priority
16304,1,0.879484,Critical,514.1805555555555,1,381.66,25,0,0,High Priority
14369,1,0.8794049,Critical,461.87708333333336,2,469.13,24,1,0,High Priority
16002,1,0.8792405,Critical,444.9875,1,169.21,42,0,0,High Priority
15056,1,0.8792231,Critical,339.86944444444447,1,113.65,6,0,0,High Priority
13025,1,0.8785937,Critical,551.1166666666667,1,323.39,13,0,0,High Priority
16577,1,0.8783743,Critical,486.12847222222223,1,380.0,23,0,0,High Priority
15954,1,0.87830824,Critical,408.96875,1,190.75,20,0,0,High Priority
15642,1,0.87810946,Critical,549.0409722222222,1,105.78000000000002,6,0,0,High Priority
13302,0,0.8776322,Critical,346.0125,1,95.45,2,0,0,High Priority
14786,1,0.8775907,Critical,369.9638888888889,1,90.96,7,0,0,High Priority
15499,1,0.87757885,Critical,543.0229166666667,1,158.65,40,0,0,High Priority
13765,1,0.8773751,Critical,472.9611111111111,1,352.821,17,0,0,High Priority
14654,1,0.87726986,Critical,557.9951388888888,1,246.86,27,0,0,High Priority
17907,1,0.877245,Critical,460.0118055555556,1,291.76,13,0,0,High Priority
15928,1,0.8769968,Critical,475.8986111111111,1,293.53,11,0,0,High Priority
17093,1,0.8769609,Critical,412.10277777777776,1,235.88,13,0,0,High Priority
15188,1,0.87672216,Critical,544.9722222222222,1,310.43,23,0,0,High Priority
17129,1,0.8765586,Critical,339.9611111111111,1,31.85,2,0,0,High Priority
14908,0,0.8765413,Critical,282.8409722222222,1,104.1,5,0,0,High Priority
18137,1,0.87629175,Critical,370.93888888888887,2,145.99,26,0,0,High Priority
13442,1,0.8761584,Critical,486.9493055555556,3,419.87,33,1,0,High Priority
14677,1,0.87615687,Critical,412.12638888888887,1,184.91,14,0,0,High Priority
14545,1,0.8758087,Critical,493.89375,1,349.25,23,0,0,High Priority
13779,1,0.87579876,Critical,335.0597222222222,1,161.13,27,0,0,High Priority
12796,1,0.8756844,Critical,447.8756944444444,1,381.0,7,0,0,High Priority
18234,1,0.8756796,Critical,371.06111111111113,1,179.6,30,0,0,High Priority
14464,1,0.8753481,Critical,387.78472222222223,2,111.0,4,1,0,High Priority
15546,1,0.8750173,Critical,426.0409722222222,2,1079.1,6,0,0,High Priority
15374,0,0.8749893,Critical,444.03263888888887,1,139.32,6,0,0,High Priority
18208,1,0.8748803,Critical,385.0388888888889,1,360.08,17,0,0,High Priority
12698,1,0.8747699,Critical,409.8743055555556,1,339.75,16,0,0,High Priority
16886,1,0.87458205,Critical,275.90416666666664,1,134.0,8,0,0,High Priority
15431,1,0.8743975,Critical,322.00416666666666,1,153.24,2,0,0,High Priority
15423,0,0.87427324,Critical,401.1451388888889,2,223.39,12,1,0,High Priority
14596,1,0.8742222,Critical,446.02569444444447,1,222.22000000000003,50,0,0,High Priority
16925,1,0.8735933,Critical,359.90763888888887,1,125.65,18,0,0,High Priority
15892,1,0.87352204,Critical,488.8520833333333,1,128.2,38,0,0,High Priority
14070,1,0.8733694,Critical,504.0159722222222,1,321.6,40,0,0,High Priority
16137,1,0.873329,Critical,499.9069444444444,1,422.7,28,0,0,High Priority
17778,1,0.8726784,Critical,481.00416666666666,1,197.7,10,0,0,High Priority
14010,1,0.8726546,Critical,384.99305555555554,2,445.15,20,0,0,High Priority
14108,0,0.87253124,Critical,550.8923611111111,2,447.05,18,1,0,High Priority
18000,1,0.872369,Critical,383.8027777777778,1,124.25,6,0,0,High Priority
13526,1,0.871963,Critical,557.9840277777778,2,1182.0,29,0,0,High Priority
14997,0,0.8719609,Critical,475.0270833333333,1,230.4,12,0,0,High Priority
15115,0,0.87150294,Critical,552.0625,1,191.74,14,0,0,High Priority
15765,1,0.8714087,Critical,486.10069444444446,1,370.63,25,0,0,High Priority
17177,1,0.87103164,Critical,324.9145833333333,1,119.5,29,0,0,High Priority
16410,1,0.86937815,Critical,553.9159722222222,1,130.32,5,0,0,High Priority
14123,1,0.86932176,Critical,552.8854166666666,1,436.18,24,0,0,High Priority
13661,1,0.86923,Critical,422.9111111111111,1,325.24,17,0,0,High Priority
15929,1,0.8692296,Critical,463.9125,1,594.0,1,0,0,High Priority
14602,1,0.8692175,Critical,475.87708333333336,1,205.36,31,0,0,High Priority
18131,1,0.8691221,Critical,451.1680555555556,1,222.96,4,0,0,High Priority
16547,1,0.86880547,Critical,365.9916666666667,1,104.26,25,0,0,High Priority
15219,0,0.86840445,Critical,468.05347222222224,1,379.7,17,0,0,High Priority
15731,1,0.8680527,Critical,373.1111111111111,1,125.3,8,0,0,High Priority
17301,0,0.8679154,Critical,443.9819444444444,1,131.15,52,0,0,High Priority
14683,1,0.86786765,Critical,407.81388888888887,1,146.56,21,0,0,High Priority
17439,1,0.8676532,Critical,475.00138888888887,1,325.74,8,0,0,High Priority
14906,1,0.8675188,Critical,264.84722222222223,1,68.44,1,0,0,High Priority
14773,1,0.86749643,Critical,412.09791666666666,1,140.55,10,0,0,High Priority
17945,1,0.86673635,Critical,516.0486111111111,3,360.35,66,0,0,High Priority
13051,1,0.8665454,Critical,398.15,2,155.8,4,1,0,High Priority
14858,1,0.86578375,Critical,325.0826388888889,1,180.75,11,0,0,High Priority
13825,1,0.86540985,Critical,441.075,2,255.59,38,1,0,High Priority
14954,0,0.8653187,Critical,522.8416666666667,1,167.27,41,0,0,High Priority
15959,1,0.86518097,Critical,501.8416666666666,3,542.89,58,0,0,High Priority
13829,1,0.86492825,Critical,240.77152777777775,1,102.0,1,0,0,High Priority
14402,1,0.8646837,Critical,471.9791666666667,1,285.6,8,0,0,High Priority
17067,1,0.8640138,Critical,544.1743055555555,3,454.54,8,1,0,High Priority
15848,1,0.86392075,Critical,441.0805555555556,1,137.99,34,0,0,High Priority
13076,1,0.8637234,Critical,277.0993055555556,1,135.4,9,0,0,High Priority
17681,1,0.86370003,Critical,416.81111111111113,5,731.2,12,1,0,High Priority
14674,1,0.86330664,Critical,328.93402777777777,1,173.66,14,0,0,High Priority
14814,1,0.86299944,Critical,400.94444444444446,1,154.21,28,0,0,High Priority
16127,0,0.86297935,Critical,546.0215277777778,1,145.06,35,0,0,High Priority
17818,1,0.86254084,Critical,557.0527777777778,1,124.78,42,0,0,High Priority
14039,0,0.8617743,Critical,395.1076388888889,1,115.08,4,0,0,High Priority
16508,1,0.86163193,Critical,449.9645833333333,1,240.95,42,0,0,High Priority
14200,1,0.8614977,Critical,436.9923611111111,1,379.2,21,0,0,High Priority
16396,1,0.861484,Critical,295.93958333333336,1,137.8,8,0,0,High Priority
13543,1,0.86134756,Critical,453.9694444444444,2,1439.61,37,1,0,High Priority
16615,1,0.8610726,Critical,445.90069444444447,1,291.5,19,0,0,High Priority
17077,1,0.8608652,Critical,397.8430555555556,1,306.0,1,0,0,High Priority
13943,1,0.8607121,Critical,397.05555555555554,1,246.54,15,0,0,High Priority
14774,1,0.8605824,Critical,348.01666666666665,1,241.45,13,0,0,High Priority
16845,1,0.8604279,Critical,437.9868055555556,1,253.88,20,0,0,High Priority
17103,1,0.86014414,Critical,541.9458333333333,1,424.3,32,0,0,High Priority
17958,0,0.85961837,Critical,547.8840277777778,1,465.42,29,0,0,High Priority
14822,1,0.8594338,Critical,304.9986111111112,1,157.70000000000002,9,0,0,High Priority
16375,1,0.85916793,Critical,289.93402777777777,2,104.0,11,0,0,High Priority
16481,1,0.8591018,Critical,501.9868055555556,1,453.38,16,0,0,High Priority
16585,1,0.85900533,Critical,413.0944444444444,2,341.59,16,1,0,High Priority
16296,1,0.85893327,Critical,445.98541666666665,4,1313.67,56,1,0,High Priority
15233,1,0.85889494,Critical,220.9680555555556,1,59.400000000000006,1,0,0,High Priority
13163,1,0.8587491,Critical,429.8534722222222,1,17.65,2,0,0,High Priority
17012,1,0.85868615,Critical,544.8027777777778,1,360.61,34,0,0,High Priority
17626,1,0.8586613,Critical,422.02430555555554,1,254.0,18,0,0,High Priority
14928,1,0.8581852,Critical,447.15,1,223.91000000000005,21,0,0,High Priority
15591,1,0.858133,Critical,402.14375,3,217.9,6,1,0,High Priority
17294,1,0.8580442,Critical,488.8597222222222,2,467.79,17,0,0,High Priority
13879,1,0.85782236,Critical,465.0840277777778,1,395.5,25,0,0,High Priority
13112,1,0.8578032,Critical,360.8243055555556,1,20.6,2,0,0,High Priority
14791,1,0.85753876,Critical,426.1013888888889,1,303.63,19,0,0,High Priority
13714,1,0.85751665,Critical,284.9534722222222,1,161.35,30,0,0,High Priority
16068,1,0.85749066,Critical,413.04027777777776,1,115.73,34,0,0,High Priority
15354,1,0.85723287,Critical,422.8513888888889,3,284.4,1,0,0,High Priority
18134,1,0.85705495,Critical,417.95,2,445.0,27,1,0,High Priority
13724,1,0.85693765,Critical,456.8902777777778,1,213.01,39,0,0,High Priority
14266,1,0.856796,Critical,247.97083333333333,1,40.56,1,0,0,High Priority
13625,1,0.85666066,Critical,416.0833333333333,1,301.26,21,0,0,High Priority
15086,1,0.8565565,Critical,384.0159722222222,2,218.53,10,1,0,High Priority
12851,0,0.85586345,Critical,296.90069444444447,1,148.95,30,0,0,High Priority
15597,0,0.8556231,Critical,394.9861111111111,1,238.8,15,0,0,High Priority
17533,1,0.8554182,Critical,254.15,1,34.8,1,0,0,High Priority
13640,1,0.8550515,Critical,430.8868055555556,1,405.0,4,0,0,High Priority
15682,1,0.85492283,Critical,418.8888888888889,2,318.24,25,1,0,High Priority
16443,1,0.8547982,Critical,340.0368055555556,1,162.24,1,0,0,High Priority
17474,1,0.8545574,Critical,419.08819444444447,1,1047.0,6,0,0,High Priority
17901,0,0.8545415,Critical,341.0729166666667,2,149.7,3,0,0,High Priority
14308,1,0.8544882,Critical,368.83472222222224,2,1147.02,1,0,0,High Priority
13217,0,0.85445076,Critical,475.0006944444444,1,132.5,1,0,0,High Priority
16731,1,0.8543579,Critical,467.90625,1,170.3,40,0,0,High Priority
15718,1,0.85432553,Critical,359.8541666666667,1,293.79,18,0,0,High Priority
13852,1,0.85417956,Critical,430.1555555555556,1,187.35,11,0,0,High Priority
13172,1,0.85392356,Critical,219.90277777777777,1,69.6,1,0,0,High Priority
17008,1,0.85392344,Critical,248.89652777777775,1,81.36,1,0,0,High Priority
12869,1,0.8535577,Critical,501.02777777777777,1,337.67,35,0,0,High Priority
17296,1,0.85289603,Critical,549.9506944444445,1,338.13,32,0,0,High Priority
14990,1,0.8528031,Critical,431.9555555555556,2,304.17,41,1,0,High Priority
12503,1,0.85262644,Critical,403.95208333333335,1,1126.0,2,0,0,High Priority
17178,1,0.85248494,Critical,550.8541666666666,1,432.96,31,0,0,High Priority
14694,1,0.8524465,Critical,436.7111111111111,1,244.31,15,0,0,High Priority
16502,1,0.85235727,Critical,439.9625,2,258.55,41,0,0,High Priority
17570,1,0.85199326,Critical,201.0375,1,100.0,1,0,0,High Priority
15302,1,0.8519789,Critical,549.9854166666667,1,308.0,15,0,0,High Priority
16786,1,0.8516791,Critical,213.18402777777777,1,51.84,1,0,0,High Priority
13641,1,0.85129064,Critical,460.21736111111113,5,1016.47,41,1,0,High Priority
17383,0,0.8510417,Critical,272.9138888888889,1,110.7,2,0,0,High Priority
15477,1,0.85094446,Critical,469.09236111111113,1,368.4,2,0,0,High Priority
16802,1,0.8507333,Critical,498.9625,2,582.61,48,1,0,High Priority
13290,1,0.8505357,Critical,257.84791666666666,1,208.63,1,0,0,High Priority
13830,1,0.8503505,Critical,401.0180555555556,1,156.85000000000002,11,0,0,High Priority
14131,1,0.8502661,Critical,468.03541666666666,1,168.22,45,0,0,High Priority
15742,1,0.8502197,Critical,438.8923611111111,1,156.87,41,0,0,High Priority
14074,1,0.8499932,Critical,442.9548611111111,1,219.4,6,0,0,High Priority
15794,1,0.84971374,Critical,555.9902777777778,2,777.0,15,1,0,High Priority
14328,1,0.849532,Critical,257.8673611111111,1,445.05,1,0,0,High Priority
14486,1,0.8490566,Critical,331.1305555555556,2,175.5,4,1,0,High Priority
14874,1,0.8482988,Critical,354.9111111111111,1,116.18,6,0,0,High Priority
16267,1,0.8479881,Critical,410.94444444444446,1,186.66,7,0,0,High Priority
12366,1,0.84773535,Critical,453.0986111111111,1,500.24,3,0,0,High Priority
14576,1,0.84757906,Critical,191.79097222222225,1,35.400000000000006,1,0,0,High Priority
15686,1,0.8467164,Critical,239.95833333333331,1,90.0,1,0,0,High Priority
12780,1,0.84661275,Critical,418.13194444444446,1,337.4,20,0,0,High Priority
14809,1,0.8465393,Critical,440.87916666666666,2,686.76,18,0,0,High Priority
16447,0,0.8461887,Critical,409.9784722222222,2,471.19,27,1,0,High Priority
16604,1,0.8460112,Critical,382.15277777777777,2,432.45,10,1,0,High Priority
13380,1,0.8456859,Critical,252.10555555555555,1,62.4,3,0,0,High Priority
14151,1,0.8455634,Critical,492.8854166666667,2,679.45,44,1,0,High Priority
16649,1,0.8449089,Critical,339.88125,1,306.58000000000004,20,0,0,High Priority
13022,1,0.84434915,Critical,249.08333333333331,1,65.3,5,0,0,High Priority
13254,1,0.84419805,Critical,195.8805555555556,1,51.41,4,0,0,High Priority
15685,1,0.8439643,Critical,269.96319444444447,1,55.98,17,0,0,High Priority
13197,1,0.8439109,Critical,429.15,1,373.0100000000001,19,0,0,High Priority
18162,1,0.84344876,Critical,551.9763888888889,1,371.51,45,0,0,High Priority
14391,1,0.84342915,Critical,396.13055555555553,1,135.6,14,0,0,High Priority
15926,1,0.8433256,Critical,361.89375,1,134.44,7,0,0,High Priority
14172,1,0.8432816,Critical,424.975,3,369.02,38,1,0,High Priority
16058,1,0.84304196,Critical,225.8347222222222,1,62.7,2,0,0,High Priority
17271,1,0.84295034,Critical,555.9590277777778,1,204.3,46,0,0,High Priority
17568,1,0.8428416,Critical,452.83680555555554,1,374.45,61,0,0,High Priority
17249,1,0.8423711,Critical,248.0534722222222,1,68.03,27,0,0,High Priority
17660,0,0.84228814,Critical,556.8666666666667,1,163.47,42,0,0,High Priority
18113,1,0.8422304,Critical,188.01319444444445,1,76.32000000000001,1,0,0,High Priority
15323,1,0.8420718,Critical,382.1173611111111,3,434.6,29,1,0,High Priority
13768,1,0.8418152,Critical,546.0895833333333,2,875.97,30,1,0,High Priority
14826,1,0.84155375,Critical,401.15972222222223,2,385.2,10,1,0,High Priority
13306,1,0.8414896,Critical,249.91319444444449,1,53.65,4,0,0,High Priority
13056,1,0.84130657,Critical,370.94444444444446,1,209.48,18,0,0,High Priority
13011,1,0.84085244,Critical,191.8111111111111,1,50.55,3,0,0,High Priority
12799,1,0.8407921,Critical,348.8701388888889,1,219.35,15,0,0,High Priority
13818,1,0.84078366,Critical,249.01041666666663,1,61.28,5,0,0,High Priority
13535,1,0.8406773,Critical,222.04236111111112,1,89.5,1,0,0,High Priority
15166,1,0.84061813,Critical,287.0131944444444,1,167.16,12,0,0,High Priority
16569,0,0.8404038,Critical,450.8965277777778,4,1331.03,23,1,0,High Priority
17215,1,0.8401909,Critical,283.9659722222222,1,186.15,11,0,0,High Priority
13676,1,0.83996224,Critical,358.80555555555554,2,243.9,13,1,0,High Priority
17532,1,0.83996063,Critical,205.1923611111111,1,65.34,4,0,0,High Priority
15338,1,0.8397319,Critical,496.93402777777777,1,277.93,56,0,0,High Priority
14972,0,0.8395116,Critical,200.85625,1,30.300000000000004,2,0,0,High Priority
18267,1,0.83943874,Critical,492.1715277777778,1,269.37,17,0,0,High Priority
15295,1,0.8392487,Critical,473.99097222222224,1,207.04,50,0,0,High Priority
17468,0,0.8392253,Critical,194.80902777777777,1,57.8,3,0,0,High Priority
16312,1,0.83896214,Critical,251.94097222222223,1,171.15,10,0,0,High Priority
17199,1,0.83887315,Critical,401.95625,1,135.04000000000002,8,0,0,High Priority
16733,1,0.8387438,Critical,349.1097222222222,1,259.68,12,0,0,High Priority
16821,1,0.83865994,Critical,201.11527777777775,1,113.35,7,0,0,High Priority
16454,0,0.8382118,Critical,426.12361111111113,2,24.05,2,1,0,High Priority
15352,1,0.837946,Critical,368.05694444444447,1,111.15,34,0,0,High Priority
15871,1,0.8378971,Critical,256.9402777777778,1,33.099999999999994,5,0,0,High Priority
13303,1,0.83785486,Critical,219.91319444444449,1,61.72,4,0,0,High Priority
15818,1,0.83772135,Critical,407.99444444444447,1,340.5,11,0,0,High Priority
14579,1,0.8376519,Critical,251.92638888888888,1,105.56,24,0,0,High Priority
15432,0,0.83756673,Critical,360.9277777777778,1,149.57,6,0,0,High Priority
16453,1,0.8374656,Critical,350.0027777777778,2,251.71,15,1,0,High Priority
13459,1,0.8370937,Critical,444.1013888888889,2,1160.41,57,1,0,High Priority
17280,1,0.8368953,Critical,257.8361111111111,1,118.86,6,0,0,High Priority
17039,1,0.83668476,Critical,423.9958333333333,1,1954.99,44,0,0,High Priority
14090,1,0.83649766,Critical,144.08263888888888,1,76.32000000000001,1,0,0,High Priority
16238,1,0.836205,Critical,242.00972222222225,1,63.66,6,0,0,High Priority
16061,1,0.8360426,Critical,250.8895833333333,1,89.65,3,0,0,High Priority
15779,1,0.8359385,Critical,282.84027777777777,2,124.08,8,1,0,High Priority
14919,1,0.83583975,Critical,358.9888888888889,1,359.35,13,0,0,High Priority
14979,1,0.8357345,Critical,554.9972222222223,1,429.66,42,0,0,High Priority
17599,1,0.8357042,Critical,297.0,1,52.05,3,0,0,High Priority
16289,1,0.8356766,Critical,281.95,1,136.31,21,0,0,High Priority
13698,1,0.83563143,Critical,416.04027777777776,2,451.73,31,1,0,High Priority
16526,0,0.83560264,Critical,403.8444444444444,1,426.85,20,0,0,High Priority
13191,1,0.8354029,Critical,477.825,1,164.69,58,0,0,High Priority
17944,1,0.8353791,Critical,242.85069444444449,1,74.99,24,0,0,High Priority
18028,1,0.8351945,Critical,402.9736111111111,1,192.05,4,0,0,High Priority
17541,1,0.83513653,Critical,329.0513888888889,1,119.86,31,0,0,High Priority
14812,1,0.83412164,Critical,418.02569444444447,1,178.85,36,0,0,High Priority
18091,1,0.834047,Critical,412.9805555555556,1,360.85,25,0,0,High Priority
15979,1,0.8338108,Critical,422.0520833333333,1,329.22,22,0,0,High Priority
12964,1,0.8334728,Critical,256.79375,1,132.24,26,0,0,High Priority
17149,1,0.8333033,Critical,270.9125,1,143.10000000000002,6,0,0,High Priority
17260,1,0.83300626,Critical,230.97847222222225,1,120.95,6,0,0,High Priority
14244,1,0.8329922,Critical,480.0486111111111,1,366.42,16,0,0,High Priority
13204,1,0.8325042,Critical,550.9125,1,966.66,57,0,0,High Priority
13912,1,0.831837,Critical,243.17152777777775,1,124.95,7,0,0,High Priority
13312,1,0.8317802,Critical,270.9263888888889,1,124.75,5,0,0,High Priority
18032,1,0.8314949,Critical,153.8875,1,73.5,5,0,0,High Priority
18157,1,0.8310508,Critical,390.9451388888889,1,213.9,25,0,0,High Priority
16622,1,0.8309579,Critical,363.0875,1,225.4,12,0,0,High Priority
14721,1,0.8309455,Critical,198.9875,1,109.07,24,0,0,High Priority
14845,1,0.83054554,Critical,419.1048611111111,1,150.0,1,0,0,High Priority
14783,1,0.83043396,Critical,478.8569444444444,1,307.3,17,0,0,High Priority
16368,0,0.83035934,Critical,255.05555555555557,1,141.53,20,0,0,High Priority
14325,1,0.83035517,Critical,389.1458333333333,1,245.48,18,0,0,High Priority
17657,1,0.83018243,Critical,249.9152777777778,1,126.0,7,0,0,High Priority
14471,1,0.82988125,Critical,410.81805555555553,2,400.95,38,1,0,High Priority
16237,1,0.82956046,Critical,256.825,1,136.65,7,0,0,High Priority
15899,1,0.82955533,Critical,188.0930555555556,1,56.25,4,0,0,High Priority
17011,0,0.82950497,Critical,466.9583333333333,2,400.8,12,1,0,High Priority
14706,1,0.82949686,Critical,438.0701388888889,1,367.54,25,0,0,High Priority
15846,1,0.82943994,Critical,204.92361111111111,1,107.01,27,0,0,High Priority
13766,1,0.8292126,Critical,314.93402777777777,1,190.35,16,0,0,High Priority
13594,0,0.82916903,Critical,305.1020833333333,1,136.35000000000002,7,0,0,High Priority
15216,0,0.8291655,Critical,438.12361111111113,1,389.49,22,0,0,High Priority
17036,1,0.8290547,Critical,202.9333333333333,1,176.9,12,0,0,High Priority
17493,1,0.8289812,Critical,204.82847222222225,1,100.91,8,0,0,High Priority
17275,1,0.82890606,Critical,202.975,1,114.1,23,0,0,High Priority
17915,1,0.82865024,Critical,370.97777777777776,1,225.78,27,0,0,High Priority
13039,1,0.8285552,Critical,403.83680555555554,4,1010.73,37,1,0,High Priority
13944,1,0.8285112,Critical,472.90833333333336,1,200.43,35,0,0,High Priority
14668,1,0.82844067,Critical,264.90763888888887,1,111.63,10,0,0,High Priority
14797,1,0.8284172,Critical,326.94652777777776,1,300.31,16,0,0,High Priority
16661,1,0.8283629,Critical,359.8930555555556,4,932.76,50,1,0,High Priority
14559,1,0.82826287,Critical,209.86458333333331,1,75.6,2,0,0,High Priority
15470,1,0.828118,Critical,395.1354166666667,1,63.42,4,0,0,High Priority
17729,1,0.82786095,Critical,415.90763888888887,1,438.65,23,0,0,High Priority
17514,0,0.8278442,Critical,488.9513888888889,1,313.35,41,0,0,High Priority
13164,1,0.8277367,Critical,388.9569444444445,2,372.2,7,1,0,High Priority
15509,1,0.8276211,Critical,199.91805555555555,1,152.41,26,0,0,High Priority
17390,1,0.827531,Critical,240.05625,1,149.3,12,0,0,High Priority
17748,1,0.8270698,Critical,346.9590277777778,1,358.15,17,0,0,High Priority
13583,0,0.8270519,Critical,498.95625,1,664.001,43,0,0,High Priority
13063,1,0.8269763,Critical,300.0159722222222,1,188.4,12,0,0,High Priority
17185,1,0.8267788,Critical,411.02430555555554,3,229.46,38,1,0,High Priority
17780,1,0.82657576,Critical,486.96319444444447,3,346.56,76,1,0,High Priority
17116,1,0.8265329,Critical,467.84791666666666,1,389.78,47,0,0,High Priority
12487,1,0.82600087,Critical,550.0513888888889,1,285.29999999999995,2,0,0,High Priority
14589,1,0.8259274,Critical,191.04722222222225,1,39.75,3,0,0,High Priority
17195,1,0.8256925,Critical,474.9895833333333,1,562.98,31,0,0,High Priority
13915,1,0.82543594,Critical,213.89791666666667,1,70.80000000000001,2,0,0,High Priority
17559,1,0.825294,Critical,332.03333333333336,1,167.62,12,0,0,High Priority
14373,1,0.8252475,Critical,177.88194444444446,1,76.55,4,0,0,High Priority
17202,1,0.8252169,Critical,240.05902777777777,1,160.65,8,0,0,High Priority
14318,1,0.82521456,Critical,279.8875,1,158.02,9,0,0,High Priority
17207,1,0.8248303,Critical,471.7375,1,292.62,55,0,0,High Priority
14537,0,0.82482517,Critical,442.9625,1,285.84000000000003,13,0,0,High Priority
15273,1,0.82448983,Critical,419.0548611111111,1,228.96,1,0,0,High Priority
15631,1,0.82444173,Critical,461.91527777777776,1,596.67,39,0,0,High Priority
13746,1,0.82372755,Critical,233.03819444444449,1,176.69,9,0,0,High Priority
12459,1,0.8236439,Critical,424.9145833333333,1,454.36,23,0,0,High Priority
16328,1,0.823517,Critical,382.95,1,310.83,16,0,0,High Priority
17403,0,0.8232993,Critical,270.0145833333333,1,118.95,13,0,0,High Priority
17808,1,0.8230421,Critical,368.0875,4,262.64,29,1,0,High Priority
14491,0,0.8229483,Critical,192.02777777777777,1,127.2,4,0,0,High Priority
14630,1,0.82253987,Critical,303.84166666666664,1,338.65,21,0,0,High Priority
17089,1,0.82249844,Critical,205.88680555555555,1,128.45,4,0,0,High Priority
13834,1,0.8224039,Critical,396.09930555555553,2,324.19,15,1,0,High Priority
16973,1,0.8221975,Critical,205.95416666666668,1,127.0,6,0,0,High Priority
17386,0,0.8221975,Critical,204.96527777777777,1,126.35,10,0,0,High Priority
13580,1,0.8221318,Critical,225.90902777777777,1,107.75,5,0,0,High Priority
17762,1,0.8219902,Critical,275.7986111111111,1,129.75,16,0,0,High Priority
16078,1,0.8217982,Critical,103.12708333333332,2,362.99,39,1,0,High Priority
14033,1,0.8217745,Critical,374.90277777777777,1,109.44,1,0,0,High Priority
17798,1,0.8216617,Critical,401.0472222222222,1,178.07,43,0,0,High Priority
16046,1,0.8216563,Critical,381.9805555555556,1,235.78,22,0,0,High Priority
15635,1,0.8216084,Critical,215.1611111111111,1,100.35,2,0,0,High Priority
17617,1,0.8215987,Critical,378.00138888888887,1,385.19,18,0,0,High Priority
18195,1,0.8212418,Critical,206.9076388888889,1,101.16,5,0,0,High Priority
15761,1,0.8206566,Critical,262.13680555555555,1,143.05,5,0,0,High Priority
12677,1,0.82048905,Critical,374.93055555555554,2,395.1,13,1,0,High Priority
17993,1,0.8203008,Critical,436.9354166666666,1,225.99,60,0,0,High Priority
17209,1,0.82014227,Critical,468.8673611111111,3,595.7,36,1,0,High Priority
16559,1,0.8200918,Critical,216.95694444444445,1,175.0,17,0,0,High Priority
13105,1,0.81974566,Critical,255.9645833333333,1,72.0,1,0,0,High Priority
16695,1,0.8197061,Critical,381.0097222222222,2,191.9,30,0,0,High Priority
17467,1,0.8196453,Critical,214.99444444444444,1,102.6,4,0,0,High Priority
13967,0,0.8196453,Critical,215.9763888888889,1,85.6,4,0,0,High Priority
15170,1,0.8196401,Critical,226.09444444444443,1,81.15,4,0,0,High Priority
17767,0,0.8192029,Critical,229.8527777777778,1,141.85,18,0,0,High Priority
16974,1,0.8190195,Critical,342.10555555555555,2,365.5,5,1,0,High Priority
18254,1,0.8189338,Critical,400.9256944444445,1,267.9,16,0,0,High Priority
13702,1,0.81890994,Critical,265.0486111111111,1,135.18,5,0,0,High Priority
15613,1,0.818716,Critical,429.9993055555556,1,433.72,27,0,0,High Priority
12768,1,0.81831825,Critical,270.02916666666664,1,168.69000000000003,10,0,0,High Priority
14876,1,0.81819147,Critical,340.9118055555556,2,256.7,12,1,0,High Priority
17330,0,0.81812507,Critical,364.0111111111111,2,59.900000000000006,2,1,0,High Priority
14361,1,0.8178215,Critical,398.01458333333335,1,214.71,14,0,0,High Priority
14436,0,0.8175603,Critical,373.0541666666667,1,182.64,2,0,0,High Priority
17009,1,0.81748533,Critical,370.8673611111111,1,242.06,10,0,0,High Priority
15395,1,0.81742895,Critical,145.00694444444446,1,107.45,7,0,0,High Priority
13616,1,0.81736434,Critical,387.99375,2,283.85,31,1,0,High Priority
12786,1,0.81698155,Critical,429.0263888888889,1,728.5,18,0,0,High Priority
18206,1,0.816978,Critical,372.9604166666667,1,314.66,19,0,0,High Priority
12746,1,0.8168546,Critical,360.08958333333334,1,254.55,17,0,0,High Priority
13257,1,0.81682163,Critical,255.9111111111111,1,149.75,7,0,0,High Priority
15940,1,0.81660616,Critical,130.85555555555555,1,35.8,1,0,0,High Priority
13604,1,0.816292,Critical,478.03333333333336,1,717.62,21,0,0,High Priority
17960,0,0.81569594,Critical,342.12083333333334,2,61.3,11,1,0,High Priority
17902,1,0.8155222,Critical,366.0173611111111,1,216.4,24,0,0,High Priority
14516,1,0.81543654,Critical,335.94652777777776,1,151.17,35,0,0,High Priority
14448,0,0.8152912,Critical,183.8083333333333,1,102.35,18,0,0,High Priority
16847,0,0.8148073,Critical,437.97083333333336,1,421.4500000000001,25,0,0,High Priority
15131,1,0.8143209,Critical,214.0298611111111,1,80.28,7,0,0,High Priority
14811,1,0.8142555,Critical,206.98680555555555,1,170.5,28,0,0,High Priority
14771,1,0.81418204,Critical,440.99861111111113,2,594.62,46,1,0,High Priority
13250,1,0.81390136,Critical,280.05347222222224,2,253.09,17,1,0,High Priority
15231,1,0.81387407,Critical,440.9013888888889,1,250.26,14,0,0,High Priority
15328,1,0.81369674,Critical,227.15625,1,107.24,8,0,0,High Priority
18271,1,0.81360924,Critical,429.14166666666665,2,680.85,19,1,0,High Priority
15282,1,0.813564,Critical,389.84930555555553,1,348.59,27,0,0,High Priority
16408,1,0.81304836,Critical,410.9458333333333,1,231.93,45,0,0,High Priority
16534,1,0.81301695,Critical,461.87708333333336,1,635.9,36,0,0,High Priority
12929,1,0.81292343,Critical,131.02916666666667,1,117.85,8,0,0,High Priority
16724,1,0.8122798,Critical,224.04861111111111,1,147.35,17,0,0,High Priority
15775,1,0.8118984,Critical,64.99583333333334,2,150.5,9,1,0,High Priority
13817,0,0.8118469,Critical,171.04444444444445,1,128.7,9,0,0,High Priority
15437,1,0.811354,Critical,81.98541666666667,2,393.45,56,1,0,High Priority
14069,1,0.8102718,Critical,334.0263888888889,2,225.81,37,1,0,High Priority
14084,1,0.80991334,Critical,331.9263888888889,1,150.5,7,0,0,High Priority
15378,1,0.8097512,Critical,282.05555555555554,2,246.5,8,1,0,High Priority
13906,1,0.8095299,Critical,228.90972222222223,1,42.0,1,0,0,High Priority
14571,1,0.8093251,Critical,244.9055555555556,1,160.0,30,0,0,High Priority
17786,0,0.8093207,Critical,136.92708333333334,1,103.35,24,0,0,High Priority
14788,0,0.8090887,Critical,415.7736111111111,1,476.88,28,0,0,High Priority
14767,1,0.8088925,Critical,293.9138888888889,1,382.81,18,0,0,High Priority
16665,1,0.8084185,Critical,181.94930555555555,1,135.39999999999998,9,0,0,High Priority
16487,1,0.8081107,Critical,396.9666666666666,2,209.4,28,1,0,High Priority
12396,1,0.8079921,Critical,493.97777777777776,1,931.43,65,0,0,High Priority
15843,1,0.8079255,Critical,123.1048611111111,1,118.95000000000002,8,0,0,High Priority
15684,1,0.8075194,Critical,366.7493055555556,3,173.95,9,1,0,High Priority
14368,1,0.80750966,Critical,139.1236111111111,1,155.0,8,0,0,High Priority
13608,1,0.8072895,Critical,360.0152777777778,1,232.05,31,0,0,High Priority
18238,1,0.8066928,Critical,334.9993055555556,1,270.92,14,0,0,High Priority
15982,1,0.80629086,Critical,424.87708333333336,1,324.51,45,0,0,High Priority
16507,1,0.80618703,Critical,391.9958333333333,1,142.71,37,0,0,High Priority
17128,1,0.8055856,Critical,154.03333333333333,1,157.09,14,0,0,High Priority
15781,0,0.8054896,Critical,125.14930555555556,1,83.35,5,0,0,High Priority
17789,1,0.8052565,Critical,100.98333333333332,2,397.15,27,1,0,High Priority
14435,1,0.80492824,Critical,321.01180555555555,1,90.42,3,0,0,High Priority
14724,1,0.8045902,Critical,409.975,1,341.9,40,0,0,High Priority
17881,1,0.8038378,Critical,123.81527777777778,1,133.35000000000002,8,0,0,High Priority
13215,1,0.80378693,Critical,221.76666666666668,1,81.6,1,0,0,High Priority
17938,1,0.80376613,Critical,239.9326388888889,1,144.29,29,0,0,High Priority
16662,1,0.80364007,Critical,213.82916666666668,1,151.05,28,0,0,High Priority
13185,1,0.80329984,Critical,87.0375,1,71.4,1,0,0,High Priority
15226,1,0.8030807,Critical,130.04791666666668,1,154.41,8,0,0,High Priority
12533,1,0.8030542,Critical,447.07916666666665,2,1367.89,63,1,0,High Priority
16738,1,0.8028808,Critical,117.12777777777778,1,3.75,1,0,0,High Priority
12401,1,0.8027215,Critical,122.95833333333331,1,84.3,5,0,0,High Priority
13727,0,0.8024261,Critical,431.025,6,740.6700000000001,55,1,0,High Priority
17057,1,0.8016472,Critical,415.7284722222222,1,294.74,48,0,0,High Priority
12741,1,0.80130154,Critical,348.9263888888889,2,406.07,16,1,0,High Priority
17248,0,0.80101186,Critical,301.03819444444446,1,181.89,34,0,0,High Priority
14802,1,0.80096585,Critical,257.84444444444443,2,1502.98,1,0,0,High Priority
13412,1,0.80090463,Critical,439.8486111111111,1,487.35,33,0,0,High Priority
17378,1,0.80060554,Critical,193.75277777777777,1,10.95,1,0,0,High Priority
16715,0,0.80058426,Critical,382.0104166666667,1,323.8,9,0,0,High Priority
15391,1,0.80058426,Critical,403.9069444444444,1,289.87,12,0,0,High Priority
15029,1,0.80010384,Critical,439.0236111111111,1,365.1,10,0,0,High Priority
16390,1,0.79974115,Critical,356.11041666666665,3,467.5,16,1,0,High Priority
16538,1,0.7995157,Critical,360.82708333333335,3,395.07,35,1,0,High Priority
16993,1,0.79916364,Critical,283.0236111111111,2,1950.95,19,1,0,High Priority
14153,1,0.7989953,Critical,302.9270833333333,1,233.4,17,0,0,High Priority
17219,0,0.7989876,Critical,236.05625,1,144.9,24,0,0,High Priority
14043,1,0.7987541,Critical,310.77222222222224,2,302.6,37,1,0,High Priority
14284,0,0.79862654,Critical,473.0305555555556,1,704.4,35,0,0,High Priority
14268,1,0.7978918,Critical,290.08680555555554,1,354.85,19,0,0,High Priority
15711,1,0.7978102,Critical,376.025,2,420.25,25,1,0,High Priority
12864,0,0.79765505,Critical,327.8111111111112,1,152.45,4,0,0,High Priority
17408,0,0.7971556,Critical,319.98125,2,283.44000000000005,6,1,0,High Priority
17563,1,0.7969065,Critical,397.9138888888889,2,392.38,27,1,0,High Priority
17845,1,0.79690486,Critical,374.8958333333333,4,596.09,42,1,0,High Priority
12499,1,0.79645145,Critical,379.9013888888889,1,393.72,27,0,0,High Priority
14806,0,0.7957619,Critical,258.875,1,110.04,9,0,0,High Priority
14889,1,0.79565203,Critical,155.89652777777778,1,135.9,10,0,0,High Priority
14457,1,0.795564,Critical,130.1326388888889,1,113.64,4,0,0,High Priority
14438,1,0.7955337,Critical,125.9125,1,131.9,9,0,0,High Priority
15072,1,0.7955319,Critical,298.8777777777778,1,187.52,13,0,0,High Priority
17638,1,0.79550934,Critical,466.9291666666667,2,842.4,2,1,0,High Priority
17171,1,0.79506654,Critical,108.84236111111112,2,384.59,25,1,0,High Priority
15771,1,0.79482204,Critical,423.95416666666665,3,1006.54,26,1,0,High Priority
14835,1,0.79463154,Critical,348.1125,2,297.0,1,1,0,High Priority
17246,1,0.794445,Critical,366.0097222222222,2,38.92,6,1,0,High Priority
12467,1,0.7940837,Critical,242.88125,1,132.8,9,0,0,High Priority
15206,0,0.7935991,Critical,95.16041666666666,1,17.700000000000003,1,0,0,High Priority
15091,0,0.79245853,Critical,494.0416666666667,2,565.9,27,0,0,High Priority
14444,1,0.7918939,Critical,275.74583333333334,1,120.44,11,0,0,High Priority
17983,1,0.79146624,Critical,214.9763888888889,1,171.71,23,0,0,High Priority
15097,0,0.79129386,Critical,402.92847222222224,2,660.27,39,0,0,High Priority
15183,1,0.7912519,Critical,367.08819444444447,3,639.93,33,1,0,High Priority
12595,1,0.79106116,Critical,324.15277777777777,1,299.02,19,0,0,High Priority
15715,1,0.79100364,Critical,375.1208333333333,5,658.02,33,1,0,High Priority
16349,1,0.7909568,Critical,110.00694444444444,1,53.5,9,0,0,High Priority
17484,1,0.7905214,Critical,395.88125,2,209.57,14,1,0,High Priority
17184,1,0.7903475,Critical,388.9347222222222,2,198.41000000000005,14,1,0,High Priority
15510,1,0.7903009,Critical,150.02777777777777,1,250.0,1,0,0,High Priority
14581,0,0.79029036,Critical,363.87638888888887,1,271.05,43,0,0,High Priority
17471,1,0.7901878,Critical,294.0395833333333,1,321.65000000000003,19,0,0,High Priority
14982,1,0.7897276,Critical,391.87361111111113,1,237.78,39,0,0,High Priority
12983,1,0.7896665,Critical,417.99444444444447,1,490.08,30,0,0,High Priority
14793,0,0.78912044,Critical,354.8305555555556,1,396.91,25,0,0,High Priority
18100,1,0.7889077,Critical,369.9381944444444,1,451.56,30,0,0,High Priority
18233,1,0.78873235,Critical,145.17083333333332,1,440.0,1,0,0,High Priority
17847,1,0.7886767,Critical,335.11805555555554,2,129.69,9,1,0,High Priority
18068,1,0.7885136,Critical,108.91666666666669,1,101.7,1,0,0,High Priority
14473,0,0.7885136,Critical,101.95416666666668,1,85.0,1,0,0,High Priority
13776,1,0.7883392,Critical,247.86041666666668,2,623.98,1,0,0,High Priority
18054,1,0.7883328,Critical,212.1888888888889,1,176.5,11,0,0,High Priority
18269,1,0.78833216,Critical,185.95625,1,168.6,7,0,0,High Priority
17925,1,0.78805363,Critical,192.11111111111111,1,244.08,1,0,0,High Priority
17022,0,0.7880434,Critical,252.0993055555556,1,189.0,9,0,0,High Priority
17102,1,0.7878077,Critical,81.1125,1,25.5,1,0,0,High Priority
16492,1,0.78765494,Critical,360.1875,1,385.56,23,0,0,High Priority
18279,1,0.787175,Critical,338.91805555555555,1,231.34,13,0,0,High Priority
16819,1,0.7871686,Critical,284.80069444444445,2,182.59,17,0,0,High Priority
14208,0,0.787022,Critical,370.98541666666665,1,415.31,25,0,0,High Priority
18212,1,0.78701097,Critical,145.85833333333332,2,514.37,40,1,0,High Priority
13619,1,0.78668755,Critical,364.0493055555556,2,224.94,39,1,0,High Priority
16371,1,0.7864166,Critical,268.0284722222222,1,157.2,11,0,0,High Priority
13997,1,0.7863621,Critical,338.7805555555556,3,376.46,36,1,0,High Priority
15702,1,0.78595585,Critical,295.9166666666667,2,140.39,30,1,0,High Priority
18214,1,0.78587765,Critical,350.0618055555556,4,1780.34,38,1,0,High Priority
13775,1,0.78586894,Critical,410.02430555555554,1,1049.66,63,0,0,High Priority
13699,0,0.78563625,Critical,369.99097222222224,1,455.57,23,0,0,High Priority
13057,1,0.78522563,Critical,349.87916666666666,3,709.59,34,1,0,High Priority
12439,1,0.78516465,Critical,502.0270833333333,2,1142.88,69,1,0,High Priority
16234,1,0.78513414,Critical,295.92847222222224,3,333.18,13,1,0,High Priority
15387,1,0.785098,Critical,311.8645833333333,1,468.65,20,0,0,High Priority
14521,1,0.78490025,Critical,310.84375,1,199.45,17,0,0,High Priority
12959,1,0.784671,Critical,303.8125,1,150.95,8,0,0,High Priority
13399,1,0.7846014,Critical,283.9520833333333,3,275.4,10,1,0,High Priority
17208,1,0.78458905,Critical,215.0,1,111.15,21,0,0,High Priority
17168,1,0.78431046,Critical,318.01180555555555,1,400.2,21,0,0,High Priority
12979,1,0.7842812,Critical,548.8784722222222,1,517.7,56,0,0,High Priority
14166,1,0.78412604,Critical,324.7138888888889,2,251.15,39,1,0,High Priority
16704,1,0.7841063,Critical,437.95,2,664.16,50,1,0,High Priority
13346,1,0.78381777,Critical,282.04791666666665,6,299.4,4,1,0,High Priority
15217,1,0.78366345,Critical,382.9576388888889,1,426.24,28,0,0,High Priority
17622,1,0.783616,Critical,417.0097222222222,2,1130.21,19,1,0,High Priority
16543,1,0.78295666,Critical,411.05,1,292.21,18,0,0,High Priority
14917,1,0.7826415,Critical,416.05694444444447,2,1123.75,29,0,0,High Priority
13190,1,0.7823151,Critical,363.87708333333336,3,570.66,16,1,0,High Priority
17261,1,0.78196096,Critical,329.0423611111111,1,221.59,43,0,0,High Priority
17805,0,0.7818761,Critical,429.9263888888889,1,414.72,1,0,0,High Priority
16542,0,0.7813564,Critical,220.9208333333333,1,137.7,9,0,0,High Priority
13965,1,0.7812071,Critical,296.09027777777777,3,996.61,23,1,0,High Priority
15923,1,0.7810985,Critical,192.0236111111111,1,127.08,21,0,0,High Priority
14598,0,0.7808806,Critical,388.9881944444445,1,162.07,40,0,0,High Priority
17446,0,0.780402,Critical,129.92361111111111,1,68.10000000000001,5,0,0,High Priority
18021,1,0.7802578,Critical,329.08194444444445,2,216.41,32,1,0,High Priority
12945,1,0.77982897,Critical,107.94097222222224,2,900.11,47,1,0,High Priority
13068,0,0.77971756,Critical,139.1875,1,165.0,1,0,0,High Priority
15316,1,0.77971756,Critical,146.05277777777778,1,165.0,1,0,0,High Priority
14185,1,0.77966243,Critical,150.95694444444445,1,197.65,3,0,0,High Priority
15149,0,0.77961934,Critical,395.8652777777778,4,1033.81,44,1,0,High Priority
13622,1,0.7795166,Critical,515.9777777777778,1,658.95,32,0,0,High Priority
12788,1,0.7794637,Critical,282.9368055555556,4,444.9,20,1,0,High Priority
15560,1,0.77940804,Critical,217.10763888888889,2,153.52,10,0,0,High Priority
13096,1,0.7793915,Critical,213.94583333333333,1,419.7000000000001,1,0,0,High Priority
15647,1,0.77933204,Critical,234.90347222222223,1,169.0,11,0,0,High Priority
15902,1,0.7791805,Critical,199.82847222222225,1,145.01,18,0,0,High Priority
15878,1,0.7790859,Critical,381.0229166666667,2,330.77,47,1,0,High Priority
17112,1,0.77906317,Critical,322.06666666666666,1,197.57,44,0,0,High Priority
14949,1,0.77894163,Critical,288.8833333333333,4,515.0,16,1,0,High Priority
15126,1,0.77876836,Critical,356.0131944444444,2,449.49,25,1,0,High Priority
13383,1,0.77869725,Critical,363.0451388888889,1,305.28000000000003,1,0,0,High Priority
16890,1,0.7785939,Critical,296.06041666666664,3,285.41,17,1,0,High Priority
13942,1,0.77846617,Critical,354.0104166666667,1,320.0,1,0,0,High Priority
14314,0,0.7779789,Critical,250.20138888888889,1,109.8,2,0,0,High Priority
15908,1,0.77788794,Critical,310.0375,2,758.62,37,1,0,High Priority
12977,0,0.7778839,Critical,321.0111111111111,3,474.64,45,1,0,High Priority
16158,1,0.77771515,Critical,341.9548611111111,9,628.32,29,1,0,High Priority
14749,1,0.7773499,Critical,299.0097222222222,1,310.15,18,0,0,High Priority
13974,0,0.7773023,Critical,401.78819444444446,1,264.13,15,0,0,High Priority
13612,1,0.776776,Critical,452.025,1,818.29,50,0,0,High Priority
17803,1,0.7766187,Critical,211.95625,1,184.66,27,0,0,High Priority
16937,1,0.7763348,Critical,318.7875,1,196.25,49,0,0,High Priority
14483,1,0.77618647,Critical,101.1,2,257.1,13,1,0,High Priority
13796,1,0.775943,Critical,318.9201388888889,1,289.7,22,0,0,High Priority
13903,1,0.77542126,Critical,219.7958333333333,1,165.45000000000002,10,0,0,High Priority
18255,0,0.77534723,Critical,275.8465277777778,1,199.85,13,0,0,High Priority
17542,1,0.7753394,Critical,89.04513888888889,3,340.85,57,1,0,High Priority
15515,1,0.7753387,Critical,206.96597222222223,1,171.81,7,0,0,High Priority
17273,1,0.77517325,Critical,243.8701388888889,1,141.12,12,0,0,High Priority
15158,0,0.7750012,Critical,220.9611111111111,1,204.62,4,0,0,High Priority
12686,1,0.77489763,Critical,191.1243055555556,1,89.14,7,0,0,High Priority
15176,1,0.77410847,Critical,487.0930555555556,1,988.04,52,0,0,High Priority
16844,1,0.77392864,Critical,382.09791666666666,2,614.34,26,1,0,High Priority
12441,1,0.77358115,Critical,186.08680555555557,1,173.55,11,0,0,High Priority
12551,1,0.773497,Critical,177.06041666666667,1,168.0,10,0,0,High Priority
16420,1,0.7725055,Critical,215.89930555555557,1,75.0,2,0,0,High Priority
18187,1,0.77203983,Critical,451.1256944444444,1,724.89,48,0,0,High Priority
13143,1,0.7715871,Critical,404.0194444444445,1,405.1,23,0,0,High Priority
18111,1,0.7715645,Critical,408.99444444444447,1,405.85,27,0,0,High Priority
14753,0,0.77131563,Critical,280.0736111111111,1,306.36,18,0,0,High Priority
15564,1,0.771205,Critical,282.8736111111112,2,70.74000000000001,4,1,0,High Priority
16450,0,0.7711396,Critical,403.96319444444447,2,1193.81,27,1,0,High Priority
13083,0,0.77109253,Critical,244.96666666666667,1,91.68,4,0,0,High Priority
15586,1,0.7710327,Critical,412.0763888888889,3,1139.1,30,1,0,High Priority
15683,0,0.7710156,Critical,293.0340277777778,1,330.79,16,0,0,High Priority
13551,1,0.7709699,Critical,138.91944444444445,2,244.2,5,1,0,High Priority
13286,1,0.77092373,Critical,419.8854166666667,1,734.91,46,0,0,High Priority
13287,1,0.7708732,Critical,422.89166666666665,3,781.59,46,1,0,High Priority
17956,1,0.7707788,Critical,68.96041666666666,1,12.75,1,0,0,High Priority
15396,0,0.7705994,Critical,403.1569444444444,1,508.2000000000001,2,0,0,High Priority
12711,1,0.77046365,Critical,431.03541666666666,2,1339.05,56,1,0,High Priority
15285,1,0.7704574,Critical,227.12777777777777,1,94.92,6,0,0,High Priority
15397,1,0.76994836,Critical,109.14236111111111,1,94.0,6,0,0,High Priority
13088,1,0.7696307,Critical,236.88541666666663,1,236.11,19,0,0,High Priority
17055,1,0.7695361,Critical,265.0201388888889,1,232.85,24,0,0,High Priority
16073,1,0.7695073,Critical,116.88125,1,122.4,1,0,0,High Priority
14371,1,0.7694529,Critical,114.84375,1,100.5,4,0,0,High Priority
18182,1,0.76922613,Critical,282.93402777777777,1,291.13,10,0,0,High Priority
12509,1,0.7684866,Critical,103.92013888888889,1,176.5,7,0,0,High Priority
16752,1,0.76838654,Critical,192.0222222222222,1,207.5,9,0,0,High Priority
14945,1,0.76837444,Critical,233.0583333333333,1,179.4,11,0,0,High Priority
16599,1,0.76835304,Critical,205.00347222222223,1,172.8,12,0,0,High Priority
15788,1,0.7681847,Critical,328.00138888888887,1,221.83,14,0,0,High Priority
15595,1,0.7680584,Critical,307.0159722222222,1,357.6,4,0,0,High Priority
13120,1,0.76799554,Critical,58.10486111111111,1,30.6,1,0,0,High Priority
15127,0,0.76789325,Critical,339.11319444444445,1,304.97,12,0,0,High Priority
13747,1,0.76787364,Critical,193.0923611111111,2,169.79999999999998,4,1,0,High Priority
17775,1,0.7674996,Critical,74.08333333333333,1,56.4,3,0,0,High Priority
13132,1,0.7674975,Critical,81.00416666666666,1,77.3,3,0,0,High Priority
15094,1,0.7674734,Critical,282.8298611111111,2,83.0,4,1,0,High Priority
13578,1,0.7673811,Critical,228.9625,1,147.66,9,0,0,High Priority
12387,1,0.767076,Critical,234.8493055555556,1,143.94,9,0,0,High Priority
17792,1,0.7666974,Critical,286.93055555555554,2,368.35,45,1,0,High Priority
17579,0,0.766536,Critical,397.93194444444447,1,304.38,43,0,0,High Priority
13388,0,0.7663002,Critical,423.1055555555556,1,508.55,34,0,0,High Priority
16778,0,0.7662724,Critical,93.8951388888889,1,93.18,5,0,0,High Priority
13072,1,0.76610595,Critical,86.19305555555556,1,177.15,7,0,0,High Priority
14728,1,0.7660029,Critical,232.8701388888889,1,190.58,14,0,0,High Priority
12973,1,0.7659629,Critical,233.1083333333333,1,385.55,6,0,0,High Priority
16144,1,0.76590014,Critical,66.11180555555555,1,175.2,1,0,0,High Priority
13179,1,0.7649086,Critical,438.0486111111111,1,572.3100000000001,34,0,0,High Priority
16683,1,0.7647659,Critical,353.0930555555556,1,320.25,18,0,0,High Priority
14155,1,0.7647473,Critical,85.94236111111111,1,118.75,6,0,0,High Priority
17170,1,0.7647138,Critical,193.87152777777777,2,178.68,8,1,0,High Priority
15309,1,0.76442254,Critical,430.06875,4,797.96,49,1,0,High Priority
16339,1,0.76434916,Critical,103.96458333333334,1,94.05,17,0,0,High Priority
14386,1,0.7641794,Critical,116.12847222222224,1,142.4,7,0,0,High Priority
13177,0,0.76409405,Critical,250.09375,1,229.75,13,0,0,High Priority
17610,1,0.7634827,Critical,359.84444444444443,5,1511.94,114,1,0,High Priority
17859,1,0.7632466,Critical,124.09583333333332,1,141.92000000000002,23,0,0,High Priority
17517,1,0.7631195,Critical,128.04305555555555,1,153.94,11,0,0,High Priority
15583,1,0.76309603,Critical,195.90694444444443,1,95.96,37,0,0,High Priority
18127,0,0.763084,Critical,222.95416666666668,1,209.05,21,0,0,High Priority
17868,1,0.76303697,Critical,205.74652777777777,1,227.15,18,0,0,High Priority
15049,1,0.762548,Critical,93.02569444444444,1,121.17000000000002,3,0,0,High Priority
12789,0,0.7623924,Critical,332.0048611111111,2,181.5,2,1,0,High Priority
18138,1,0.7623178,Critical,114.91597222222222,1,152.65,8,0,0,High Priority
15490,1,0.7621043,Critical,249.98541666666668,1,210.85,22,0,0,High Priority
16884,0,0.7620269,Critical,376.00347222222223,2,641.13,39,1,0,High Priority
16862,1,0.7619937,Critical,366.9895833333333,4,662.33,34,1,0,High Priority
17117,1,0.7618144,Critical,107.95555555555556,1,116.2,9,0,0,High Priority
14762,1,0.7617891,Critical,83.1875,2,417.57,28,1,0,High Priority
17316,1,0.76138294,Critical,239.92708333333331,1,124.45,35,0,0,High Priority
12738,1,0.76110667,Critical,191.76597222222225,1,155.35,11,0,0,High Priority
16074,1,0.76106554,Critical,209.97986111111112,1,252.5,23,0,0,High Priority
16920,1,0.76102716,Critical,230.9465277777778,1,355.45,23,0,0,High Priority
16162,1,0.7608915,Critical,71.90763888888888,1,37.4,2,0,0,High Priority
13651,0,0.7608907,Critical,201.12916666666663,1,132.65,8,0,0,High Priority
16870,1,0.76081455,Critical,288.95625,1,450.16,28,0,0,High Priority
15178,1,0.7607828,Critical,79.90138888888889,1,40.5,3,0,0,High Priority
13307,0,0.7606489,Critical,306.99583333333334,2,258.34,14,1,0,High Priority
15052,1,0.7606024,Critical,138.8736111111111,1,207.73,27,0,0,High Priority
13084,1,0.76040417,Critical,311.1673611111111,1,122.4,2,0,0,High Priority
13171,0,0.7603899,Critical,118.94027777777778,1,140.35,23,0,0,High Priority
12661,1,0.76033795,Critical,255.8361111111111,1,162.0,11,0,0,High Priority
15478,0,0.7600755,Critical,394.7506944444444,1,583.56,24,0,0,High Priority
18132,1,0.76001006,Critical,323.8305555555556,1,220.13,60,0,0,High Priority
15869,1,0.759908,Critical,96.81041666666668,3,321.11,29,1,0,High Priority
16630,1,0.759844,Critical,226.93055555555557,1,106.8,4,0,0,High Priority
13241,1,0.75961703,Critical,231.06458333333333,1,112.53,40,0,0,High Priority
14281,1,0.75956655,Critical,227.92013888888889,1,245.15,7,0,0,High Priority
18053,0,0.7592531,Critical,345.0472222222222,2,271.05,12,1,0,High Priority
17665,1,0.7592161,Critical,312.9847222222222,1,563.1,19,0,0,High Priority
18107,1,0.7590773,Critical,261.99097222222224,1,165.88,38,0,0,High Priority
14213,1,0.7590278,Critical,224.0923611111111,1,1192.2,5,0,0,High Priority
16299,1,0.75899994,Critical,296.7944444444444,1,193.65,12,0,0,High Priority
16544,1,0.7589369,Critical,339.06875,4,376.7000000000001,8,1,0,High Priority
17437,1,0.758775,Critical,349.06875,1,369.68,52,0,0,High Priority
18268,0,0.75858957,Critical,410.87708333333336,5,1464.73,36,1,0,High Priority
13968,1,0.75854754,Critical,242.9777777777778,1,123.66,8,0,0,High Priority
18278,0,0.75790954,Critical,224.02569444444444,1,240.3,15,0,0,High Priority
17654,1,0.7577423,Critical,96.98125,1,117.55,22,0,0,High Priority
15893,1,0.7577044,Critical,301.0680555555556,1,305.28000000000003,1,0,0,High Priority
14531,1,0.757533,Critical,299.1069444444444,1,376.34,29,0,0,High Priority
18163,1,0.7571865,Critical,403.9159722222222,1,728.84,33,0,0,High Priority
18211,0,0.7570405,Critical,98.02847222222222,1,137.9,8,0,0,High Priority
13433,1,0.7570334,Critical,320.8298611111111,4,658.3199999999999,22,1,0,High Priority
17344,0,0.75694525,Critical,548.0131944444445,1,299.74,36,0,0,High Priority
13701,1,0.75690943,Critical,266.0076388888889,1,161.0,9,0,0,High Priority
14165,1,0.75671685,Critical,95.00763888888888,1,120.44,23,0,0,High Priority
13482,1,0.7565388,Critical,51.824305555555554,2,336.09,20,1,0,High Priority
15733,1,0.7565078,Critical,102.15625,1,162.3,10,0,0,High Priority
15171,1,0.7564522,Critical,150.88472222222222,1,1289.5,5,0,0,High Priority
16589,0,0.7563506,Critical,269.9125,1,153.12,11,0,0,High Priority
17477,1,0.75625086,Critical,432.1138888888889,2,1144.3,44,1,0,High Priority
14058,1,0.75612974,Critical,282.1381944444444,2,469.19,23,1,0,High Priority
17752,1,0.75606716,Critical,178.85486111111112,1,80.64,1,0,0,High Priority
16737,0,0.7558396,Critical,397.1229166666666,1,417.6,1,0,0,High Priority
17699,1,0.75582695,Critical,296.1326388888889,2,442.0,17,1,0,High Priority
14066,1,0.7556112,Critical,86.0201388888889,1,152.55,7,0,0,High Priority
15753,1,0.75525945,Critical,124.00625,1,79.2,1,0,0,High Priority
14722,0,0.75492704,Critical,296.9277777777778,2,309.1,53,1,0,High Priority
14760,1,0.7544529,Critical,116.84930555555556,1,89.2,5,0,0,High Priority
12574,1,0.7541813,Critical,135.14583333333334,1,218.45,11,0,0,High Priority
17291,1,0.7541555,Critical,127.99027777777778,1,550.8000000000001,1,0,0,High Priority
16687,1,0.75376904,Critical,210.04444444444445,1,157.63,8,0,0,High Priority
12859,1,0.7536689,Critical,278.0208333333333,1,575.1,21,0,0,High Priority
16562,1,0.75361633,Critical,296.0451388888889,1,223.86,34,0,0,High Priority
16323,1,0.7534618,Critical,15.918055555555556,2,353.66,4,1,0,High Priority
16846,0,0.75341856,Critical,396.96180555555554,2,628.09,36,1,0,High Priority
15200,1,0.75294775,Critical,314.1333333333333,1,549.05,30,0,0,High Priority
16640,1,0.7527947,Critical,217.0847222222222,1,179.4,13,0,0,High Priority
15559,1,0.7527085,Critical,387.9472222222222,1,1109.4,62,0,0,High Priority
13553,1,0.75259197,Critical,494.0201388888889,1,499.6,85,0,0,High Priority
15461,1,0.7523482,Critical,280.0131944444444,2,429.7,1,1,0,High Priority
16804,0,0.75221646,Critical,89.87638888888888,1,118.05,19,0,0,High Priority
18076,1,0.7521378,Critical,199.95,1,151.49,8,0,0,High Priority
12460,1,0.7520178,Critical,275.9576388888889,1,326.65,18,0,0,High Priority
16136,0,0.7518404,Critical,97.12361111111112,2,396.72,17,1,0,High Priority
15837,0,0.7515236,Critical,305.1069444444444,1,385.03,28,0,0,High Priority
15688,1,0.75144345,Critical,238.0305555555556,1,190.57,26,0,0,High Priority
15310,1,0.75142837,Critical,298.05,1,1634.64,45,0,0,High Priority
14061,1,0.7512461,Critical,326.8111111111112,3,917.43,17,1,0,High Priority
18119,1,0.75101554,Critical,187.03541666666663,1,180.7,29,0,0,High Priority
15448,1,0.75097144,Critical,132.0888888888889,2,788.81,49,1,0,High Priority
18197,1,0.7509447,Critical,395.0861111111111,1,230.1,9,0,0,High Priority
13400,1,0.7509243,Critical,402.15972222222223,1,310.83,23,0,0,High Priority
14635,1,0.75092286,Critical,273.0854166666667,1,215.22,15,0,0,High Priority
12905,1,0.75062364,Critical,396.1145833333333,2,1018.42,52,1,0,High Priority
12920,0,0.7505624,Critical,390.9951388888889,3,323.86,32,1,0,High Priority
18252,0,0.7505543,Critical,368.0173611111111,5,1015.42,35,1,0,High Priority
13679,1,0.7503186,Critical,313.02569444444447,3,281.26,44,1,0,High Priority
16913,1,0.7502862,Critical,109.99583333333334,3,423.91,18,1,0,High Priority
18256,1,0.750045,Critical,207.16458333333333,1,110.7,10,0,0,High Priority
12819,1,0.74980146,Critical,277.8958333333333,1,540.52,19,0,0,High Priority
12549,1,0.7494852,Critical,395.03125,6,1575.68,38,1,0,High Priority
17906,1,0.74926585,Critical,66.80902777777777,1,72.9,12,0,0,High Priority
12400,1,0.7489664,Critical,233.96180555555557,1,205.25,11,0,0,High Priority
17369,1,0.7483404,Critical,275.12569444444443,1,979.2,1,0,0,High Priority
18128,1,0.7482644,Critical,356.9798611111111,1,399.29,42,0,0,High Priority
13109,0,0.748263,Critical,370.99375,1,347.49,23,0,0,High Priority
14831,1,0.7481018,Critical,499.9298611111111,3,1676.57,67,1,0,High Priority
17918,1,0.74802846,Critical,320.0409722222222,3,396.39,34,1,0,High Priority
16541,1,0.7479989,Critical,554.9777777777778,1,424.03,38,0,0,High Priority
12634,1,0.7478141,Critical,355.1145833333333,2,490.0,20,1,0,High Priority
17941,0,0.747776,Critical,410.14375,3,1128.72,3,1,0,High Priority
17781,0,0.7477402,Critical,72.70555555555555,1,102.0,2,0,0,High Priority
17292,1,0.7475933,Critical,291.81666666666666,2,271.75,14,1,0,High Priority
15388,1,0.74758345,Critical,89.95625,1,140.54,10,0,0,High Priority
15488,0,0.74748117,Critical,276.03541666666666,4,340.6,8,1,0,High Priority
16865,1,0.74728817,Critical,221.05277777777775,1,130.95,15,0,0,High Priority
14497,1,0.7472767,Critical,128.82569444444445,2,697.0600000000001,40,1,0,High Priority
16632,1,0.7472437,Critical,305.0493055555556,2,406.4,22,1,0,High Priority
15414,0,0.74681294,Critical,61.96180555555556,1,36.2,5,0,0,High Priority
12902,1,0.7466259,Critical,84.03055555555555,1,138.68,10,0,0,High Priority
15336,1,0.7462317,Critical,221.0076388888889,1,240.5,15,0,0,High Priority
14279,1,0.7457503,Critical,340.1722222222222,2,191.86,3,1,0,High Priority
15403,1,0.7455498,Critical,311.0201388888889,2,170.88,6,1,0,High Priority
16366,0,0.74536026,Critical,401.9736111111111,3,1220.83,57,1,0,High Priority
16132,1,0.74524,Critical,363.9590277777778,2,664.1999999999999,14,1,0,High Priority
12898,1,0.74507356,Critical,283.1958333333333,2,296.21000000000004,27,1,0,High Priority
18224,1,0.744944,Critical,83.09722222222223,1,158.95000000000002,10,0,0,High Priority
16917,1,0.7447878,Critical,96.03819444444444,2,1851.88,45,1,0,High Priority
14253,1,0.7444827,Critical,312.91319444444446,2,363.4,11,1,0,High Priority
13508,1,0.7444546,Critical,63.03611111111111,2,287.05,27,1,0,High Priority
17826,1,0.7443183,Critical,193.97708333333333,1,133.34,33,0,0,High Priority
16050,0,0.74414086,Critical,202.9152777777778,2,162.8,9,1,0,High Priority
13683,1,0.74402416,Critical,277.11805555555554,1,258.6,10,0,0,High Priority
12825,1,0.74388343,Critical,340.95416666666665,2,518.63,20,1,0,High Priority
13547,1,0.7434698,Critical,227.94166666666663,1,167.08,44,0,0,High Priority
14118,1,0.7432096,Critical,248.03541666666663,1,458.45,15,0,0,High Priority
16149,0,0.7431136,Critical,248.87222222222223,1,141.70000000000002,12,0,0,High Priority
16088,1,0.74309194,Critical,395.1069444444444,2,1437.43,3,1,0,High Priority
16334,1,0.74289167,Critical,311.84166666666664,1,263.73,54,0,0,High Priority
13585,1,0.74260485,Critical,350.01180555555555,3,684.54,29,1,0,High Priority
18246,0,0.74199224,Critical,52.95486111111112,2,395.62,2,1,0,High Priority
15956,1,0.7419565,Critical,370.9888888888889,2,617.6,18,1,0,High Priority
17539,1,0.7419492,Critical,437.02986111111113,4,1176.84,132,1,0,High Priority
15083,1,0.7416299,Critical,76.02222222222223,1,88.2,5,0,0,High Priority
15873,1,0.7412799,Critical,319.00625,4,313.92,3,1,0,High Priority
15177,1,0.7408222,Critical,245.0013888888889,1,948.93,26,0,0,High Priority
15020,1,0.7405893,Critical,198.97291666666663,1,198.47,27,0,0,High Priority
17217,1,0.7405677,Critical,53.81319444444444,2,210.1,27,1,0,High Priority
17118,1,0.7404296,Critical,137.02152777777778,1,157.02,10,0,0,High Priority
13195,1,0.74003065,Critical,233.98819444444445,1,136.73,43,0,0,High Priority
12529,1,0.74002093,Critical,347.9861111111111,1,316.48,21,0,0,High Priority
14968,0,0.73980075,Critical,277.9736111111111,1,353.65,47,0,0,High Priority
17718,1,0.7397352,Critical,51.96597222222222,2,439.18,22,1,0,High Priority
14610,1,0.7389854,Critical,215.07777777777775,2,24.35,10,1,0,High Priority
12655,1,0.73883677,Critical,243.14791666666667,1,261.35,16,0,0,High Priority
17250,0,0.73865527,Critical,80.83680555555556,1,162.65,23,0,0,High Priority
14536,1,0.73785406,Critical,79.0201388888889,1,170.95,18,0,0,High Priority
18004,1,0.73781776,Critical,181.96041666666667,1,157.92,32,0,0,High Priority
16540,1,0.73766327,Critical,233.8111111111111,1,205.75,25,0,0,High Priority
14707,1,0.73742694,Critical,255.05069444444445,2,139.2,1,1,0,High Priority
16739,0,0.7372928,Critical,356.1333333333333,1,463.43,25,0,0,High Priority
14678,1,0.7371854,Critical,398.9291666666667,1,403.39,24,0,0,High Priority
14119,1,0.73664564,Critical,195.0951388888889,2,183.37,11,1,0,High Priority
15102,1,0.7365597,Critical,350.0236111111111,2,554.67,26,1,0,High Priority
17110,0,0.73654836,Critical,340.0201388888889,2,336.6,32,1,0,High Priority
13393,1,0.73640126,Critical,403.1361111111111,4,1131.45,53,1,0,High Priority
13079,0,0.73583895,Critical,236.94097222222223,1,199.08,11,0,0,High Priority
14671,1,0.73576593,Critical,368.9659722222222,2,1127.45,48,1,0,High Priority
13067,0,0.7356029,Critical,229.02430555555557,2,393.05,13,1,0,High Priority
15545,0,0.7353487,Critical,190.80694444444444,1,135.32999999999998,31,0,0,High Priority
14996,1,0.7350842,Critical,300.9625,2,442.29,37,0,0,High Priority
17753,1,0.7350525,Critical,283.87569444444443,4,382.06,63,1,0,High Priority
13778,0,0.73500943,Critical,310.91527777777776,3,945.79,27,1,0,High Priority
17745,1,0.73496306,Critical,297.0138888888889,2,600.34,27,1,0,High Priority
17221,0,0.73488104,Critical,411.09930555555553,3,642.14,58,1,0,High Priority
14445,1,0.73458344,Critical,275.0701388888889,1,221.65,32,0,0,High Priority
18155,0,0.7345323,Critical,111.09305555555557,1,113.93,8,0,0,High Priority
14203,1,0.73442745,Critical,216.96875,1,339.34,16,0,0,High Priority
13588,0,0.7341953,Critical,74.87291666666667,1,113.3,8,0,0,High Priority
12760,1,0.73407775,Critical,275.1666666666667,1,347.8,21,0,0,High Priority
15914,1,0.7339365,Critical,197.86111111111111,2,205.99,13,0,0,High Priority
14024,0,0.7335663,Critical,210.08263888888888,1,318.04,18,0,0,High Priority
13556,1,0.73345053,Critical,248.8375,2,200.82,8,1,0,High Priority
12798,0,0.73337704,Critical,241.01597222222225,1,1533.89,25,0,0,High Priority
12777,1,0.7331198,Critical,277.0520833333333,1,519.45,26,0,0,High Priority
13950,0,0.7329451,Critical,66.05625,1,179.30999999999997,7,0,0,High Priority
17751,1,0.7326493,Critical,240.95347222222225,1,157.86,31,0,0,High Priority
15650,1,0.732551,Critical,341.08958333333334,2,553.88,33,1,0,High Priority
15504,0,0.7323635,Critical,340.03333333333336,3,349.87,33,1,0,High Priority
15741,1,0.7317982,Critical,277.8534722222222,2,208.62,11,1,0,High Priority
17266,0,0.73155373,Critical,318.8409722222222,2,205.14,43,1,0,High Priority
15484,0,0.731511,Critical,359.8569444444444,2,1061.69,53,1,0,High Priority
14957,1,0.7313618,Critical,72.78541666666666,2,261.69,27,1,0,High Priority
15645,0,0.73115796,Critical,233.75972222222225,2,443.16,16,1,0,High Priority
18089,1,0.7302859,Critical,266.0368055555556,1,428.45,9,0,0,High Priority
13024,1,0.73011,Critical,290.1305555555556,2,555.87,26,1,0,High Priority
17825,1,0.7299364,Critical,418.0340277777778,4,701.96,24,1,0,High Priority
16095,1,0.7298609,Critical,275.8305555555556,1,447.05,30,0,0,High Priority
12730,1,0.7297511,Critical,341.0215277777778,1,829.25,47,0,0,High Priority
18086,1,0.7293859,Critical,93.96944444444443,1,101.34,7,0,0,High Priority
17099,1,0.72913533,Critical,352.85069444444446,1,582.17,40,0,0,High Priority
13374,1,0.7291331,Critical,234.11527777777775,2,422.8,17,1,0,High Priority
15283,1,0.7290455,Critical,209.9138888888889,3,148.33,9,1,0,High Priority
13023,0,0.72898173,Critical,348.1236111111112,1,759.13,36,0,0,High Priority
14041,1,0.72857594,Critical,85.97569444444444,1,141.41,21,0,0,High Priority
17963,1,0.7285287,Critical,290.86944444444447,4,643.16,98,1,0,High Priority
14520,0,0.7280825,Critical,110.14930555555556,1,165.0,1,0,0,High Priority
15986,0,0.7280803,Critical,201.11666666666667,1,186.3,11,0,0,High Priority
12821,1,0.7280358,Critical,33.87430555555556,2,220.8,13,1,0,High Priority
17270,1,0.7279096,Critical,288.9451388888889,2,601.4499999999999,45,1,0,High Priority
14322,1,0.7278683,Critical,248.89791666666667,4,474.1,10,1,0,High Priority
17016,1,0.72741175,Critical,396.0125,1,552.4,41,0,0,High Priority
13331,1,0.72660637,Critical,221.19861111111112,1,262.4,12,0,0,High Priority
12403,0,0.7260128,Critical,341.0493055555556,1,591.6600000000001,4,0,0,High Priority
17339,0,0.7256082,Critical,184.9208333333333,2,119.0,5,1,0,High Priority
12899,1,0.7255094,Critical,233.12291666666667,1,366.4,17,0,0,High Priority
17840,1,0.725499,Critical,263.0180555555556,1,175.9,44,0,0,High Priority
13559,1,0.72547185,Critical,332.1236111111112,2,990.0,1,1,0,High Priority
16204,0,0.7254601,Critical,199.9076388888889,2,534.53,47,1,0,High Priority
17257,1,0.72542447,Critical,255.9993055555556,2,189.78,14,0,0,High Priority
15552,1,0.72538185,Critical,36.91875,2,252.52,29,1,0,High Priority
12506,1,0.72512037,Critical,52.16388888888889,1,73.5,23,0,0,High Priority
16939,1,0.72497255,Critical,308.0180555555556,3,433.85,38,1,0,High Priority
16451,0,0.7247388,Critical,380.7875,2,746.1800000000001,50,1,0,High Priority
16075,1,0.72468793,Critical,322.0548611111111,2,736.9300000000001,41,1,0,High Priority
15041,0,0.7246719,Critical,263.9819444444444,1,109.47,35,0,0,High Priority
13878,0,0.7243445,Critical,367.1076388888889,3,1145.33,59,1,0,High Priority
13841,1,0.72428674,Critical,72.02777777777777,1,85.0,1,0,0,High Priority
14252,1,0.7240369,Critical,200.9680555555556,1,350.99,10,0,0,High Priority
14411,1,0.7235869,Critical,130.07916666666668,1,1063.0,14,0,0,High Priority
14632,1,0.72341496,Critical,82.1673611111111,1,114.56,8,0,0,High Priority
12485,1,0.72339195,Critical,348.89444444444445,1,708.1,34,0,0,High Priority
16606,1,0.72293574,Critical,223.95347222222225,2,357.66,16,1,0,High Priority
13992,0,0.7226176,Critical,199.8805555555556,2,142.7,5,1,0,High Priority
14430,1,0.72246176,Critical,331.0520833333333,3,1220.9,29,1,0,High Priority
14020,0,0.7220251,Critical,295.9868055555556,2,606.21,29,1,0,High Priority
17709,0,0.72197354,Critical,289.95,4,533.56,31,1,0,High Priority
12943,1,0.72176063,Critical,377.9569444444445,2,496.5,22,1,0,High Priority
13519,0,0.7215215,Critical,262.0451388888889,1,220.46,11,0,0,High Priority
16433,0,0.7213802,Critical,228.01666666666668,1,200.26,17,0,0,High Priority
12810,1,0.72129726,Critical,354.08125,2,534.99,32,1,0,High Priority
15773,0,0.7206822,Critical,228.89097222222225,1,138.84,37,0,0,High Priority
14843,1,0.7206478,Critical,256.0076388888889,1,211.8,9,0,0,High Priority
16517,1,0.7206258,Critical,96.95833333333331,1,162.7,17,0,0,High Priority
16697,1,0.72046125,Critical,60.81805555555555,1,112.75,20,0,0,High Priority
16252,1,0.7203887,Critical,202.0368055555556,1,295.09000000000003,21,0,0,High Priority
12887,1,0.720048,Critical,203.0638888888889,1,222.4,13,0,0,High Priority
12953,0,0.71980876,Critical,341.9673611111112,1,498.96,31,0,0,High Priority
12440,1,0.719786,Critical,281.98541666666665,2,859.2,21,1,0,High Priority
18110,0,0.71968687,Critical,230.9368055555556,1,193.48,29,0,0,High Priority
16024,0,0.71953845,Critical,231.04722222222225,2,232.96,21,0,0,High Priority
12996,1,0.7194997,Critical,195.14097222222225,1,355.5,22,0,0,High Priority
16405,1,0.7187381,Critical,121.89305555555556,2,167.25,3,1,0,High Priority
13144,1,0.7183987,Critical,152.06597222222223,2,135.35,6,1,0,High Priority
14617,1,0.71813107,Critical,222.04791666666668,2,190.47000000000003,7,1,0,High Priority
16069,1,0.7179027,Critical,237.09583333333333,1,457.7,25,0,0,High Priority
15191,1,0.7177905,Critical,282.88402777777776,3,588.05,33,1,0,High Priority
17464,0,0.7175621,Critical,341.9763888888889,2,617.1800000000001,28,1,0,High Priority
14162,0,0.7175049,Critical,112.0125,1,177.68,13,0,0,High Priority
15278,1,0.7173744,Critical,381.11597222222224,4,496.16,29,1,0,High Priority
14712,0,0.7172203,Critical,237.91736111111112,1,411.0,7,0,0,High Priority
15931,1,0.71677333,Critical,247.8361111111111,1,239.9,14,0,0,High Priority
14363,1,0.71662724,Critical,221.82569444444445,2,227.47000000000003,8,1,0,High Priority
12771,1,0.71650445,Critical,305.0409722222222,1,282.3,15,0,0,High Priority
16856,0,0.7163169,Critical,237.0388888888889,2,323.09000000000003,15,1,0,High Priority
15778,1,0.7159938,Critical,250.90277777777777,1,307.95,17,0,0,High Priority
18129,1,0.7158773,Critical,62.94027777777778,1,112.55,13,0,0,High Priority
12519,0,0.7155551,Critical,296.1868055555556,1,385.7,22,0,0,High Priority
14992,1,0.71519685,Critical,261.79305555555555,1,210.5,27,0,0,High Priority
18010,1,0.7149216,Critical,76.01597222222222,1,174.8,14,0,0,High Priority
12991,0,0.714769,Critical,208.96319444444444,1,261.06,14,0,0,High Priority
16808,0,0.7141154,Critical,93.73958333333331,1,166.5,19,0,0,High Priority
12858,1,0.7140451,Critical,202.99652777777777,1,147.27,36,0,0,High Priority
15161,1,0.71397203,Critical,207.8625,1,119.92,33,0,0,High Priority
16166,1,0.71378046,Critical,247.87916666666663,2,435.83,18,1,0,High Priority
14782,1,0.71373314,Critical,139.06805555555556,1,200.1,6,0,0,High Priority
18275,1,0.71362793,Critical,397.8777777777778,2,741.85,19,1,0,High Priority
16667,0,0.713282,Critical,103.99513888888887,1,200.4,20,0,0,High Priority
14139,0,0.71280134,Critical,309.9513888888889,3,670.98,29,1,0,High Priority
17698,1,0.71275,Critical,80.05277777777778,1,154.95,8,0,0,High Priority
16876,1,0.7124621,Critical,223.03541666666663,1,136.01,32,0,0,High Priority
17558,1,0.71171516,Critical,212.92638888888888,1,259.17,28,0,0,High Priority
12563,1,0.71166146,Critical,228.1236111111111,1,249.24,13,0,0,High Priority
17104,1,0.7112757,Critical,243.02013888888888,1,474.03,19,0,0,High Priority
16490,1,0.7112659,Critical,255.84722222222223,1,205.41000000000005,13,0,0,High Priority
17989,1,0.71100765,Critical,198.95902777777775,1,207.33,26,0,0,High Priority
15668,1,0.71098524,Critical,37.09097222222222,1,76.32000000000001,1,0,0,High Priority
14405,1,0.7106511,Critical,206.04861111111111,1,195.0,2,0,0,High Priority
15430,1,0.7105359,Critical,287.0888888888889,2,954.75,36,1,0,High Priority
18058,0,0.7105235,Critical,360.96180555555554,2,603.9,11,1,0,High Priority
18264,1,0.7103057,Critical,318.1166666666667,1,603.25,36,0,0,High Priority
18266,1,0.71016794,Critical,253.88680555555555,1,251.1,14,0,0,High Priority
16760,1,0.7101163,Critical,249.87152777777777,1,228.0,17,0,0,High Priority
14097,1,0.7100067,Critical,300.9375,2,422.86,39,1,0,High Priority
17773,1,0.7095032,Critical,333.94652777777776,2,575.37,48,1,0,High Priority
15703,1,0.70943475,Critical,84.0826388888889,1,211.5,5,0,0,High Priority
15859,1,0.7094069,Critical,251.9986111111111,1,438.46,22,0,0,High Priority
14975,0,0.7092689,Critical,240.94375,1,192.45,15,0,0,High Priority
12800,1,0.7091717,Critical,289.94375,3,584.25,31,1,0,High Priority
16750,0,0.7091622,Critical,51.83125,1,118.7,10,0,0,High Priority
12411,1,0.7091243,Critical,229.14236111111111,1,346.9,22,0,0,High Priority
17574,1,0.7089254,Critical,62.12708333333333,1,185.65,8,0,0,High Priority
12804,1,0.7086158,Critical,285.0361111111111,2,325.37,60,1,0,High Priority
12801,1,0.7084757,Critical,320.1333333333333,1,1071.82,50,0,0,High Priority
15481,1,0.7003462,High,220.9152777777778,1,1993.34,38,0,1,High Priority
14063,1,0.69552803,High,257.85555555555555,9,22710.2,30,1,1,High Priority
13763,0,0.69382155,High,236.97569444444449,2,3502.48,35,1,1,High Priority
16736,1,0.69071645,High,325.1118055555556,5,2956.56,116,1,1,High Priority
15934,1,0.68731254,High,237.10902777777775,2,2190.66,29,1,1,High Priority
15633,1,0.683341,High,328.9555555555556,13,4335.96,77,1,1,High Priority
15369,1,0.68314195,High,311.9555555555556,11,6251.26,44,1,1,High Priority
12482,1,0.6789798,High,395.8326388888889,29,23691.4,42,1,1,High Priority
12469,1,0.67450863,High,342.00694444444446,2,3070.54,76,1,1,High Priority
14160,1,0.6663006,High,429.93055555555554,7,8421.47,80,1,1,High Priority
17032,1,0.66115034,High,367.0236111111111,8,2984.32,183,1,1,High Priority
14459,0,0.6572454,High,470.975,1,3537.821,76,0,1,High Priority
13446,1,0.65271014,High,249.7493055555556,11,3881.89,113,1,1,High Priority
15151,1,0.6522565,High,242.8423611111111,2,2085.61,56,1,1,High Priority
15077,1,0.6501908,High,314.0673611111111,2,2428.08,28,1,1,High Priority
18258,1,0.6478593,High,283.9375,6,2059.67,30,1,1,High Priority
14590,1,0.64008397,High,244.0305555555556,20,2993.37,124,1,1,High Priority
13407,1,0.63570404,High,398.00625,3,2244.7,85,1,1,High Priority
12687,1,0.6319924,High,300.0263888888889,2,2138.91,126,0,1,High Priority
16197,1,0.6318128,High,288.99583333333334,9,2016.71,52,1,1,High Priority
15221,1,0.6311499,High,185.9875,4,2062.2000000000003,21,1,1,High Priority
17308,1,0.62608534,High,212.97986111111112,2,4511.76,5,1,1,High Priority
16467,1,0.62392324,High,328.0423611111111,7,2869.16,14,1,1,High Priority
16004,1,0.6186729,High,294.04305555555555,5,2146.39,63,1,1,High Priority
12835,1,0.6179982,High,247.0770833333333,41,5996.83,138,1,1,High Priority
14935,1,0.6160298,High,116.92083333333332,2,2849.83,25,1,1,High Priority
12497,0,0.6147339,High,220.01319444444445,2,5205.400000000001,30,1,1,High Priority
16742,0,0.6138762,High,312.08194444444445,13,2334.97,50,1,1,High Priority
14025,1,0.6118416,High,284.11041666666665,8,4057.9,60,1,1,High Priority
14634,1,0.6112512,High,257.09027777777777,4,2124.46,105,1,1,High Priority
15043,0,0.60725385,High,282.9034722222222,5,2333.32,39,1,1,High Priority
17553,0,0.60554856,High,292.12569444444443,3,2270.0,2,1,1,High Priority
15050,0,0.6042003,High,240.9388888888889,2,2349.5,58,1,1,High Priority
15946,1,0.60354555,High,322.02222222222224,3,2304.18,25,1,1,High Priority
13478,1,0.5991346,High,288.9770833333333,5,2215.78,114,1,1,High Priority
17584,0,0.5981247,High,287.0048611111111,4,4067.12,73,1,1,High Priority
13696,1,0.59728575,High,241.12916666666663,3,2020.4,24,1,1,High Priority
17448,1,0.59633476,High,316.94652777777776,46,14523.67,569,1,1,High Priority
16636,1,0.58853555,High,257.9840277777778,4,3802.04,62,1,1,High Priority
15306,0,0.5872061,High,319.9243055555556,6,2310.38,80,1,1,High Priority
14225,1,0.5846946,High,254.09583333333333,4,2031.07,70,1,1,High Priority
12454,0,0.5805287,High,215.11180555555555,4,13151.44,9,1,1,High Priority
16176,1,0.5793832,High,240.95555555555555,4,2052.69,53,1,1,High Priority
12975,1,0.57720625,High,256.1277777777778,6,2100.09,92,1,1,High Priority
16716,1,0.57705325,High,86.11597222222223,3,2149.6800000000003,7,1,1,High Priority
15629,1,0.5721624,High,269.9611111111111,4,2240.9,39,1,1,High Priority
17157,0,0.5611917,High,299.97777777777776,17,4832.9,69,1,1,High Priority
16335,1,0.55824655,High,371.0520833333333,7,2753.52,193,1,1,High Priority
14564,1,0.55700314,High,254.15833333333333,2,2605.62,107,1,1,High Priority
16032,1,0.556271,High,275.78472222222223,6,1965.72,130,1,1,High Priority
12873,1,0.5488226,High,101.91111111111113,3,2027.3,33,1,1,High Priority
16331,1,0.54860646,High,251.96041666666667,6,2037.7,33,1,1,High Priority
15100,1,0.5460349,High,153.09375,7,2193.9,11,1,1,High Priority
14469,1,0.5444092,High,235.93055555555557,4,2093.46,120,1,1,High Priority
14737,0,0.5403627,High,172.95902777777778,2,2823.62,28,1,1,High Priority
12653,0,0.53691065,High,116.08125,2,2730.08,55,1,1,High Priority
13152,1,0.5342282,High,236.9625,7,2146.38,114,1,1,High Priority
12986,1,0.53367215,High,248.0368055555556,10,2729.84,61,1,1,High Priority
12501,1,0.53172886,High,156.01527777777778,1,2169.39,149,0,1,High Priority
15098,1,0.53001815,High,1.886805555555556,3,39916.5,1,0,1,High Priority
15911,1,0.7083318,High,443.0305555555556,8,1700.24,162,1,0,Medium Priority
13403,0,0.7083234,High,207.05,2,154.5,6,1,0,Medium Priority
13123,1,0.7078532,High,292.10555555555555,2,506.75,36,1,0,Medium Priority
15714,0,0.7077715,High,272.9361111111112,3,453.93,14,1,0,Medium Priority
13716,1,0.7077222,High,88.95902777777778,1,138.28,21,0,0,Medium Priority
13785,1,0.70762545,High,248.14236111111111,4,542.49,26,1,0,Medium Priority
13423,1,0.70715564,High,248.15833333333333,1,217.03,12,0,0,Medium Priority
14278,1,0.7070021,High,229.0298611111111,1,205.83,13,0,0,Medium Priority
12427,0,0.7068467,High,191.0875,1,303.5,10,0,0,Medium Priority
15165,1,0.7067887,High,192.94930555555555,1,487.75,27,0,0,Medium Priority
17598,1,0.7067835,High,200.79652777777775,1,409.98,10,0,0,Medium Priority
15280,0,0.7067781,High,308.0201388888889,2,284.4,39,1,0,Medium Priority
16691,1,0.7067445,High,237.9076388888889,2,178.83,11,1,0,Medium Priority
16403,1,0.7066756,High,131.96597222222223,1,177.5,10,0,0,Medium Priority
17258,1,0.7065565,High,216.0090277777778,2,417.3,46,1,0,Medium Priority
12622,1,0.7058896,High,51.84097222222222,1,180.1,11,0,0,Medium Priority
15495,1,0.70565104,High,198.9611111111111,1,246.5,20,0,0,Medium Priority
16509,1,0.70562863,High,116.14236111111111,1,363.7,13,0,0,Medium Priority
15055,1,0.70527685,High,294.0722222222222,3,549.12,77,1,0,Medium Priority
17111,0,0.7051365,High,244.89513888888888,1,227.97,19,0,0,Medium Priority
14297,0,0.70503366,High,94.17986111111112,1,232.6,11,0,0,Medium Priority
12742,1,0.70452994,High,445.0048611111111,1,1201.52,67,0,0,Medium Priority
17335,1,0.7042869,High,203.10625,2,497.04,34,1,0,Medium Priority
15820,1,0.7040936,High,139.03472222222223,1,206.98,17,0,0,Medium Priority
13328,1,0.70389193,High,135.89444444444445,1,1308.48,17,0,0,Medium Priority
14612,1,0.70356995,High,234.8673611111111,1,877.7,14,0,0,Medium Priority
14893,0,0.7034693,High,437.15763888888887,1,571.76,33,0,0,Medium Priority
15884,1,0.70324385,High,251.87152777777777,2,244.6,14,1,0,Medium Priority
12666,1,0.70323443,High,213.84027777777777,1,1248.42,31,0,0,Medium Priority
15001,1,0.70309687,High,213.95763888888888,2,199.11,44,0,0,Medium Priority
15211,0,0.70295167,High,184.8625,1,383.07,23,0,0,Medium Priority
14283,1,0.7029272,High,282.9194444444444,4,628.4399999999999,36,1,0,Medium Priority
14241,1,0.70285743,High,3.0444444444444443,2,333.70000000000005,12,1,0,Medium Priority
16988,0,0.7028564,High,199.14444444444445,1,256.55,13,0,0,Medium Priority
13432,1,0.702593,High,390.9805555555556,2,439.1,98,1,0,Medium Priority
14695,1,0.70228314,High,338.93888888888887,3,1534.22,76,1,0,Medium Priority
16783,1,0.7021684,High,256.0395833333333,1,391.95,25,0,0,Medium Priority
15554,1,0.70216787,High,97.15972222222224,1,217.2,14,0,0,Medium Priority
13150,1,0.70216316,High,303.99375,3,449.97,7,1,0,Medium Priority
14645,0,0.70206743,High,95.12361111111112,2,519.9,26,1,0,Medium Priority
17332,1,0.70195234,High,347.8611111111111,5,838.27,82,1,0,Medium Priority
16100,1,0.7017536,High,282.0493055555556,1,582.64,37,0,0,Medium Priority
18207,1,0.7017359,High,318.93333333333334,1,544.47,31,0,0,Medium Priority
13671,1,0.7014235,High,214.08333333333331,1,172.6,61,0,0,Medium Priority
15208,0,0.70115954,High,172.9909722222222,2,165.8,8,1,0,Medium Priority
12486,1,0.7009977,High,251.025,1,1037.28,49,0,0,Medium Priority
13201,1,0.7009516,High,321.93055555555554,4,1233.06,65,1,0,Medium Priority
14392,1,0.7008105,High,251.9958333333333,1,266.4,14,0,0,Medium Priority
17070,0,0.7008,High,229.8701388888889,1,133.18,41,0,0,Medium Priority
12974,1,0.7006976,High,17.136805555555554,2,408.95,27,1,0,Medium Priority
12767,1,0.70017385,High,195.13333333333333,1,949.82,43,0,0,Medium Priority
16489,1,0.70012736,High,199.92361111111111,2,303.7,4,1,0,Medium Priority
16598,1,0.6999717,High,105.04722222222222,1,145.04999999999998,10,0,0,Medium Priority
17327,1,0.6999543,High,229.12222222222223,2,152.35,3,1,0,Medium Priority
16222,1,0.6999354,High,137.96666666666667,2,1272.05,133,1,0,Medium Priority
15042,1,0.69991684,High,18.850694444444443,2,315.45,9,1,0,Medium Priority
18140,1,0.699833,High,293.0361111111111,1,536.41,49,0,0,Medium Priority
14055,0,0.6997594,High,397.1013888888889,2,795.3199999999999,23,1,0,Medium Priority
14956,1,0.6996812,High,240.84027777777777,1,1325.0,4,0,0,Medium Priority
12813,1,0.699124,High,321.125,3,1687.8,37,1,0,Medium Priority
17687,1,0.69899434,High,240.01388888888889,1,432.68,26,0,0,Medium Priority
16201,0,0.6989249,High,235.03472222222223,1,248.65,13,0,0,Medium Priority
14197,1,0.69859993,High,230.1173611111111,1,390.05,20,0,0,Medium Priority
13855,1,0.69844615,High,320.12291666666664,4,1310.34,64,1,0,Medium Priority
13175,1,0.69843906,High,401.9840277777778,2,831.45,40,1,0,Medium Priority
13181,1,0.6982939,High,200.90625,1,359.69,19,0,0,Medium Priority
12946,1,0.69815856,High,256.1083333333333,1,324.45,20,0,0,Medium Priority
15155,1,0.69795513,High,202.99375,1,383.97,24,0,0,Medium Priority
14212,0,0.6976831,High,265.04305555555555,1,1119.66,12,0,0,Medium Priority
16044,1,0.6975225,High,254.7763888888889,1,340.84000000000003,19,0,0,Medium Priority
16097,1,0.69743556,High,59.96041666666667,1,185.05,10,0,0,Medium Priority
12745,1,0.69739616,High,306.1083333333333,3,925.41,21,1,0,Medium Priority
17855,1,0.6971715,High,192.12916666666663,1,208.97,17,0,0,Medium Priority
16263,1,0.69711965,High,242.9152777777778,1,348.16,19,0,0,Medium Priority
15772,1,0.69709957,High,237.9701388888889,1,280.88,16,0,0,Medium Priority
16874,1,0.6969797,High,198.9875,1,209.89,31,0,0,Medium Priority
13706,1,0.69684005,High,122.1451388888889,2,631.17,38,1,0,Medium Priority
17741,1,0.696839,High,226.03541666666663,2,101.1,6,1,0,Medium Priority
13843,1,0.6968093,High,200.79305555555555,1,319.75,18,0,0,Medium Priority
18281,1,0.6965672,High,0.08125,2,201.14,17,1,0,Medium Priority
15709,1,0.6965506,High,103.09166666666668,2,327.85,26,1,0,Medium Priority
15634,0,0.69653314,High,202.88888888888889,1,311.1,19,0,0,Medium Priority
12900,1,0.6962884,High,241.89791666666667,1,340.33,13,0,0,Medium Priority
16740,1,0.69627994,High,214.96944444444443,1,226.91,30,0,0,Medium Priority
16522,1,0.6960685,High,255.08055555555555,2,433.36,16,1,0,Medium Priority
14059,1,0.695558,High,86.1138888888889,1,183.6,8,0,0,Medium Priority
14736,1,0.69551045,High,304.8951388888889,2,374.05,70,0,0,Medium Priority
14393,1,0.6954035,High,37.77361111111111,1,67.95,5,0,0,Medium Priority
18217,0,0.695327,High,333.0159722222222,2,323.29,7,1,0,Medium Priority
14285,0,0.69527316,High,332.94652777777776,4,1374.41,33,1,0,Medium Priority
17872,1,0.69522136,High,201.03333333333333,1,235.87,15,0,0,Medium Priority
16834,1,0.6951525,High,47.134027777777774,2,898.96,43,1,0,Medium Priority
15401,1,0.69498235,High,271.9638888888889,2,216.95,14,1,0,Medium Priority
13894,0,0.69484955,High,129.99722222222223,1,160.85,10,0,0,Medium Priority
12927,1,0.6947695,High,214.11666666666667,1,197.31,11,0,0,Medium Priority
17121,1,0.6946352,High,222.04375,1,314.74,12,0,0,Medium Priority
17283,1,0.6944938,High,198.03958333333333,1,188.46,15,0,0,Medium Priority
17028,1,0.69445896,High,400.8868055555556,3,1593.83,85,1,0,Medium Priority
16680,0,0.6944376,High,347.91527777777776,2,637.75,16,1,0,Medium Priority
15616,1,0.69418484,High,257.9861111111111,1,317.11,13,0,0,Medium Priority
16829,0,0.6938528,High,207.7770833333333,1,316.1,16,0,0,Medium Priority
15186,0,0.69379646,High,293.90972222222223,3,991.79,22,1,0,Medium Priority
17482,1,0.6936808,High,306.88680555555555,2,775.64,50,1,0,Medium Priority
12554,1,0.6934024,High,268.0145833333333,1,468.5,26,0,0,Medium Priority
16617,1,0.69327104,High,55.09375,1,151.85,5,0,0,Medium Priority
12604,0,0.693228,High,81.03055555555555,1,178.5,10,0,0,Medium Priority
17159,0,0.6932188,High,297.04305555555555,2,560.71,27,1,0,Medium Priority
12489,1,0.69271016,High,155.98402777777778,1,334.93,15,0,0,Medium Priority
13274,1,0.6924701,High,228.9597222222222,1,360.85,19,0,0,Medium Priority
17535,1,0.6918194,High,99.89583333333331,1,164.4,13,0,0,Medium Priority
14991,1,0.6918038,High,249.9923611111111,1,314.67,21,0,0,Medium Priority
17766,1,0.69175243,High,200.93125,2,299.61,21,0,0,Medium Priority
15277,0,0.6913916,High,244.86666666666667,1,220.44,14,0,0,Medium Priority
16976,1,0.6913504,High,86.84513888888888,1,251.52,2,0,0,Medium Priority
17529,1,0.6913054,High,429.7909722222222,2,1240.25,78,1,0,Medium Priority
18114,1,0.6912361,High,109.97916666666669,1,220.1,28,0,0,Medium Priority
12515,1,0.69095045,High,172.8798611111111,1,383.7,16,0,0,Medium Priority
15989,1,0.69076663,High,195.0326388888889,2,368.31,81,1,0,Medium Priority
14427,0,0.69044906,High,314.05902777777777,2,900.1800000000001,27,1,0,Medium Priority
16610,1,0.69035447,High,38.984027777777776,1,75.66,6,0,0,Medium Priority
13472,1,0.6903457,High,283.13125,2,592.24,24,1,0,Medium Priority
15669,0,0.6901265,High,83.15069444444444,1,198.8,11,0,0,Medium Priority
17981,1,0.6898125,High,230.09027777777777,1,239.12,17,0,0,Medium Priority
12514,1,0.68969536,High,86.84166666666667,2,1597.76,76,1,0,Medium Priority
17717,1,0.68959725,High,240.99722222222223,1,376.92,26,0,0,Medium Priority
15726,1,0.68923473,High,209.85972222222225,1,321.91,23,0,0,Medium Priority
17020,1,0.68874973,High,361.9888888888889,2,935.62,64,1,0,Medium Priority
14718,1,0.688644,High,229.98819444444445,1,226.42,11,0,0,Medium Priority
18243,1,0.6886349,High,233.93125,1,515.78,26,0,0,Medium Priority
15784,1,0.6883595,High,287.09166666666664,2,848.3299999999999,33,1,0,Medium Priority
13789,1,0.6883273,High,207.88819444444445,1,239.46,18,0,0,Medium Priority
15577,0,0.6881771,High,124.97083333333332,3,166.8,24,1,0,Medium Priority
16962,1,0.68814284,High,229.05138888888888,1,251.04,15,0,0,Medium Priority
16781,1,0.6878349,High,191.9333333333333,2,623.0,36,1,0,Medium Priority
18003,1,0.68767375,High,195.90347222222223,1,353.51,23,0,0,Medium Priority
17934,0,0.6872502,High,226.01875,1,344.90000000000003,20,0,0,Medium Priority
16635,1,0.68719196,High,226.13125,1,473.0,25,0,0,Medium Priority
14310,1,0.68649566,High,252.01111111111112,1,492.1,22,0,0,Medium Priority
15254,0,0.68638533,High,366.09722222222223,2,787.99,46,1,0,Medium Priority
15322,0,0.68628,High,295.9861111111111,1,711.18,41,0,0,Medium Priority
16270,1,0.6861209,High,172.93333333333334,1,1141.24,54,0,0,Medium Priority
15247,0,0.6859104,High,297.1090277777778,2,620.06,10,1,0,Medium Priority
16141,0,0.68587565,High,236.9430555555556,1,335.54,20,0,0,Medium Priority
17972,1,0.685767,High,61.02361111111111,1,135.19,30,0,0,Medium Priority
12881,1,0.68551886,High,95.04583333333332,1,298.0,7,0,0,Medium Priority
16468,0,0.685467,High,289.8430555555556,2,712.62,37,1,0,Medium Priority
16346,1,0.68541944,High,204.87152777777777,1,224.51,15,0,0,Medium Priority
13251,1,0.6853629,High,221.97916666666663,1,252.68,25,0,0,Medium Priority
13639,0,0.6852667,High,256.1145833333333,1,312.93,19,0,0,Medium Priority
16071,0,0.6849966,High,346.96458333333334,3,750.5600000000001,47,1,0,Medium Priority
16284,0,0.68438125,High,212.9743055555556,1,205.8,30,0,0,Medium Priority
15458,0,0.68422335,High,221.70833333333331,1,208.8,6,0,0,Medium Priority
14627,1,0.6841371,High,198.84583333333333,1,462.75,29,0,0,Medium Priority
13415,1,0.6841085,High,292.05,4,784.17,85,1,0,Medium Priority
15573,0,0.6840983,High,437.96527777777777,3,597.23,104,1,0,Medium Priority
13073,1,0.68403494,High,230.94722222222225,2,418.08,25,1,0,Medium Priority
17174,1,0.68381697,High,37.04375,1,59.9,4,0,0,Medium Priority
13367,1,0.68375415,High,251.11805555555557,1,510.2000000000001,20,0,0,Medium Priority
14586,1,0.6835852,High,96.11527777777778,1,237.36,19,0,0,Medium Priority
16555,0,0.6835829,High,324.96319444444447,4,1629.79,46,0,0,Medium Priority
15459,1,0.68326247,High,236.89236111111111,2,202.83,6,1,0,Medium Priority
18227,1,0.68315244,High,37.01875,2,388.75,6,1,0,Medium Priority
16720,0,0.68294746,High,195.91736111111112,2,605.79,107,1,0,Medium Priority
12565,1,0.6828606,High,108.09444444444443,1,145.92,9,0,0,Medium Priority
15766,0,0.68275756,High,275.9576388888889,2,516.0,15,1,0,Medium Priority
17510,0,0.68255055,High,240.10416666666663,1,206.08,15,0,0,Medium Priority
13441,0,0.68253577,High,251.09166666666667,1,424.26,25,0,0,Medium Priority
12764,1,0.6822396,High,136.10486111111112,1,1693.88,45,0,0,Medium Priority
15259,1,0.6822134,High,332.16875,4,1182.38,50,1,0,Medium Priority
12614,1,0.6821993,High,97.10277777777776,1,315.6,20,0,0,Medium Priority
15540,0,0.682012,High,195.06944444444449,1,247.38,16,0,0,Medium Priority
17679,0,0.6818042,High,341.1326388888889,5,1585.5,41,1,0,Medium Priority
15748,0,0.68150777,High,268.8298611111111,2,465.4500000000001,16,0,0,Medium Priority
14370,1,0.6813341,High,270.08125,6,1175.78,37,1,0,Medium Priority
17710,1,0.6812773,High,243.20902777777775,1,293.5,20,0,0,Medium Priority
13813,0,0.68124986,High,347.1666666666667,4,1398.61,50,1,0,Medium Priority
18156,0,0.680821,High,189.0145833333333,1,186.88,50,0,0,Medium Priority
14933,1,0.68071353,High,263.0854166666667,4,1770.0,1,1,0,Medium Priority
12998,1,0.6804437,High,312.1979166666667,3,920.08,58,1,0,Medium Priority
14294,1,0.68043387,High,226.85069444444449,1,375.34,23,0,0,Medium Priority
16773,0,0.6799334,High,255.87708333333333,2,249.65,34,1,0,Medium Priority
13074,1,0.67984116,High,330.83125,4,1378.74,26,1,0,Medium Priority
12761,1,0.6797923,High,277.0229166666667,2,782.95,27,1,0,Medium Priority
17666,0,0.6793706,High,297.01875,3,1319.64,17,1,0,Medium Priority
16286,1,0.67934966,High,296.91805555555555,2,328.95,17,1,0,Medium Priority
15735,1,0.67926127,High,240.96666666666667,1,327.68,19,0,0,Medium Priority
14995,0,0.6792043,High,99.98333333333332,1,119.31,37,0,0,Medium Priority
16152,1,0.679191,High,88.12708333333333,1,1829.04,29,0,0,Medium Priority
12492,0,0.67908543,High,222.9111111111111,1,452.0,22,0,0,Medium Priority
13281,1,0.67894393,High,258.86597222222224,1,350.85,22,0,0,Medium Priority
15473,0,0.67880255,High,264.15,1,274.8,3,0,0,Medium Priority
14458,1,0.6787146,High,200.0048611111111,1,228.07,46,0,0,Medium Priority
17627,1,0.6785454,High,298.0576388888889,1,296.36,10,0,0,Medium Priority
13600,1,0.67838,High,131.89097222222222,2,518.42,35,1,0,Medium Priority
17380,1,0.6780987,High,253.8388888888889,3,645.0,5,1,0,Medium Priority
13669,0,0.67772734,High,226.90625,1,195.0,5,0,0,Medium Priority
17607,1,0.6775943,High,195.98541666666668,1,333.81,22,0,0,Medium Priority
12784,0,0.6775307,High,348.9888888888889,1,1230.33,72,0,0,Medium Priority
16631,1,0.6774837,High,301.0625,7,1892.52,46,1,0,Medium Priority
15798,1,0.6774531,High,312.15069444444447,3,1535.37,73,1,0,Medium Priority
12672,1,0.677277,High,149.14583333333334,2,437.05,22,1,0,Medium Priority
14840,1,0.67714524,High,87.03472222222223,2,362.71,20,1,0,Medium Priority
16824,0,0.67702353,High,213.02013888888888,1,225.6,13,0,0,Medium Priority
18189,0,0.67674965,High,87.12569444444445,2,946.59,54,1,0,Medium Priority
16290,1,0.6767426,High,284.04027777777776,4,1957.7,85,1,0,Medium Priority
13237,1,0.67658836,High,207.11319444444445,1,643.0,24,0,0,Medium Priority
14263,1,0.67636985,High,242.9451388888889,1,322.93,16,0,0,Medium Priority
12543,1,0.67607796,High,267.8743055555556,1,980.25,43,0,0,Medium Priority
15961,1,0.6759237,High,198.86875,1,451.29,42,0,0,Medium Priority
13086,1,0.6759237,High,202.0986111111111,1,439.33,47,0,0,Medium Priority
17694,0,0.6757943,High,331.10277777777776,2,1412.85,45,1,0,Medium Priority
13326,1,0.675657,High,251.86805555555557,1,281.76,13,0,0,Medium Priority
17772,0,0.6755917,High,212.0548611111111,1,187.3,45,0,0,Medium Priority
12475,0,0.67513704,High,229.16736111111112,1,426.26,25,0,0,Medium Priority
18031,1,0.675125,High,198.07638888888889,1,451.3,49,0,0,Medium Priority
13733,1,0.67511964,High,230.0222222222222,2,487.03,28,1,0,Medium Priority
14433,1,0.67498255,High,285.0104166666667,1,280.7,72,0,0,Medium Priority
15503,1,0.6748728,High,182.07847222222225,2,257.3,112,1,0,Medium Priority
13833,0,0.6747106,High,223.94375,1,316.56,16,0,0,Medium Priority
14940,1,0.67464834,High,237.08541666666667,2,531.49,32,1,0,Medium Priority
16174,0,0.67404693,High,311.01180555555555,4,1237.2,15,1,0,Medium Priority
17882,1,0.67383546,High,198.92361111111111,2,291.56,47,0,0,Medium Priority
16535,0,0.6737581,High,204.9923611111111,2,378.29,36,1,0,Medium Priority
12807,1,0.6737536,High,202.9368055555556,1,330.35,16,0,0,Medium Priority
15973,1,0.67375124,High,186.04722222222225,3,680.62,8,1,0,Medium Priority
14254,1,0.6735255,High,252.0402777777778,1,601.03,23,0,0,Medium Priority
17912,1,0.67350096,High,129.93402777777777,6,374.55,48,1,0,Medium Priority
16344,0,0.6730358,High,329.0548611111111,3,741.3199999999999,42,1,0,Medium Priority
14778,0,0.67257273,High,128.04652777777778,1,334.05,18,0,0,Medium Priority
17536,0,0.6725105,High,240.02847222222223,2,288.33,13,1,0,Medium Priority
16583,1,0.67235297,High,193.0326388888889,2,297.95,18,1,0,Medium Priority
12961,1,0.6720914,High,198.8375,1,211.99,37,0,0,Medium Priority
17435,1,0.6719938,High,230.95486111111111,1,331.35,15,0,0,Medium Priority
16857,1,0.6719744,High,262.0840277777778,1,352.8,11,0,0,Medium Priority
14115,1,0.6718711,High,321.0097222222222,2,622.6700000000001,22,1,0,Medium Priority
13932,1,0.6717951,High,114.03333333333332,1,307.4,16,0,0,Medium Priority
13550,1,0.67172235,High,202.89305555555555,1,342.55,40,0,0,Medium Priority
13540,1,0.67167526,High,286.9375,3,632.39,26,1,0,Medium Priority
15598,0,0.6716387,High,247.14583333333331,1,307.34,22,0,0,Medium Priority
17005,1,0.67163706,High,290.0784722222222,2,622.36,14,1,0,Medium Priority
15689,0,0.67140573,High,181.1201388888889,2,370.43,19,1,0,Medium Priority
13745,0,0.67138064,High,365.8131944444444,1,477.32,31,0,0,Medium Priority
17569,1,0.67109483,High,151.94097222222223,1,344.14,29,0,0,Medium Priority
12531,0,0.6708337,High,505.93958333333336,1,1807.98,110,0,0,Medium Priority
13375,0,0.67073447,High,264.1930555555556,1,1013.58,34,0,0,Medium Priority
14026,1,0.6706942,High,290.0965277777778,2,713.11,43,1,0,Medium Priority
14877,1,0.67068315,High,237.98680555555555,2,425.85,57,1,0,Medium Priority
14872,1,0.6703428,High,303.0111111111111,3,816.6,34,1,0,Medium Priority
14633,1,0.670327,High,85.82152777777777,1,344.90000000000003,20,0,0,Medium Priority
15196,1,0.67020255,High,252.08333333333331,2,313.7,34,1,0,Medium Priority
15264,0,0.6699758,High,349.97291666666666,1,454.66,32,0,0,Medium Priority
13966,1,0.6698893,High,254.9875,1,384.26,21,0,0,Medium Priority
13761,0,0.6698517,High,322.0,4,881.52,50,1,0,Medium Priority
13494,1,0.669813,High,131.0361111111111,1,316.26000000000005,18,0,0,Medium Priority
15566,1,0.6695782,High,212.0270833333333,2,227.87,9,1,0,Medium Priority
12538,0,0.66951513,High,197.99166666666667,1,276.5,13,0,0,Medium Priority
13721,0,0.66945016,High,214.78541666666663,1,217.4,14,0,0,Medium Priority
16827,1,0.6694058,High,212.94861111111112,5,392.13,10,1,0,Medium Priority
16194,1,0.6693985,High,194.9736111111111,1,308.6,8,0,0,Medium Priority
18146,0,0.6693953,High,39.84375,1,76.65,4,0,0,Medium Priority
15244,0,0.6691594,High,67.90138888888889,2,578.45,28,1,0,Medium Priority
14556,1,0.6690905,High,415.91180555555553,3,815.69,158,1,0,Medium Priority
17480,0,0.6690309,High,264.0131944444444,1,370.41,24,0,0,Medium Priority
15519,1,0.66898197,High,202.92708333333331,2,344.61,34,1,0,Medium Priority
13284,1,0.66886973,High,150.14375,1,201.19,13,0,0,Medium Priority
13245,0,0.6686631,High,251.94930555555555,1,558.72,29,0,0,Medium Priority
14846,1,0.66864663,High,246.8215277777778,1,437.4,12,0,0,Medium Priority
13428,0,0.6686392,High,333.97013888888887,2,276.76,66,0,0,Medium Priority
14575,1,0.6685277,High,307.9159722222222,1,420.22,71,0,0,Medium Priority
14270,1,0.66843575,High,151.13680555555555,1,492.65,29,0,0,Medium Priority
14183,1,0.6684053,High,230.92013888888889,2,278.34000000000003,27,1,0,Medium Priority
15454,1,0.6683757,High,181.9368055555556,2,305.99,35,1,0,Medium Priority
14011,1,0.66826516,High,299.8881944444444,2,457.82,32,1,0,Medium Priority
13598,0,0.6678225,High,314.9784722222222,4,601.92,46,1,0,Medium Priority
14303,1,0.6677787,High,226.8840277777778,2,277.94,21,1,0,Medium Priority
12542,1,0.6677485,High,303.7347222222222,2,481.88,39,1,0,Medium Priority
17740,1,0.66770214,High,208.8451388888889,6,426.9,5,1,0,Medium Priority
12736,1,0.667219,High,152.20347222222222,1,234.0,4,0,0,Medium Priority
16198,0,0.66694546,High,256.9520833333333,1,629.36,18,0,0,Medium Priority
12351,1,0.6667589,High,194.89375,1,300.93,21,0,0,Medium Priority
13674,1,0.66662365,High,252.0895833333333,1,240.68,14,0,0,Medium Priority
14046,1,0.6664382,High,103.91805555555555,1,154.99,14,0,0,Medium Priority
13773,1,0.6662589,High,216.04236111111112,2,301.54,19,1,0,Medium Priority
17703,0,0.666193,High,237.85694444444445,1,296.1,23,0,0,Medium Priority
13288,1,0.666134,High,262.84583333333336,5,927.61,7,1,0,Medium Priority
17795,0,0.66604877,High,84.03333333333333,1,155.69,15,0,0,Medium Priority
17407,1,0.66596437,High,231.0368055555556,1,552.9,23,0,0,Medium Priority
15337,1,0.66595,High,230.8895833333333,1,373.02,21,0,0,Medium Priority
17733,0,0.665944,High,81.12222222222222,1,216.95,12,0,0,Medium Priority
15445,1,0.6659157,High,83.90555555555555,2,284.5,12,1,0,Medium Priority
14126,0,0.665806,High,263.9159722222222,1,466.33,28,0,0,Medium Priority
12892,1,0.6657879,High,216.1243055555556,1,263.38,18,0,0,Medium Priority
17382,0,0.6657293,High,255.08125,7,836.88,14,1,0,Medium Priority
15627,1,0.66553134,High,276.94166666666666,2,566.9,23,1,0,Medium Priority
18273,0,0.6654991,High,77.06111111111112,2,204.0,1,1,0,Medium Priority
16437,1,0.6651947,High,200.8270833333333,2,301.25,17,1,0,Medium Priority
14594,0,0.6651011,High,192.95555555555555,1,255.0,31,0,0,Medium Priority
16373,1,0.66489625,High,201.875,2,309.49,25,1,0,Medium Priority
17820,1,0.6648817,High,193.79652777777775,1,180.61,39,0,0,Medium Priority
13229,1,0.66449684,High,45.02986111111111,1,160.95,10,0,0,Medium Priority
16850,1,0.6642069,High,153.0701388888889,1,332.41,19,0,0,Medium Priority
14614,1,0.66392356,High,205.99027777777775,1,295.13,19,0,0,Medium Priority
15901,0,0.6636691,High,270.9402777777778,4,335.99,49,1,0,Medium Priority
15666,1,0.66365683,High,291.8583333333333,2,632.9399999999999,62,1,0,Medium Priority
15404,1,0.6636391,High,195.07430555555555,1,257.06,16,0,0,Medium Priority
13682,1,0.6634966,High,6.947222222222222,1,59.5,3,0,0,Medium Priority
12350,1,0.66275007,High,129.8673611111111,1,334.4,17,0,0,Medium Priority
15090,1,0.6626007,High,127.94930555555555,1,381.32,23,0,0,Medium Priority
13391,1,0.6625887,High,23.08333333333333,1,59.8,1,0,0,Medium Priority
13020,1,0.6620414,High,382.06805555555553,2,618.96,38,1,0,Medium Priority
12561,1,0.6619686,High,122.04930555555556,1,238.85,16,0,0,Medium Priority
15751,1,0.66193706,High,280.00416666666666,11,1380.44,90,1,0,Medium Priority
12365,1,0.66177887,High,110.9486111111111,2,641.38,22,0,0,Medium Priority
14927,1,0.66157204,High,216.01388888888889,1,308.2,20,0,0,Medium Priority
14775,0,0.66095483,High,191.84166666666667,1,406.56,20,0,0,Medium Priority
16659,1,0.6608232,High,8.907638888888888,1,39.12,2,0,0,Medium Priority
18286,1,0.6603579,High,296.0368055555556,2,1296.43,67,1,0,Medium Priority
13864,1,0.66030234,High,206.0,1,662.4000000000001,1,0,0,Medium Priority
15137,1,0.66024905,High,340.13125,2,823.4,34,1,0,Medium Priority
17458,0,0.6597985,High,201.04652777777775,1,213.08,32,0,0,Medium Priority
13270,1,0.6585546,High,185.91458333333333,1,590.0,1,0,0,Medium Priority
17155,0,0.65848035,High,347.1430555555556,5,640.76,31,1,0,Medium Priority
13729,1,0.6583743,High,255.0875,3,724.73,36,1,0,Medium Priority
16545,0,0.6580517,High,195.09097222222223,1,350.52,5,0,0,Medium Priority
13041,1,0.65799594,High,270.0458333333333,4,799.13,23,1,0,Medium Priority
16055,1,0.6578902,High,40.141666666666666,1,134.8,8,0,0,Medium Priority
12575,1,0.6578199,High,276.9868055555556,2,622.8199999999999,34,1,0,Medium Priority
13917,0,0.65767163,High,11.002777777777778,1,65.38,5,0,0,Medium Priority
14929,0,0.65759087,High,241.01944444444445,1,612.8100000000001,23,0,0,Medium Priority
14807,1,0.6575049,High,210.00208333333333,2,504.14,37,1,0,Medium Priority
17476,1,0.6574823,High,215.10347222222225,2,489.86,29,1,0,Medium Priority
12914,1,0.6572428,High,220.01527777777775,1,223.98,9,0,0,Medium Priority
14340,1,0.6570791,High,38.12916666666667,1,134.7,6,0,0,Medium Priority
13480,1,0.65683174,High,236.03958333333333,2,627.82,40,1,0,Medium Priority
15008,1,0.65676856,High,299.9868055555556,2,360.0,6,1,0,Medium Priority
18159,1,0.6566711,High,120.93333333333334,1,530.15,23,0,0,Medium Priority
13814,0,0.65642124,High,346.9430555555556,1,678.2,22,0,0,Medium Priority
14429,1,0.65636206,High,223.1125,1,516.28,22,0,0,Medium Priority
14716,0,0.65602154,High,264.0298611111112,1,235.77,44,0,0,Medium Priority
16579,1,0.65596104,High,245.0361111111111,1,295.05,14,0,0,Medium Priority
17821,1,0.65567803,High,225.97916666666663,1,334.62,6,0,0,Medium Priority
16476,1,0.6556412,High,251.09791666666663,1,350.35,24,0,0,Medium Priority
16030,1,0.65563893,High,129.05694444444444,1,331.24,28,0,0,Medium Priority
15006,0,0.6554435,High,272.99097222222224,1,277.4,47,0,0,Medium Priority
17182,1,0.65540045,High,242.11180555555555,2,321.3,4,1,0,Medium Priority
17603,0,0.6552513,High,437.0409722222222,3,1393.66,93,1,0,Medium Priority
12378,0,0.65508753,High,381.94652777777776,1,1407.7,82,0,0,Medium Priority
12837,0,0.65506315,High,388.90277777777777,1,528.5600000000001,73,0,0,Medium Priority
17495,0,0.6549627,High,210.04166666666663,1,309.16,21,0,0,Medium Priority
12763,0,0.6549154,High,188.87777777777777,1,320.08,16,0,0,Medium Priority
15294,1,0.6546474,High,230.04513888888889,1,233.35,15,0,0,Medium Priority
17355,1,0.6544894,High,205.98055555555555,1,273.31,28,0,0,Medium Priority
13106,0,0.6543189,High,232.98611111111111,1,526.96,15,0,0,Medium Priority
16135,1,0.6541734,High,82.01388888888889,2,819.45,35,1,0,Medium Priority
14487,0,0.6540211,High,187.9777777777778,2,225.89,32,1,0,Medium Priority
16887,0,0.65342605,High,220.05625,2,465.84,65,1,0,Medium Priority
17711,0,0.65333927,High,109.05416666666666,1,220.53000000000003,13,0,0,Medium Priority
17866,0,0.6531638,High,304.0048611111111,2,805.3000000000001,15,1,0,Medium Priority
13275,1,0.65296507,High,203.02847222222223,2,238.86,48,1,0,Medium Priority
13646,1,0.6529216,High,219.02569444444444,2,326.25,58,0,0,Medium Priority
17245,1,0.6527301,High,24.088194444444444,2,371.63,24,1,0,Medium Priority
13977,1,0.65244806,High,230.94583333333333,1,519.8100000000001,13,0,0,Medium Priority
14168,1,0.6521354,High,240.08402777777775,2,370.45,11,1,0,Medium Priority
15966,1,0.65177363,High,270.0875,1,426.53,27,0,0,Medium Priority
13964,1,0.6516046,High,206.95625,2,438.9,22,1,0,Medium Priority
16776,0,0.65146464,High,235.02569444444444,1,220.97,48,0,0,Medium Priority
16527,0,0.6514244,High,243.97569444444449,1,1004.88,58,0,0,Medium Priority
14324,1,0.6508696,High,229.0458333333333,2,701.61,41,1,0,Medium Priority
15782,0,0.65074813,High,249.8798611111111,1,1399.36,18,0,0,Medium Priority
17309,0,0.65060025,High,200.96041666666667,2,237.64,22,1,0,Medium Priority
16278,0,0.65043026,High,299.96666666666664,2,551.46,30,1,0,Medium Priority
16343,0,0.65012836,High,226.94097222222223,1,285.54,28,0,0,Medium Priority
17649,0,0.64991075,High,289.1020833333333,2,710.4,45,1,0,Medium Priority
15045,0,0.6498341,High,77.04583333333333,1,388.9,4,0,0,Medium Priority
15857,0,0.64967394,High,249.83819444444444,1,273.48,10,0,0,Medium Priority
12903,1,0.64930874,High,248.0076388888889,1,833.53,41,0,0,Medium Priority
13957,1,0.6492599,High,237.11666666666667,3,458.25,21,1,0,Medium Priority
16274,1,0.6489517,High,192.88541666666663,1,351.75,64,0,0,Medium Priority
16001,1,0.64874,High,200.81944444444449,1,583.39,29,0,0,Medium Priority
15331,1,0.6486435,High,319.1305555555556,3,767.91,41,1,0,Medium Priority
13895,0,0.6485761,High,335.0861111111111,2,1415.45,67,1,0,Medium Priority
15536,1,0.6485706,High,228.84652777777777,1,259.09,16,0,0,Medium Priority
12809,0,0.64837843,High,385.0708333333333,2,1266.63,52,1,0,Medium Priority
14265,0,0.6483737,High,284.0208333333333,2,843.17,47,1,0,Medium Priority
12632,1,0.648229,High,340.1326388888889,2,804.88,32,1,0,Medium Priority
14260,1,0.64822197,High,290.91319444444446,3,824.28,50,1,0,Medium Priority
12889,1,0.6478923,High,200.8625,4,385.46,25,1,0,Medium Priority
17743,1,0.6477935,High,267.9138888888889,1,229.2,3,0,0,Medium Priority
14133,0,0.6477098,High,135.0576388888889,2,623.5,24,1,0,Medium Priority
14851,0,0.6476464,High,75.91041666666666,2,524.19,24,1,0,Medium Priority
16377,1,0.6476333,High,86.88125,2,1308.48,6,1,0,Medium Priority
12644,0,0.64719236,High,250.10208333333333,3,1440.58,76,1,0,Medium Priority
17233,0,0.6471505,High,267.9791666666667,2,369.98,32,1,0,Medium Priority
13867,0,0.6470231,High,37.80694444444445,1,138.85,8,0,0,Medium Priority
14777,1,0.6467959,High,223.0,1,307.56,16,0,0,Medium Priority
13500,0,0.6466076,High,220.98194444444445,1,299.53,20,0,0,Medium Priority
14704,0,0.64658064,High,244.03958333333333,2,258.96,53,1,0,Medium Priority
15919,0,0.64650595,High,188.0583333333333,1,214.08,38,0,0,Medium Priority
12944,0,0.6464793,High,174.08958333333334,1,286.95,14,0,0,Medium Priority
16922,1,0.64619076,High,392.0597222222222,1,611.08,122,0,0,Medium Priority
16310,1,0.6461468,High,233.91875,2,460.08,26,1,0,Medium Priority
13129,1,0.6460681,High,271.9604166666667,2,233.25,10,1,0,Medium Priority
13252,1,0.6459695,High,213.86805555555557,2,399.3,19,1,0,Medium Priority
13033,1,0.6458901,High,176.93541666666667,2,220.55,12,1,0,Medium Priority
16178,0,0.6455123,High,220.91944444444445,1,414.7,17,0,0,Medium Priority
14237,1,0.6451977,High,192.97916666666663,2,471.14,26,1,0,Medium Priority
12803,1,0.6449873,High,212.9118055555556,1,1092.81,55,0,0,Medium Priority
13440,1,0.64498633,High,242.98541666666668,7,1295.25,49,1,0,Medium Priority
13167,0,0.64478505,High,209.99444444444444,1,333.82,16,0,0,Medium Priority
16601,0,0.64409953,High,210.05555555555557,2,434.3,38,1,0,Medium Priority
18284,1,0.64375216,High,251.0534722222222,1,461.68,28,0,0,Medium Priority
13712,1,0.6436096,High,66.01180555555555,2,766.42,32,1,0,Medium Priority
17127,1,0.6435825,High,248.12222222222223,5,1155.0300000000002,27,1,0,Medium Priority
15728,1,0.64353395,High,199.09097222222223,2,544.6,10,1,0,Medium Priority
14542,1,0.6434419,High,5.188194444444444,1,103.25,5,0,0,Medium Priority
15960,1,0.64333445,High,193.8701388888889,4,410.95,24,1,0,Medium Priority
14111,0,0.6432362,High,61.05138888888889,1,94.2,2,0,0,Medium Priority
13194,0,0.64308107,High,241.0388888888889,1,412.08,7,0,0,Medium Priority
13361,1,0.6428922,High,291.9125,2,1450.5,29,1,0,Medium Priority
14848,1,0.64281076,High,224.01944444444445,1,310.56,11,0,0,Medium Priority
14052,0,0.64273125,High,210.05069444444445,1,241.3,65,0,0,Medium Priority
16648,0,0.64265865,High,275.03541666666666,2,382.14,18,1,0,Medium Priority
13003,0,0.6426371,High,34.18541666666667,1,59.05,4,0,0,Medium Priority
15659,0,0.6424902,High,206.08263888888888,2,226.04,8,1,0,Medium Priority
12850,1,0.6424247,High,265.01666666666665,1,330.0,2,0,0,Medium Priority
13861,1,0.6424117,High,248.9375,2,273.26,21,1,0,Medium Priority
14727,1,0.6423381,High,93.92013888888889,3,463.73,43,1,0,Medium Priority
17193,0,0.6420917,High,205.82847222222225,2,610.74,12,1,0,Medium Priority
15139,1,0.64202917,High,59.04930555555556,2,178.96,13,1,0,Medium Priority
17303,1,0.6418022,High,180.97083333333333,1,250.04,53,0,0,Medium Priority
15881,1,0.64159757,High,131.82708333333332,5,501.39,26,1,0,Medium Priority
12608,1,0.6415481,High,224.08402777777775,1,415.79,16,0,0,Medium Priority
16425,1,0.6414743,High,121.93055555555556,1,302.7,21,0,0,Medium Priority
15242,1,0.6410836,High,241.88680555555555,1,302.04,4,0,0,Medium Priority
12525,1,0.6406182,High,317.8625,3,973.73,56,1,0,Medium Priority
17278,1,0.6404837,High,60.98611111111112,2,271.24,17,1,0,Medium Priority
14474,0,0.64045227,High,399.0263888888889,1,711.23,97,0,0,Medium Priority
13916,1,0.6401878,High,283.1152777777778,4,1275.81,72,1,0,Medium Priority
15154,0,0.6400768,High,297.7965277777778,2,1089.44,101,0,0,Medium Priority
15169,1,0.6399372,High,201.99027777777775,2,569.22,58,1,0,Medium Priority
17242,0,0.63976425,High,276.0875,3,1754.24,27,1,0,Medium Priority
17393,1,0.6397463,High,230.06944444444449,2,381.15,45,1,0,Medium Priority
15460,1,0.6396623,High,173.8625,1,214.26,53,0,0,Medium Priority
12907,1,0.63958365,High,215.02916666666667,2,508.91,23,1,0,Medium Priority
17900,1,0.6395334,High,9.925,2,112.2,4,0,0,Medium Priority
14734,1,0.6395139,High,245.03194444444443,4,1056.42,48,1,0,Medium Priority
16435,1,0.639404,High,331.76944444444445,3,1003.07,119,1,0,Medium Priority
13597,1,0.63937086,High,219.9138888888889,2,396.71,17,1,0,Medium Priority
17992,1,0.6393516,High,208.99027777777775,1,252.88,49,0,0,Medium Priority
16413,0,0.6393388,High,195.00069444444443,1,259.83,32,0,0,Medium Priority
14269,1,0.63919854,High,258.99791666666664,1,295.73,16,0,0,Medium Priority
12834,1,0.6388611,High,102.12569444444443,1,312.38,18,0,0,Medium Priority
16130,1,0.6388014,High,241.9,4,987.48,53,1,0,Medium Priority
17651,0,0.6387624,High,318.0152777777778,6,1758.52,84,1,0,Medium Priority
12507,0,0.6381591,High,118.14305555555556,2,985.41,40,1,0,Medium Priority
17431,1,0.6378171,High,132.92638888888888,1,403.3,41,0,0,Medium Priority
16345,0,0.6377134,High,302.8173611111111,1,613.33,68,0,0,Medium Priority
18176,1,0.63750476,High,177.87847222222223,1,476.35,30,0,0,Medium Priority
17210,1,0.637303,High,212.02430555555557,1,251.72,47,0,0,Medium Priority
12765,1,0.63722855,High,291.9576388888889,6,1404.58,49,1,0,Medium Priority
13691,1,0.6371193,High,215.80277777777775,1,212.78,54,0,0,Medium Priority
16381,1,0.6370894,High,215.1208333333333,2,247.85,60,1,0,Medium Priority
18007,1,0.63700426,High,212.07083333333333,1,215.22,46,0,0,Medium Priority
14569,0,0.6369842,High,272.0826388888889,3,369.94,21,1,0,Medium Priority
18063,1,0.6369516,High,210.0861111111111,2,186.6,2,1,0,Medium Priority
13496,0,0.63685423,High,179.10625,1,501.01,26,0,0,Medium Priority
13034,0,0.6367407,High,188.9152777777778,2,279.91,16,1,0,Medium Priority
13872,1,0.6363645,High,346.8854166666667,3,919.57,51,1,0,Medium Priority
15190,1,0.63628614,High,253.98680555555555,1,834.4399999999999,40,0,0,Medium Priority
14192,1,0.63601243,High,207.7958333333333,1,293.74,14,0,0,Medium Priority
16524,1,0.6359101,High,265.9673611111112,2,306.19,50,1,0,Medium Priority
13703,1,0.6358881,High,137.98611111111111,2,425.56,36,1,0,Medium Priority
16415,0,0.63561964,High,403.0409722222222,2,496.49,78,1,0,Medium Priority
14746,1,0.6355238,High,225.9208333333333,4,593.5,7,1,0,Medium Priority
16185,0,0.635451,High,52.03541666666667,2,450.31,28,1,0,Medium Priority
17274,0,0.6354262,High,215.0305555555556,1,465.4,52,0,0,Medium Priority
13030,0,0.6353057,High,187.9298611111111,1,402.36,50,0,0,Medium Priority
17919,0,0.63515955,High,258.09027777777777,1,536.28,17,0,0,Medium Priority
15204,1,0.63500464,High,176.95902777777778,1,316.58,9,0,0,Medium Priority
18090,1,0.63489085,High,241.0125,1,321.9,47,0,0,Medium Priority
14311,1,0.6348321,High,62.10833333333333,2,516.45,31,1,0,Medium Priority
16799,1,0.63479036,High,251.93194444444444,2,452.78,81,1,0,Medium Priority
13973,1,0.63441277,High,106.8951388888889,1,264.7,11,0,0,Medium Priority
17161,1,0.634384,High,263.8375,1,856.01,52,0,0,Medium Priority
15025,0,0.6339875,High,387.9736111111111,1,617.83,72,0,0,Medium Priority
12932,1,0.6335848,High,358.9361111111112,8,1698.56,69,1,0,Medium Priority
16602,0,0.6333863,High,208.15069444444444,1,235.25,11,0,0,Medium Priority
17928,0,0.6333503,High,65.78263888888888,2,206.96,21,1,0,Medium Priority
15319,1,0.6330841,High,103.00138888888888,1,204.5,16,0,0,Medium Priority
12791,1,0.63296956,High,193.0576388888889,6,863.51,17,1,0,Medium Priority
17254,0,0.6329599,High,220.95138888888889,1,198.29,36,0,0,Medium Priority
15037,1,0.6329516,High,195.98958333333331,2,397.76,40,0,0,Medium Priority
18056,1,0.6328925,High,107.93263888888887,2,554.6,28,1,0,Medium Priority
17397,0,0.63286597,High,235.97916666666663,1,516.87,44,0,0,Medium Priority
13537,1,0.63244426,High,245.00347222222223,2,717.85,38,1,0,Medium Priority
16276,0,0.63238484,High,298.96527777777777,2,1818.79,16,1,0,Medium Priority
15948,0,0.6319996,High,244.0236111111111,1,553.85,35,0,0,Medium Priority
15670,1,0.6318339,High,116.08333333333331,2,325.2,19,1,0,Medium Priority
13358,1,0.6317702,High,88.04027777777777,1,439.03,29,0,0,Medium Priority
13689,0,0.6317051,High,264.0993055555556,1,349.5,3,0,0,Medium Priority
18083,1,0.63161105,High,217.0458333333333,1,463.53,36,0,0,Medium Priority
15831,0,0.6315765,High,143.9152777777778,1,309.94,17,0,0,Medium Priority
13010,1,0.63148344,High,193.90347222222223,2,330.12,10,1,0,Medium Priority
14169,1,0.631315,High,250.17013888888889,2,621.51,50,1,0,Medium Priority
14228,1,0.63123816,High,257.12847222222223,3,745.5,38,1,0,Medium Priority
16315,1,0.63121533,High,150.03680555555556,2,402.71,21,1,0,Medium Priority
13385,1,0.63107187,High,149.1236111111111,1,534.57,35,0,0,Medium Priority
15922,1,0.6310356,High,192.95763888888888,1,369.5,11,0,0,Medium Priority
14742,1,0.6306849,High,254.9465277777778,1,579.85,34,0,0,Medium Priority
16362,0,0.63059497,High,257.1430555555556,1,212.17,13,0,0,Medium Priority
16677,1,0.6300408,High,230.91458333333333,2,880.62,45,1,0,Medium Priority
16018,0,0.6299233,High,215.88472222222225,2,289.23,26,1,0,Medium Priority
14182,1,0.6298431,High,263.0451388888889,4,678.77,42,1,0,Medium Priority
12564,1,0.6298014,High,80.91319444444444,1,456.9,21,0,0,Medium Priority
17976,1,0.6297754,High,191.95902777777775,1,321.79,56,0,0,Medium Priority
14690,0,0.6296883,High,211.91597222222225,2,422.63,43,1,0,Medium Priority
18250,1,0.6296248,High,129.98194444444445,1,349.27,21,0,0,Medium Priority
14494,0,0.6292091,High,220.98402777777775,2,261.9,10,1,0,Medium Priority
14150,0,0.62909216,High,179.11527777777778,1,306.18,12,0,0,Medium Priority
14873,1,0.6287601,High,29.95694444444445,2,854.13,48,1,0,Medium Priority
16798,1,0.6286873,High,373.7423611111111,3,841.16,141,1,0,Medium Priority
17244,0,0.6286438,High,202.95625,4,871.14,85,1,0,Medium Priority
17633,0,0.6284193,High,199.05694444444444,3,732.55,29,1,0,Medium Priority
13904,0,0.62840146,High,114.06388888888888,1,201.12,17,0,0,Medium Priority
15234,1,0.6282825,High,96.16458333333334,1,197.0,14,0,0,Medium Priority
16089,1,0.62752634,High,205.95763888888888,2,263.49,42,1,0,Medium Priority
17286,0,0.62740844,High,219.95694444444445,2,237.81,46,0,0,Medium Priority
13832,0,0.6272805,High,241.92291666666668,1,557.6899999999999,51,0,0,Medium Priority
17299,0,0.626842,High,258.96527777777777,2,336.62,52,1,0,Medium Priority
15243,0,0.62682116,High,254.80694444444444,1,610.6,39,0,0,Medium Priority
13927,0,0.626663,High,256.8597222222222,1,359.27,20,0,0,Medium Priority
16355,1,0.62663263,High,194.9368055555556,1,416.35,47,0,0,Medium Priority
13595,1,0.62663084,High,336.0097222222222,3,784.48,114,1,0,Medium Priority
13369,1,0.62661415,High,185.05555555555557,1,308.28000000000003,14,0,0,Medium Priority
13710,0,0.62649107,High,243.1027777777778,2,329.04,7,1,0,Medium Priority
17674,0,0.62644005,High,188.10416666666663,1,300.66,11,0,0,Medium Priority
18017,0,0.6261628,High,129.95347222222222,2,330.0,1,1,0,Medium Priority
14365,1,0.62612796,High,214.1236111111111,2,634.68,50,1,0,Medium Priority
17106,1,0.6259394,High,208.94375,1,481.58,51,0,0,Medium Priority
17903,1,0.62548673,High,213.8826388888889,1,381.09,44,0,0,Medium Priority
13624,1,0.62537885,High,207.96319444444444,1,462.08,22,0,0,Medium Priority
14838,1,0.62519556,High,242.87777777777777,2,769.9200000000001,69,1,0,Medium Priority
13893,1,0.6251846,High,117.05555555555556,1,821.1,21,0,0,Medium Priority
13264,1,0.62485814,High,262.0055555555556,1,722.5600000000001,38,0,0,Medium Priority
12505,1,0.6247589,High,228.1472222222222,1,955.2,42,0,0,Medium Priority
15405,1,0.6246843,High,8.920833333333333,2,659.84,29,1,0,Medium Priority
16112,0,0.62444925,High,152.84791666666666,2,136.14,10,1,0,Medium Priority
13961,1,0.6244039,High,211.92361111111111,1,538.4,19,0,0,Medium Priority
13998,1,0.62436885,High,266.1041666666667,3,566.7,30,1,0,Medium Priority
14319,1,0.6241861,High,243.96666666666667,1,494.85,26,0,0,Medium Priority
14563,1,0.6241473,High,329.0340277777778,2,640.54,95,1,0,Medium Priority
13780,0,0.62406576,High,226.70763888888888,1,372.06,35,0,0,Medium Priority
13672,1,0.6238093,High,120.95625,3,419.92,13,1,0,Medium Priority
16963,1,0.623746,High,6.959722222222222,1,110.55,7,0,0,Medium Priority
17132,1,0.6236944,High,271.8465277777778,2,1220.91,62,1,0,Medium Priority
13582,1,0.6236614,High,209.05277777777775,2,241.68,10,1,0,Medium Priority
13296,0,0.62351876,High,243.00625,5,705.11,46,1,0,Medium Priority
14926,1,0.6231698,High,201.23402777777775,2,359.4,2,1,0,Medium Priority
18112,0,0.6230953,High,237.98194444444445,2,420.67,34,1,0,Medium Priority
16246,1,0.6230869,High,279.03194444444443,2,821.35,79,1,0,Medium Priority
15970,1,0.62278336,High,123.02916666666668,2,1017.32,19,1,0,Medium Priority
13360,1,0.6227545,High,251.0090277777778,4,1553.65,58,1,0,Medium Priority
15368,0,0.6226414,High,213.8736111111111,1,275.8,4,0,0,Medium Priority
12537,1,0.62254137,High,228.17638888888888,1,732.94,43,0,0,Medium Priority
13363,0,0.62254137,High,229.0715277777778,1,731.36,42,0,0,Medium Priority
14381,0,0.62227243,High,270.8576388888889,1,423.26,56,0,0,Medium Priority
15053,0,0.62225026,High,101.03055555555557,1,222.65,19,0,0,Medium Priority
16060,1,0.62215716,High,220.02777777777777,3,541.95,22,1,0,Medium Priority
13080,0,0.62129414,High,220.92777777777775,3,222.65,11,1,0,Medium Priority
13387,1,0.62128586,High,236.9465277777778,1,186.94,71,0,0,Medium Priority
16675,1,0.6212239,High,261.02430555555554,2,608.86,21,1,0,Medium Priority
13981,1,0.6209038,High,235.1159722222222,1,331.14,22,0,0,Medium Priority
13919,0,0.6207356,High,244.03958333333333,2,975.87,45,1,0,Medium Priority
15451,1,0.6205094,High,253.96527777777777,2,226.86,56,1,0,Medium Priority
17462,0,0.6203403,High,103.82569444444444,1,463.41,14,0,0,Medium Priority
14761,0,0.6202359,High,154.0326388888889,2,289.52,20,1,0,Medium Priority
14476,1,0.6200921,High,76.88263888888889,1,193.0,17,0,0,Medium Priority
13002,1,0.62002665,High,137.8972222222222,3,414.13,19,1,0,Medium Priority
13584,1,0.6200083,High,126.00069444444443,3,385.7,74,1,0,Medium Priority
14358,1,0.61999655,High,208.8743055555556,2,400.06,21,1,0,Medium Priority
13840,1,0.61993074,High,235.96944444444443,1,651.4,40,0,0,Medium Priority
14122,1,0.6199106,High,225.9020833333333,3,362.42,12,1,0,Medium Priority
15824,1,0.6198425,High,272.9791666666667,2,890.94,24,1,0,Medium Priority
17776,1,0.6197229,High,206.025,2,330.56,74,1,0,Medium Priority
15415,1,0.61971676,High,132.9423611111111,1,559.61,46,0,0,Medium Priority
13859,1,0.6193091,High,145.85833333333332,2,515.86,34,1,0,Medium Priority
14865,0,0.6190727,High,191.76875,3,77.52000000000001,3,1,0,Medium Priority
16382,1,0.6190348,High,227.85208333333333,2,353.1,42,1,0,Medium Priority
12717,0,0.6189062,High,65.09583333333333,2,887.6700000000001,43,1,0,Medium Priority
14526,1,0.61889774,High,208.97083333333333,1,258.65,41,0,0,Medium Priority
16039,1,0.61842775,High,243.0875,2,456.4,27,1,0,Medium Priority
13386,1,0.61809814,High,233.9986111111111,2,835.46,24,1,0,Medium Priority
15936,1,0.6180791,High,198.84097222222223,2,282.79,16,1,0,Medium Priority
16262,1,0.6179024,High,197.9777777777778,1,755.15,46,0,0,Medium Priority
17222,0,0.61788154,High,296.95972222222224,5,1250.86,71,1,0,Medium Priority
12699,1,0.6178764,High,237.0298611111111,1,638.11,41,0,0,Medium Priority
17038,0,0.6178764,High,234.86527777777775,1,630.77,41,0,0,Medium Priority
16849,1,0.6177637,High,6.148611111111111,1,124.57,8,0,0,Medium Priority
14012,1,0.6177383,High,97.01666666666668,1,328.8,11,0,0,Medium Priority
16426,0,0.6177383,High,95.87847222222224,1,328.37,11,0,0,Medium Priority
17122,0,0.6176224,High,207.925,3,432.18,19,1,0,Medium Priority
17967,1,0.61753255,High,191.06319444444443,2,223.42,59,1,0,Medium Priority
16084,1,0.6171769,High,118.86458333333331,1,436.18,38,0,0,Medium Priority
16785,1,0.6170528,High,229.0930555555556,1,533.78,35,0,0,Medium Priority
16216,1,0.6168028,High,86.8861111111111,1,914.93,37,0,0,Medium Priority
15988,0,0.6167917,High,371.00347222222223,2,582.11,93,1,0,Medium Priority
17181,0,0.6167622,High,193.00833333333333,2,225.45,7,1,0,Medium Priority
17094,1,0.61648434,High,141.98680555555555,2,402.2000000000001,18,1,0,Medium Priority
17026,1,0.6164371,High,4.9319444444444445,3,175.82999999999998,4,1,0,Medium Priority
17834,1,0.6160669,High,234.02847222222223,2,689.6700000000001,54,1,0,Medium Priority
13754,0,0.6160359,High,136.9111111111111,2,320.45,16,1,0,Medium Priority
16816,0,0.6160082,High,132.88194444444446,2,325.45,20,1,0,Medium Priority
13045,0,0.6160066,High,221.00069444444443,2,503.64,25,1,0,Medium Priority
17759,0,0.6158676,High,212.90347222222223,2,441.92,41,1,0,Medium Priority
15084,1,0.6158294,High,199.0361111111111,2,965.2,31,1,0,Medium Priority
17946,1,0.61576253,High,52.826388888888886,2,149.57999999999998,18,1,0,Medium Priority
13918,0,0.61560637,High,72.78125,1,198.2,8,0,0,Medium Priority
17156,1,0.61545694,High,311.05555555555554,1,591.87,39,0,0,Medium Priority
14909,1,0.6154291,High,256.82916666666665,3,1404.68,61,1,0,Medium Priority
17785,0,0.6153146,High,264.94166666666666,2,271.44,38,1,0,Medium Priority
14670,1,0.6153036,High,99.94236111111113,3,583.33,159,1,0,Medium Priority
14216,0,0.61518675,High,233.9048611111111,1,310.74,18,0,0,Medium Priority
12890,0,0.6149154,High,206.94722222222225,1,329.3,56,0,0,Medium Priority
16430,0,0.6148195,High,200.91458333333333,6,817.09,17,1,0,Medium Priority
15921,0,0.6143338,High,216.1013888888889,3,452.23,52,1,0,Medium Priority
13617,0,0.61414295,High,227.95138888888889,5,734.57,31,1,0,Medium Priority
12958,1,0.614035,High,219.85694444444445,2,467.34,45,1,0,Medium Priority
15011,1,0.61387664,High,215.06944444444449,2,416.6,17,1,0,Medium Priority
17513,0,0.61372614,High,228.0673611111111,2,645.6,12,1,0,Medium Priority
12580,1,0.6136687,High,66.10138888888889,2,1052.9,52,1,0,Medium Priority
14425,1,0.61366284,High,254.1013888888889,3,661.39,35,1,0,Medium Priority
16421,1,0.6136206,High,195.97152777777777,3,526.27,35,1,0,Medium Priority
16572,0,0.61358035,High,95.03194444444443,1,342.58,21,0,0,Medium Priority
15268,1,0.6133424,High,298.09513888888887,3,961.9,21,1,0,Medium Priority
17964,0,0.61330867,High,191.97083333333333,1,261.76,35,0,0,Medium Priority
13820,1,0.61324203,High,237.9611111111111,3,652.75,68,1,0,Medium Priority
13133,1,0.61307997,High,93.09652777777778,3,200.45,12,1,0,Medium Priority
15962,1,0.6129962,High,268.95972222222224,1,289.48,43,0,0,Medium Priority
17105,0,0.6127876,High,125.91944444444444,1,319.4,38,0,0,Medium Priority
15121,0,0.6125086,High,108.00625,1,295.15,18,0,0,Medium Priority
15608,0,0.6123559,High,235.11111111111111,1,692.3,45,0,0,Medium Priority
14663,1,0.6120441,High,249.97847222222225,2,490.6,60,0,0,Medium Priority
15828,1,0.6120331,High,194.8395833333333,1,1108.82,74,0,0,Medium Priority
17551,1,0.6120232,High,178.94305555555556,1,290.34,39,0,0,Medium Priority
14230,1,0.61197233,High,255.1548611111111,3,979.8,27,1,0,Medium Priority
17420,0,0.61191845,High,193.1208333333333,4,485.6,24,1,0,Medium Priority
14636,0,0.6116946,High,88.12361111111112,1,300.19,16,0,0,Medium Priority
14280,1,0.6116312,High,16.09236111111111,1,134.04,8,0,0,Medium Priority
12419,1,0.6112491,High,205.11527777777775,2,503.01,23,1,0,Medium Priority
16590,1,0.61113465,High,220.1555555555556,2,605.9,26,1,0,Medium Priority
16842,0,0.61072665,High,121.91597222222222,1,520.5699999999999,30,0,0,Medium Priority
15047,1,0.61062086,High,89.08402777777778,1,343.62,22,0,0,Medium Priority
17060,1,0.6105738,High,85.97430555555556,1,234.24,5,0,0,Medium Priority
12355,1,0.6102678,High,33.95902777777778,2,947.61,35,1,0,Medium Priority
15774,0,0.6102549,High,237.99375,5,1017.54,69,1,0,Medium Priority
15377,1,0.6098099,High,202.16319444444449,4,1211.75,15,1,0,Medium Priority
15013,1,0.6098017,High,307.03125,10,1610.82,177,1,0,Medium Priority
15469,0,0.6093618,High,258.1118055555556,1,335.7,19,0,0,Medium Priority
13897,0,0.6091667,High,257.9680555555556,2,849.56,42,1,0,Medium Priority
15362,1,0.6087768,High,268.0923611111112,2,613.08,38,1,0,Medium Priority
16199,1,0.60870266,High,211.99652777777777,7,942.75,2,1,0,Medium Priority
13877,0,0.60858023,High,289.81319444444443,2,332.44,20,1,0,Medium Priority
13149,0,0.6084789,High,108.95347222222222,1,376.74,18,0,0,Medium Priority
16465,1,0.60841906,High,240.14097222222225,2,746.24,45,1,0,Medium Priority
17000,1,0.6081706,High,215.96875,2,406.3,26,1,0,Medium Priority
16211,0,0.608029,High,240.97916666666663,2,543.5699999999999,12,1,0,Medium Priority
13333,1,0.6071393,High,230.9763888888889,3,1015.74,54,1,0,Medium Priority
17815,1,0.60699403,High,212.92430555555555,1,591.96,13,0,0,Medium Priority
15105,0,0.6069884,High,249.9430555555556,2,795.98,50,1,0,Medium Priority
12696,1,0.60645896,High,254.08819444444444,2,851.91,43,1,0,Medium Priority
16462,0,0.6059978,High,5.071527777777778,2,68.0,1,1,0,Medium Priority
16763,1,0.60599685,High,18.040277777777774,2,964.7,44,1,0,Medium Priority
17783,0,0.6059582,High,67.11319444444445,2,205.9,54,1,0,Medium Priority
15350,1,0.60559994,High,192.9701388888889,2,547.6,26,1,0,Medium Priority
18133,1,0.605531,High,31.941666666666663,1,931.5,1,0,0,Medium Priority
14492,1,0.60496545,High,249.97847222222225,7,1921.91,70,1,0,Medium Priority
16864,1,0.6049069,High,253.85694444444445,2,409.25,17,1,0,Medium Priority
13899,0,0.60486513,High,94.13888888888889,1,298.5,15,0,0,Medium Priority
15677,0,0.6045552,High,240.89652777777775,2,648.4,32,1,0,Medium Priority
14296,1,0.6045529,High,240.94166666666663,2,456.4,27,1,0,Medium Priority
13909,1,0.60440826,High,242.8111111111111,2,282.85,35,1,0,Medium Priority
15876,1,0.604353,High,228.74444444444444,2,1449.14,11,1,0,Medium Priority
16475,0,0.6042715,High,93.13263888888888,1,310.0,20,0,0,Medium Priority
13541,1,0.6042155,High,246.8423611111111,2,785.25,10,1,0,Medium Priority
14412,0,0.6037756,High,244.01180555555555,1,656.16,41,0,0,Medium Priority
16991,1,0.603382,High,240.94583333333333,1,1041.21,74,0,0,Medium Priority
15364,0,0.60309154,High,73.96597222222222,1,331.80000000000007,3,0,0,Medium Priority
15207,1,0.6029286,High,235.97291666666663,3,683.9200000000001,19,1,0,Medium Priority
13187,1,0.6027276,High,156.7451388888889,4,341.36,51,1,0,Medium Priority
15135,1,0.602587,High,58.73194444444445,2,305.68,17,1,0,Medium Priority
15074,0,0.6023647,High,248.87569444444443,2,817.46,31,1,0,Medium Priority
18050,1,0.60227734,High,178.93402777777777,2,412.06,22,1,0,Medium Priority
13042,1,0.6019362,High,417.96319444444447,3,1488.59,164,1,0,Medium Priority
16958,1,0.6019182,High,254.93402777777777,1,778.49,69,0,0,Medium Priority
15972,1,0.60174525,High,275.9791666666667,5,1769.33,104,1,0,Medium Priority
16495,0,0.60159343,High,95.84097222222222,2,246.51,32,0,0,Medium Priority
15705,1,0.60139906,High,20.884027777777774,1,143.1,6,0,0,Medium Priority
15385,0,0.6011949,High,212.01527777777775,2,625.2,8,1,0,Medium Priority
14986,1,0.60115606,High,195.89236111111111,2,563.1,87,1,0,Medium Priority
14885,0,0.6011491,High,247.02916666666667,2,832.8,16,1,0,Medium Priority
12651,1,0.6010062,High,154.00277777777777,4,377.75,30,1,0,Medium Priority
14053,0,0.6009998,High,216.91666666666663,2,312.05,3,1,0,Medium Priority
13103,0,0.6009973,High,257.04305555555555,2,465.7000000000001,21,1,0,Medium Priority
17300,1,0.6009161,High,210.07916666666668,2,393.64,37,1,0,Medium Priority
12751,1,0.6008008,High,264.00069444444443,1,268.27,61,0,0,Medium Priority
12734,1,0.60073614,High,172.00208333333333,3,639.65,17,1,0,Medium Priority
17433,0,0.6007107,High,204.9673611111111,1,266.8,39,0,0,Medium Priority
15630,0,0.6005464,High,24.106944444444444,2,691.91,41,1,0,Medium Priority
17547,1,0.60046166,High,195.13125,2,727.85,22,1,0,Medium Priority
16975,1,0.6003699,High,242.78958333333333,3,926.12,44,1,0,Medium Priority
13545,1,0.6003066,High,210.0576388888889,2,364.93,54,1,0,Medium Priority
12911,1,0.59937555,High,371.02569444444447,1,1651.72,220,0,0,Medium Priority
17478,1,0.5991553,High,227.90902777777777,2,1272.8,40,1,0,Medium Priority
16183,0,0.5988817,High,214.0680555555556,3,739.1,17,1,0,Medium Priority
12379,0,0.59879965,High,241.91944444444445,2,767.98,37,1,0,Medium Priority
12376,1,0.59863365,High,209.02430555555557,2,503.15,11,1,0,Medium Priority
16264,1,0.59808385,High,257.90972222222223,2,823.53,62,1,0,Medium Priority
16111,1,0.5977364,High,247.70763888888888,1,549.33,72,0,0,Medium Priority
17473,1,0.5976837,High,228.04513888888889,2,607.0,33,1,0,Medium Priority
16473,0,0.59760666,High,106.9576388888889,3,372.53,21,1,0,Medium Priority
13751,1,0.59709567,High,107.87083333333334,1,296.25,9,0,0,Medium Priority
13574,1,0.5966943,High,230.9736111111111,1,404.45,84,0,0,Medium Priority
14705,1,0.596681,High,18.007638888888888,1,179.0,1,0,0,Medium Priority
17497,1,0.596279,High,209.93958333333333,2,287.25,7,1,0,Medium Priority
13783,1,0.5959485,High,307.14375,4,1542.09,4,1,0,Medium Priority
17200,1,0.5948912,High,206.99027777777775,4,356.71,25,1,0,Medium Priority
15736,1,0.5948362,High,254.9375,2,1767.12,95,0,0,Medium Priority
12385,1,0.59474605,High,198.9,1,1938.4,65,0,0,Medium Priority
16472,1,0.59448546,High,253.95416666666668,2,789.6,39,1,0,Medium Priority
12445,0,0.5944588,High,240.01527777777775,1,301.58000000000004,20,0,0,Medium Priority
13019,1,0.594075,High,198.9125,6,1229.95,46,1,0,Medium Priority
14784,0,0.59403163,High,143.14236111111111,2,274.62,14,1,0,Medium Priority
12450,0,0.5937093,High,218.8493055555556,3,490.32,25,1,0,Medium Priority
17619,1,0.59362435,High,131.9388888888889,1,214.37,71,0,0,Medium Priority
14181,1,0.5935855,High,230.1826388888889,2,308.35,48,1,0,Medium Priority
15141,1,0.59352005,High,277.05347222222224,7,1388.47,44,1,0,Medium Priority
17726,1,0.59335434,High,214.9673611111111,7,1092.06,52,1,0,Medium Priority
12994,0,0.5932699,High,88.17986111111111,1,352.6,22,0,0,Medium Priority
15213,1,0.59323084,High,138.02013888888888,2,328.35,22,1,0,Medium Priority
13396,0,0.59315515,High,138.9673611111111,1,387.27,15,0,0,Medium Priority
13161,1,0.5931512,High,132.94930555555555,2,472.13,30,1,0,Medium Priority
15236,1,0.59314257,High,118.08194444444445,1,321.05,15,0,0,Medium Priority
12425,0,0.59302616,High,267.94444444444446,1,964.21,55,0,0,Medium Priority
12847,0,0.5924349,High,207.00416666666663,1,765.36,34,0,0,Medium Priority
14082,1,0.5922706,High,184.075,2,413.36,48,1,0,Medium Priority
14455,1,0.5920086,High,251.8763888888889,4,617.72,65,1,0,Medium Priority
16860,1,0.59196705,High,272.1145833333333,3,1610.62,35,1,0,Medium Priority
17367,1,0.5918331,High,57.93680555555556,1,167.55,33,0,0,Medium Priority
17430,0,0.5916981,High,184.98958333333331,3,469.41,24,1,0,Medium Priority
15361,1,0.59160453,High,181.1236111111111,4,689.07,10,1,0,Medium Priority
18002,1,0.591374,High,195.07847222222225,4,244.37,52,1,0,Medium Priority
15003,1,0.5912641,High,292.87916666666666,6,1027.03,253,1,0,Medium Priority
17264,1,0.5910431,High,243.9986111111111,1,268.28,70,0,0,Medium Priority
15584,0,0.59084076,High,219.05277777777775,2,547.34,93,1,0,Medium Priority
14453,1,0.5907188,High,9.94097222222222,1,119.93,22,0,0,Medium Priority
13524,0,0.59068274,High,39.016666666666666,1,159.20000000000002,9,0,0,Medium Priority
17004,0,0.5905652,High,211.98125,2,1012.22,21,1,0,Medium Priority
17281,1,0.59046453,High,193.78125,6,797.8499999999999,2,1,0,Medium Priority
15710,1,0.5903973,High,236.82291666666663,1,898.87,110,0,0,Medium Priority
17486,1,0.5901622,High,80.95138888888889,1,396.87,24,0,0,Medium Priority
17680,0,0.5900908,High,202.97152777777777,2,313.05,9,1,0,Medium Priority
17196,1,0.5899532,High,247.0548611111111,1,327.75,84,0,0,Medium Priority
15968,1,0.58978087,High,207.99027777777775,1,404.55,70,0,0,Medium Priority
17643,1,0.589721,High,192.925,2,439.7,30,1,0,Medium Priority
17455,1,0.5884644,High,23.013194444444444,1,131.7,8,0,0,Medium Priority
17021,1,0.58837366,High,261.7006944444444,6,1182.22,35,1,0,Medium Priority
15076,0,0.58816576,High,311.9673611111112,2,566.89,30,1,0,Medium Priority
16281,0,0.5879237,High,243.15902777777777,2,1361.96,19,1,0,Medium Priority
13238,0,0.58773357,High,179.92569444444445,3,397.05,13,1,0,Medium Priority
16427,1,0.5877312,High,82.81944444444444,2,241.06,8,1,0,Medium Priority
13514,0,0.5876093,High,248.02777777777777,3,663.7,13,1,0,Medium Priority
14275,1,0.5870456,High,215.1555555555556,6,1189.38,14,1,0,Medium Priority
16483,1,0.5867989,High,11.9875,1,139.35,19,0,0,Medium Priority
12541,0,0.5867715,High,100.1375,1,312.4,17,0,0,Medium Priority
15501,1,0.58667403,High,224.06597222222223,2,399.95,64,1,0,Medium Priority
17353,0,0.5865117,High,311.1638888888889,2,1502.0,6,1,0,Medium Priority
17688,1,0.58645236,High,213.0895833333333,1,304.2,19,0,0,Medium Priority
13607,0,0.5863362,High,222.04305555555555,1,400.3,24,0,0,Medium Priority
16568,1,0.5863248,High,247.08055555555555,2,1020.9,5,1,0,Medium Priority
14615,1,0.58619887,High,213.9680555555556,5,951.76,40,1,0,Medium Priority
16448,1,0.58618104,High,17.84861111111111,2,361.12,45,1,0,Medium Priority
16894,1,0.5861688,High,321.8798611111111,3,1306.96,186,1,0,Medium Priority
13770,1,0.5860927,High,241.90277777777777,4,785.37,48,1,0,Medium Priority
14302,1,0.58587295,High,250.19444444444449,3,742.9000000000001,25,1,0,Medium Priority
15418,1,0.58585674,High,244.96666666666667,2,449.42,64,1,0,Medium Priority
17263,1,0.58567387,High,27.929166666666667,1,63.440000000000005,23,0,0,Medium Priority
17689,1,0.58548605,High,207.9777777777778,2,317.08,17,1,0,Medium Priority
15341,0,0.5848322,High,268.83958333333334,1,382.2,7,0,0,Medium Priority
16297,1,0.58472526,High,88.18125,1,301.9,20,0,0,Medium Priority
17201,0,0.58450454,High,343.0486111111111,3,853.3199999999999,119,1,0,Medium Priority
16815,1,0.5841243,High,273.0770833333333,2,406.02,66,1,0,Medium Priority
12386,1,0.58401304,High,157.0090277777778,2,401.9,10,1,0,Medium Priority
15637,0,0.5837153,High,233.18472222222223,4,574.23,23,1,0,Medium Priority
12665,1,0.58333504,High,144.17777777777778,3,313.6,13,1,0,Medium Priority
13920,1,0.5825928,High,251.0090277777778,4,1774.68,81,1,0,Medium Priority
15420,1,0.5824754,High,253.87777777777777,6,743.0,52,1,0,Medium Priority
14747,1,0.5824369,High,68.94513888888889,1,328.2,18,0,0,Medium Priority
18262,0,0.582355,High,212.97222222222223,2,428.06,27,1,0,Medium Priority
12421,0,0.5821679,High,138.90347222222223,3,449.01,27,1,0,Medium Priority
14008,1,0.58205783,High,251.98680555555555,1,509.04,32,0,0,Medium Priority
13065,1,0.5820073,High,192.83194444444445,5,1055.05,49,1,0,Medium Priority
18034,0,0.581963,High,195.00972222222225,1,335.52,97,0,0,Medium Priority
14942,1,0.58178616,High,221.08263888888888,4,746.56,12,1,0,Medium Priority
13216,1,0.581653,High,87.02222222222223,1,333.74,5,0,0,Medium Priority
15163,0,0.58151585,High,11.894444444444444,1,155.0,10,0,0,Medium Priority
17678,1,0.5814235,High,83.04027777777777,2,599.76,27,1,0,Medium Priority
15080,1,0.58134717,High,247.0402777777778,2,546.25,31,1,0,Medium Priority
16120,0,0.5811058,High,241.89444444444445,2,1658.37,60,0,0,Medium Priority
16897,1,0.58101046,High,118.90833333333332,2,289.78,37,1,0,Medium Priority
17763,1,0.5809995,High,82.93402777777777,4,86.15,11,1,0,Medium Priority
15920,0,0.58060133,High,243.95347222222225,5,401.64,42,1,0,Medium Priority
14219,0,0.5804606,High,229.09444444444443,2,543.89,32,1,0,Medium Priority
16972,1,0.5804529,High,202.0770833333333,2,749.0,54,1,0,Medium Priority
17782,1,0.58013344,High,202.06597222222223,2,679.02,29,0,0,Medium Priority
15888,0,0.5800911,High,220.11875,2,260.85,24,1,0,Medium Priority
15543,1,0.58005416,High,107.89166666666668,2,242.26,50,1,0,Medium Priority
12418,0,0.5798376,High,233.09791666666663,3,1352.62,61,1,0,Medium Priority
13529,0,0.5792181,High,24.041666666666668,1,181.1,7,0,0,Medium Priority
13797,1,0.5791851,High,256.09444444444443,3,1179.45,71,1,0,Medium Priority
15087,1,0.5791117,High,101.09444444444443,1,306.94,15,0,0,Medium Priority
12956,1,0.5781522,High,125.8625,4,521.89,42,1,0,Medium Priority
13738,1,0.57810026,High,215.89375,1,434.78,88,0,0,Medium Priority
13169,0,0.57804567,High,71.93472222222222,2,632.4000000000001,11,1,0,Medium Priority
13675,0,0.57775533,High,104.025,1,308.44,15,0,0,Medium Priority
18011,1,0.5775722,High,192.80208333333331,2,410.79,63,1,0,Medium Priority
16494,1,0.57755935,High,116.00069444444443,1,826.53,47,0,0,Medium Priority
18215,0,0.57737565,High,256.85555555555555,4,1933.15,49,1,0,Medium Priority
13934,1,0.57724774,High,83.17430555555555,1,922.1,31,0,0,Medium Priority
14238,1,0.5770392,High,145.92361111111111,3,434.23,13,1,0,Medium Priority
16017,0,0.57686514,High,236.99444444444444,4,1333.7,81,1,0,Medium Priority
14142,1,0.5767755,High,192.8451388888889,2,671.34,42,1,0,Medium Priority
16868,1,0.57676584,High,213.98125,3,384.56,47,1,0,Medium Priority
12691,0,0.57668185,High,137.86875,4,540.8,17,1,0,Medium Priority
16321,0,0.5766675,High,124.90277777777776,5,454.55,14,1,0,Medium Priority
14080,0,0.57655495,High,232.94861111111112,4,1070.08,70,1,0,Medium Priority
16574,0,0.57633877,High,243.14236111111111,2,850.34,58,1,0,Medium Priority
15303,1,0.57627505,High,109.95208333333332,3,1224.18,63,1,0,Medium Priority
15915,1,0.5760747,High,221.0673611111111,1,364.45,105,0,0,Medium Priority
15792,1,0.5758929,High,219.1868055555556,2,933.84,57,1,0,Medium Priority
17801,1,0.57584846,High,270.9291666666667,3,770.03,66,1,0,Medium Priority
16461,0,0.5757076,High,410.0388888888889,2,1402.91,196,1,0,Medium Priority
17518,1,0.57565373,High,245.00694444444449,2,329.42,71,1,0,Medium Priority
15160,1,0.57551223,High,176.94097222222223,4,589.27,17,1,0,Medium Priority
15262,1,0.5754266,High,143.0236111111111,3,418.82,22,1,0,Medium Priority
18120,1,0.57501525,High,33.96180555555556,1,111.15,17,0,0,Medium Priority
14202,1,0.57499164,High,200.8173611111111,3,847.76,27,1,0,Medium Priority
15935,1,0.57493234,High,58.97430555555555,2,416.86,12,1,0,Medium Priority
18066,0,0.57485193,High,206.1125,2,1122.4,35,1,0,Medium Priority
13406,1,0.57449627,High,246.9208333333333,2,568.92,7,1,0,Medium Priority
18244,1,0.57444584,High,250.06597222222223,2,568.64,19,1,0,Medium Priority
15806,0,0.5744438,High,96.14305555555556,1,300.36,16,0,0,Medium Priority
15446,1,0.5744104,High,196.03541666666663,3,399.75,90,1,0,Medium Priority
18018,0,0.5743321,High,18.977777777777774,3,213.3,16,1,0,Medium Priority
17715,1,0.5740659,High,20.0125,2,489.6,1,1,0,Medium Priority
13921,1,0.574059,High,221.84583333333333,4,730.7,36,1,0,Medium Priority
17366,1,0.5737472,High,251.86527777777775,2,1077.24,120,1,0,Medium Priority
15525,0,0.573623,High,192.98125,2,430.78,66,1,0,Medium Priority
15363,1,0.57360196,High,192.01527777777775,2,678.11,32,1,0,Medium Priority
17893,1,0.57341874,High,44.958333333333336,1,107.21,15,0,0,Medium Priority
15107,1,0.5728193,High,130.91944444444445,9,824.35,32,1,0,Medium Priority
14087,0,0.5726275,High,224.0611111111111,2,638.0,126,1,0,Medium Priority
16330,0,0.5722979,High,243.91041666666663,4,373.47,71,1,0,Medium Priority
16500,0,0.5722317,High,150.0986111111111,4,608.05,20,1,0,Medium Priority
17962,0,0.5721524,High,368.8513888888889,3,564.55,126,1,0,Medium Priority
16951,0,0.5716168,High,123.91111111111113,1,1053.79,70,0,0,Medium Priority
18210,0,0.57161117,High,86.82777777777778,2,289.85,14,1,0,Medium Priority
13613,1,0.571566,High,272.0340277777778,5,1039.85,50,1,0,Medium Priority
16485,0,0.57141495,High,251.88888888888889,4,1923.54,93,1,0,Medium Priority
16385,0,0.5712545,High,185.9958333333333,3,473.69,64,1,0,Medium Priority
18270,0,0.5712377,High,86.00625,2,273.35,11,1,0,Medium Priority
15528,1,0.5710692,High,73.85833333333333,1,229.33,26,0,0,Medium Priority
15019,1,0.57053953,High,86.01041666666667,1,252.81,64,0,0,Medium Priority
15600,1,0.57052696,High,247.93055555555557,4,1199.31,55,1,0,Medium Priority
12923,0,0.5705213,High,209.98194444444445,2,597.6,28,1,0,Medium Priority
13836,1,0.5705054,High,218.97152777777777,2,620.37,29,1,0,Medium Priority
18074,1,0.57050234,High,193.12291666666667,2,1019.44,37,1,0,Medium Priority
12818,1,0.57038903,High,81.03055555555555,1,1542.08,14,0,0,Medium Priority
17878,0,0.57037836,High,214.95694444444445,2,999.48,56,0,0,Medium Priority
14922,1,0.5700645,High,213.06666666666663,2,843.74,49,1,0,Medium Priority
14847,0,0.56994593,High,227.12847222222223,2,1039.55,47,1,0,Medium Priority
16757,1,0.56968164,High,138.03541666666666,2,270.48,13,1,0,Medium Priority
15807,0,0.56960833,High,227.99027777777775,2,913.62,40,1,0,Medium Priority
12559,1,0.56945324,High,130.12569444444443,2,561.71,21,1,0,Medium Priority
17830,0,0.56932557,High,81.04583333333333,2,287.65000000000003,15,1,0,Medium Priority
12797,1,0.56922835,High,185.07986111111111,2,552.08,27,1,0,Medium Priority
13744,0,0.568966,High,111.94583333333334,1,817.3199999999999,44,0,0,Medium Priority
16587,1,0.56869125,High,51.87430555555556,1,225.15,13,0,0,Medium Priority
16565,1,0.5686764,High,183.89513888888888,4,773.05,7,1,0,Medium Priority
14679,1,0.56867516,High,201.04097222222225,3,1289.44,49,1,0,Medium Priority
15346,1,0.5685109,High,152.0638888888889,3,596.12,36,1,0,Medium Priority
12648,0,0.56839013,High,257.09375,3,793.95,32,1,0,Medium Priority
15713,0,0.5680476,High,185.8986111111111,3,654.09,39,1,0,Medium Priority
14624,0,0.56802607,High,234.8986111111111,4,588.22,30,1,0,Medium Priority
14149,1,0.56797045,High,40.12916666666667,1,446.62,28,0,0,Medium Priority
15542,1,0.5679052,High,331.97083333333336,3,855.71,212,1,0,Medium Priority
15124,0,0.5676432,High,11.155555555555557,3,357.38,25,1,0,Medium Priority
17697,1,0.5676402,High,55.88194444444444,1,338.95,19,0,0,Medium Priority
13308,0,0.5675515,High,22.98402777777778,2,1099.81,42,1,0,Medium Priority
12844,0,0.5674254,High,261.8520833333333,2,322.64,43,1,0,Medium Priority
18247,1,0.56739074,High,234.12569444444443,3,839.73,28,1,0,Medium Priority
12862,1,0.5670448,High,245.04375,2,984.62,119,1,0,Medium Priority
16167,1,0.56678545,High,233.88680555555555,5,1386.12,51,1,0,Medium Priority
17525,1,0.56675965,High,179.03125,3,1161.9,19,1,0,Medium Priority
18108,1,0.5660546,High,73.95416666666667,3,848.8100000000001,43,1,0,Medium Priority
13108,1,0.5660532,High,192.09375,2,748.46,27,1,0,Medium Priority
13008,1,0.5660346,High,142.93472222222223,3,612.13,31,1,0,Medium Priority
14962,1,0.5660013,High,90.13055555555556,4,366.91,14,1,0,Medium Priority
13277,0,0.5659676,High,199.88611111111112,3,264.9,7,1,0,Medium Priority
13043,1,0.56588036,High,92.91527777777776,1,516.42,13,0,0,Medium Priority
15995,1,0.56582946,High,233.95347222222225,1,694.54,108,0,0,Medium Priority
17163,0,0.5656081,High,265.1125,2,406.68,24,1,0,Medium Priority
14414,0,0.5653456,High,178.06875,2,1119.55,28,1,0,Medium Priority
17701,1,0.5651862,High,72.01736111111111,1,417.95,24,0,0,Medium Priority
14398,1,0.56484187,High,220.9611111111111,2,707.79,50,1,0,Medium Priority
17635,1,0.5648314,High,243.9013888888889,3,1265.58,60,1,0,Medium Priority
17490,0,0.5646152,High,207.75208333333333,2,658.18,37,1,0,Medium Priority
18047,1,0.5645653,High,200.98541666666668,2,326.09,74,0,0,Medium Priority
17418,0,0.5643522,High,143.04930555555555,2,373.99,24,1,0,Medium Priority
15992,0,0.56432706,High,215.91597222222225,2,854.61,51,1,0,Medium Priority
17269,1,0.56426686,High,205.0680555555556,1,491.81,110,0,0,Medium Priority
18040,0,0.564101,High,65.18263888888889,1,239.0,12,0,0,Medium Priority
15870,0,0.56409186,High,216.07847222222225,3,506.02,61,1,0,Medium Priority
14839,1,0.5640347,High,237.9923611111111,3,915.28,61,1,0,Medium Priority
13513,0,0.5639031,High,260.85069444444446,2,619.49,24,1,0,Medium Priority
17537,0,0.563825,High,122.96736111111112,1,620.75,60,0,0,Medium Priority
14550,0,0.563737,High,207.94791666666663,2,587.69,46,1,0,Medium Priority
12504,0,0.56324685,High,236.90347222222223,2,297.0,8,1,0,Medium Priority
13972,0,0.5632401,High,21.052777777777777,1,145.9,9,0,0,Medium Priority
17749,0,0.5632068,High,75.96597222222222,2,720.67,41,1,0,Medium Priority
15198,0,0.56300324,High,228.09583333333333,3,377.71,20,1,0,Medium Priority
12880,1,0.56281364,High,201.08333333333331,2,640.13,32,1,0,Medium Priority
13207,0,0.562712,High,270.87916666666666,2,285.6,4,1,0,Medium Priority
17691,1,0.562342,High,177.8125,4,637.5500000000001,37,1,0,Medium Priority
13708,1,0.5621508,High,90.96111111111112,1,285.33,49,0,0,Medium Priority
14036,1,0.5621091,High,104.14166666666668,1,626.65,38,0,0,Medium Priority
13337,1,0.5621007,High,365.97430555555553,1,1575.26,87,0,0,Medium Priority
16259,1,0.56178766,High,229.9326388888889,3,340.94,75,1,0,Medium Priority
15119,1,0.561638,High,65.15416666666667,1,266.4,14,0,0,Medium Priority
13781,1,0.5615319,High,70.02916666666667,3,778.83,56,1,0,Medium Priority
16080,0,0.56152165,High,93.92083333333332,3,515.66,24,1,0,Medium Priority
14568,1,0.5613889,High,254.81597222222223,1,919.7,47,0,0,Medium Priority
18193,0,0.5613815,High,200.01736111111111,2,963.59,50,1,0,Medium Priority
17623,0,0.56110024,High,228.9430555555556,6,1838.72,108,1,0,Medium Priority
17440,0,0.5607644,High,67.02916666666667,3,261.78,4,1,0,Medium Priority
15457,1,0.56052864,High,81.88819444444445,1,237.07,56,0,0,Medium Priority
14348,1,0.5602446,High,79.85208333333334,1,409.57,18,0,0,Medium Priority
15266,1,0.5600628,High,157.96527777777777,5,852.21,38,1,0,Medium Priority
15803,0,0.55998284,High,264.9875,3,1513.84,42,1,0,Medium Priority
13565,0,0.55984426,High,153.93194444444444,2,284.76,28,1,0,Medium Priority
14463,0,0.5597716,High,24.92222222222222,2,372.87,4,1,0,Medium Priority
13996,1,0.55962354,High,205.8493055555556,2,895.76,29,1,0,Medium Priority
12707,1,0.5596142,High,111.175,1,603.42,33,0,0,Medium Priority
15212,1,0.55952483,High,60.96180555555556,2,208.28,7,1,0,Medium Priority
13300,0,0.559517,High,207.81944444444449,2,913.62,29,1,0,Medium Priority
13945,1,0.55949205,High,214.11805555555557,2,854.15,49,1,0,Medium Priority
17172,0,0.55945903,High,250.03333333333333,2,638.81,24,1,0,Medium Priority
15428,0,0.55917156,High,206.9611111111111,3,668.97,35,1,0,Medium Priority
13293,1,0.55907935,High,211.9736111111111,6,1192.94,51,1,0,Medium Priority
16935,1,0.5590638,High,201.1486111111111,3,530.86,55,1,0,Medium Priority
17276,1,0.5590202,High,221.85416666666663,1,502.49,50,0,0,Medium Priority
16888,1,0.55886775,High,220.0076388888889,3,434.2,44,1,0,Medium Priority
17823,1,0.55853283,High,240.8513888888889,2,449.25,88,0,0,Medium Priority
15224,1,0.5585151,High,177.90833333333333,5,871.36,24,1,0,Medium Priority
14932,1,0.5582875,High,185.04305555555555,2,666.13,29,1,0,Medium Priority
14689,1,0.55822986,High,28.06111111111111,1,112.8,13,0,0,Medium Priority
15587,0,0.55818325,High,171.11875,4,953.28,3,1,0,Medium Priority
13807,1,0.5581324,High,186.8763888888889,3,422.2,24,1,0,Medium Priority
16921,0,0.5580833,High,261.9458333333333,2,255.03,28,1,0,Medium Priority
17670,1,0.5579819,High,47.15138888888889,1,205.7,11,0,0,Medium Priority
17023,1,0.55771554,High,236.8840277777778,3,800.18,48,1,0,Medium Priority
16658,1,0.5576756,High,187.96041666666667,6,690.83,49,1,0,Medium Priority
12831,1,0.5575536,High,81.99166666666666,3,451.11,16,1,0,Medium Priority
15181,0,0.55743736,High,89.03263888888888,3,810.72,6,1,0,Medium Priority
13602,0,0.55735755,High,201.025,3,596.28,29,1,0,Medium Priority
14332,0,0.5571682,High,200.89305555555555,2,1077.2,31,1,0,Medium Priority
13605,1,0.55696785,High,206.81527777777777,2,522.67,50,1,0,Medium Priority
14647,1,0.5569149,High,20.96527777777778,2,506.04,42,1,0,Medium Priority
13226,1,0.5568269,High,92.92708333333331,2,312.46,28,1,0,Medium Priority
14595,0,0.55623907,High,132.96805555555557,3,587.6500000000001,30,1,0,Medium Priority
16402,1,0.5561981,High,84.01736111111111,2,293.45,55,1,0,Medium Priority
17310,1,0.5561766,High,206.86805555555557,2,1025.1,1,1,0,Medium Priority
17006,0,0.5559762,High,211.96319444444444,4,853.49,77,1,0,Medium Priority
13345,1,0.5558178,High,107.15902777777778,1,389.5,20,0,0,Medium Priority
15292,1,0.555472,High,20.90972222222222,1,178.39,24,0,0,Medium Priority
17642,0,0.5553042,High,248.97916666666663,3,1112.2,58,1,0,Medium Priority
15138,1,0.5547913,High,213.1486111111111,1,502.52,31,0,0,Medium Priority
17098,1,0.554767,High,201.02569444444444,3,591.0699999999999,10,1,0,Medium Priority
16063,1,0.554547,High,79.9125,1,335.32,23,0,0,Medium Priority
13713,1,0.5545006,High,227.85555555555555,3,740.76,70,1,0,Medium Priority
14964,1,0.5544214,High,66.94236111111111,1,206.21,13,0,0,Medium Priority
16926,1,0.55419075,High,190.9638888888889,5,1169.61,63,1,0,Medium Priority
15958,0,0.55392414,High,223.01944444444445,3,357.77,45,1,0,Medium Priority
16307,1,0.55389506,High,248.9298611111111,3,1194.92,69,1,0,Medium Priority
14287,0,0.5538114,High,18.04583333333333,2,83.28,4,0,0,Medium Priority
13581,1,0.5537034,High,128.92291666666668,2,280.53000000000003,32,1,0,Medium Priority
14675,0,0.5537001,High,208.01944444444445,1,419.22,114,0,0,Medium Priority
16519,0,0.55346,High,184.94583333333333,3,327.68,25,1,0,Medium Priority
15109,1,0.5533797,High,65.11944444444444,3,983.1,46,1,0,Medium Priority
16877,0,0.55319697,High,27.85902777777778,1,77.75,25,0,0,Medium Priority
12629,1,0.5531725,High,205.1472222222222,2,1558.22,40,1,0,Medium Priority
16646,1,0.5529643,High,268.9736111111111,1,678.8,29,0,0,Medium Priority
15440,0,0.5529086,High,28.05555555555556,1,125.8,20,0,0,Medium Priority
12972,1,0.5528379,High,233.17291666666668,4,1161.2,69,1,0,Medium Priority
15675,0,0.55256444,High,99.93680555555557,2,263.35,16,1,0,Medium Priority
16679,1,0.55239874,High,185.95763888888888,3,663.31,15,1,0,Medium Priority
14301,0,0.552368,High,235.9451388888889,3,1352.04,29,1,0,Medium Priority
14779,1,0.5523069,High,100.00555555555556,3,386.15,40,1,0,Medium Priority
12845,1,0.5522304,High,86.96944444444445,4,354.09,26,1,0,Medium Priority
16155,1,0.55187273,High,201.0326388888889,5,796.9,45,1,0,Medium Priority
14981,1,0.55137384,High,65.96180555555556,2,372.92,20,1,0,Medium Priority
12456,0,0.550831,High,74.15138888888889,1,940.17,41,0,0,Medium Priority
13261,1,0.5505753,High,88.01944444444445,2,944.1,8,1,0,Medium Priority
15064,1,0.55046517,High,229.92916666666667,4,1254.41,75,1,0,Medium Priority
16936,0,0.5504237,High,205.0388888888889,1,286.39,81,0,0,Medium Priority
13465,1,0.5502268,High,265.90069444444447,2,931.12,34,1,0,Medium Priority
16895,0,0.5497823,High,258.0673611111111,4,900.63,82,1,0,Medium Priority
14899,1,0.54975677,High,214.89583333333331,1,1331.38,126,0,0,Medium Priority
16702,1,0.54968596,High,234.94444444444449,4,1110.83,84,1,0,Medium Priority
16608,1,0.5496814,High,273.0458333333333,2,1286.62,94,1,0,Medium Priority
16990,1,0.54964155,High,38.18055555555556,2,344.0,1,1,0,Medium Priority
13370,1,0.54900163,High,191.1,1,754.87,39,0,0,Medium Priority
14417,1,0.54896814,High,207.07986111111111,1,524.65,106,0,0,Medium Priority
15512,0,0.5486798,High,179.03402777777777,3,311.78,28,1,0,Medium Priority
18101,0,0.5486598,High,193.9368055555556,3,399.61,62,1,0,Medium Priority
18154,0,0.548403,High,208.00694444444449,3,533.41,22,1,0,Medium Priority
15900,0,0.548349,High,233.0875,3,549.29,68,1,0,Medium Priority
17143,1,0.54814976,High,236.89097222222225,2,880.97,82,1,0,Medium Priority
16091,0,0.548101,High,18.147222222222226,1,157.25,10,0,0,Medium Priority
17223,1,0.54805547,High,129.8701388888889,3,558.04,62,1,0,Medium Priority
18280,1,0.54801416,High,97.12361111111112,2,488.15,28,1,0,Medium Priority
18098,1,0.54751986,High,215.84652777777777,1,527.94,85,0,0,Medium Priority
14372,1,0.5473068,High,262.85625,2,860.08,36,1,0,Medium Priority
15184,0,0.54702944,High,10.030555555555557,3,518.42,34,1,0,Medium Priority
16212,0,0.54702824,High,102.99930555555557,3,1101.52,61,1,0,Medium Priority
17137,1,0.5468691,High,235.91597222222225,6,1099.81,125,1,0,Medium Priority
13970,1,0.5467334,High,205.97847222222225,2,846.55,10,1,0,Medium Priority
14413,1,0.5465799,High,181.9673611111111,4,764.52,93,1,0,Medium Priority
15649,1,0.54640746,High,155.96944444444443,4,1660.35,8,1,0,Medium Priority
14886,1,0.54592437,High,72.1625,1,364.8,18,0,0,Medium Priority
12652,1,0.54590124,High,150.90972222222223,2,1017.03,51,1,0,Medium Priority
12792,1,0.54580456,High,76.0513888888889,2,827.01,39,1,0,Medium Priority
15269,0,0.54579896,High,199.8875,2,816.56,32,1,0,Medium Priority
13000,0,0.5457193,High,79.10833333333333,3,956.18,56,1,0,Medium Priority
15729,1,0.5454899,High,32.00972222222222,3,192.55,10,1,0,Medium Priority
15408,1,0.54530585,High,83.90833333333333,1,267.18,34,0,0,Medium Priority
13936,0,0.5451415,High,202.09444444444443,2,563.08,31,1,0,Medium Priority
13338,0,0.5450839,High,361.1020833333333,3,1958.6,101,1,0,Medium Priority
16650,0,0.5449778,High,239.89027777777775,6,1397.69,53,1,0,Medium Priority
16977,1,0.54484713,High,214.98125,4,496.0,25,1,0,Medium Priority
12410,1,0.5444506,High,128.09097222222223,3,1013.71,36,1,0,Medium Priority
13444,1,0.54437375,High,193.99166666666667,2,619.08,51,1,0,Medium Priority
12874,1,0.54424727,High,204.89375,2,948.42,44,1,0,Medium Priority
12781,0,0.5437438,High,104.17152777777778,1,549.26,15,0,0,Medium Priority
12829,1,0.5437309,High,156.0673611111111,3,385.3,17,1,0,Medium Priority
14014,0,0.54351383,High,195.9125,2,1443.03,37,1,0,Medium Priority
17141,1,0.54334,High,237.9138888888889,4,727.58,138,1,0,Medium Priority
15070,1,0.5431804,High,192.06041666666667,3,737.0500000000001,26,1,0,Medium Priority
14603,1,0.5431743,High,94.09930555555556,1,660.0,2,0,0,Medium Priority
16586,1,0.5429164,High,68.1375,3,1462.78,27,1,0,Medium Priority
14400,0,0.5426194,High,227.9520833333333,2,1157.77,47,1,0,Medium Priority
16552,1,0.54250157,High,62.11527777777778,2,379.73,17,1,0,Medium Priority
16177,0,0.54248583,High,256.1097222222222,7,1915.36,66,1,0,Medium Priority
16774,0,0.5424757,High,242.92222222222225,4,905.96,60,1,0,Medium Priority
13029,0,0.54232776,High,172.95625,3,1062.3,6,1,0,Medium Priority
15012,0,0.5422561,High,193.00069444444443,2,429.78,107,1,0,Medium Priority
17816,0,0.54217833,High,88.9375,4,80.86,36,1,0,Medium Priority
15442,1,0.5421087,High,68.01805555555555,1,594.0,2,0,0,Medium Priority
17807,1,0.54182124,High,214.85347222222225,3,437.87,88,1,0,Medium Priority
15918,1,0.54157627,High,10.047222222222222,3,582.88,49,1,0,Medium Priority
15894,1,0.54145706,High,72.95833333333333,2,258.25,35,1,0,Medium Priority
17616,0,0.5412993,High,74.13819444444445,3,571.1999999999999,1,1,0,Medium Priority
15890,1,0.5402757,High,214.00277777777777,5,535.65,10,1,0,Medium Priority
14552,0,0.54019904,High,200.00972222222225,2,343.71,80,1,0,Medium Priority
12447,1,0.54000026,High,62.97569444444444,1,476.49,26,0,0,Medium Priority
13589,0,0.5398514,High,268.97291666666666,4,741.09,29,1,0,Medium Priority
16952,0,0.5397889,High,260.8854166666667,3,628.22,61,1,0,Medium Priority
15257,1,0.53960156,High,102.99444444444444,2,685.9,11,1,0,Medium Priority
16765,1,0.5392608,High,113.88125,2,454.75,52,1,0,Medium Priority
14186,1,0.53925484,High,246.97222222222223,5,1550.63,75,1,0,Medium Priority
12855,1,0.5388884,High,192.1340277777778,4,612.84,65,1,0,Medium Priority
16836,0,0.53857493,High,226.0013888888889,2,530.5,31,1,0,Medium Priority
17413,1,0.53795016,High,224.01180555555555,2,560.14,10,1,0,Medium Priority
17298,0,0.53773254,High,193.78819444444449,3,455.84,38,1,0,Medium Priority
17376,0,0.5376859,High,130.94305555555556,3,356.29,37,1,0,Medium Priority
13484,1,0.5374076,High,60.84722222222222,3,790.72,38,1,0,Medium Priority
13570,1,0.5374001,High,62.96805555555556,1,239.49,27,0,0,Medium Priority
18203,0,0.5373337,High,201.01736111111111,3,332.1,30,1,0,Medium Priority
16596,0,0.5372897,High,185.85555555555555,3,329.48,17,1,0,Medium Priority
12739,0,0.53721935,High,205.1305555555556,2,1713.69,51,1,0,Medium Priority
15110,0,0.5372106,High,138.04791666666668,3,679.4,17,1,0,Medium Priority
17852,0,0.53689605,High,208.02152777777775,3,543.47,62,1,0,Medium Priority
13948,1,0.53679025,High,180.10555555555555,4,548.76,23,1,0,Medium Priority
17756,1,0.536641,High,195.02083333333331,3,728.75,54,1,0,Medium Priority
16501,1,0.5366224,High,202.94444444444449,1,1191.23,181,0,0,Medium Priority
17870,0,0.53608704,High,186.1930555555556,2,1213.8,2,1,0,Medium Priority
17995,1,0.53608316,High,101.01388888888889,3,495.48,28,1,0,Medium Priority
14437,1,0.5359461,High,185.14097222222225,5,873.34,34,1,0,Medium Priority
17760,0,0.5357854,High,192.90416666666667,5,631.34,44,1,0,Medium Priority
14904,0,0.5352868,High,227.88194444444449,2,605.05,62,1,0,Medium Priority
14820,0,0.535009,High,199.81597222222223,5,767.47,31,1,0,Medium Priority
15111,0,0.5348465,High,192.04513888888889,3,1163.39,60,1,0,Medium Priority
13987,1,0.534752,High,199.10416666666663,2,682.54,46,1,0,Medium Priority
14973,0,0.5347495,High,45.019444444444446,1,654.6,5,0,0,Medium Priority
13515,0,0.53452635,High,67.09513888888888,3,578.1,28,1,0,Medium Priority
15018,0,0.5345045,High,72.12083333333334,2,291.34000000000003,17,1,0,Medium Priority
15945,1,0.5343828,High,184.9833333333333,4,646.27,24,1,0,Medium Priority
16573,0,0.5343068,High,109.9,1,292.63,16,0,0,Medium Priority
12373,1,0.53418016,High,130.98611111111111,3,1127.65,36,1,0,Medium Priority
14490,1,0.53409207,High,225.90694444444443,2,1273.47,72,1,0,Medium Priority
17226,1,0.53402126,High,128.0402777777778,3,895.47,51,1,0,Medium Priority
15411,0,0.5339051,High,2.013888888888889,1,156.4,10,0,0,Medium Priority
18035,0,0.5334193,High,204.9611111111111,2,546.34,8,0,0,Medium Priority
14924,1,0.53338754,High,65.14236111111111,3,931.01,30,1,0,Medium Priority
14599,1,0.5333393,High,209.91736111111112,2,457.89,77,1,0,Medium Priority
17843,1,0.53303355,High,122.88680555555555,2,320.4,58,1,0,Medium Priority
17998,1,0.5329579,High,199.88819444444445,3,639.24,57,1,0,Medium Priority
16723,0,0.53295726,High,263.0729166666667,2,654.96,72,1,0,Medium Priority
17363,1,0.532854,High,214.81875,3,920.46,34,1,0,Medium Priority
16446,0,0.5325395,High,25.12361111111111,1,2.9,2,0,0,Medium Priority
14687,0,0.532304,High,219.7458333333333,2,773.6800000000001,23,1,0,Medium Priority
13809,1,0.532196,High,124.98263888888889,3,679.7,23,1,0,Medium Priority
14611,1,0.53195167,High,263.1465277777778,2,604.3299999999999,37,1,0,Medium Priority
17350,0,0.5319017,High,213.85763888888889,3,612.381,65,1,0,Medium Priority
13666,0,0.53159744,High,106.9875,4,107.3,15,1,0,Medium Priority
14304,1,0.5310278,High,42.04166666666666,3,1725.01,69,1,0,Medium Priority
13424,1,0.53096324,High,269.0840277777778,1,572.77,40,0,0,Medium Priority
17234,1,0.5309089,High,2.0625,1,149.89,14,0,0,Medium Priority
15957,0,0.53088695,High,240.01944444444445,2,492.36,88,0,0,Medium Priority
12769,1,0.5307859,High,58.10069444444444,1,1143.6,32,0,0,Medium Priority
16707,1,0.53067344,High,219.92430555555555,4,533.41,64,1,0,Medium Priority
16314,1,0.53064114,High,209.0305555555556,3,1491.4,58,1,0,Medium Priority
14452,0,0.53059274,High,214.9423611111111,2,399.9,62,1,0,Medium Priority
16863,0,0.5305793,High,186.1611111111111,2,495.72,27,1,0,Medium Priority
13792,0,0.53051114,High,106.94930555555555,2,263.0,14,1,0,Medium Priority
16893,1,0.5304646,High,186.0305555555556,2,249.89,80,1,0,Medium Priority
16412,0,0.53046197,High,213.0402777777778,4,457.2,72,1,0,Medium Priority
15447,1,0.5304309,High,150.05833333333334,5,492.88,27,1,0,Medium Priority
16721,1,0.52963066,High,81.8625,1,292.47,37,0,0,Medium Priority
14729,1,0.5295283,High,193.0048611111111,3,586.24,126,1,0,Medium Priority
18049,1,0.52946657,High,256.93333333333334,2,500.92,82,1,0,Medium Priority
18006,0,0.52902293,High,201.1027777777778,3,524.83,36,1,0,Medium Priority
15174,1,0.5288221,High,142.15555555555557,2,481.46,34,1,0,Medium Priority
17456,1,0.5287688,High,184.89375,2,975.56,59,1,0,Medium Priority
16140,0,0.5285587,High,190.92361111111111,2,832.4200000000001,33,1,0,Medium Priority
14420,0,0.52836907,High,216.08402777777775,3,1251.65,58,1,0,Medium Priority
13233,0,0.5283112,High,155.91736111111112,3,875.58,49,1,0,Medium Priority
17237,0,0.5280401,High,195.04097222222225,2,679.44,58,1,0,Medium Priority
18084,0,0.52792925,High,202.87708333333333,2,704.75,6,1,0,Medium Priority
17853,1,0.5279027,High,226.8895833333333,3,1596.29,84,1,0,Medium Priority
15886,0,0.52785045,High,236.03402777777777,3,871.78,47,1,0,Medium Priority
12389,1,0.5277715,High,222.0402777777778,3,1433.33,41,1,0,Medium Priority
14902,0,0.5277564,High,215.09791666666663,2,702.96,34,1,0,Medium Priority
13516,0,0.5275184,High,58.07222222222222,2,441.85,22,1,0,Medium Priority
16576,1,0.52631086,High,239.9673611111111,2,540.87,32,1,0,Medium Priority
17924,0,0.5262924,High,121.05,3,797.4000000000001,3,1,0,Medium Priority
16766,1,0.52622485,High,92.89444444444445,2,1145.6,17,0,0,Medium Priority
16378,1,0.52621216,High,66.90486111111112,3,362.95,22,1,0,Medium Priority
17804,1,0.52620155,High,195.95069444444445,3,383.78,82,1,0,Medium Priority
13800,1,0.52590233,High,129.01597222222222,3,1679.56,73,1,0,Medium Priority
15562,1,0.525878,High,171.12152777777777,3,671.4300000000001,32,1,0,Medium Priority
17996,1,0.5255428,High,199.07638888888889,3,482.33,63,1,0,Medium Priority
15028,0,0.52522993,High,188.00208333333333,3,521.78,45,1,0,Medium Priority
16882,0,0.5251777,High,58.92638888888889,2,215.7,15,1,0,Medium Priority
13060,1,0.52502507,High,73.05069444444445,1,307.53,15,0,0,Medium Priority
15464,1,0.52500284,High,157.87083333333334,1,1044.65,155,0,0,Medium Priority
16329,1,0.52493554,High,247.00416666666663,4,1664.92,83,1,0,Medium Priority
17354,0,0.5245451,High,247.9638888888889,3,1740.9,73,0,0,Medium Priority
12852,1,0.5241222,High,114.16875,1,311.55,17,0,0,Medium Priority
13283,0,0.5237261,High,5.007638888888889,3,305.2,14,1,0,Medium Priority
17251,1,0.5236525,High,182.07222222222225,3,798.98,65,1,0,Medium Priority
12842,0,0.5236128,High,128.00972222222222,3,1109.73,27,1,0,Medium Priority
18048,1,0.52341115,High,22.91111111111111,3,394.93,56,1,0,Medium Priority
13255,0,0.5232693,High,193.0361111111111,2,504.95,19,1,0,Medium Priority
16254,1,0.5232056,High,197.9777777777778,3,967.44,65,1,0,Medium Priority
17326,1,0.5231965,High,227.88333333333333,2,312.35,82,1,0,Medium Priority
14316,1,0.52288926,High,241.84652777777777,5,1370.34,21,1,0,Medium Priority
13359,0,0.5227122,High,222.90625,1,603.75,33,0,0,Medium Priority
16880,0,0.522275,High,8.836805555555555,2,591.66,36,1,0,Medium Priority
14480,0,0.5220809,High,222.01041666666663,3,1020.47,43,1,0,Medium Priority
16269,1,0.5218634,High,257.0416666666667,1,717.57,53,0,0,Medium Priority
16138,1,0.5218305,High,198.02569444444444,3,910.35,35,1,0,Medium Priority
14484,0,0.5218297,High,220.95833333333331,3,749.0600000000001,37,1,0,Medium Priority
15814,0,0.52174747,High,212.78819444444449,2,689.11,23,1,0,Medium Priority
16319,1,0.52172774,High,37.05763888888889,1,404.4,3,0,0,Medium Priority
13341,1,0.5216718,Medium,80.125,1,775.85,42,0,0,Monitor
14246,0,0.52156097,Medium,65.18402777777777,1,449.64,24,0,0,Monitor
15842,1,0.52146775,Medium,212.94583333333333,2,548.8,24,1,0,Monitor
13955,0,0.5209896,Medium,125.01805555555556,2,426.21,63,1,0,Monitor
12369,1,0.5209371,Medium,232.98402777777775,3,1791.15,90,1,0,Monitor
13922,1,0.5205785,Medium,171.09166666666667,3,865.2,30,1,0,Monitor
17358,1,0.52049106,Medium,122.82847222222222,5,861.01,126,1,0,Monitor
12806,1,0.52014136,Medium,254.96944444444443,4,2878.96,58,1,1,Monitor
16957,1,0.5200419,Medium,58.954166666666666,2,416.64,15,1,0,Monitor
12967,1,0.5199585,Medium,177.73611111111111,3,2938.52,47,1,1,Monitor
14894,0,0.519819,Medium,262.89375,2,837.0600000000001,23,1,0,Monitor
15614,1,0.51972425,Medium,257.0861111111111,4,3147.36,73,1,1,Monitor
16217,1,0.5197122,Medium,54.97152777777778,2,304.25,13,1,0,Monitor
18141,1,0.51960176,Medium,221.0458333333333,2,882.47,38,1,0,Monitor
17534,0,0.51960105,Medium,270.97083333333336,4,1445.47,69,1,0,Monitor
15287,0,0.5193107,Medium,199.09791666666663,3,369.34,13,1,0,Monitor
14065,1,0.5190449,Medium,208.85902777777775,3,891.02,42,1,0,Monitor
14819,0,0.5187756,Medium,11.958333333333334,3,269.06,43,1,0,Monitor
16854,1,0.51860154,Medium,236.84652777777777,2,1408.96,72,1,0,Monitor
15887,1,0.5185907,Medium,226.17638888888888,3,1027.15,27,1,0,Monitor
13718,1,0.5185796,Medium,65.97638888888889,2,306.55,9,1,0,Monitor
15864,0,0.5183075,Medium,135.83819444444444,2,486.86,9,1,0,Monitor
17499,1,0.5179487,Medium,109.15,2,1341.39,66,1,0,Monitor
13389,0,0.51794255,Medium,52.02638888888889,1,257.89,18,0,0,Monitor
15308,1,0.51787746,Medium,93.9875,1,310.47,19,0,0,Monitor
14128,0,0.5177968,Medium,75.08402777777778,2,592.25,34,1,0,Monitor
17384,0,0.51767313,Medium,38.863194444444446,2,398.8,7,1,0,Monitor
16885,0,0.5176724,Medium,176.81041666666667,2,412.14,66,1,0,Monitor
16282,1,0.5175647,Medium,159.04722222222222,3,1307.58,31,1,0,Monitor
14242,1,0.5174505,Medium,54.04444444444445,2,280.55,13,1,0,Monitor
17123,0,0.51736885,Medium,259.0305555555556,2,631.87,31,1,0,Monitor
17421,1,0.517266,Medium,205.82847222222225,3,1059.41,46,1,0,Monitor
16424,1,0.51688355,Medium,10.96527777777778,2,443.06,10,1,0,Monitor
14428,0,0.5168373,Medium,59.12986111111111,2,330.62,25,1,0,Monitor
16469,0,0.51671165,Medium,65.98194444444445,3,446.78,73,1,0,Monitor
17880,1,0.5164547,Medium,184.10347222222225,3,824.9200000000001,43,1,0,Monitor
17205,0,0.51638,Medium,235.86041666666668,2,615.27,18,1,0,Monitor
16300,1,0.51633036,Medium,249.9833333333333,3,1367.32,190,1,0,Monitor
15617,1,0.5159864,Medium,215.86319444444445,3,828.5500000000001,41,1,0,Monitor
16048,1,0.5159494,Medium,192.89027777777775,4,818.7900000000001,30,1,0,Monitor
17256,0,0.51584727,Medium,131.91458333333333,4,386.83,18,1,0,Monitor
12785,1,0.51567525,Medium,183.9597222222222,3,1100.4,42,1,0,Monitor
14938,1,0.51565313,Medium,381.9666666666666,2,2322.43,71,0,1,Monitor
17630,0,0.5154279,Medium,51.949305555555554,1,335.5,19,0,0,Monitor
16754,1,0.51542205,Medium,191.8,29,65500.07,38,1,1,Monitor
12371,0,0.5153893,Medium,228.9673611111111,3,2179.42,91,1,1,Monitor
16699,1,0.5153679,Medium,199.925,7,994.6,51,1,0,Monitor
12412,0,0.5152689,Medium,221.825,3,1370.05,50,1,0,Monitor
17396,0,0.5150373,Medium,191.12847222222223,7,1476.3,11,1,0,Monitor
16287,0,0.515001,Medium,195.92152777777775,4,864.48,18,1,0,Monitor
17951,0,0.5149675,Medium,177.99652777777777,3,741.5400000000001,15,1,0,Monitor
13503,0,0.514843,Medium,298.98125,5,1642.39,148,1,0,Monitor
17771,0,0.5144976,Medium,142.9423611111111,3,257.4,36,1,0,Monitor
13299,1,0.5142185,Medium,87.99652777777777,3,1218.7,56,1,0,Monitor
13344,0,0.5141282,Medium,97.09861111111113,1,1656.15,68,0,0,Monitor
13677,1,0.51393116,Medium,224.05416666666667,2,551.24,98,1,0,Monitor
13452,1,0.51382154,Medium,78.93819444444445,3,729.8,2,1,0,Monitor
14697,1,0.51381195,Medium,37.88263888888889,2,188.61,22,0,0,Monitor
13962,0,0.5136184,Medium,65.06180555555555,2,310.85,19,1,0,Monitor
14355,1,0.51353997,Medium,185.0236111111111,3,840.0500000000001,57,1,0,Monitor
16780,0,0.5134139,Medium,78.80277777777778,2,336.05,44,1,0,Monitor
17187,1,0.51320094,Medium,46.00763888888889,2,467.71,21,1,0,Monitor
15745,0,0.51316494,Medium,55.99027777777778,1,302.85,18,0,0,Monitor
15795,0,0.513144,Medium,249.89791666666667,7,1369.86,74,1,0,Monitor
13121,1,0.51306015,Medium,88.83541666666666,1,283.73,50,0,0,Monitor
12817,1,0.5130157,Medium,100.84861111111113,3,690.98,16,1,0,Monitor
17167,1,0.5129379,Medium,199.11458333333331,3,867.11,64,1,0,Monitor
16228,1,0.5128127,Medium,204.9375,3,885.71,45,1,0,Monitor
15441,1,0.512235,Medium,215.875,3,1254.21,45,1,0,Monitor
17169,0,0.5122262,Medium,2.9819444444444443,2,629.63,31,1,0,Monitor
18277,0,0.51221293,Medium,216.8736111111111,4,1069.67,48,1,0,Monitor
12358,0,0.51126385,Medium,195.07916666666668,3,2719.01,52,1,1,Monitor
12735,1,0.5110238,Medium,134.9673611111111,2,779.5699999999999,38,1,0,Monitor
17325,1,0.5108251,Medium,99.98680555555556,3,609.5699999999999,39,1,0,Monitor
12675,1,0.510236,Medium,373.1256944444444,2,957.25,111,1,0,Monitor
14566,0,0.5100909,Medium,236.9118055555556,3,2660.0,8,1,1,Monitor
15817,1,0.5099277,Medium,240.0715277777778,3,2766.4,133,1,1,Monitor
14094,1,0.509264,Medium,259.0361111111111,1,311.77,41,0,0,Monitor
17329,0,0.50919694,Medium,134.88958333333332,4,718.78,73,1,0,Monitor
12770,1,0.50908023,Medium,30.136805555555554,2,3246.45,19,1,1,Monitor
13587,0,0.5090185,Medium,268.95694444444445,3,961.1,20,1,0,Monitor
12631,0,0.50870013,Medium,275.9166666666667,5,2841.07,105,1,1,Monitor
14967,0,0.5085831,Medium,261.06875,5,1518.81,19,1,0,Monitor
17979,0,0.50808996,Medium,79.02986111111112,2,231.67,53,0,0,Monitor
14890,1,0.50781196,Medium,73.03680555555556,3,817.25,55,1,0,Monitor
14176,1,0.50773114,Medium,116.98472222222222,5,756.46,33,1,0,Monitor
16787,1,0.50733924,Medium,217.07569444444445,4,1017.53,102,1,0,Monitor
15480,0,0.5073345,Medium,285.0736111111111,4,5373.5,162,1,1,Monitor
13145,0,0.5071619,Medium,191.7805555555556,4,805.0,2,1,0,Monitor
13158,0,0.507018,Medium,138.11944444444444,2,563.53,37,1,0,Monitor
12988,1,0.5068655,Medium,111.92986111111112,1,505.82,75,0,0,Monitor
13937,0,0.50686336,Medium,222.0090277777778,1,721.28,45,0,0,Monitor
12960,1,0.5066156,Medium,233.13819444444445,4,1322.07,49,1,0,Monitor
13278,0,0.50658137,Medium,219.04722222222225,3,893.12,48,1,0,Monitor
17683,1,0.50646603,Medium,205.11041666666668,3,819.01,41,1,0,Monitor
12547,1,0.506141,Medium,17.008333333333333,3,383.58,13,1,0,Monitor
16129,1,0.50553185,Medium,226.93125,3,1396.05,91,1,0,Monitor
17101,0,0.50546914,Medium,214.10763888888889,3,885.3199999999999,28,1,0,Monitor
16491,0,0.5053772,Medium,232.8805555555556,1,801.66,48,0,0,Monitor
14271,1,0.5051418,Medium,45.00208333333333,2,214.18,38,1,0,Monitor
15872,0,0.50503147,Medium,198.03125,2,413.0,70,1,0,Monitor
13635,0,0.5049343,Medium,262.1138888888889,3,1928.13,89,1,0,Monitor
13898,1,0.5048536,Medium,145.0986111111111,2,686.4,43,1,0,Monitor
14262,0,0.5044255,Medium,60.01875,1,240.0,16,0,0,Monitor
17999,0,0.5044209,Medium,185.89791666666667,2,338.41,77,1,0,Monitor
13660,1,0.50439173,Medium,219.86111111111111,1,306.64,39,0,0,Monitor
16861,0,0.5043128,Medium,209.95555555555555,3,772.83,38,1,0,Monitor
14803,0,0.5041436,Medium,95.02638888888887,2,730.79,15,1,0,Monitor
13165,0,0.50409126,Medium,170.94722222222222,2,784.32,20,1,0,Monitor
12426,1,0.503946,Medium,14.016666666666667,2,1345.21,73,1,0,Monitor
17524,1,0.5039445,Medium,180.92916666666667,3,539.14,37,1,0,Monitor
14600,1,0.5039289,Medium,125.12638888888888,2,865.1700000000001,53,1,0,Monitor
13291,0,0.5037257,Medium,233.7423611111111,10,2909.68,134,1,1,Monitor
14223,0,0.5033668,Medium,83.86666666666666,1,304.9,18,0,0,Monitor
14148,1,0.5030509,Medium,53.03333333333333,2,466.29,15,1,0,Monitor
17935,0,0.5029815,Medium,220.0305555555556,5,540.35,33,1,0,Monitor
14470,0,0.5027696,Medium,107.0375,2,548.49,48,1,0,Monitor
17120,1,0.5022507,Medium,52.89513888888889,1,307.46,18,0,0,Monitor
18185,1,0.5020006,Medium,68.96388888888889,1,304.25,17,0,0,Monitor
16250,1,0.5017242,Medium,80.90486111111112,3,565.24,29,1,0,Monitor
15439,1,0.5016324,Medium,224.09166666666667,4,1269.05,49,1,0,Monitor
18060,1,0.50155723,Medium,227.8395833333333,2,1185.46,74,1,0,Monitor
12361,1,0.5014757,Medium,106.9576388888889,4,511.25,18,1,0,Monitor
15639,0,0.5014467,Medium,271.15625,2,639.76,40,1,0,Monitor
17923,1,0.50131553,Medium,101.89930555555556,3,497.0,2,1,0,Monitor
13657,0,0.5012554,Medium,21.010416666666668,1,152.34,9,0,0,Monitor
16122,0,0.5012199,Medium,152.10486111111112,4,461.04,20,1,0,Monitor
15347,1,0.5008654,Medium,185.89236111111111,4,1162.0,29,1,0,Monitor
17978,1,0.5007828,Medium,184.94791666666663,4,1159.99,62,1,0,Monitor
15180,1,0.5007717,Medium,186.9118055555556,3,816.9300000000001,46,1,0,Monitor
14987,0,0.50048876,Medium,185.02569444444444,7,1387.4499999999998,4,1,0,Monitor
16965,1,0.5004366,Medium,46.02916666666667,1,201.19,26,0,0,Monitor
16581,1,0.50037336,Medium,2.114583333333333,1,105.84,9,0,0,Monitor
17140,1,0.50036275,Medium,66.97013888888888,1,454.12,16,0,0,Monitor
16830,0,0.49991715,Medium,262.00902777777776,3,881.59,47,1,0,Monitor
15468,0,0.49960157,Medium,212.1326388888889,1,962.97,56,0,0,Monitor
15661,1,0.4991759,Medium,136.95416666666668,8,1215.95,27,1,0,Monitor
18251,0,0.49908412,Medium,264.975,8,21964.14,77,1,1,Monitor
12462,0,0.4989597,Medium,122.92083333333332,1,762.11,40,0,0,Monitor
15142,0,0.498832,Medium,229.88472222222225,5,2121.18,97,1,1,Monitor
16336,1,0.498504,Medium,240.0125,4,3517.69,64,1,1,Monitor
14013,0,0.49824214,Medium,95.16041666666666,3,730.05,35,1,0,Monitor
13402,0,0.4978927,Medium,191.8180555555556,3,913.9,43,1,0,Monitor
14618,0,0.4978806,Medium,157.03541666666666,5,1000.68,35,1,0,Monitor
17334,1,0.49753445,Medium,121.91041666666666,3,635.15,20,1,0,Monitor
18191,1,0.497406,Medium,81.02916666666667,2,529.4,15,1,0,Monitor
12374,0,0.49740157,Medium,240.97152777777777,3,2246.29,47,1,1,Monitor
12793,1,0.4970379,Medium,154.0263888888889,3,885.53,34,1,0,Monitor
16927,0,0.4969166,Medium,95.97847222222222,2,341.45,5,1,0,Monitor
15880,1,0.49678323,Medium,188.99305555555557,1,329.03000000000003,95,0,0,Monitor
17527,0,0.49656832,Medium,37.96319444444445,1,292.11,7,0,0,Monitor
12588,0,0.49619028,Medium,218.99791666666667,3,743.88,27,1,0,Monitor
14173,0,0.4960087,Medium,38.949305555555554,3,249.2,13,1,0,Monitor
12639,1,0.4959263,Medium,58.00138888888889,3,1312.37,58,1,0,Monitor
13489,0,0.49563825,Medium,108.96319444444444,2,235.68,6,1,0,Monitor
18080,0,0.49563727,Medium,62.11111111111112,1,841.4999999999999,1,0,0,Monitor
16406,0,0.4956003,Medium,270.0395833333333,2,374.01,85,1,0,Monitor
17704,0,0.49546167,Medium,59.140277777777776,1,387.29,16,0,0,Monitor
16440,0,0.49534452,Medium,34.017361111111114,2,488.76,58,1,0,Monitor
16231,1,0.4950998,Medium,198.90972222222223,4,1074.47,69,1,0,Monitor
17812,0,0.49495277,Medium,187.89097222222225,4,405.48,79,1,0,Monitor
14023,0,0.49478438,Medium,69.875,1,273.14,16,0,0,Monitor
14478,1,0.4946703,Medium,201.8895833333333,4,1276.66,59,1,0,Monitor
14947,0,0.49458566,Medium,207.76388888888889,4,758.97,37,1,0,Monitor
13064,0,0.49421397,Medium,146.96458333333334,3,764.55,21,1,0,Monitor
17134,0,0.4937217,Medium,84.0375,2,530.8,29,1,0,Monitor
16997,1,0.49356872,Medium,107.80694444444444,3,702.0,7,1,0,Monitor
14585,0,0.49342164,Medium,202.00416666666663,4,986.22,64,1,0,Monitor
14798,0,0.49341393,Medium,129.89166666666668,6,626.25,26,1,0,Monitor
14605,1,0.4930299,Medium,193.9465277777778,4,921.56,88,1,0,Monitor
13262,1,0.4927747,Medium,82.90555555555555,3,573.45,48,1,0,Monitor
16309,0,0.49269366,Medium,60.04444444444445,1,334.2,21,0,0,Monitor
14295,0,0.4924824,Medium,258.12638888888887,4,2196.71,61,1,1,Monitor
16119,0,0.49244207,Medium,213.96527777777777,6,1297.45,31,1,0,Monitor
17713,1,0.49202216,Medium,201.83333333333331,4,1198.09,55,1,0,Monitor
14966,0,0.4919228,Medium,206.9833333333333,5,881.24,93,1,0,Monitor
17342,1,0.49161986,Medium,199.0715277777778,4,1227.54,31,1,0,Monitor
16087,1,0.49131498,Medium,208.8375,5,1739.92,6,1,0,Monitor
17501,1,0.49124226,Medium,40.12708333333333,2,288.6,18,0,0,Monitor
16021,1,0.4911586,Medium,214.91805555555555,2,487.03,117,1,0,Monitor
15390,1,0.49011624,Medium,215.89652777777775,2,1216.66,77,1,0,Monitor
16946,1,0.48960352,Medium,202.94722222222225,5,1222.04,69,1,0,Monitor
15372,0,0.48941064,Medium,269.91527777777776,7,4009.66,19,1,1,Monitor
17496,1,0.4893492,Medium,178.17430555555555,4,1412.89,54,1,0,Monitor
14725,0,0.48934007,Medium,214.04375,3,597.16,41,1,0,Monitor
14920,1,0.48899063,Medium,32.09583333333333,3,1607.17,90,1,0,Monitor
13046,0,0.48895678,Medium,85.87986111111111,2,517.66,31,1,0,Monitor
16518,0,0.4888104,Medium,103.84305555555557,3,665.75,39,1,0,Monitor
15471,0,0.48858178,Medium,199.92430555555555,2,837.53,67,1,0,Monitor
15215,0,0.48856875,Medium,213.08333333333331,4,1687.49,59,1,0,Monitor
17322,1,0.48855862,Medium,195.92291666666668,5,922.59,115,1,0,Monitor
14821,1,0.48851663,Medium,186.17152777777775,7,1230.15,65,1,0,Monitor
17968,1,0.48821387,Medium,193.01875,4,590.4399999999999,106,1,0,Monitor
16223,1,0.48812422,Medium,194.04166666666663,2,1087.05,101,1,0,Monitor
14648,1,0.48780364,Medium,235.98472222222225,15,4466.65,286,1,1,Monitor
16932,0,0.48779258,Medium,242.94166666666663,2,262.32,77,1,0,Monitor
14423,1,0.4877583,Medium,37.90138888888889,3,916.61,12,1,0,Monitor
13154,1,0.4876424,Medium,218.86805555555557,3,1624.84,78,1,0,Monitor
14901,0,0.48725,Medium,180.05625,6,994.76,61,1,0,Monitor
17917,0,0.48716244,Medium,75.84236111111112,2,226.71,57,1,0,Monitor
15678,0,0.48712817,Medium,214.925,2,1473.24,67,1,0,Monitor
16101,0,0.48687088,Medium,254.08680555555557,3,1938.46,94,1,0,Monitor
15723,1,0.4865621,Medium,184.0680555555556,4,930.7,108,1,0,Monitor
16428,1,0.48650923,Medium,233.01944444444445,3,638.49,121,1,0,Monitor
13304,1,0.48644784,Medium,170.92708333333334,4,1217.99,59,1,0,Monitor
15749,1,0.4863887,Medium,54.97916666666666,3,44534.3,5,1,1,Monitor
14643,0,0.4862376,Medium,177.78958333333333,4,1344.02,42,1,0,Monitor
14071,0,0.4862267,Medium,79.97361111111111,2,356.81,22,1,0,Monitor
17166,0,0.48612657,Medium,23.18888888888889,1,127.59,10,0,0,Monitor
14719,0,0.48563868,Medium,68.93958333333333,1,223.46,40,0,0,Monitor
15071,0,0.48546523,Medium,95.1048611111111,3,1062.16,31,1,0,Monitor
16848,0,0.48513955,Medium,196.00833333333333,3,1130.2,64,1,0,Monitor
17411,0,0.4848793,Medium,80.9625,3,932.02,46,1,0,Monitor
13434,0,0.48477653,Medium,204.90347222222223,3,1132.62,14,1,0,Monitor
12805,1,0.4847409,Medium,201.01597222222225,4,1434.95,44,1,0,Monitor
16142,1,0.48467222,Medium,69.10694444444445,1,535.34,37,0,0,Monitor
15695,1,0.48413405,Medium,86.17916666666666,4,1131.04,55,1,0,Monitor
17728,0,0.48407882,Medium,223.875,2,1362.75,79,1,0,Monitor
18194,0,0.48393497,Medium,257.9875,5,3188.2000000000003,16,1,1,Monitor
16769,1,0.48378336,Medium,79.96458333333334,4,1117.05,76,1,0,Monitor
13166,1,0.48333445,Medium,102.89861111111112,2,875.93,55,1,0,Monitor
18057,1,0.4832459,Medium,212.82986111111111,3,1188.46,121,1,0,Monitor
16245,0,0.48311612,Medium,76.13888888888889,1,453.98,30,0,0,Monitor
13156,1,0.48279226,Medium,204.98680555555555,3,1586.54,94,1,0,Monitor
13049,0,0.48266345,Medium,137.8451388888889,3,905.34,12,1,0,Monitor
16053,0,0.48247623,Medium,233.04722222222225,4,2122.89,101,1,1,Monitor
14859,0,0.4819478,Medium,23.92222222222222,2,648.76,17,1,0,Monitor
14741,0,0.48110586,Medium,181.0458333333333,3,808.05,26,1,0,Monitor
13493,1,0.48109317,Medium,94.88541666666669,2,618.63,6,1,0,Monitor
16711,0,0.48104677,Medium,121.91944444444444,6,1816.25,11,1,0,Monitor
12635,0,0.48102182,Medium,211.87777777777777,2,1241.23,77,1,0,Monitor
17373,0,0.4808152,Medium,132.04444444444445,4,665.83,44,1,0,Monitor
18213,1,0.48081368,Medium,56.10347222222222,1,232.48,15,0,0,Monitor
13787,0,0.4807662,Medium,183.92013888888889,5,1019.86,56,1,0,Monitor
14756,0,0.4804474,Medium,202.14444444444445,2,1914.8,68,1,0,Monitor
14214,0,0.4804045,Medium,97.01666666666668,1,638.65,37,0,0,Monitor
17977,0,0.48017624,Medium,219.9333333333333,1,1223.31,83,0,0,Monitor
12362,0,0.48008996,Medium,45.15138888888889,3,1104.34,52,1,0,Monitor
15626,0,0.48004678,Medium,149.11111111111111,2,673.6,50,1,0,Monitor
14068,1,0.47976628,Medium,139.86666666666667,4,1516.72,93,1,0,Monitor
15063,1,0.47971964,Medium,32.97569444444444,1,370.8,5,0,0,Monitor
18085,1,0.47961515,Medium,149.89791666666667,4,1341.85,42,1,0,Monitor
17003,1,0.47956136,Medium,221.98263888888889,4,828.21,90,1,0,Monitor
14306,0,0.4792712,Medium,198.0875,4,1058.0800000000002,12,1,0,Monitor
17145,1,0.47914925,Medium,332.15833333333336,4,3120.91,168,1,1,Monitor
17034,0,0.47872066,Medium,107.11111111111111,3,672.7,31,1,0,Monitor
13151,1,0.4786271,Medium,115.01458333333332,3,2465.21,131,1,1,Monitor
15506,0,0.47862694,Medium,201.0013888888889,3,1058.25,82,1,0,Monitor
13614,0,0.47853523,Medium,150.0090277777778,3,953.03,73,1,0,Monitor
12673,0,0.4784824,Medium,146.04444444444445,2,840.4,52,1,0,Monitor
14323,0,0.4782886,Medium,58.04583333333333,1,299.82,19,0,0,Monitor
15951,0,0.47793683,Medium,105.03680555555556,2,680.12,35,1,0,Monitor
17876,1,0.47786775,Medium,219.08194444444445,3,3424.02,3,1,1,Monitor
16332,0,0.47781947,Medium,124.94027777777778,5,539.51,49,1,0,Monitor
17851,1,0.4775852,Medium,241.90069444444444,6,1552.35,185,1,0,Monitor
15225,1,0.47722447,Medium,53.91597222222222,1,409.4,23,0,0,Monitor
12414,1,0.4766247,Medium,36.91597222222222,6,952.41,21,1,0,Monitor
15016,0,0.47647786,Medium,212.84722222222223,4,450.85,77,1,0,Monitor
14454,1,0.47621596,Medium,195.975,5,977.3,93,1,0,Monitor
12589,0,0.47590035,Medium,241.0388888888889,6,4048.98,100,1,1,Monitor
12605,1,0.47575563,Medium,195.9388888888889,4,1232.95,63,1,0,Monitor
17080,0,0.47499794,Medium,89.03125,6,746.23,19,1,0,Monitor
18001,0,0.47479704,Medium,269.05069444444445,4,509.01,69,1,0,Monitor
12866,1,0.47446567,Medium,102.94375,3,1227.35,58,1,0,Monitor
16354,0,0.4742617,Medium,199.0222222222222,3,723.66,87,1,0,Monitor
14022,1,0.47376692,Medium,44.92430555555556,2,792.15,45,1,0,Monitor
13202,1,0.47352988,Medium,213.8513888888889,7,1580.3,55,1,0,Monitor
12545,0,0.4734451,Medium,79.03194444444445,1,628.15,34,0,0,Monitor
14248,1,0.473374,Medium,137.92013888888889,3,1032.95,41,1,0,Monitor
14813,1,0.47316873,Medium,189.0368055555556,4,888.91,110,1,0,Monitor
16588,1,0.4721347,Medium,205.7875,4,1361.28,64,1,0,Monitor
14619,1,0.4721147,Medium,65.21736111111112,2,1291.24,58,1,0,Monitor
18263,0,0.4719134,Medium,72.04305555555555,1,307.6,15,0,0,Monitor
13122,0,0.47177327,Medium,59.94305555555555,1,903.67,54,0,0,Monitor
12586,0,0.47170937,Medium,194.08541666666667,3,1865.73,76,1,0,Monitor
15636,0,0.47116476,Medium,101.91666666666669,3,1026.52,28,1,0,Monitor
12596,0,0.4710216,Medium,61.977777777777774,1,269.95,15,0,0,Monitor
13525,0,0.47033858,Medium,67.88472222222222,1,282.88,2,0,0,Monitor
12346,1,0.47005948,Medium,145.1173611111111,12,77556.46,27,1,1,Monitor
15589,1,0.46967217,Medium,75.12222222222222,3,478.53,28,1,0,Monitor
14948,0,0.46946442,Medium,38.915277777777774,1,278.4,13,0,0,Monitor
14616,1,0.4693603,Medium,62.12222222222222,5,527.78,3,1,0,Monitor
14193,0,0.4689236,Medium,89.05,2,779.34,39,1,0,Monitor
14708,0,0.46873495,Medium,188.01875,3,1085.91,14,1,0,Monitor
16117,1,0.46845862,Medium,9.047222222222222,3,654.4,64,1,0,Monitor
15832,1,0.46830496,Medium,73.88958333333333,1,836.79,54,0,0,Monitor
14204,0,0.46790367,Medium,241.97083333333333,3,874.22,158,1,0,Monitor
13795,1,0.4676866,Medium,207.80902777777777,4,836.3,23,1,0,Monitor
17343,1,0.46765414,Medium,174.9048611111111,6,1259.94,61,1,0,Monitor
17544,1,0.46741328,Medium,209.90416666666667,3,944.82,80,0,0,Monitor
15248,1,0.4674066,Medium,230.98680555555555,3,1893.93,103,1,0,Monitor
16357,0,0.46691993,Medium,33.09375,2,347.39,20,1,0,Monitor
17045,0,0.4664119,Medium,67.02916666666667,3,528.19,29,1,0,Monitor
16139,0,0.46625602,Medium,26.102083333333333,3,615.54,29,1,0,Monitor
15952,0,0.4662296,Medium,44.99652777777778,1,232.65,14,0,0,Monitor
15835,0,0.46616006,Medium,79.95208333333333,2,488.31,25,1,0,Monitor
17608,0,0.46611157,Medium,268.8576388888889,2,296.07,90,1,0,Monitor
16124,1,0.46594122,Medium,136.92013888888889,4,1772.49,63,1,0,Monitor
13889,0,0.46581015,Medium,201.97569444444449,5,1574.3300000000002,50,1,0,Monitor
12391,0,0.46564284,Medium,284.0083333333333,5,2285.18,159,1,1,Monitor
13663,0,0.46534032,Medium,199.95486111111111,4,1858.04,75,1,0,Monitor
17239,1,0.46533737,Medium,132.13125,4,1189.45,18,1,0,Monitor
16108,0,0.46525612,Medium,253.90277777777777,3,1393.42,79,1,0,Monitor
15517,1,0.46427357,Medium,52.95,1,267.03,27,0,0,Monitor
13461,0,0.46418765,Medium,226.78958333333333,3,2715.0,25,1,1,Monitor
12908,0,0.46394047,Medium,132.0090277777778,4,1344.0,1,1,0,Monitor
17695,0,0.46383566,Medium,213.9208333333333,3,980.7,20,1,0,Monitor
17392,1,0.46376166,Medium,126.00138888888888,3,585.92,66,1,0,Monitor
17371,0,0.46367902,Medium,180.89583333333331,4,329.11,62,1,0,Monitor
15152,0,0.46359095,Medium,6.884722222222222,2,1274.24,70,1,0,Monitor
16532,0,0.46343106,Medium,158.0090277777778,3,3918.24,1,1,1,Monitor
16414,0,0.4629631,Medium,99.97430555555556,4,475.76,56,1,0,Monitor
16387,1,0.4627789,Medium,142.05277777777778,5,882.46,68,1,0,Monitor
16892,0,0.46267885,Medium,3.052083333333333,3,339.54,57,1,0,Monitor
16147,0,0.4623167,Medium,219.9125,4,2023.91,101,1,1,Monitor
17046,0,0.46230218,Medium,263.96527777777777,4,1264.05,57,1,0,Monitor
17624,0,0.4621252,Medium,37.78541666666667,3,1125.45,71,1,0,Monitor
15897,1,0.462073,Medium,13.958333333333334,2,208.59,17,0,0,Monitor
16714,1,0.4619535,Medium,38.07013888888889,4,1497.33,95,1,0,Monitor
14343,1,0.46194616,Medium,240.98958333333331,4,1079.66,193,1,0,Monitor
13554,1,0.46182767,Medium,199.90625,7,1629.35,156,1,0,Monitor
17150,1,0.4615512,Medium,196.0576388888889,6,1357.95,64,1,0,Monitor
12363,0,0.4614307,Medium,61.97291666666667,1,299.1,16,0,0,Monitor
14686,1,0.46132076,Medium,233.76319444444445,5,852.53,185,1,0,Monitor
14338,0,0.46115533,Medium,15.97222222222222,2,919.85,43,1,0,Monitor
18079,0,0.46090403,Medium,58.025,2,2203.61,38,1,1,Monitor
14816,1,0.45989382,Medium,16.981944444444444,1,271.85,4,0,0,Monitor
13502,0,0.4597843,Medium,94.17361111111111,4,677.66,20,1,0,Monitor
17952,1,0.4596289,Medium,197.95555555555555,4,788.46,85,1,0,Monitor
17349,0,0.45834845,Medium,199.90347222222223,4,674.16,66,1,0,Monitor
14549,1,0.4582624,Medium,130.96041666666667,4,913.6,117,1,0,Monitor
13579,0,0.45818046,Medium,188.86111111111111,4,1072.0,62,1,0,Monitor
16367,0,0.45779073,Medium,182.03402777777777,2,716.9,119,1,0,Monitor
14249,1,0.45762318,Medium,230.01111111111112,12,5400.461,178,1,1,Monitor
12527,0,0.4575954,Medium,114.13125,4,671.72,24,1,0,Monitor
14501,1,0.45745727,Medium,3.033333333333333,2,251.21,9,1,0,Monitor
14236,0,0.4573671,Medium,191.75069444444443,4,1253.78,29,1,0,Monitor
15530,0,0.45665783,Medium,66.06527777777778,2,859.46,71,1,0,Monitor
14199,1,0.45632938,Medium,37.9625,4,1091.7,15,1,0,Monitor
17041,0,0.4558578,Medium,180.04652777777778,4,888.21,58,1,0,Monitor
17883,0,0.4557225,Medium,65.73194444444445,4,443.43,46,1,0,Monitor
12528,0,0.45544854,Medium,96.04444444444444,2,771.66,38,1,0,Monitor
14693,1,0.45520437,Medium,84.0,7,1165.36,43,1,0,Monitor
14353,1,0.4550615,Medium,34.86388888888889,3,376.5,18,1,0,Monitor
17768,0,0.45489207,Medium,206.9638888888889,4,1210.83,69,1,0,Monitor
18096,0,0.4548287,Medium,261.9555555555556,3,808.81,154,1,0,Monitor
18181,0,0.45471796,Medium,219.83263888888888,4,821.49,119,1,0,Monitor
17556,1,0.4546875,Medium,25.084722222222226,2,300.67,13,1,0,Monitor
14510,1,0.45458785,Medium,195.00277777777777,3,979.85,67,1,0,Monitor
13235,1,0.454113,Medium,31.81736111111111,1,1031.07,53,0,0,Monitor
16031,0,0.45393652,Medium,66.93541666666667,1,305.63,39,0,0,Monitor
12870,1,0.45371932,Medium,194.9638888888889,3,1676.95,85,1,0,Monitor
15655,1,0.45293137,Medium,62.89236111111112,1,560.67,34,0,0,Monitor
17194,1,0.45283437,Medium,93.03125,3,812.5,57,1,0,Monitor
13980,0,0.45279306,Medium,258.99444444444447,4,568.68,47,1,0,Monitor
15424,1,0.4525543,Medium,73.99166666666666,3,597.78,33,1,0,Monitor
13891,1,0.45248467,Medium,197.8701388888889,3,859.21,97,1,0,Monitor
16521,1,0.45238906,Medium,234.98680555555555,3,1140.11,212,1,0,Monitor
12915,0,0.45227966,Medium,192.01180555555555,3,811.1,40,1,0,Monitor
16148,1,0.45209825,Medium,115.95069444444444,2,386.62,9,1,0,Monitor
17483,0,0.45206332,Medium,2.7152777777777777,2,332.79,14,1,0,Monitor
13566,0,0.45198858,Medium,254.01597222222225,3,831.76,159,1,0,Monitor
16384,0,0.45172405,Medium,83.10902777777778,3,1183.55,71,1,0,Monitor
13140,0,0.45147058,Medium,185.9013888888889,3,790.71,68,1,0,Monitor
12434,0,0.45143574,Medium,79.98958333333333,2,583.54,34,1,0,Monitor
15393,0,0.4513665,Medium,100.82777777777778,4,783.58,35,1,0,Monitor
14327,0,0.45120993,Medium,201.89305555555555,5,1583.28,89,1,0,Monitor
17862,1,0.45111996,Medium,143.01875,4,1254.89,90,1,0,Monitor
14170,1,0.45094433,Medium,194.98611111111111,3,570.18,123,1,0,Monitor
17198,0,0.45059788,Medium,184.96944444444443,2,521.66,73,1,0,Monitor
16690,0,0.4496476,Medium,21.08125,3,213.95,7,1,0,Monitor
17991,1,0.4493794,Medium,44.86944444444445,3,300.3,37,1,0,Monitor
14570,1,0.4493743,Medium,100.07777777777778,3,613.75,64,1,0,Monitor
12593,0,0.44893762,Medium,38.13958333333333,1,236.0,11,0,0,Monitor
13253,0,0.44864255,Medium,158.8798611111111,3,2397.19,55,1,1,Monitor
16934,0,0.4482573,Medium,203.04930555555555,4,1152.11,77,1,0,Monitor
13443,1,0.4480537,Medium,268.0131944444444,6,1273.16,176,1,0,Monitor
17235,0,0.4477447,Medium,191.96666666666667,7,1354.82,41,1,0,Monitor
12413,0,0.44771326,Medium,55.886805555555554,3,805.25,37,1,0,Monitor
15425,1,0.44729108,Medium,219.77569444444444,4,1941.12,114,1,0,Monitor
17814,1,0.44701475,Medium,194.9368055555556,2,1609.37,112,1,0,Monitor
16643,1,0.44671103,Medium,65.18472222222222,2,923.11,48,1,0,Monitor
13104,0,0.44663435,Medium,86.97430555555556,5,824.34,5,1,0,Monitor
15676,0,0.4465289,Medium,103.1048611111111,1,897.8,61,0,0,Monitor
14037,0,0.44645637,Medium,184.04930555555555,5,801.55,95,1,0,Monitor
15652,0,0.44636846,Medium,206.9,4,1068.2,76,1,0,Monitor
13101,1,0.4463374,Medium,53.925694444444446,4,695.4,48,1,0,Monitor
16457,1,0.44615114,Medium,37.97986111111111,1,208.36,9,0,0,Monitor
15879,1,0.44610298,Medium,223.85347222222225,4,1137.8,171,1,0,Monitor
14481,0,0.44590607,Medium,106.95625,4,1951.04,106,1,0,Monitor
12353,1,0.44547075,Medium,23.79375,2,406.76,23,1,0,Monitor
16317,0,0.44535485,Medium,116.93055555555556,3,1421.62,69,1,0,Monitor
16566,0,0.4451128,Medium,12.179166666666667,2,280.12,6,1,0,Monitor
16445,0,0.44506365,Medium,206.05069444444445,3,352.65,93,1,0,Monitor
12354,1,0.44453084,Medium,51.985416666666666,1,1079.4,58,0,0,Monitor
14953,0,0.44448552,Medium,237.9986111111111,3,685.65,153,1,0,Monitor
17307,1,0.44428095,Medium,214.96527777777777,11,3999.89,22,1,1,Monitor
15664,0,0.44348362,Medium,268.7784722222222,3,867.6,46,1,0,Monitor
12424,0,0.44333634,Medium,242.09791666666663,2,1579.07,59,1,0,Monitor
13371,1,0.4432966,Medium,324.80347222222224,2,2297.66,75,1,1,Monitor
14267,0,0.44316247,Medium,79.99861111111112,2,836.36,15,0,0,Monitor
17025,0,0.44238737,Medium,192.87777777777777,4,1152.87,28,1,0,Monitor
17561,0,0.44225737,Medium,210.00972222222225,3,537.9,129,1,0,Monitor
16205,0,0.44224507,Medium,216.02291666666667,3,1062.48,89,1,0,Monitor
14805,0,0.44218814,Medium,133.08819444444444,4,645.4,82,1,0,Monitor
15651,0,0.44217253,Medium,80.1625,3,840.08,44,1,0,Monitor
13753,1,0.44214842,Medium,107.00138888888888,4,2094.57,64,1,1,Monitor
16022,1,0.4415206,Medium,79.98194444444445,1,602.63,68,0,0,Monitor
14834,0,0.44092774,Medium,59.90972222222222,2,729.55,28,1,0,Monitor
12926,1,0.4409098,Medium,230.8701388888889,4,1523.97,202,1,0,Monitor
12458,0,0.4408891,Medium,104.07986111111111,3,1272.01,58,1,0,Monitor
13857,1,0.4408522,Medium,212.99722222222223,6,1001.01,99,1,0,Monitor
17890,1,0.44061768,Medium,142.06319444444443,2,586.89,88,1,0,Monitor
16292,0,0.44051754,Medium,199.97847222222225,4,951.51,38,1,0,Monitor
17601,1,0.44033143,Medium,58.78333333333333,2,413.08,69,1,0,Monitor
17860,1,0.44021773,Medium,188.00625,4,717.39,127,1,0,Monitor
15146,0,0.44020495,Medium,110.98819444444445,1,834.22,63,0,0,Monitor
15852,1,0.44020084,Medium,6.061111111111111,3,257.26,31,1,0,Monitor
17189,0,0.4401406,Medium,178.80694444444444,4,796.45,87,1,0,Monitor
13665,1,0.44005802,Medium,205.98888888888888,3,1711.66,97,1,0,Monitor
12511,1,0.44001094,Medium,248.09097222222223,1,3084.02,190,0,1,Monitor
14823,0,0.4395092,Medium,13.949305555555556,2,210.65,38,0,0,Monitor
16903,0,0.4392848,Medium,199.91319444444449,2,678.55,107,1,0,Monitor
16471,1,0.43923232,Medium,94.13125,4,1189.98,48,1,0,Monitor
15944,1,0.439037,Medium,96.09513888888888,4,2164.24,25,1,1,Monitor
13606,0,0.4388976,Medium,62.99861111111111,2,246.63,37,1,0,Monitor
14460,0,0.4384995,Medium,130.03819444444446,7,689.16,23,1,0,Monitor
15246,1,0.4379237,Medium,57.920138888888886,3,780.4,45,1,0,Monitor
17545,0,0.43785238,Medium,209.88888888888889,3,767.54,112,1,0,Monitor
14136,1,0.43739218,Medium,220.03958333333333,5,1570.81,86,1,0,Monitor
12942,0,0.43735513,Medium,17.065277777777776,2,396.52,23,1,0,Monitor
15826,0,0.43697926,Medium,30.0875,2,1663.97,66,1,0,Monitor
15691,1,0.43652207,Medium,71.90069444444444,4,571.3,12,1,0,Monitor
13956,0,0.43648583,Medium,62.86527777777778,2,290.32,49,1,0,Monitor
14272,0,0.436124,Medium,73.95347222222222,3,614.94,38,1,0,Monitor
14104,0,0.43569484,Medium,208.98402777777775,3,527.3199999999999,100,1,0,Monitor
16898,0,0.43495354,Medium,188.01875,3,496.26,110,1,0,Monitor
13567,1,0.43485904,Medium,247.9993055555556,4,1079.29,180,1,0,Monitor
13819,1,0.43432918,Medium,121.09166666666668,6,2642.35,47,1,1,Monitor
17241,1,0.43420154,Medium,204.9923611111111,12,2736.64,116,1,1,Monitor
16647,0,0.43415368,Medium,24.138194444444444,3,455.59,25,1,0,Monitor
13292,0,0.4341117,Medium,103.90972222222224,4,665.14,41,1,0,Monitor
12875,0,0.43360862,Medium,182.0326388888889,4,1307.52,2,1,0,Monitor
15994,0,0.4334561,Medium,231.025,2,761.4100000000001,69,1,0,Monitor
16054,0,0.43337682,Medium,238.05,3,1327.98,49,1,0,Monitor
16419,0,0.43328232,Medium,94.9173611111111,4,1021.92,48,1,0,Monitor
14290,0,0.43315035,Medium,181.1013888888889,4,2979.4700000000003,59,1,1,Monitor
14342,0,0.43307567,Medium,29.95833333333333,3,559.48,18,1,0,Monitor
15724,1,0.43291909,Medium,20.92361111111111,3,310.85,17,1,0,Monitor
13497,1,0.43289912,Medium,102.15694444444443,6,1166.83,52,1,0,Monitor
17035,1,0.432791,Medium,65.06041666666667,4,613.59,29,1,0,Monitor
14998,0,0.432661,Medium,60.84861111111111,3,521.95,85,1,0,Monitor
13377,1,0.43229836,Medium,216.02083333333331,2,1552.88,71,1,0,Monitor
13035,0,0.43226165,Medium,80.1451388888889,2,775.32,22,1,0,Monitor
15147,1,0.4321463,Medium,59.87013888888889,1,623.5,28,0,0,Monitor
13705,0,0.43200734,Medium,193.09791666666663,5,1323.47,43,1,0,Monitor
14994,1,0.43174207,Medium,201.99375,5,946.72,233,1,0,Monitor
16193,1,0.43173423,Medium,56.045138888888886,2,630.43,38,1,0,Monitor
13542,1,0.43152723,Medium,196.05972222222223,17,3959.49,98,1,1,Monitor
16637,0,0.43144724,Medium,45.10416666666666,1,303.62,16,0,0,Monitor
14273,0,0.4311728,Medium,37.18402777777778,2,218.7,10,1,0,Monitor
13398,1,0.43074852,Medium,11.98125,2,670.34,37,1,0,Monitor
15925,1,0.4307431,Medium,13.885416666666666,1,207.15,12,0,0,Monitor
13626,1,0.43030772,Medium,72.11458333333333,2,707.04,44,1,0,Monitor
12654,0,0.43002176,Medium,17.088194444444444,3,337.75,19,1,0,Monitor
13005,0,0.42986944,Medium,65.97083333333333,3,807.63,38,1,0,Monitor
12402,1,0.42970288,Medium,142.95902777777778,6,1256.9,43,1,0,Monitor
17084,0,0.4295283,Medium,215.9375,1,2253.22,132,0,1,Monitor
12978,1,0.42934212,Medium,204.93125,5,2502.82,126,1,1,Monitor
18025,1,0.42923462,Medium,199.0090277777778,6,1177.72,83,1,0,Monitor
17356,1,0.4290683,Medium,131.0715277777778,5,946.47,73,1,0,Monitor
15384,0,0.42900726,Medium,179.05277777777778,3,1688.95,77,1,0,Monitor
16441,0,0.42888078,Medium,110.80208333333331,4,848.93,60,1,0,Monitor
14759,0,0.4284795,Medium,52.07986111111112,1,572.25,35,0,0,Monitor
17076,0,0.4281209,Medium,93.16041666666666,5,735.87,27,1,0,Monitor
13837,1,0.4277339,Medium,31.02777777777778,2,266.59000000000003,17,1,0,Monitor
15223,1,0.42692125,Medium,45.05486111111111,5,1417.95,26,1,0,Monitor
15717,1,0.4267554,Medium,53.97847222222222,5,607.0,17,1,0,Monitor
17097,0,0.42654952,Medium,143.97083333333333,3,476.58,97,1,0,Monitor
17531,1,0.4261913,Medium,9.73125,3,1266.82,54,1,0,Monitor
16256,1,0.42617765,Medium,86.02222222222223,3,1629.37,27,1,0,Monitor
16356,1,0.4260315,Medium,17.040972222222223,6,415.87,27,1,0,Monitor
17864,0,0.42536354,Medium,95.04583333333332,3,522.57,57,1,0,Monitor
15048,0,0.4252247,Medium,40.04861111111112,2,254.25,58,1,0,Monitor
13939,0,0.42494026,Medium,131.05555555555554,5,1176.91,62,1,0,Monitor
16657,0,0.42483735,Medium,74.03333333333333,1,215.43,65,0,0,Monitor
12863,0,0.42479366,Medium,198.79375,5,2271.35,23,1,1,Monitor
14861,0,0.42399532,Medium,200.0638888888889,9,1254.94,58,1,0,Monitor
16012,0,0.42391282,Medium,220.96041666666667,2,1563.3,138,1,0,Monitor
13138,0,0.42358515,Medium,60.11875,3,698.47,31,1,0,Monitor
15389,0,0.4229062,Medium,219.72708333333333,4,2233.8,2,1,1,Monitor
13512,1,0.42255595,Medium,80.11597222222223,4,713.39,31,1,0,Monitor
16159,1,0.42248595,Medium,101.01597222222222,4,1232.79,31,1,0,Monitor
16104,0,0.42223802,Medium,238.09444444444443,8,2476.25,162,1,1,Monitor
13070,1,0.4219757,Medium,11.961805555555555,4,751.7,12,1,0,Monitor
17176,1,0.42175078,Medium,21.00625,3,902.32,37,1,0,Monitor
16109,1,0.4216267,Medium,38.14791666666667,3,939.48,30,1,0,Monitor
13865,0,0.42151403,Medium,6.198611111111111,2,282.52,17,1,0,Monitor
13214,1,0.4214209,Medium,237.11805555555557,7,3264.23,207,1,1,Monitor
17290,0,0.42140937,Medium,201.0673611111111,6,974.95,96,1,0,Monitor
17062,1,0.421361,Medium,133.07569444444445,6,889.75,82,1,0,Monitor
16835,0,0.42109212,Medium,192.81597222222223,5,1357.56,54,1,0,Monitor
15261,0,0.42092675,Medium,201.15069444444444,3,1253.18,70,1,0,Monitor
15157,0,0.42082915,Medium,177.9625,3,1803.5,81,1,0,Monitor
17018,0,0.42075223,Medium,145.16944444444445,5,1772.6,18,1,0,Monitor
13295,1,0.42058644,Medium,179.06180555555557,4,1101.97,56,1,0,Monitor
17394,1,0.42056745,Medium,38.977777777777774,1,203.87,4,0,0,Monitor
14350,1,0.42051128,Medium,93.94166666666666,3,972.03,55,1,0,Monitor
16792,1,0.42009678,Medium,101.92291666666668,5,623.46,90,1,0,Monitor
13476,0,0.41996667,Medium,100.92152777777778,4,1550.6,61,1,0,Monitor
16961,0,0.41995004,Medium,207.8423611111111,2,560.39,38,1,0,Monitor
13786,1,0.41984227,Medium,186.95625,6,3127.99,80,1,1,Monitor
15476,1,0.4197064,Medium,199.89791666666667,4,2209.98,67,1,1,Monitor
17988,0,0.41958773,Medium,146.03541666666666,8,353.41,92,1,0,Monitor
15276,0,0.41947106,Medium,213.86319444444445,3,491.17,115,1,0,Monitor
16083,0,0.41927746,Medium,180.04097222222222,3,1371.78,51,1,0,Monitor
17443,1,0.4191469,Medium,39.08541666666667,1,534.24,1,0,0,Monitor
15494,0,0.4188524,Medium,297.8305555555556,3,2422.02,219,1,1,Monitor
17212,1,0.41881832,Medium,72.71388888888889,3,794.41,29,1,0,Monitor
14608,0,0.41824985,Medium,181.91736111111112,8,1771.79,10,1,0,Monitor
15101,0,0.41819647,Medium,178.99722222222223,5,1262.69,48,1,0,Monitor
16399,0,0.41814393,Medium,54.96111111111111,2,400.61,65,1,0,Monitor
12616,0,0.4180164,Medium,116.93958333333332,2,673.4,26,1,0,Monitor
17465,1,0.41795763,Medium,245.0375,7,2542.79,103,1,1,Monitor
14419,0,0.4178024,Medium,72.04375,3,509.99,53,1,0,Monitor
13276,0,0.41775182,Medium,216.93958333333333,3,1300.98,184,1,0,Monitor
12725,1,0.41769883,Medium,190.87847222222223,4,2266.76,92,1,1,Monitor
17548,1,0.41712594,Medium,53.03402777777778,4,731.26,22,1,0,Monitor
15780,1,0.416866,Medium,3.0340277777777778,3,475.28,26,1,0,Monitor
16113,1,0.416786,Medium,2.8569444444444443,1,161.38,30,0,0,Monitor
14157,0,0.41596383,Medium,104.99027777777778,4,822.98,68,1,0,Monitor
17289,0,0.41571516,Medium,195.96527777777777,6,1110.78,130,1,0,Monitor
17436,0,0.41570976,Medium,46.05347222222223,4,440.16,5,1,0,Monitor
17492,1,0.41554844,Medium,67.8951388888889,3,1122.42,32,1,0,Monitor
14544,0,0.41545138,Medium,181.0,2,2036.0,111,1,1,Monitor
15847,0,0.4151571,Medium,107.83611111111112,4,613.98,28,1,0,Monitor
17800,0,0.4149343,Medium,37.00416666666667,3,354.85,18,1,0,Monitor
14857,0,0.41472393,Medium,261.9451388888889,5,2478.731,125,1,1,Monitor
16036,0,0.41429263,Medium,82.99236111111111,3,1986.65,88,1,1,Monitor
14439,1,0.41412422,Medium,139.04930555555555,5,9443.04,105,1,1,Monitor
14379,0,0.41409126,Medium,114.90763888888888,3,1028.04,75,1,0,Monitor
18259,0,0.41394782,Medium,185.96666666666667,5,1979.6,36,1,1,Monitor
13684,1,0.41392127,Medium,105.10902777777778,4,594.88,81,1,0,Monitor
12724,0,0.41326553,Medium,151.90972222222223,4,1441.01,69,1,0,Monitor
12626,0,0.41323468,Medium,135.9638888888889,2,1274.1,57,1,0,Monitor
17898,0,0.41314334,Medium,26.81736111111111,3,246.96,41,1,0,Monitor
14855,0,0.41296697,Medium,293.9673611111112,5,5874.65,156,1,1,Monitor
17081,0,0.4127402,Medium,215.00416666666663,4,660.48,121,1,0,Monitor
13548,0,0.41271323,Medium,63.052083333333336,2,504.29,117,1,0,Monitor
15863,0,0.41148505,Medium,12.051388888888887,4,295.46,58,1,0,Monitor
14882,0,0.4114499,Medium,209.99027777777775,12,2956.9500000000003,31,1,1,Monitor
15638,1,0.41052324,Medium,198.0402777777778,6,2265.2,20,1,1,Monitor
15656,0,0.4103663,Medium,40.02291666666667,2,306.86,19,1,0,Monitor
15173,1,0.41011584,Medium,200.10347222222225,7,1494.6,68,1,0,Monitor
16042,0,0.4097546,Medium,151.97569444444446,4,1092.8,50,1,0,Monitor
15210,1,0.40957567,Medium,44.860416666666666,3,1176.19,66,1,0,Monitor
15551,0,0.4094782,Medium,213.94861111111112,6,1243.75,95,1,0,Monitor
15466,0,0.40905017,Medium,209.0,3,1225.93,172,1,0,Monitor
14326,1,0.40889204,Medium,61.90694444444444,3,940.98,54,1,0,Monitor
13404,0,0.4087908,Medium,32.03680555555555,1,217.81,9,0,0,Monitor
18071,1,0.40857458,Medium,77.03541666666666,6,1169.68,52,1,0,Monitor
15258,0,0.40807927,Medium,36.94027777777778,1,315.66,16,0,0,Monitor
16623,1,0.40804353,Medium,65.11180555555555,4,1015.24,44,1,0,Monitor
14431,1,0.40797353,Medium,122.09027777777776,4,2614.2,72,1,1,Monitor
14714,0,0.4078374,Medium,226.79444444444445,3,746.05,59,1,0,Monitor
13720,0,0.40761852,Medium,57.89791666666667,2,432.1,26,1,0,Monitor
13259,0,0.40758738,Medium,217.07916666666668,8,1119.36,181,1,0,Monitor
13221,1,0.4067285,Medium,59.827777777777776,2,847.41,62,1,0,Monitor
17950,0,0.4066505,Medium,184.89583333333331,6,947.26,110,1,0,Monitor
13258,0,0.4057917,Medium,24.985416666666666,3,535.4699999999999,14,1,0,Monitor
15978,0,0.40529877,Medium,251.94583333333333,2,2180.64,72,1,1,Monitor
16386,0,0.40519345,Medium,73.02152777777778,2,826.69,55,1,0,Monitor
14167,0,0.40505436,Medium,82.88680555555555,6,970.7,41,1,0,Monitor
13803,1,0.40484262,Medium,74.99513888888889,3,1338.91,73,1,0,Monitor
12615,0,0.4048285,Medium,233.12847222222223,4,3449.79,147,1,1,Monitor
14500,0,0.40453583,Medium,9.1125,1,284.85,4,0,0,Monitor
14479,1,0.40413904,Medium,73.15486111111112,4,1124.71,127,1,0,Monitor
16340,0,0.40360186,Medium,258.9993055555556,2,961.93,170,1,0,Monitor
16411,0,0.40357685,Medium,188.975,3,673.24,119,1,0,Monitor
13282,0,0.40248236,Medium,40.03263888888889,2,525.75,27,1,0,Monitor
12811,1,0.40226525,Medium,80.13055555555556,5,1033.9,47,1,0,Monitor
16998,0,0.40160108,Medium,23.93055555555556,4,394.1,2,1,0,Monitor
15092,1,0.40130514,Medium,34.94444444444444,3,776.46,39,1,0,Monitor
15253,0,0.40116435,Medium,222.9611111111111,3,1136.89,58,1,0,Monitor
13431,0,0.40115893,Medium,225.9451388888889,6,2047.14,74,1,1,Monitor
15917,1,0.40108466,Medium,67.09027777777777,5,530.17,127,1,0,Monitor
14130,1,0.4010669,Medium,138.86458333333334,4,1858.77,189,1,0,Monitor
13693,1,0.40084836,Medium,193.77013888888888,9,2011.82,78,1,1,Monitor
13501,1,0.40077725,Medium,107.74375,3,2885.11,90,1,1,Monitor
13032,0,0.40057635,Medium,212.00069444444443,7,1805.78,110,1,0,Monitor
14191,0,0.3998993,Medium,4.111111111111111,5,919.6,30,1,0,Monitor
12591,1,0.39980802,Medium,136.92708333333334,3,1338.95,63,1,0,Monitor
17540,0,0.39925212,Medium,135.92708333333334,5,1280.5,35,1,0,Monitor
13569,0,0.39904472,Medium,187.0145833333333,3,497.74,103,1,0,Monitor
16916,0,0.3990374,Medium,191.9833333333333,3,536.04,100,1,0,Monitor
15594,0,0.39890674,Medium,54.1125,1,267.91,15,0,0,Monitor
15272,0,0.398504,Medium,269.82152777777776,4,1309.01,209,1,0,Monitor
17765,0,0.3984305,Medium,30.011111111111116,3,414.67,60,1,0,Monitor
18039,1,0.39818588,Medium,193.98819444444445,4,548.22,137,1,0,Monitor
16730,0,0.39789808,Medium,54.00625,2,480.94,35,1,0,Monitor
17361,0,0.3977734,Medium,5.95,4,647.51,41,1,0,Monitor
12349,0,0.3973215,Medium,227.18541666666667,3,2671.14,90,1,1,Monitor
14382,0,0.39725238,Medium,209.84583333333333,1,578.14,137,0,0,Monitor
15289,0,0.39647785,Medium,69.00416666666666,3,1028.76,45,1,0,Monitor
18190,1,0.39619225,Medium,11.918055555555556,5,745.62,34,1,0,Monitor
13297,0,0.39603218,Medium,204.95902777777775,3,2278.77,58,1,1,Monitor
15143,1,0.39560187,Medium,45.03263888888889,2,563.63,27,1,0,Monitor
14220,1,0.39523536,Medium,66.97708333333334,4,1515.0,26,1,0,Monitor
18196,0,0.39517158,Medium,109.85902777777778,3,1221.34,160,1,0,Monitor
14198,0,0.39501363,Medium,58.91388888888889,6,1051.63,41,1,0,Monitor
14240,0,0.39488864,Medium,45.04861111111112,2,584.0,26,1,0,Monitor
16392,1,0.39473754,Medium,89.02708333333334,3,756.7,125,1,0,Monitor
13592,0,0.39451882,Medium,25.150694444444444,3,205.51,12,1,0,Monitor
16203,0,0.3944035,Medium,46.90833333333333,4,669.24,47,1,0,Monitor
14880,0,0.39435,Medium,4.974305555555556,2,347.67,25,1,0,Monitor
17796,0,0.39428452,Medium,133.00555555555556,6,1160.49,147,1,0,Monitor
13135,1,0.39373818,Medium,16.081944444444446,2,3371.45,18,1,1,Monitor
14538,0,0.39364174,Medium,75.91180555555556,4,1089.09,30,1,0,Monitor
16398,0,0.39316583,Medium,73.13333333333334,1,1169.95,63,0,0,Monitor
12865,0,0.3927954,Medium,197.8840277777778,2,1755.24,93,1,0,Monitor
14321,0,0.39238113,Medium,153.05208333333334,3,1014.13,84,1,0,Monitor
16551,0,0.39222285,Medium,156.1013888888889,5,1626.07,54,1,0,Monitor
17374,1,0.39175627,Medium,38.15625,3,727.11,34,1,0,Monitor
16943,1,0.39162913,Medium,31.03680555555556,5,1299.49,24,1,0,Monitor
16391,1,0.39161134,Medium,220.01597222222225,4,1052.26,261,1,0,Monitor
15380,0,0.39151046,Medium,184.90902777777777,7,1788.8,6,1,0,Monitor
13686,1,0.39142525,Medium,2.1527777777777777,3,409.04,27,1,0,Monitor
17031,0,0.39098498,Medium,197.89791666666667,4,2393.5,22,1,1,Monitor
12917,0,0.39096904,Medium,219.8708333333333,5,3765.2,44,1,1,Monitor
12357,0,0.39044866,Medium,207.93125,2,12079.99,165,0,1,Monitor
18276,0,0.3895588,Medium,212.11041666666668,5,1320.66,69,1,0,Monitor
12878,1,0.3893071,Medium,55.988194444444446,2,854.99,38,1,0,Monitor
14508,0,0.38915917,Medium,195.97847222222225,3,554.87,100,1,0,Monitor
12790,1,0.38884342,Medium,11.941666666666666,2,591.85,36,1,0,Monitor
14377,1,0.3878938,Medium,10.970833333333331,2,617.05,11,1,0,Monitor
17594,0,0.387819,Medium,74.09583333333333,3,1819.7,52,1,0,Monitor
16261,0,0.387752,Medium,65.73958333333333,3,565.14,83,1,0,Monitor
17676,0,0.38705632,Medium,185.95902777777775,5,1378.16,57,1,0,Monitor
14754,0,0.3868478,Medium,115.0201388888889,5,1138.15,90,1,0,Monitor
15304,0,0.38655794,Medium,38.13958333333333,6,483.6,5,1,0,Monitor
12377,1,0.3865324,Medium,134.87847222222223,4,3426.32,129,1,1,Monitor
17142,1,0.38638437,Medium,58.769444444444446,4,1275.25,78,1,0,Monitor
13301,0,0.3860148,Medium,42.03819444444444,2,327.77,40,1,0,Monitor
14656,0,0.38564253,Medium,102.9798611111111,4,632.0600000000001,112,1,0,Monitor
15582,0,0.3854671,Medium,39.96805555555556,1,303.61,22,0,0,Monitor
18161,0,0.3854431,Medium,72.18611111111112,3,730.73,31,1,0,Monitor
15230,1,0.3852215,Medium,58.92430555555556,2,429.6,23,1,0,Monitor
13636,0,0.3850393,Medium,72.02847222222222,3,541.45,32,1,0,Monitor
16794,0,0.385032,Medium,200.00347222222223,5,856.1999999999999,151,1,0,Monitor
14869,0,0.3848339,Medium,207.9451388888889,4,2056.69,136,1,1,Monitor
16948,0,0.38466844,Medium,81.18333333333334,6,674.2900000000001,17,1,0,Monitor
14399,1,0.38428926,Medium,213.97708333333333,8,2108.21,119,1,1,Monitor
16795,1,0.3842279,Medium,184.94583333333333,3,2062.41,306,1,1,Monitor
12535,0,0.38375893,Medium,6.002083333333333,1,371.45,18,0,0,Monitor
15406,0,0.38357905,Medium,120.85416666666669,3,717.45,101,1,0,Monitor
13427,0,0.38318837,Medium,34.86944444444445,4,638.4300000000001,23,1,0,Monitor
12993,0,0.3825805,Medium,27.09861111111111,6,1020.17,54,1,0,Monitor
16810,1,0.38254774,Medium,11.8875,2,842.0400000000001,34,1,0,Monitor
13760,0,0.3824351,Medium,75.99861111111112,4,1211.94,80,1,0,Monitor
15891,1,0.38237673,Medium,46.01041666666666,1,511.68,60,0,0,Monitor
15392,0,0.38220453,Medium,179.875,4,1715.07,54,1,0,Monitor
13849,0,0.38220334,Medium,217.02569444444444,3,1931.35,108,1,0,Monitor
14918,0,0.38212124,Medium,224.00625,7,4345.66,64,1,1,Monitor
15329,0,0.3819748,Medium,194.05972222222223,8,1909.13,60,1,0,Monitor
17571,0,0.38189366,Medium,97.04583333333332,3,563.54,95,1,0,Monitor
13892,0,0.3816753,Medium,66.03194444444445,3,689.1999999999999,11,1,0,Monitor
16693,0,0.38129872,Medium,91.07222222222222,4,855.03,117,1,0,Monitor
13155,0,0.3809848,Medium,146.06180555555557,4,967.92,68,1,0,Monitor
15590,1,0.3807673,Medium,201.91736111111112,5,1496.6,75,1,0,Monitor
12990,0,0.38074213,Medium,4.932638888888889,6,809.9,6,1,0,Monitor
14247,1,0.38046965,Medium,97.8951388888889,5,753.56,82,1,0,Monitor
17203,0,0.38028657,Medium,207.98819444444445,4,2004.01,84,0,1,Monitor
13227,1,0.3798395,Medium,21.04375,1,257.7,9,0,0,Monitor
17822,1,0.379672,Medium,239.96041666666667,5,2162.93,152,1,1,Monitor
16014,0,0.37917635,Medium,110.79722222222222,3,707.08,168,1,0,Monitor
17817,0,0.3791095,Medium,96.79722222222222,5,670.17,97,1,0,Monitor
16227,1,0.37904945,Medium,44.97013888888889,3,1027.22,28,1,0,Monitor
16096,1,0.3785344,Medium,83.96666666666667,4,1584.97,58,1,0,Monitor
16233,0,0.37822774,Medium,149.09652777777777,8,1608.13,37,1,0,Monitor
17051,1,0.37820333,Medium,13.942361111111111,4,706.49,107,1,0,Monitor
14075,0,0.3782005,Medium,80.84375,4,1100.53,48,1,0,Monitor
16134,0,0.37792337,Medium,178.95138888888889,4,1810.78,71,1,0,Monitor
16955,1,0.37742585,Medium,4.093055555555556,6,1120.31,33,1,0,Monitor
13823,0,0.37690127,Medium,199.97083333333333,5,2445.79,91,1,1,Monitor
13656,0,0.3768911,Medium,156.88055555555556,3,861.9,64,1,0,Monitor
15580,1,0.3763026,Medium,196.07638888888889,8,1375.39,150,1,0,Monitor
16718,1,0.37588197,Medium,188.9909722222222,5,3006.08,123,1,1,Monitor
13506,1,0.3757522,Medium,135.95625,5,1338.08,55,1,0,Monitor
14673,0,0.37567028,Medium,187.00069444444443,3,1674.41,65,1,0,Monitor
15679,0,0.37566155,Medium,2.1847222222222222,1,178.22,13,0,0,Monitor
17984,0,0.37565333,Medium,211.9423611111111,4,999.51,165,1,0,Monitor
13648,1,0.37562522,Medium,219.91944444444445,8,1764.02,95,1,0,Monitor
15822,0,0.37525547,Medium,178.96666666666667,5,1394.79,34,1,0,Monitor
17043,0,0.3751956,Medium,85.91458333333334,5,1033.07,97,1,0,Monitor
13874,1,0.37510043,Medium,177.77083333333334,7,2049.15,46,1,1,Monitor
14818,0,0.37440267,Medium,73.01527777777778,4,614.01,62,1,0,Monitor
17955,1,0.37425396,Medium,18.03472222222222,6,949.9,16,1,0,Monitor
17639,1,0.37421453,Medium,95.89444444444445,6,615.17,59,1,0,Monitor
16372,0,0.37349653,Medium,228.99722222222223,3,934.58,203,1,0,Monitor
12619,0,0.3734772,Medium,53.95,3,771.8,21,1,0,Monitor
17214,0,0.3733789,Medium,68.84861111111111,4,611.97,56,1,0,Monitor
14000,1,0.37259787,Medium,30.83333333333333,5,2046.34,28,1,1,Monitor
13951,0,0.37247872,Medium,55.97916666666666,2,516.05,32,1,0,Monitor
17572,0,0.3717633,Medium,58.02777777777778,8,577.6600000000001,14,1,0,Monitor
13456,0,0.37129563,Medium,26.886111111111116,1,207.66,13,0,0,Monitor
16727,1,0.37107226,Medium,183.9597222222222,4,1377.77,158,1,0,Monitor
16725,1,0.37102607,Medium,121.83194444444445,14,1688.26,242,1,0,Monitor
16915,0,0.37092927,Medium,67.95972222222223,7,1088.29,35,1,0,Monitor
12728,0,0.37079585,Medium,76.98819444444445,4,851.15,39,1,0,Monitor
16493,0,0.37060347,Medium,104.88055555555556,5,1148.26,54,1,0,Monitor
14672,1,0.370583,Medium,54.10486111111111,4,1113.14,93,1,0,Monitor
12871,0,0.37046012,Medium,26.97083333333333,2,495.38,9,1,0,Monitor
13462,1,0.37044394,Medium,72.0625,5,1153.85,64,1,0,Monitor
14985,1,0.37041846,Medium,17.93125,2,292.01,78,1,0,Monitor
13242,0,0.3702334,Medium,33.015277777777776,6,533.0,15,1,0,Monitor
15759,1,0.36935216,Medium,37.90069444444445,7,830.9300000000001,10,1,0,Monitor
13695,0,0.36920974,Medium,8.933333333333334,6,892.52,19,1,0,Monitor
17908,1,0.3690287,Medium,193.04513888888889,5,1142.47,178,1,0,Monitor
15734,0,0.36762106,Medium,19.910416666666663,3,1502.5,22,1,0,Monitor
12787,0,0.36754644,Medium,12.134722222222225,2,556.62,28,1,0,Monitor
12888,1,0.36752018,Medium,33.86666666666667,2,354.12,4,1,0,Monitor
13206,1,0.3675067,Medium,219.83333333333331,13,8308.19,393,1,1,Monitor
16784,0,0.36728764,Medium,196.0368055555556,4,784.73,137,1,0,Monitor
14609,0,0.36715716,Medium,116.02777777777776,7,1028.64,6,1,0,Monitor
15462,0,0.3671203,Medium,6.884722222222222,2,607.45,32,1,0,Monitor
17631,0,0.36692443,Medium,51.977777777777774,5,772.71,49,1,0,Monitor
14691,0,0.3668937,Medium,32.12152777777778,1,439.6,17,0,0,Monitor
17734,0,0.36676195,Medium,53.11527777777778,4,854.67,49,1,0,Monitor
13249,0,0.36648485,Medium,80.89166666666667,7,1189.36,2,1,0,Monitor
18135,0,0.36635053,Medium,9.948611111111113,6,677.53,21,1,0,Monitor
15823,1,0.36604494,Medium,191.90416666666667,3,3882.17,155,1,1,Monitor
13453,0,0.36596867,Medium,109.12916666666666,2,609.71,28,1,0,Monitor
17969,0,0.36593664,Medium,180.88611111111112,19,2251.29,108,1,1,Monitor
17640,0,0.36564696,Medium,198.9326388888889,5,2547.28,47,1,1,Monitor
14644,0,0.36559686,Medium,117.94166666666666,6,1604.46,37,1,0,Monitor
16275,1,0.3655867,Medium,16.00625,3,2151.11,105,1,1,Monitor
13487,0,0.36540154,Medium,32.85486111111111,4,680.27,26,1,0,Monitor
13499,0,0.36503533,Medium,44.91041666666667,2,463.79,18,1,0,Monitor
12690,1,0.36500135,Medium,25.153472222222224,1,389.01,16,0,0,Monitor
18078,1,0.36479416,Medium,36.92916666666667,4,725.53,65,1,0,Monitor
12407,0,0.36449534,Medium,55.01736111111112,2,495.96,23,1,0,Monitor
16777,0,0.36433217,Medium,76.92777777777778,4,1243.08,118,1,0,Monitor
13573,0,0.36431348,Medium,72.91875,5,646.04,54,1,0,Monitor
17787,0,0.3641982,Medium,124.0513888888889,3,1668.52,87,1,0,Monitor
16947,1,0.364008,Medium,55.13333333333333,5,955.21,50,1,0,Monitor
13509,0,0.36359718,Medium,73.99236111111111,4,785.02,23,1,0,Monitor
12897,1,0.36304483,Medium,24.025694444444444,4,514.25,10,1,0,Monitor
16350,0,0.36289123,Medium,153.12916666666666,6,1514.12,59,1,0,Monitor
15747,0,0.36277127,Medium,195.08333333333331,6,1553.17,78,1,0,Monitor
18106,1,0.36272207,Medium,149.01875,6,1441.06,126,1,0,Monitor
15523,0,0.3626456,Medium,207.89097222222225,15,16847.18,63,1,1,Monitor
17664,0,0.36237437,Medium,31.93958333333333,3,887.78,51,1,0,Monitor
15197,0,0.3623406,Medium,72.04166666666667,5,1571.15,35,1,0,Monitor
16595,0,0.36194763,Medium,195.94097222222223,4,1397.59,286,1,0,Monitor
13294,1,0.36187953,Medium,9.16388888888889,3,1689.53,93,1,0,Monitor
15643,1,0.36186737,Medium,11.216666666666669,3,664.0,31,1,0,Monitor
13439,1,0.3610524,Medium,74.9375,3,986.61,132,1,0,Monitor
16619,1,0.36101845,Medium,83.18888888888888,4,1938.33,103,1,0,Monitor
14206,1,0.36099803,Medium,58.84166666666667,3,1185.01,62,1,0,Monitor
14352,0,0.36034274,Medium,54.18958333333333,2,845.32,35,1,0,Monitor
14853,0,0.35992998,Medium,30.897916666666667,4,1115.57,21,1,0,Monitor
15279,1,0.35967124,Medium,174.0847222222222,5,1580.54,74,1,0,Monitor
17302,0,0.3595653,Medium,28.05625,2,303.12,35,1,0,Monitor
14875,0,0.35953915,Medium,82.03958333333334,2,1759.08,47,1,0,Monitor
13492,0,0.35948032,Medium,34.11388888888889,1,315.3,15,0,0,Monitor
16563,0,0.35943463,Medium,219.94375,5,3334.82,46,1,1,Monitor
13474,1,0.35930037,Medium,55.95625,3,646.59,116,1,0,Monitor
14620,1,0.3591397,Medium,25.03611111111111,2,412.78,26,1,0,Monitor
17033,0,0.3587625,Medium,33.86736111111111,3,910.75,22,1,0,Monitor
14005,0,0.3587618,Medium,35.09513888888889,1,187.16,14,0,0,Monitor
17255,0,0.35862797,Medium,118.89722222222224,3,598.48,131,1,0,Monitor
12577,0,0.35850382,Medium,178.85347222222222,6,1186.39,195,1,0,Monitor
17152,1,0.35812917,Medium,14.021527777777775,4,2016.5,9,1,1,Monitor
18022,0,0.35795346,Medium,204.98194444444445,4,894.53,203,1,0,Monitor
12394,0,0.35742465,Medium,36.95069444444445,1,381.08,21,0,0,Monitor
14870,1,0.35710627,Medium,81.0826388888889,6,1838.95,43,1,0,Monitor
14163,0,0.35700658,Medium,18.905555555555555,3,898.5,26,1,0,Monitor
15051,0,0.35641277,Medium,198.8361111111111,6,2543.55,113,1,1,Monitor
15865,0,0.35569534,Medium,33.045833333333334,3,1660.22,99,1,0,Monitor
15068,0,0.35521397,Medium,75.93263888888889,3,861.5,139,1,0,Monitor
12987,0,0.35481384,Medium,17.03472222222222,4,1057.81,48,1,0,Monitor
15436,0,0.3545813,Medium,53.831944444444446,1,484.1,124,0,0,Monitor
15333,1,0.3545449,Medium,27.97430555555556,1,1028.56,16,0,0,Monitor
16418,0,0.35447332,Medium,45.83055555555556,3,543.53,71,1,0,Monitor
12493,0,0.35408685,Medium,16.914583333333333,1,232.5,12,0,0,Monitor
17732,1,0.35381034,Medium,192.1395833333333,8,2166.42,90,1,1,Monitor
13835,0,0.35377887,Medium,34.894444444444446,4,589.15,34,1,0,Monitor
17764,0,0.35374463,Medium,30.860416666666666,4,971.69,76,1,0,Monitor
17027,0,0.35326046,Medium,102.99027777777778,6,866.3,86,1,0,Monitor
18188,0,0.35308957,Medium,109.92152777777778,4,1706.15,65,1,0,Monitor
13223,1,0.35303485,Medium,19.990972222222226,6,969.12,8,1,0,Monitor
16628,0,0.3525441,Medium,37.87916666666667,4,842.96,43,1,0,Monitor
15187,0,0.35247412,Medium,31.959027777777777,1,431.6,9,0,0,Monitor
17410,0,0.3524659,Medium,34.89513888888889,1,302.4,15,0,0,Monitor
16394,0,0.35167584,Medium,67.91597222222222,2,619.3,47,1,0,Monitor
17707,1,0.3515985,Medium,4.907638888888889,8,609.3000000000001,9,1,0,Monitor
13414,0,0.35105577,Medium,116.02569444444444,4,1493.64,27,1,0,Monitor
17341,0,0.35018075,Medium,186.00277777777777,3,1006.53,180,1,0,Monitor
13031,1,0.34999895,Medium,226.88611111111112,5,3292.84,275,1,1,Monitor
16006,1,0.3497179,Medium,30.98472222222222,2,332.82,75,1,0,Monitor
15885,0,0.34883654,Medium,128.89027777777778,13,1587.47,69,1,0,Monitor
18037,0,0.34862387,Medium,44.85208333333333,14,158.22,30,1,0,Monitor
15485,0,0.34781587,Medium,155.8138888888889,6,3514.55,56,1,1,Monitor
14522,0,0.3474906,Medium,17.867361111111112,5,1052.51,27,1,0,Monitor
14555,0,0.34733045,Medium,121.81319444444443,5,2177.83,93,1,1,Monitor
15969,0,0.34720802,Medium,5.021527777777778,3,769.65,23,1,0,Monitor
17742,0,0.3471137,Medium,152.11527777777778,10,2045.94,52,1,1,Monitor
14446,0,0.34633672,Medium,66.02777777777777,2,492.97,113,1,0,Monitor
15265,0,0.34563842,Medium,55.02361111111111,3,2551.76,146,1,1,Monitor
16805,0,0.3454751,Medium,179.96875,4,845.52,181,1,0,Monitor
16986,0,0.34523314,Medium,264.90972222222223,9,3015.55,64,1,1,Monitor
16858,1,0.3443481,Medium,188.1236111111111,10,4292.59,75,1,1,Monitor
16698,1,0.3438488,Medium,46.081944444444446,2,1998.0,4,1,1,Monitor
16172,0,0.34375578,Medium,61.03333333333333,4,943.72,54,1,0,Monitor
14653,0,0.34354496,Medium,157.96458333333334,6,2011.22,150,1,1,Monitor
18160,0,0.34313065,Medium,19.964583333333334,2,684.37,41,1,0,Monitor
15453,0,0.3431267,Medium,7.009027777777778,1,194.34,39,0,0,Monitor
14177,0,0.343094,Medium,200.93541666666667,9,1660.23,118,1,0,Monitor
14681,0,0.3426642,Medium,31.08680555555556,4,770.1500000000001,18,1,0,Monitor
14897,0,0.34252203,Medium,116.17569444444445,5,1949.66,65,1,0,Monitor
16593,0,0.34223542,Medium,9.022916666666667,7,996.61,53,1,0,Monitor
17507,1,0.3421136,Medium,81.04305555555555,2,605.58,79,1,0,Monitor
18095,1,0.34209555,Medium,132.0,5,2303.09,37,1,1,Monitor
12754,1,0.34200025,Medium,55.15972222222222,3,3010.74,49,1,1,Monitor
15326,1,0.3416474,Medium,153.05,5,1700.52,94,1,0,Monitor
14591,0,0.3416301,Medium,32.94513888888889,1,204.02,33,0,0,Monitor
17854,1,0.34157813,Medium,4.853472222222222,6,1068.5,113,1,0,Monitor
14715,0,0.34144777,Medium,117.9798611111111,6,1205.52,69,1,0,Monitor
12933,0,0.34131318,Medium,103.05555555555556,6,1139.85,159,1,0,Monitor
17578,1,0.34120333,Medium,37.75833333333333,7,1047.33,57,1,0,Monitor
14916,0,0.34087017,Medium,143.88888888888889,5,2069.02,62,1,1,Monitor
16614,1,0.3407182,Medium,2.051388888888889,3,1179.79,37,1,0,Monitor
16510,1,0.3405571,Medium,191.96597222222223,6,1777.5,94,1,0,Monitor
17282,0,0.34024605,Medium,119.0513888888889,3,1346.98,167,1,0,Monitor
14048,1,0.34020045,Medium,124.91458333333334,3,748.69,126,1,0,Monitor
16224,0,0.33996767,Medium,59.93958333333333,3,864.45,62,1,0,Monitor
14577,0,0.33976987,Medium,52.05486111111111,5,972.45,80,1,0,Monitor
17277,1,0.33931178,Medium,47.00208333333333,2,1065.35,67,1,0,Monitor
13887,1,0.33925313,Medium,23.81111111111111,1,349.55,19,0,0,Monitor
14533,0,0.33924463,Medium,172.0715277777778,5,1950.15,32,1,0,Monitor
15743,0,0.33923373,Medium,4.108333333333333,1,322.55,18,0,0,Monitor
13382,1,0.33904022,Medium,100.11597222222224,5,1387.58,74,1,0,Monitor
12584,0,0.3387948,Medium,4.993055555555555,2,622.74,23,1,0,Monitor
14475,0,0.33876234,Medium,5.988888888888889,3,847.47,28,1,0,Monitor
14320,1,0.338672,Medium,26.14305555555556,5,1346.75,68,1,0,Monitor
12473,0,0.33855182,Medium,11.10763888888889,1,661.6899999999999,34,0,0,Monitor
14512,1,0.3382545,Medium,7.007638888888889,7,1215.97,55,1,0,Monitor
13890,0,0.33824676,Medium,178.13819444444445,5,1233.92,50,1,0,Monitor
14513,0,0.33816934,Medium,26.020138888888887,5,649.77,15,1,0,Monitor
17489,0,0.3379361,Medium,32.05277777777778,1,208.56,16,0,0,Monitor
17926,0,0.33784643,Medium,23.14305555555556,4,849.9300000000001,21,1,0,Monitor
14339,1,0.33768123,Medium,62.07222222222222,2,620.27,21,1,0,Monitor
17746,1,0.33757687,Medium,59.92986111111111,4,904.18,32,1,0,Monitor
17521,0,0.3372635,Medium,18.9,3,714.41,37,1,0,Monitor
13804,0,0.33694586,Medium,109.15347222222222,3,1296.36,69,1,0,Monitor
16163,1,0.33682606,Medium,51.89930555555556,6,2407.98,59,1,1,Monitor
13737,1,0.33677104,Medium,19.84583333333333,1,339.6,29,0,0,Monitor
15325,0,0.3360793,Medium,214.9833333333333,7,1439.72,141,1,0,Monitor
15599,0,0.3359353,Medium,23.98958333333333,2,937.15,58,1,0,Monitor
15623,0,0.33570623,Medium,213.10486111111112,7,2136.02,77,1,1,Monitor
13642,1,0.3355774,Medium,35.01111111111111,4,472.2,93,1,0,Monitor
16624,0,0.33536085,Medium,16.9375,1,426.43,21,0,0,Monitor
16732,0,0.33528647,Medium,222.9701388888889,3,3783.89,177,1,1,Monitor
16838,1,0.33501238,Medium,16.98402777777778,4,1159.61,53,1,0,Monitor
15644,0,0.33470538,Medium,75.89097222222222,3,423.19,85,1,0,Monitor
13196,0,0.3343033,Medium,81.93472222222222,4,1783.19,89,1,0,Monitor
13435,0,0.33409122,Medium,8.821527777777778,3,1081.16,56,1,0,Monitor
14888,1,0.3338685,Medium,26.91111111111111,1,369.2,20,0,0,Monitor
15850,0,0.33373556,Medium,196.0125,4,771.87,197,1,0,Monitor
17621,0,0.33364266,Medium,131.98819444444445,5,2697.0,52,1,1,Monitor
17905,0,0.33356002,Medium,171.85208333333333,11,1772.78,123,1,0,Monitor
15579,0,0.3327675,Medium,133.02847222222223,4,1118.38,125,1,0,Monitor
16416,0,0.33216313,Medium,209.9763888888889,6,1906.48,92,1,0,Monitor
14662,0,0.3318286,Medium,54.016666666666666,6,1147.34,139,1,0,Monitor
14699,1,0.33113256,Medium,33.91388888888889,4,702.6,45,1,0,Monitor
17095,0,0.330895,Medium,118.95694444444445,6,1792.05,83,1,0,Monitor
17321,0,0.33082741,Medium,213.9958333333333,4,1008.05,159,1,0,Monitor
16188,0,0.33029312,Medium,46.08055555555556,3,671.57,46,1,0,Monitor
13384,0,0.33024916,Medium,209.98402777777775,4,2528.9,81,1,1,Monitor
13863,1,0.3301049,Medium,67.10416666666667,4,1239.55,59,1,0,Monitor
16660,0,0.32988304,Medium,30.0875,5,996.26,10,1,0,Monitor
16049,0,0.32979855,Medium,194.92638888888888,3,777.34,175,1,0,Monitor
18235,0,0.32972243,Medium,36.96875,1,430.46,29,0,0,Monitor
13652,0,0.32957914,Medium,76.1451388888889,4,1805.21,102,1,0,Monitor
12582,1,0.32928652,Medium,58.170138888888886,4,1980.4,88,1,1,Monitor
14738,0,0.32885888,Medium,18.81388888888889,6,1033.14,41,1,0,Monitor
15057,1,0.32875776,Medium,94.89791666666666,5,3255.96,62,1,1,Monitor
14976,0,0.3285068,Medium,15.84722222222222,3,450.26,35,1,0,Monitor
15549,0,0.32828635,Medium,135.88333333333333,6,1583.0,94,1,0,Monitor
17850,1,0.32803437,Medium,191.89097222222225,155,51208.87,100,1,1,Monitor
16969,0,0.32776594,Medium,11.02777777777778,1,397.36,27,0,0,Monitor
14866,0,0.32743347,Medium,185.9111111111111,8,6460.32,13,1,1,Monitor
18150,0,0.32722577,Medium,21.085416666666667,1,227.58,14,0,0,Monitor
17423,0,0.32624313,Medium,37.15,2,869.96,28,1,0,Monitor
13546,0,0.32591107,Medium,20.025,3,647.41,58,1,0,Monitor
14959,0,0.32575822,Medium,35.05,2,422.38,31,1,0,Monitor
17044,0,0.3256792,Medium,194.0847222222222,11,11013.82,91,1,1,Monitor
16806,0,0.3255062,Medium,39.89930555555556,2,396.63,28,1,0,Monitor
17438,1,0.3254703,Medium,73.1,5,1422.77,49,1,0,Monitor
18043,0,0.32531646,Medium,26.006944444444443,2,421.59,87,1,0,Monitor
17311,0,0.3250787,Medium,136.07916666666668,5,2738.17,93,1,1,Monitor
13248,0,0.32463798,Medium,8.989583333333334,1,387.47,21,0,0,Monitor
17362,1,0.32454276,Medium,58.921527777777776,7,1024.04,99,1,0,Monitor
16038,0,0.32418692,Medium,21.05625,1,316.95,19,0,0,Monitor
16003,0,0.3240772,Medium,179.02847222222223,6,4059.46,102,1,1,Monitor
13990,1,0.32386446,Medium,32.89652777777778,1,311.3,16,0,0,Monitor
13062,1,0.32363436,Medium,10.901388888888889,1,346.98,11,0,0,Monitor
13533,1,0.32358593,Medium,2.0388888888888888,3,269.09,61,1,0,Monitor
13873,0,0.32298854,Medium,38.15069444444445,7,879.72,47,1,0,Monitor
14824,0,0.32287386,Medium,199.00694444444449,6,2895.2000000000003,76,1,1,Monitor
17856,0,0.32285196,Medium,52.984027777777776,3,1142.63,6,1,0,Monitor
15786,0,0.32275116,Medium,237.19375,2,3582.62,166,1,1,Monitor
16499,1,0.32246542,Medium,179.97152777777777,8,2578.34,104,1,1,Monitor
13464,0,0.32223234,Medium,214.01805555555555,5,2422.96,95,1,1,Monitor
13976,1,0.32208216,Medium,26.150694444444444,4,1192.36,49,1,0,Monitor
15624,0,0.32183826,Medium,26.004166666666663,2,311.4,18,1,0,Monitor
16146,0,0.32153586,Medium,23.17430555555556,3,871.38,34,1,0,Monitor
15882,1,0.32153234,Medium,18.05208333333333,8,1124.66,49,1,0,Monitor
16812,1,0.32139194,Medium,180.01041666666666,4,2392.0,98,1,1,Monitor
15228,0,0.3213016,Medium,114.15694444444443,3,3098.41,119,1,1,Monitor
15376,0,0.32129887,Medium,41.96180555555556,1,642.37,57,0,0,Monitor
15422,1,0.32080856,Medium,142.85625,7,1619.97,80,1,0,Monitor
15128,0,0.32075685,Medium,39.0125,2,796.38,47,1,0,Monitor
17829,1,0.32072136,Medium,118.00277777777778,5,4756.74,121,1,1,Monitor
13473,0,0.32072055,Medium,152.17013888888889,7,2476.38,56,1,1,Monitor
14506,0,0.32061145,Medium,103.00277777777778,4,1553.76,133,1,0,Monitor
14409,0,0.3205291,Medium,138.0638888888889,6,2033.94,52,1,1,Monitor
17970,1,0.32024157,Medium,30.699305555555554,1,562.79,27,0,0,Monitor
14958,0,0.31989133,Medium,4.856944444444444,5,834.59,46,1,0,Monitor
17990,1,0.31978834,Medium,56.04583333333333,6,1527.61,40,1,0,Monitor
16621,0,0.3195214,Medium,35.08819444444445,2,490.7,14,1,0,Monitor
15671,0,0.31927988,Medium,62.045138888888886,3,1033.13,41,1,0,Monitor
16832,1,0.3191768,Medium,3.8847222222222224,5,417.61,19,1,0,Monitor
16037,1,0.3190366,Medium,89.15069444444444,5,1509.34,62,1,0,Monitor
14891,0,0.31878385,Medium,7.0777777777777775,3,1001.73,52,1,0,Monitor
14710,0,0.31852818,Medium,198.97291666666663,9,1300.31,203,1,0,Monitor
14229,0,0.3181667,Medium,111.12847222222224,6,1808.97,37,1,0,Monitor
16567,1,0.31815916,Medium,13.953472222222222,2,865.6,34,1,0,Monitor
17580,1,0.31796342,Medium,72.00625,5,541.02,78,1,0,Monitor
18183,1,0.31783348,Medium,46.891666666666666,2,632.07,36,1,0,Monitor
14912,0,0.3177401,Medium,66.07222222222222,5,1504.1899999999998,37,1,0,Monitor
16979,0,0.31758922,Medium,117.14583333333331,4,1354.89,41,1,0,Monitor
12970,0,0.31727612,Medium,141.93680555555557,8,1071.93,181,1,0,Monitor
17552,0,0.31698394,Medium,191.75277777777777,10,2154.88,64,1,1,Monitor
16076,0,0.3169113,Medium,28.013194444444444,1,305.45000000000005,16,0,0,Monitor
13979,0,0.31685176,Medium,212.94444444444449,6,2510.06,309,1,1,Monitor
16034,1,0.31611708,Medium,15.85625,6,911.32,43,1,0,Monitor
13723,1,0.3159461,Medium,36.82361111111111,6,1194.08,51,1,0,Monitor
16634,1,0.31585184,Medium,42.02847222222222,6,1649.81,72,1,0,Monitor
13959,0,0.31541502,Medium,100.77361111111112,5,808.17,75,1,0,Monitor
14113,0,0.3153766,Medium,174.025,13,5685.6900000000005,58,1,1,Monitor
15067,0,0.3153287,Medium,102.02777777777776,3,2966.17,125,1,1,Monitor
14883,0,0.31532738,Medium,31.125694444444445,1,310.56,19,0,0,Monitor
12435,0,0.31513005,Medium,87.21527777777777,5,10075.03,81,1,1,Monitor
16967,1,0.31479117,Medium,8.934722222222222,1,319.02,21,0,0,Monitor
14628,0,0.31444958,Medium,61.921527777777776,4,1657.62,60,1,0,Monitor
14134,1,0.3143278,Medium,202.01666666666668,15,11123.35,130,1,1,Monitor
15351,0,0.31403112,Medium,189.04236111111112,4,1770.23,103,1,0,Monitor
16347,0,0.3138947,Medium,207.94097222222223,9,2595.51,167,1,1,Monitor
16303,0,0.31381348,Medium,152.94027777777777,5,3394.82,82,1,1,Monitor
18016,0,0.31368452,Medium,5.971527777777778,5,959.76,79,1,0,Monitor
14009,1,0.31359252,Medium,17.877083333333335,3,1099.91,71,1,0,Monitor
12948,0,0.31232518,Medium,34.109027777777776,5,1138.74,53,1,0,Monitor
13764,0,0.3112362,Medium,156.91458333333333,4,1900.09,196,1,0,Monitor
17705,0,0.31024185,Medium,34.97986111111111,5,617.68,37,1,0,Monitor
16190,0,0.30994615,Medium,214.1298611111111,7,2508.4700000000003,88,1,1,Monitor
12592,0,0.30956203,Medium,32.9625,4,2376.86,40,1,1,Monitor
16511,0,0.30950847,Medium,86.05972222222222,4,1172.51,166,1,0,Monitor
16696,0,0.30913424,Medium,22.9125,3,558.9000000000001,7,1,0,Monitor
14396,0,0.30887687,Medium,190.89652777777775,6,1591.74,167,1,0,Monitor
16110,0,0.3086621,Medium,81.95555555555555,3,1138.82,235,1,0,Monitor
14731,0,0.30866098,Medium,25.075,2,251.02,23,1,0,Monitor
15793,0,0.30827314,Medium,88.08680555555556,6,1740.6,9,1,0,Monitor
14450,1,0.3081809,Medium,0.0861111111111111,7,1128.44,47,1,0,Monitor
17082,0,0.3077327,Medium,137.92638888888888,5,3365.12,74,1,1,Monitor
16442,0,0.3077275,Medium,47.04097222222222,4,715.11,165,1,0,Monitor
15800,0,0.30754122,Medium,66.00763888888889,6,774.68,110,1,0,Monitor
14397,0,0.30742863,Medium,17.92361111111111,2,242.24,11,1,0,Monitor
17658,0,0.30706653,Medium,30.89375,1,317.6,9,0,0,Monitor
16271,0,0.30690303,Medium,177.84305555555557,6,2126.4,122,1,1,Monitor
15134,0,0.3060166,Medium,32.980555555555554,4,447.75,20,1,0,Monitor
13243,1,0.30589488,Medium,22.98333333333333,5,1220.38,165,1,0,Monitor
12999,1,0.30584916,Medium,15.97638888888889,3,455.88,25,1,0,Monitor
17871,1,0.3055968,Medium,24.054166666666667,5,1068.95,64,1,0,Monitor
12695,0,0.30520043,Medium,29.98263888888889,4,914.27,31,1,0,Monitor
13417,0,0.3051452,Medium,24.85,5,1264.66,42,1,0,Monitor
12601,1,0.30462348,Medium,9.10625,6,681.26,24,1,0,Monitor
14293,0,0.3041185,Medium,124.87708333333332,7,2364.4700000000003,63,1,1,Monitor
17109,0,0.3041145,Medium,51.87430555555556,4,875.01,70,1,0,Monitor
17555,0,0.30316576,Medium,154.01319444444445,4,760.88,174,1,0,Monitor
14288,1,0.303048,Medium,32.977777777777774,1,426.6,16,0,0,Monitor
15339,0,0.30295384,Medium,137.98263888888889,6,1504.85,134,1,0,Monitor
13405,0,0.3014588,Medium,23.846527777777776,5,1198.81,32,1,0,Monitor
18072,1,0.30129915,Medium,5.0875,1,247.44,18,0,0,Monitor
17849,1,0.30126873,Medium,37.96111111111111,8,1063.76,24,1,0,Monitor
14657,0,0.3007617,Medium,101.85625,4,1126.37,120,1,0,Monitor
15605,0,0.30037102,Medium,71.96041666666666,7,1233.9,59,1,0,Monitor
15996,0,0.3002399,Medium,83.03680555555556,4,980.99,104,1,0,Monitor
17007,0,0.3001133,Medium,21.058333333333334,5,692.9,40,1,0,Monitor
12838,0,0.30007914,Medium,193.0368055555556,9,2694.75,177,1,1,Monitor
14871,0,0.29996327,Medium,74.97777777777777,7,956.04,89,1,0,Monitor
16449,1,0.2996202,Medium,17.100694444444443,2,707.69,40,1,0,Monitor
16682,0,0.29876107,Medium,7.075,1,525.5,11,0,0,Monitor
15145,0,0.29858702,Medium,46.84027777777778,2,724.03,35,1,0,Monitor
14496,1,0.29840016,Medium,131.15902777777777,7,2363.89,64,1,1,Monitor
16099,0,0.2981281,Medium,45.17777777777778,5,1159.6,36,1,0,Monitor
18218,1,0.2981238,Medium,30.997916666666665,4,1121.84,25,1,0,Monitor
14178,0,0.29759693,Medium,1.9993055555555557,1,197.37,28,0,0,Monitor
17135,0,0.29738435,Medium,109.09930555555556,5,1083.0,85,1,0,Monitor
15386,1,0.29724813,Medium,5.960416666666666,1,394.14,31,0,0,Monitor
15222,1,0.29689413,Medium,138.19930555555555,11,3550.91,98,1,1,Monitor
14195,1,0.29684034,Medium,21.097916666666663,6,2615.6,10,1,1,Monitor
16023,0,0.29670104,Medium,11.938194444444443,2,500.69,59,1,0,Monitor
15255,0,0.29663685,Medium,215.9013888888889,8,2815.17,101,1,1,Monitor
12808,0,0.2964049,Medium,4.020138888888889,4,574.4,35,1,0,Monitor
17124,1,0.2964038,Medium,4.95,1,294.24,31,0,0,Monitor
15116,0,0.29617786,Medium,24.166666666666668,1,479.65,15,0,0,Monitor
14723,0,0.29605365,Medium,177.72986111111112,8,1136.35,180,1,0,Monitor
17731,0,0.2960343,Medium,2.938194444444445,4,1131.45,50,1,0,Monitor
18151,0,0.29564938,Medium,109.18125,5,1538.64,78,1,0,Monitor
13026,0,0.29509544,Medium,40.08263888888889,6,1001.44,25,1,0,Monitor
13846,0,0.2947399,Medium,61.90763888888889,3,1106.66,69,1,0,Monitor
16298,0,0.29472026,Medium,6.113888888888889,5,601.8,20,1,0,Monitor
14504,0,0.29462487,Medium,62.86736111111111,3,542.71,81,1,0,Monitor
14077,0,0.29445016,Medium,1.929861111111111,4,426.06,41,1,0,Monitor
14493,0,0.29443634,Medium,209.85694444444445,5,2704.62,204,1,1,Monitor
13368,1,0.29427272,Medium,76.11875,4,1121.5,45,1,0,Monitor
17259,0,0.2939822,Medium,187.99652777777777,5,1239.11,159,1,0,Monitor
16244,1,0.29307455,Medium,31.105555555555554,2,1522.75,88,1,0,Monitor
16431,1,0.29302987,Medium,32.94513888888889,3,623.28,51,1,0,Monitor
17158,0,0.29250598,Medium,52.109722222222224,4,1411.58,61,1,0,Monitor
17351,0,0.29250205,Medium,92.86458333333331,10,1599.68,30,1,0,Monitor
16987,0,0.29235828,Medium,24.87152777777778,5,1117.65,120,1,0,Monitor
14045,0,0.29207912,Medium,157.1173611111111,15,10578.63,16,1,1,Monitor
18232,0,0.29186204,Medium,12.199305555555556,2,370.98,24,1,0,Monitor
15267,0,0.2915516,Medium,2.1013888888888888,1,1035.76,5,0,0,Monitor
13709,0,0.2914285,Medium,134.91180555555556,6,1718.0,90,1,0,Monitor
13884,0,0.29131123,Medium,96.99791666666668,8,1233.68,87,1,0,Monitor
12372,0,0.29107022,Medium,32.08819444444445,2,914.92,32,1,0,Monitor
17671,0,0.29100135,Medium,30.775694444444444,3,1223.18,40,1,0,Monitor
16639,0,0.29066548,Medium,26.11111111111111,3,961.62,48,1,0,Monitor
13455,0,0.29033872,Medium,185.98541666666668,5,1847.59,70,1,0,Monitor
16642,0,0.29030123,Medium,27.010416666666668,2,696.85,33,1,0,Monitor
17505,0,0.29003873,Medium,25.159027777777776,4,1776.63,65,1,0,Monitor
14264,0,0.28950277,Medium,65.02083333333333,5,1299.09,52,1,0,Monitor
14907,0,0.2892762,Medium,180.07361111111112,12,3007.31,82,1,1,Monitor
17708,1,0.28925627,Medium,7.109722222222223,4,884.1800000000001,57,1,0,Monitor
13365,0,0.28911132,Medium,37.03472222222222,1,700.6,39,0,0,Monitor
13762,1,0.2890505,Medium,38.14930555555556,5,2472.48,23,1,1,Monitor
15907,0,0.2884526,Medium,29.992361111111112,1,223.07,46,0,0,Monitor
16797,1,0.2882371,Medium,212.7333333333333,5,1802.02,289,1,0,Monitor
13085,0,0.28789073,Medium,114.95347222222222,7,2295.3,46,1,1,Monitor
14931,0,0.2877043,Medium,25.81805555555556,2,586.0,10,1,0,Monitor
12464,0,0.28757727,Medium,20.042361111111116,4,544.8499999999999,6,1,0,Monitor
12733,1,0.28751424,Medium,53.85486111111111,4,2424.87,117,1,1,Monitor
16907,0,0.28739762,Medium,53.9125,7,1073.24,88,1,0,Monitor
15983,0,0.28736797,Medium,180.01388888888889,7,2783.62,117,1,1,Monitor
17064,0,0.2873175,Medium,2.1,2,457.4,36,1,0,Monitor
14038,0,0.28722614,Medium,26.947916666666668,3,2225.82,87,1,1,Monitor
13466,1,0.28678533,Medium,3.8409722222222222,5,1013.35,49,1,0,Monitor
12963,0,0.28628892,Medium,185.15,5,1744.96,74,1,0,Monitor
16389,0,0.28608096,Medium,24.95486111111111,2,670.17,16,1,0,Monitor
13740,1,0.28589824,Medium,60.09583333333333,5,1582.77,83,1,0,Monitor
12674,0,0.28576657,Medium,27.15277777777778,1,586.74,17,0,0,Monitor
13601,0,0.28519744,Medium,30.83194444444445,3,839.87,114,1,0,Monitor
13220,0,0.28512186,Medium,5.069444444444445,4,1243.29,43,1,0,Monitor
15332,1,0.28469867,Medium,185.92152777777775,6,4892.68,113,1,1,Monitor
14188,0,0.28413123,Medium,34.115972222222226,2,760.9,17,1,0,Monitor
14551,0,0.28383902,Medium,23.770138888888887,6,817.29,68,1,0,Monitor
15314,1,0.28313896,Medium,18.92430555555556,3,820.4499999999999,49,1,0,Monitor
12886,0,0.28308776,Medium,39.06180555555556,1,775.0,47,0,0,Monitor
15167,1,0.28300065,Medium,140.00625,5,1627.62,262,1,0,Monitor
17869,0,0.28288832,Medium,34.97638888888889,5,696.42,65,1,0,Monitor
16107,0,0.28249177,Medium,2.7555555555555555,1,532.9,10,0,0,Monitor
12352,0,0.2823494,Medium,81.8625,7,1905.61,38,1,0,Monitor
16351,1,0.28186145,Medium,152.1,13,3330.03,124,1,1,Monitor
15133,0,0.2810147,Medium,77.07916666666667,4,1482.38,34,1,0,Monitor
12573,1,0.28039622,Medium,46.87361111111111,5,717.41,107,1,0,Monitor
16891,0,0.2802176,Medium,191.05208333333331,7,1202.77,245,1,0,Monitor
13658,0,0.2800444,Medium,23.81597222222222,5,4319.63,119,1,1,Monitor
16980,1,0.27943808,Medium,74.84305555555555,3,1422.8300000000002,91,1,0,Monitor
16644,0,0.27917632,Medium,31.997916666666665,1,722.41,54,0,0,Monitor
15789,1,0.27883786,Medium,177.92708333333334,6,1962.01,110,1,1,Monitor
16620,0,0.27876917,Medium,80.09236111111112,5,1675.73,74,1,0,Monitor
14730,0,0.27819094,Medium,52.08263888888889,3,529.3,80,1,0,Monitor
17897,0,0.2781374,Medium,186.87222222222223,8,1968.75,175,1,1,Monitor
14921,0,0.27806282,Medium,20.999305555555555,1,903.01,53,0,0,Monitor
15192,0,0.27803722,Medium,10.877083333333331,4,1360.06,56,1,0,Monitor
17165,1,0.27774367,Medium,103.84097222222222,6,1794.32,77,1,0,Monitor
13531,1,0.27768332,Medium,24.829166666666666,6,1433.07,44,1,0,Monitor
17802,0,0.27766883,Medium,191.9625,8,3761.38,246,1,1,Monitor
13741,0,0.27754715,Medium,3.20625,2,363.13,20,1,0,Monitor
17932,0,0.2773046,Medium,30.95277777777778,1,589.01,42,0,0,Monitor
14447,0,0.2772669,Medium,15.93125,3,1149.53,63,1,0,Monitor
14403,0,0.27688846,Medium,36.83472222222223,4,1380.71,20,1,0,Monitor
13717,0,0.2767522,Medium,60.13263888888889,4,888.88,54,1,0,Monitor
15366,0,0.27674478,Medium,177.86875,6,1892.11,68,1,0,Monitor
17472,1,0.27652058,Medium,10.911805555555556,4,922.35,183,1,0,Monitor
14035,0,0.27618834,Medium,87.11736111111111,6,2067.31,47,1,1,Monitor
16484,0,0.27598056,Medium,10.090972222222222,1,285.7,18,0,0,Monitor
12670,0,0.27588817,Medium,19.14236111111111,4,1790.63,44,1,0,Monitor
16728,0,0.27564228,Medium,56.07361111111111,2,326.93,82,1,0,Monitor
14850,1,0.27478424,Medium,131.06180555555557,7,1770.96,129,1,0,Monitor
16214,0,0.27470264,Medium,72.1125,3,1725.17,78,1,0,Monitor
17604,1,0.27435768,Medium,36.96319444444445,6,942.38,142,1,0,Monitor
12664,0,0.27401677,Medium,51.92847222222223,4,2491.74,5,1,1,Monitor
13989,0,0.2740142,Medium,58.88263888888889,4,1656.65,53,1,0,Monitor
15658,1,0.27313882,Medium,9.894444444444444,8,2117.27,80,1,1,Monitor
14389,0,0.27283603,Medium,10.031944444444443,4,1165.69,40,1,0,Monitor
18248,0,0.27188215,Medium,5.980555555555555,1,496.46,28,0,0,Monitor
16463,0,0.27184713,Medium,23.92013888888889,1,319.37,19,0,0,Monitor
15117,0,0.27181828,Medium,35.00833333333333,4,1246.59,51,1,0,Monitor
17987,1,0.27177468,Medium,4.936111111111111,5,965.44,139,1,0,Monitor
15646,0,0.27172124,Medium,66.15138888888889,4,677.21,58,1,0,Monitor
12578,0,0.27154988,Medium,149.88611111111112,3,3456.6,109,1,1,Monitor
12388,0,0.2714397,Medium,94.87708333333332,5,1886.7,52,1,0,Monitor
15108,0,0.27140763,Medium,5.867361111111111,3,623.45,24,1,0,Monitor
14622,1,0.27093425,Medium,4.005555555555556,1,320.58000000000004,21,0,0,Monitor
16584,0,0.27042872,Medium,73.98333333333333,4,2832.03,52,1,1,Monitor
12585,1,0.2699645,Medium,53.96597222222222,2,2040.1,77,1,1,Monitor
15574,0,0.26956302,Medium,178.0013888888889,5,989.34,186,1,0,Monitor
14443,0,0.26925063,Medium,129.90347222222223,3,1271.17,72,1,0,Monitor
14256,1,0.2682242,Medium,79.98125,5,2460.79,100,1,1,Monitor
13572,1,0.26741362,Medium,25.035416666666663,1,1384.25,32,0,0,Monitor
18236,0,0.26738366,Medium,5.942361111111111,8,1217.61,59,1,0,Monitor
13627,0,0.26738343,Medium,24.12708333333333,4,1213.35,76,1,0,Monitor
15607,1,0.26695147,Medium,156.00416666666666,9,1708.97,95,1,0,Monitor
15730,0,0.2668409,Medium,26.00486111111111,3,1073.13,65,1,0,Monitor
12815,0,0.2664816,Medium,17.969444444444445,1,615.36,31,0,0,Monitor
17432,0,0.26600823,Medium,204.82569444444445,7,1363.23,174,1,0,Monitor
17980,0,0.26595592,Medium,23.93125,3,764.02,40,1,0,Monitor
17406,1,0.26592982,Medium,152.9048611111111,13,4186.95,155,1,1,Monitor
17874,1,0.26588285,Medium,4.997222222222222,6,683.46,37,1,0,Monitor
17582,1,0.26541805,Medium,55.980555555555554,5,1446.95,92,1,0,Monitor
13285,0,0.26467437,Medium,45.99097222222223,4,1828.74,112,1,0,Monitor
14665,0,0.2646655,Medium,116.09444444444443,5,1645.61,78,1,0,Monitor
18093,0,0.26456484,Medium,117.08194444444445,6,3463.71,36,1,1,Monitor
14346,0,0.26441026,Medium,116.95694444444445,4,1556.61,88,1,0,Monitor
15965,0,0.26329705,Medium,186.98055555555555,10,2119.26,144,1,1,Monitor
15030,0,0.26262927,Medium,87.8861111111111,7,1614.39,21,1,0,Monitor
15912,0,0.26246125,Medium,52.81944444444444,8,951.57,77,1,0,Monitor
12562,0,0.26233727,Medium,18.004166666666666,3,1630.14,43,1,0,Monitor
13339,1,0.26185235,Medium,20.179861111111112,1,860.12,54,0,0,Monitor
12700,0,0.2617106,Medium,34.861111111111114,1,1092.43,62,0,0,Monitor
13731,1,0.26159373,Medium,38.92847222222223,2,610.59,36,1,0,Monitor
12620,0,0.26150882,Medium,24.02777777777778,1,561.66,33,0,0,Monitor
15349,0,0.26148024,Medium,6.877777777777778,1,356.21,58,0,0,Monitor
14440,0,0.26138562,Medium,136.09722222222223,10,4810.06,55,1,1,Monitor
12557,0,0.2610835,Medium,75.83958333333334,6,10959.8,15,1,1,Monitor
15535,0,0.26101354,Medium,55.92638888888889,5,919.36,75,1,0,Monitor
17345,0,0.26083785,Medium,16.014583333333334,8,1192.32,128,1,0,Monitor
18142,0,0.26053634,Medium,35.013194444444444,1,282.48,9,0,0,Monitor
15550,0,0.26051983,Medium,121.00069444444443,9,1773.3200000000002,141,1,0,Monitor
12679,0,0.2603756,Medium,25.022222222222226,2,906.38,43,1,0,Monitor
14489,1,0.26029366,Medium,26.915972222222223,4,1574.93,65,1,0,Monitor
16121,0,0.26004124,Medium,35.040277777777774,4,881.32,159,1,0,Monitor
17516,0,0.2599748,Medium,36.97569444444444,4,634.63,115,1,0,Monitor
18171,0,0.25972748,Medium,58.05138888888889,6,1670.59,58,1,0,Monitor
13851,0,0.2596586,Medium,107.81388888888888,6,2201.32,56,1,1,Monitor
12701,0,0.25941336,Medium,61.99166666666667,5,1985.78,92,1,1,Monitor
13815,0,0.25935194,Medium,138.0236111111111,5,4460.39,151,1,1,Monitor
15400,0,0.25866282,Medium,3.982638888888889,5,1044.9,15,1,0,Monitor
14201,0,0.25864664,Medium,5.927083333333333,7,857.2,32,1,0,Monitor
14915,0,0.25856283,Medium,97.13263888888888,10,1646.05,63,1,0,Monitor
17320,0,0.25803766,Medium,55.94513888888889,5,2154.33,67,1,1,Monitor
13549,0,0.2580106,Medium,12.134027777777778,4,600.15,34,1,0,Monitor
13821,0,0.2572542,Medium,81.05555555555556,5,1263.59,151,1,0,Monitor
17672,0,0.2572469,Medium,128.97291666666666,6,3778.3,128,1,1,Monitor
13425,0,0.2571229,Medium,114.17777777777778,3,2167.79,96,1,1,Monitor
14105,1,0.25688946,Medium,58.78611111111111,5,5988.83,200,1,1,Monitor
15483,0,0.25678155,Medium,86.01666666666667,7,703.51,191,1,0,Monitor
15804,0,0.25677955,Medium,18.10972222222222,1,525.36,34,0,0,Monitor
15508,1,0.25663286,Medium,8.879861111111111,6,1000.27,78,1,0,Monitor
14289,0,0.25628024,Medium,18.91875,3,594.22,30,1,0,Monitor
12755,1,0.25590792,Medium,100.00555555555556,11,5236.259999999999,34,1,1,Monitor
14315,0,0.25576591,Medium,10.922222222222222,4,1572.89,52,1,0,Monitor
17714,1,0.2556163,Medium,140.09583333333333,5,1410.18,69,1,0,Monitor
14147,0,0.25543573,Medium,105.04722222222222,8,2289.6,23,1,1,Monitor
15938,0,0.25448528,Medium,20.90763888888889,8,665.53,24,1,0,Monitor
17323,0,0.2541904,Medium,34.894444444444446,7,935.59,121,1,0,Monitor
14984,0,0.25375298,Medium,0.0736111111111111,5,1160.37,27,1,0,Monitor
16400,0,0.2533806,Medium,214.94375,8,2755.92,187,1,1,Monitor
14375,1,0.25332034,Medium,4.9625,3,1106.82,176,1,0,Monitor
17615,0,0.25289285,Medium,23.18055555555556,5,664.5,44,1,0,Monitor
13929,0,0.25277627,Medium,145.90208333333334,10,3064.3,38,1,1,Monitor
16984,0,0.25267762,Medium,223.85,7,5891.01,476,1,1,Monitor
16681,0,0.2523493,Medium,24.83194444444445,4,1027.34,17,1,0,Monitor
13373,0,0.25232103,Medium,95.92708333333331,4,5262.64,222,1,1,Monitor
16279,0,0.25223425,Medium,205.04305555555555,6,4195.5,165,1,1,Monitor
12669,0,0.25197753,Medium,68.12847222222223,2,2272.6,70,1,1,Monitor
14548,0,0.2516731,Medium,137.175,8,2214.89,66,1,1,Monitor
17886,0,0.25163206,Medium,30.102777777777774,5,1080.98,91,1,0,Monitor
16226,1,0.25134808,Medium,22.922916666666666,5,672.1700000000001,23,1,0,Monitor
16529,1,0.25122735,Medium,9.810416666666669,4,1986.8,87,1,1,Monitor
16116,1,0.25059316,Medium,31.034027777777776,1,612.78,34,0,0,Monitor
13479,1,0.25052932,Medium,20.08680555555556,4,851.37,45,1,0,Monitor
16348,0,0.25032902,Medium,10.797222222222222,4,887.84,116,1,0,Monitor
14467,0,0.25031093,Medium,132.01041666666666,9,1738.68,120,1,0,Monitor
15571,0,0.24992801,Medium,205.93402777777777,10,3241.92,410,1,1,Monitor
13958,1,0.24989186,Medium,199.11041666666668,8,4709.2300000000005,172,1,1,Monitor
15026,0,0.24976276,Medium,59.93402777777778,4,810.67,83,1,0,Monitor
13395,1,0.2494845,Medium,4.906944444444444,3,1180.23,77,1,0,Monitor
13055,0,0.24947117,Medium,33.16111111111111,2,1451.56,99,1,0,Monitor
14477,0,0.24917749,Medium,3.970138888888889,5,1183.0,5,1,0,Monitor
15990,0,0.24894187,Medium,106.88541666666669,6,1607.01,95,1,0,Monitor
13988,0,0.24802165,Medium,20.12986111111111,4,1965.92,110,1,1,Monitor
14640,0,0.24775197,Medium,47.01319444444445,5,1937.73,105,1,0,Monitor
15104,1,0.24771246,Medium,16.014583333333334,2,993.54,66,1,0,Monitor
13743,0,0.24740784,Medium,36.92916666666667,2,353.16,7,1,0,Monitor
16788,0,0.24732982,Medium,73.98958333333333,4,1629.01,292,1,0,Monitor
16125,1,0.24718621,Medium,186.8763888888889,14,4292.35,168,1,1,Monitor
16833,0,0.24704862,Medium,79.16458333333334,5,1973.8,74,1,1,Monitor
13591,0,0.24672997,Medium,23.95277777777778,6,1753.04,71,1,0,Monitor
13544,0,0.24600422,Medium,60.02847222222222,5,627.15,186,1,0,Monitor
15299,0,0.24598365,Medium,83.03055555555555,7,4084.53,6,1,1,Monitor
13885,1,0.24592893,Medium,8.904861111111112,2,506.8,28,1,0,Monitor
15569,0,0.24577527,Medium,151.975,6,2496.24,108,1,1,Monitor
15561,0,0.24554822,Medium,35.05,5,1399.55,49,1,0,Monitor
16692,1,0.24540912,Medium,75.91944444444445,4,1914.7,3,1,0,Monitor
14561,0,0.24529873,Medium,3.975,1,222.07,16,0,0,Monitor
14145,0,0.24525002,Medium,36.99236111111111,4,4986.45,11,1,1,Monitor
13173,0,0.2451199,Medium,186.93055555555557,10,2212.11,147,1,1,Monitor
16560,0,0.24506132,Medium,177.92638888888888,7,2539.15,111,1,1,Monitor
14639,0,0.2450098,Medium,110.97847222222222,5,3229.6,133,1,1,Monitor
18220,1,0.2449835,Medium,46.15763888888889,6,1921.76,17,1,0,Monitor
14129,0,0.24466592,Medium,80.17083333333333,5,1826.38,37,1,0,Monitor
12872,1,0.24448629,Medium,146.08194444444445,12,3283.96,217,1,1,Monitor
16072,1,0.24344172,Medium,107.92916666666666,4,4180.09,414,1,1,Monitor
14081,1,0.24304917,Medium,121.85625,10,4867.57,465,1,1,Monitor
13211,0,0.24295415,Medium,180.85625,8,1634.05,75,1,0,Monitor
16859,0,0.24275453,Medium,80.96597222222222,6,1444.44,57,1,0,Monitor
13309,0,0.24195358,Medium,26.004166666666663,3,796.22,59,1,0,Monitor
17324,0,0.24144076,Medium,151.06180555555557,10,1886.82,85,1,0,Monitor
17889,1,0.24134718,Medium,31.85,7,746.42,97,1,0,Monitor
13320,0,0.24123509,Medium,33.09722222222222,4,1188.01,62,1,0,Monitor
12820,0,0.2412252,Medium,146.01111111111112,8,1917.64,91,1,0,Monitor
13982,0,0.24095197,Medium,145.9875,7,2986.28,96,1,1,Monitor
16057,0,0.24027303,Medium,30.98611111111111,6,2651.27,128,1,1,Monitor
15416,0,0.23972334,Medium,59.08055555555556,5,2862.93,123,1,1,Monitor
13711,1,0.23967882,Medium,38.09652777777778,9,1792.26,80,1,0,Monitor
16374,0,0.23963211,Medium,81.96111111111111,4,1410.87,227,1,0,Monitor
18062,0,0.23921031,Medium,40.13611111111111,5,1398.07,43,1,0,Monitor
17375,1,0.23697022,Medium,18.87847222222222,4,660.55,77,1,0,Monitor
16546,1,0.23675504,Medium,110.0625,5,5307.07,75,1,1,Monitor
17609,0,0.23664548,Medium,121.78888888888888,8,1313.37,231,1,0,Monitor
16040,0,0.23600604,Low,88.11944444444444,5,1525.78,69,1,0,Monitor
13038,0,0.235839,Low,3.0965277777777778,2,591.76,22,1,0,Monitor
17047,0,0.23561499,Low,24.832638888888887,5,1937.76,98,1,0,Monitor
12449,0,0.23480153,Low,6.884027777777778,3,1627.53,57,1,0,Monitor
14083,0,0.23469459,Low,18.89444444444445,7,553.23,96,1,0,Monitor
15497,0,0.23459299,Low,139.1173611111111,8,8365.789999999999,65,1,1,Monitor
17913,0,0.233487,Low,175.05208333333334,13,3238.69,213,1,1,Monitor
16625,1,0.23346198,Low,94.0,5,1654.03,82,1,0,Monitor
17588,0,0.23330821,Low,52.09652777777778,5,2096.55,30,1,1,Monitor
13340,0,0.2331629,Low,96.04930555555556,6,15042.11,116,1,1,Monitor
17048,0,0.23215161,Low,102.03263888888888,6,1906.73,83,1,0,Monitor
12457,0,0.23130776,Low,53.11111111111112,4,1699.93,37,1,0,Monitor
13946,0,0.23096627,Low,21.03263888888889,5,1800.63,48,1,0,Monitor
13280,0,0.23002757,Low,135.84791666666666,6,2177.83,157,1,1,Monitor
14407,0,0.22997725,Low,25.01527777777778,2,1002.68,33,1,0,Monitor
15889,0,0.22978348,Low,188.9013888888889,7,1279.6,237,1,0,Monitor
16768,0,0.22964609,Low,91.10069444444444,7,1403.73,88,1,0,Monitor
14842,0,0.22949977,Low,11.175,2,1688.48,77,1,0,Monitor
15065,0,0.22899182,Low,47.05277777777778,3,1575.13,79,1,0,Monitor
12826,0,0.22848238,Low,136.03055555555557,8,2023.13,82,1,1,Monitor
13963,1,0.22841512,Low,127.92152777777778,17,2860.57,129,1,1,Monitor
17770,1,0.22839268,Low,18.011111111111113,5,1143.27,33,1,0,Monitor
14114,1,0.22828545,Low,93.13055555555556,7,1364.09,72,1,0,Monitor
13107,0,0.22817178,Low,153.01527777777778,6,4288.29,113,1,1,Monitor
14286,0,0.22720279,Low,62.19027777777778,5,5901.09,218,1,1,Monitor
14499,0,0.22680049,Low,98.03819444444444,5,1416.22,119,1,0,Monitor
15799,0,0.22660656,Low,4.8902777777777775,3,1018.44,91,1,0,Monitor
16200,0,0.22652315,Low,202.0368055555556,10,4539.23,241,1,1,Monitor
13799,0,0.22595024,Low,113.93888888888888,8,2456.41,52,1,1,Monitor
13838,0,0.2258954,Low,189.08680555555557,7,1245.91,242,1,0,Monitor
15855,0,0.22581291,Low,3.111805555555556,5,815.1700000000001,64,1,0,Monitor
14175,0,0.22578986,Low,149.01944444444445,6,4779.16,136,1,1,Monitor
17114,0,0.22526461,Low,27.94097222222222,4,444.44,59,1,0,Monitor
16668,0,0.22517061,Low,2.042361111111111,10,752.4399999999999,27,1,0,Monitor
16950,0,0.22487451,Low,186.89583333333331,8,2535.21,84,1,1,Monitor
15365,0,0.22459757,Low,134.9875,7,2451.42,87,1,1,Monitor
13329,0,0.22408006,Low,186.11041666666668,7,4323.97,60,1,1,Monitor
18202,1,0.22405389,Low,19.02638888888889,3,1396.99,55,1,0,Monitor
17894,0,0.22405384,Low,104.9173611111111,16,2052.62,187,1,1,Monitor
13611,0,0.22337988,Low,179.09652777777777,8,2446.6800000000003,131,1,1,Monitor
12876,0,0.22310688,Low,15.969444444444443,3,2590.2000000000003,92,1,1,Monitor
15201,0,0.22305301,Low,23.86180555555556,4,1208.68,36,1,0,Monitor
16825,0,0.22301999,Low,5.129166666666666,4,1370.41,35,1,0,Monitor
13748,0,0.22232951,Low,51.93055555555556,7,1696.95,32,1,0,Monitor
12758,0,0.22228543,Low,96.03125,6,8681.84,168,1,1,Monitor
13680,0,0.2220935,Low,157.02708333333334,10,10092.14,280,1,1,Monitor
15967,0,0.22198878,Low,138.03680555555556,11,2730.22,290,1,1,Monitor
17252,0,0.2214336,Low,5.839583333333334,1,337.01,85,0,0,Monitor
14934,0,0.22141796,Low,102.04305555555555,4,2441.4,89,1,1,Monitor
17213,0,0.22110312,Low,135.9465277777778,9,3025.12,91,1,1,Monitor
14502,0,0.22107956,Low,54.019444444444446,6,1059.94,176,1,0,Monitor
15680,0,0.22095901,Low,185.92152777777775,8,3173.9,128,1,1,Monitor
15609,1,0.22089045,Low,3.9930555555555554,1,298.48,16,0,0,Monitor
13811,1,0.22024688,Low,3.1222222222222222,3,814.5,7,1,0,Monitor
12484,0,0.21942414,Low,155.94861111111112,7,2965.45,183,1,1,Monitor
16010,1,0.21884216,Low,65.10833333333333,11,1694.86,122,1,0,Monitor
14583,0,0.21848552,Low,5.002083333333333,5,948.94,216,1,0,Monitor
17937,0,0.21794376,Low,77.10694444444445,4,3327.48,19,1,1,Monitor
15777,1,0.21766055,Low,60.83819444444445,7,1762.61,29,1,0,Monitor
17029,0,0.21765766,Low,56.078472222222224,6,1779.3,19,1,0,Monitor
12753,0,0.21750286,Low,67.95416666666667,4,12940.51,87,1,1,Monitor
16809,0,0.21745984,Low,27.997916666666665,6,1155.82,94,1,0,Monitor
18241,0,0.21588232,Low,37.144444444444446,5,1279.73,66,1,0,Monitor
12849,0,0.21508333,Low,88.01666666666667,5,2701.03,110,1,1,Monitor
12517,0,0.2147184,Low,9.900694444444444,1,749.7,125,0,0,Monitor
17293,0,0.21448697,Low,127.87222222222222,10,2365.92,91,1,1,Monitor
17828,0,0.21447589,Low,4.179861111111111,1,833.16,44,0,0,Monitor
13131,0,0.21429428,Low,7.080555555555556,5,2565.37,98,1,1,Monitor
17348,0,0.21409114,Low,117.08402777777778,5,1445.84,206,1,0,Monitor
17164,0,0.21401493,Low,32.140277777777776,2,943.22,49,1,0,Monitor
18073,0,0.21387295,Low,4.906944444444444,3,504.24,6,1,0,Monitor
17268,0,0.21366775,Low,63.10694444444445,9,1246.73,24,1,0,Monitor
13650,0,0.21295881,Low,26.938194444444445,6,2197.18,84,1,1,Monitor
17188,0,0.21276662,Low,135.0013888888889,9,3543.14,106,1,1,Monitor
12854,0,0.21264453,Low,60.93958333333333,6,2465.09,166,1,1,Monitor
16571,0,0.21223444,Low,101.13125,8,3263.73,118,1,1,Monitor
18009,1,0.21178928,Low,54.96805555555556,8,2144.23,145,1,1,Monitor
12406,0,0.21152322,Low,3.1020833333333333,4,4596.31,81,1,1,Monitor
12710,0,0.2113316,Low,20.947916666666668,1,718.96,44,0,0,Monitor
17526,0,0.21131575,Low,110.15277777777776,11,3616.14,61,1,1,Monitor
12348,0,0.2113083,Low,68.08541666666666,4,1709.4,25,1,0,Monitor
15665,0,0.21100949,Low,62.90347222222222,4,3221.28,156,1,1,Monitor
14905,0,0.2109304,Low,53.08472222222223,7,1663.79,43,1,0,Monitor
14421,0,0.21085513,Low,31.084027777777777,5,2111.44,67,1,1,Monitor
16369,0,0.21084851,Low,16.132638888888888,5,1465.6,42,1,0,Monitor
15452,0,0.21068087,Low,83.8951388888889,4,1493.63,148,1,0,Monitor
15950,0,0.21066907,Low,179.0375,7,5805.02,194,1,1,Monitor
12625,1,0.21049008,Low,31.122222222222224,4,5164.88,144,1,1,Monitor
13848,0,0.20936784,Low,117.10625,7,2695.0,3,1,1,Monitor
15756,0,0.20936365,Low,32.9375,2,244.17,83,1,0,Monitor
15648,1,0.20840856,Low,23.872916666666665,2,639.5,23,1,0,Monitor
13941,0,0.2082744,Low,117.02638888888887,12,7033.18,36,1,1,Monitor
13539,0,0.20768797,Low,59.96180555555556,6,1253.67,58,1,0,Monitor
18221,0,0.20709655,Low,4.050694444444445,3,920.34,43,1,0,Monitor
15532,0,0.20704672,Low,177.83680555555554,7,2527.92,297,1,1,Monitor
17966,0,0.20694149,Low,4.082638888888889,7,1148.99,39,1,0,Monitor
12598,0,0.20676062,Low,40.11180555555556,6,2796.75,97,1,1,Monitor
14132,0,0.20670025,Low,3.031944444444445,1,306.86,24,0,0,Monitor
16184,0,0.20660253,Low,1.9520833333333332,2,447.89,13,1,0,Monitor
13632,0,0.20626646,Low,53.045138888888886,5,2137.57,110,1,1,Monitor
16202,1,0.20625277,Low,180.08819444444444,9,2501.99,105,1,1,Monitor
12939,0,0.20614025,Low,92.83819444444444,15,20911.32,24,1,1,Monitor
13240,0,0.20601535,Low,76.88680555555555,6,1254.55,147,1,0,Monitor
16549,0,0.20598987,Low,153.94930555555555,25,8866.39,647,1,1,Monitor
18204,0,0.20503521,Low,11.891666666666667,1,540.98,84,0,0,Monitor
13750,0,0.20500028,Low,116.15416666666668,8,2643.7200000000003,39,1,1,Monitor
15808,1,0.20484976,Low,125.92847222222224,21,17180.25,348,1,1,Monitor
18272,0,0.20448752,Low,44.77708333333333,5,2287.94,94,1,1,Monitor
14540,0,0.20444994,Low,128.90833333333333,9,2952.88,149,1,1,Monitor
16717,0,0.20416847,Low,185.8347222222222,9,3127.85,141,1,1,Monitor
14930,0,0.20411593,Low,93.92222222222222,4,3977.9,166,1,1,Monitor
16918,0,0.20395094,Low,136.80069444444445,11,2413.5,235,1,1,Monitor
13192,0,0.20336081,Low,24.91180555555556,5,2110.96,113,1,1,Monitor
15381,1,0.20329136,Low,33.03819444444444,5,1890.57,20,1,0,Monitor
17190,0,0.20325857,Low,26.88958333333333,6,1476.83,144,1,0,Monitor
13239,1,0.20222741,Low,81.10069444444444,5,1594.69,87,1,0,Monitor
13168,0,0.20180097,Low,18.954166666666666,4,1494.2,119,1,0,Monitor
17884,0,0.20178773,Low,131.07083333333333,19,2593.94,287,1,1,Monitor
12516,0,0.20162962,Low,0.0506944444444444,3,1919.76,42,1,0,Monitor
12539,0,0.20128286,Low,81.86805555555556,6,10164.09,247,1,1,Monitor
16756,1,0.20122238,Low,34.136805555555554,7,1312.37,64,1,0,Monitor
16996,0,0.20112418,Low,64.99583333333334,7,1367.5300000000002,30,1,0,Monitor
12510,0,0.20074902,Low,144.94861111111112,8,4876.5,94,1,1,Monitor
17602,0,0.2005162,Low,143.85486111111112,9,3067.06,270,1,1,Monitor
16395,0,0.19997352,Low,143.08819444444444,11,2486.91,354,1,1,Monitor
12422,0,0.19995241,Low,144.15069444444444,15,4666.74,113,1,1,Monitor
12913,0,0.19986467,Low,102.08402777777778,11,4666.0,31,1,1,Monitor
15449,0,0.19985344,Low,4.838888888888889,2,647.7,30,1,0,Monitor
12433,0,0.19978942,Low,185.83402777777775,5,7205.39,163,1,1,Monitor
17262,0,0.19925919,Low,46.86944444444445,10,2190.76,10,1,1,Monitor
13564,0,0.19914731,Low,173.83333333333334,36,15948.33,484,1,1,Monitor
14299,0,0.1991273,Low,137.92083333333332,22,11670.57,99,1,1,Monitor
16225,0,0.1985107,Low,96.95555555555556,12,2179.6,149,1,1,Monitor
15032,1,0.19795379,Low,75.90763888888888,8,11010.05,39,1,1,Monitor
14232,0,0.19771588,Low,6.151388888888889,2,1003.97,52,1,0,Monitor
15238,0,0.19732766,Low,3.8680555555555554,1,300.14,14,0,0,Monitor
15433,1,0.19728598,Low,33.08680555555556,2,533.3,40,1,0,Monitor
17227,0,0.19522922,Low,76.11597222222223,8,1305.76,47,1,0,Monitor
17083,0,0.19479187,Low,115.04444444444444,8,3640.03,29,1,1,Monitor
15704,0,0.19450332,Low,6.948611111111111,4,2948.36,110,1,1,Monitor
17867,0,0.19392702,Low,22.87361111111111,11,1028.23,63,1,0,Monitor
12623,1,0.19384362,Low,95.95833333333331,7,3747.84,112,1,1,Monitor
12759,0,0.1937374,Low,95.19513888888888,6,3934.1,161,1,1,Monitor
15132,0,0.19359882,Low,19.164583333333333,2,489.87,24,1,0,Monitor
16092,0,0.19350283,Low,16.88888888888889,5,1363.81,55,1,0,Monitor
16940,0,0.19309124,Low,109.01597222222222,6,4135.46,249,1,1,Monitor
16654,0,0.19300468,Low,6.925,7,1420.05,61,1,0,Monitor
17702,0,0.19238575,Low,25.852083333333333,3,1759.47,96,1,0,Monitor
16221,0,0.19200511,Low,95.0826388888889,8,1474.43,117,1,0,Monitor
17179,0,0.19190751,Low,51.84236111111111,5,1283.78,69,1,0,Monitor
14621,0,0.19174679,Low,6.989583333333333,6,1848.52,88,1,0,Monitor
13643,0,0.19166641,Low,5.048611111111111,8,1725.23,59,1,0,Monitor
17827,0,0.19158274,Low,61.829166666666666,5,1969.31,191,1,1,Monitor
14006,0,0.19123107,Low,60.85625,6,1896.57,53,1,0,Monitor
17463,0,0.19080818,Low,53.013888888888886,4,1585.11,169,1,0,Monitor
12684,0,0.19054013,Low,16.815277777777776,3,917.1,32,1,0,Monitor
16306,1,0.19044124,Low,33.02638888888889,7,1124.72,55,1,0,Monitor
16813,0,0.18999338,Low,11.027083333333334,2,301.66,110,1,0,Monitor
17625,0,0.18996876,Low,77.0201388888889,5,4500.53,343,1,1,Monitor
12370,0,0.18961339,Low,94.00138888888888,6,3577.28,150,1,1,Monitor
16105,1,0.18932855,Low,68.10902777777778,5,2386.19,92,1,1,Monitor
15123,0,0.18914379,Low,25.91180555555556,4,3526.33,113,1,1,Monitor
15106,0,0.18910156,Low,31.172916666666666,2,778.45,51,1,0,Monitor
16938,0,0.18893701,Low,128.13611111111112,6,4551.28,429,1,1,Monitor
13647,0,0.1884089,Low,54.12569444444444,5,1818.2,68,1,0,Monitor
18179,0,0.18822877,Low,71.97847222222222,6,1857.54,70,1,0,Monitor
17921,0,0.18813251,Low,85.9798611111111,7,1852.2,172,1,0,Monitor
15024,0,0.18788208,Low,116.03333333333332,9,2603.55,124,1,1,Monitor
15456,1,0.18754752,Low,102.9576388888889,10,2091.52,128,1,1,Monitor
13908,0,0.1875155,Low,34.10138888888889,2,831.11,49,1,0,Monitor
14655,0,0.18750714,Low,41.91041666666667,4,2756.84,55,1,1,Monitor
13208,0,0.18690199,Low,26.01736111111111,6,1452.61,162,1,0,Monitor
17744,0,0.1863874,Low,70.00277777777778,5,1615.7,63,1,0,Monitor
16807,0,0.18554714,Low,35.05277777777778,5,1654.12,94,1,0,Monitor
17398,0,0.18515974,Low,30.00625,2,528.45,26,1,0,Monitor
16531,0,0.18462016,Low,113.93680555555557,7,1538.57,80,1,0,Monitor
12823,0,0.18449982,Low,74.09305555555555,16,5736.5,1,1,1,Monitor
17002,0,0.18401802,Low,35.06180555555556,6,2071.34,48,1,1,Monitor
15443,0,0.18396586,Low,139.97569444444446,8,2338.35,249,1,1,Monitor
16065,1,0.18379599,Low,184.9909722222222,8,1992.13,214,1,1,Monitor
13662,0,0.18363085,Low,31.977083333333333,10,1868.79,109,1,0,Monitor
17175,0,0.1834861,Low,0.0291666666666666,2,821.7,30,1,0,Monitor
13649,1,0.18340984,Low,76.04097222222222,6,1453.68,97,1,0,Monitor
13357,1,0.18336582,Low,76.95416666666667,5,3805.51,284,1,1,Monitor
17593,0,0.1832113,Low,172.09791666666666,7,4831.36,163,1,1,Monitor
16175,0,0.18307933,Low,24.100694444444443,5,1265.83,45,1,0,Monitor
14682,1,0.18307795,Low,7.026388888888889,6,1514.81,79,1,0,Monitor
15797,0,0.18290365,Low,33.84166666666667,5,2453.88,11,1,1,Monitor
17929,0,0.18274507,Low,74.01041666666667,10,2674.1,5,1,1,Monitor
13174,0,0.18170467,Low,135.88472222222222,11,7286.6,564,1,1,Monitor
14044,0,0.18162459,Low,129.04930555555555,7,2601.72,465,1,1,Monitor
15199,0,0.1812273,Low,55.00347222222222,8,2510.85,17,1,1,Monitor
17015,0,0.18116996,Low,4.979861111111111,1,520.55,116,0,0,Monitor
15971,0,0.1811509,Low,61.96527777777778,10,2789.13,9,1,1,Monitor
12502,0,0.1810995,Low,37.18819444444444,3,1842.65,61,1,0,Monitor
14152,0,0.18099633,Low,53.87777777777778,6,1690.56,90,1,0,Monitor
13707,1,0.18087825,Low,86.78263888888888,5,3365.86,142,1,1,Monitor
16308,0,0.18045641,Low,36.99097222222223,5,3520.0,1,1,1,Monitor
12494,0,0.18035139,Low,15.959027777777775,6,1284.81,54,1,0,Monitor
12997,0,0.18020368,Low,55.99166666666667,6,1492.49,52,1,0,Monitor
13093,1,0.18019567,Low,95.025,55,54144.25,199,1,1,Monitor
17426,0,0.18004966,Low,101.84444444444443,8,4234.39,151,1,1,Monitor
16128,0,0.17999825,Low,102.0201388888889,7,2309.13,102,1,1,Monitor
16320,0,0.17940494,Low,32.888194444444444,5,5443.21,184,1,1,Monitor
14472,0,0.17918693,Low,7.004166666666666,6,1723.26,158,1,0,Monitor
13856,0,0.17911966,Low,3.170138888888889,10,972.53,31,1,0,Monitor
15845,0,0.17836942,Low,30.159027777777776,6,2251.67,77,1,1,Monitor
15861,0,0.17829034,Low,86.68888888888888,6,1938.52,266,1,0,Monitor
14233,0,0.17803055,Low,31.08680555555556,6,2400.65,30,1,1,Monitor
16230,1,0.17793612,Low,9.113888888888887,2,542.03,32,1,0,Monitor
15489,0,0.17790347,Low,30.997222222222224,6,1633.59,66,1,0,Monitor
13655,0,0.17770989,Low,61.12291666666667,5,1731.19,73,1,0,Monitor
14684,0,0.17631833,Low,34.99444444444445,3,721.96,195,1,0,Monitor
18173,0,0.17579232,Low,18.93402777777778,4,2318.36,31,1,1,Monitor
18242,0,0.17496479,Low,15.936111111111112,6,2066.8,68,1,1,Monitor
14004,0,0.17493212,Low,108.14027777777778,5,2575.83,69,1,1,Monitor
13562,0,0.17481251,Low,65.00555555555556,6,3642.12,72,1,1,Monitor
15737,0,0.17449677,Low,5.852083333333334,4,712.73,39,1,0,Monitor
13139,0,0.17422372,Low,34.865972222222226,3,4308.06,123,1,1,Monitor
13631,0,0.17401443,Low,21.09930555555556,4,1330.0,3,1,0,Monitor
15182,0,0.17387971,Low,88.00555555555556,10,2746.582,75,1,1,Monitor
17591,0,0.1738308,Low,22.981944444444444,6,1762.92,93,1,0,Monitor
17723,0,0.17297868,Low,10.852083333333333,4,1263.8000000000002,6,1,0,Monitor
14565,0,0.17248987,Low,24.98680555555556,3,2637.65,104,1,1,Monitor
15172,0,0.17244145,Low,16.12638888888889,2,526.2,38,1,0,Monitor
17126,0,0.17201078,Low,119.03125,6,1528.65,221,1,0,Monitor
15038,0,0.1719378,Low,7.066666666666666,7,958.49,176,1,0,Monitor
16966,0,0.17163321,Low,17.02986111111111,3,1154.4,8,1,0,Monitor
16872,0,0.17153388,Low,3.9291666666666663,4,921.47,10,1,0,Monitor
12393,0,0.17152826,Low,65.12847222222223,5,1877.95,53,1,0,Monitor
14748,0,0.17149968,Low,31.898611111111112,8,2037.28,94,1,1,Monitor
18149,0,0.17140289,Low,35.00138888888889,6,1491.56,54,1,0,Monitor
13888,0,0.17137784,Low,37.922916666666666,6,1635.48,110,1,0,Monitor
13110,0,0.17130002,Low,76.8625,8,2201.29,128,1,1,Monitor
12480,0,0.1712878,Low,86.97708333333334,5,3770.49,120,1,1,Monitor
17648,0,0.17103466,Low,12.061111111111112,4,1526.26,96,1,0,Monitor
15809,0,0.17085692,Low,3.888194444444444,6,1157.88,45,1,0,Monitor
15987,0,0.17052796,Low,19.141666666666666,5,619.3,50,1,0,Monitor
14790,0,0.17027691,Low,73.0423611111111,7,1933.72,54,1,0,Monitor
13330,0,0.1698533,Low,5.022222222222222,5,2383.39,66,1,1,Monitor
14127,0,0.16975465,Low,76.01736111111111,5,1642.6,88,1,0,Monitor
16249,0,0.1695864,Low,20.945138888888888,2,1020.53,26,1,0,Monitor
17042,0,0.16951655,Low,16.10763888888889,2,487.59,51,1,0,Monitor
12468,1,0.1690286,Low,7.051388888888889,5,3670.74,127,1,1,Monitor
13615,1,0.16902329,Low,138.18680555555557,8,6272.53,259,1,1,Monitor
16906,0,0.16805571,Low,6.156944444444444,6,1244.32,141,1,0,Monitor
18087,0,0.16795436,Low,110.08819444444444,16,13908.72,43,1,1,Monitor
14205,0,0.16766886,Low,83.90486111111112,8,2170.4,70,1,1,Monitor
13437,0,0.16765459,Low,9.930555555555555,1,1440.9,80,0,0,Monitor
13782,0,0.16745055,Low,53.918055555555554,9,1238.52,141,1,0,Monitor
14631,0,0.16739964,Low,54.83402777777778,5,1648.79,55,1,0,Monitor
14744,0,0.16582151,Low,117.05347222222224,12,3488.13,53,1,1,Monitor
17429,0,0.1656213,Low,4.966666666666667,4,1208.68,70,1,0,Monitor
14226,0,0.164912,Low,29.940277777777776,3,2462.34,66,1,1,Monitor
16949,0,0.1646891,Low,5.094444444444444,4,893.75,32,1,0,Monitor
16341,0,0.16465452,Low,20.979166666666668,4,2676.57,81,1,1,Monitor
12649,0,0.1645674,Low,31.92569444444445,6,2046.14,86,1,1,Monitor
17162,0,0.16433193,Low,10.156944444444443,8,1165.28,70,1,0,Monitor
12955,0,0.16413562,Low,23.12708333333333,3,697.42,27,1,0,Monitor
14970,0,0.16374575,Low,71.97013888888888,10,4109.54,56,1,1,Monitor
14441,0,0.16274247,Low,75.03402777777778,8,3255.64,76,1,1,Monitor
14277,0,0.16272339,Low,31.979166666666668,7,14638.64,218,1,1,Monitor
12590,1,0.1627001,Low,30.915277777777774,2,9864.26,68,0,1,Monitor
12477,0,0.1626016,Low,58.95208333333333,5,11633.6,249,1,1,Monitor
17236,0,0.16259536,Low,61.86875,10,1576.95,81,1,0,Monitor
15980,0,0.16259247,Low,73.90625,5,4905.0,83,1,1,Monitor
16365,0,0.1623087,Low,72.70486111111111,9,2116.28,65,1,1,Monitor
13376,0,0.1621607,Low,23.154166666666665,2,770.0,34,1,0,Monitor
17974,0,0.16151462,Low,39.04166666666666,4,1199.17,177,1,0,Monitor
15563,0,0.161321,Low,20.04583333333333,5,2194.64,151,1,1,Monitor
14442,1,0.16129297,Low,24.051388888888887,7,5367.02,128,1,1,Monitor
13557,0,0.1611515,Low,100.025,12,2688.88,116,1,1,Monitor
15031,0,0.16042398,Low,101.91944444444444,11,2600.58,205,1,1,Monitor
16208,0,0.16001558,Low,108.96736111111112,9,3273.78,164,1,1,Monitor
13410,0,0.15947273,Low,6.873611111111111,7,1743.94,21,1,0,Monitor
12694,0,0.15838662,Low,2.793055555555556,2,1413.18,62,1,0,Monitor
15985,0,0.15818718,Low,56.07361111111111,6,2472.44,48,1,1,Monitor
16358,0,0.15806432,Low,3.90625,2,1354.3000000000002,61,1,0,Monitor
15002,0,0.15803161,Low,116.10069444444444,8,3643.91,194,1,1,Monitor
12500,0,0.15798876,Low,86.12152777777777,12,2907.59,66,1,1,Monitor
18170,0,0.15791221,Low,36.90069444444445,7,2201.9,50,1,1,Monitor
18177,0,0.1578202,Low,23.76527777777778,7,1588.55,57,1,0,Monitor
15841,0,0.15766597,Low,37.925694444444446,7,2131.61,47,1,1,Monitor
17550,1,0.15740514,Low,16.945138888888888,9,2506.64,250,1,1,Monitor
17058,0,0.15670945,Low,18.95833333333333,2,819.66,42,1,0,Monitor
13736,0,0.15663527,Low,79.99027777777778,6,2380.2,255,1,1,Monitor
13421,0,0.15654553,Low,109.87777777777778,7,3050.08,157,1,1,Monitor
16253,0,0.15627472,Low,74.97013888888888,6,5288.74,170,1,1,Monitor
15402,0,0.15616728,Low,15.970833333333331,5,1644.76,72,1,0,Monitor
12937,0,0.15603931,Low,16.939583333333335,7,2021.57,81,1,1,Monitor
15791,0,0.15522705,Low,23.89930555555556,4,3218.89,112,1,1,Monitor
13700,0,0.15499333,Low,59.97569444444444,8,1275.51,112,1,0,Monitor
12891,1,0.15494515,Low,5.013194444444444,11,840.5,2,1,0,Monitor
14692,0,0.15459825,Low,54.9,11,1603.89,95,1,0,Monitor
17075,0,0.1542949,Low,72.96041666666666,9,2098.58,140,1,1,Monitor
13124,0,0.15399998,Low,71.91111111111111,3,3401.8,163,1,1,Monitor
16283,0,0.1537914,Low,27.96736111111111,4,3057.32,312,1,1,Monitor
14597,0,0.1537831,Low,11.011805555555556,5,1483.49,44,1,0,Monitor
15252,0,0.15373567,Low,2.9409722222222223,4,1663.18,82,1,0,Monitor
17838,0,0.15362613,Low,111.95694444444445,11,4538.84,111,1,1,Monitor
12408,0,0.15321168,Low,79.91875,5,2289.81,66,1,1,Monitor
13334,0,0.15298249,Low,10.053472222222222,4,5408.07,280,1,1,Monitor
13870,0,0.15282448,Low,107.15347222222222,8,3485.17,113,1,1,Monitor
14336,0,0.15230325,Low,17.920833333333334,3,1114.39,53,1,0,Monitor
18136,0,0.151832,Low,31.035416666666663,4,1447.88,73,1,0,Monitor
16899,0,0.15084109,Low,26.872916666666665,4,772.26,68,1,0,Monitor
15620,0,0.1504859,Low,40.06111111111111,3,1264.19,84,1,0,Monitor
13059,1,0.14999129,Low,69.09027777777777,10,2291.77,155,1,1,Monitor
17738,0,0.14993823,Low,101.85,10,3084.43,139,1,1,Monitor
15140,0,0.14979286,Low,18.075694444444444,4,2016.89,67,1,1,Monitor
17090,0,0.14944522,Low,47.10208333333333,9,1754.58,23,1,0,Monitor
12576,0,0.14928713,Low,37.90416666666667,5,1248.54,74,1,0,Monitor
16027,0,0.14919686,Low,38.08263888888889,12,1630.41,14,1,0,Monitor
17096,0,0.14896986,Low,81.03125,8,2809.29,132,1,1,Monitor
16266,0,0.14879575,Low,19.98472222222222,10,1267.9,58,1,0,Monitor
14404,0,0.14866035,Low,79.11458333333333,10,1973.39,90,1,1,Monitor
16232,0,0.14855431,Low,34.94722222222222,5,2088.56,59,1,1,Monitor
17560,0,0.1483271,Low,23.81736111111111,7,1526.9,33,1,0,Monitor
13044,1,0.14768395,Low,110.89583333333331,11,4848.05,356,1,1,Monitor
13984,0,0.14764996,Low,69.07569444444445,10,1690.52,50,1,0,Monitor
14868,0,0.14762744,Low,52.96805555555556,5,1669.75,80,1,0,Monitor
17054,0,0.14712712,Low,26.99513888888889,3,918.82,46,1,0,Monitor
14936,0,0.14667691,Low,95.03958333333334,5,5850.15,186,1,1,Monitor
14021,0,0.14615315,Low,30.96736111111111,6,1586.38,80,1,0,Monitor
16150,0,0.14544073,Low,89.95416666666667,7,2913.63,109,1,1,Monitor
18283,0,0.14535254,Low,20.053472222222226,11,1134.89,240,1,0,Monitor
16875,0,0.14525378,Low,115.99166666666666,9,2944.09,115,1,1,Monitor
13722,0,0.14486882,Low,102.04652777777778,8,4723.47,112,1,1,Monitor
16638,0,0.14474423,Low,76.88125,11,1910.85,99,1,0,Monitor
15903,0,0.14465374,Low,47.04097222222222,7,4454.72,39,1,1,Monitor
17138,1,0.1445027,Low,95.03888888888888,7,4417.27,234,1,1,Monitor
13203,0,0.14444454,Low,61.92361111111112,7,1944.5,115,1,0,Monitor
16942,0,0.14442286,Low,8.963194444444444,4,898.54,89,1,0,Monitor
18036,0,0.1444022,Low,65.05833333333334,9,1252.32,199,1,0,Monitor
17940,0,0.14425336,Low,37.78055555555556,11,29662.29,11,1,1,Monitor
14702,0,0.14419925,Low,100.73055555555555,18,4302.69,240,1,1,Monitor
16434,0,0.14407441,Low,11.925694444444444,8,1878.61,79,1,0,Monitor
13725,0,0.14383088,Low,44.90069444444445,6,1751.6,83,1,0,Monitor
17265,0,0.1433997,Low,0.0347222222222222,1,377.84,72,0,0,Monitor
15502,0,0.14334175,Low,95.03541666666666,6,5259.4,154,1,1,Monitor
14841,0,0.14326659,Low,93.97361111111113,11,5649.09,166,1,1,Monitor
17769,0,0.14279991,Low,98.02083333333331,9,3972.71,242,1,1,Monitor
16554,0,0.14262836,Low,41.93958333333333,7,2318.73,90,1,1,Monitor
14896,1,0.14244783,Low,24.104166666666668,8,1826.0,150,1,0,Monitor
14276,0,0.1423612,Low,0.1208333333333333,6,1703.34,63,1,0,Monitor
16383,0,0.14232,Low,87.99305555555556,6,2562.39,219,1,1,Monitor
16823,1,0.14227581,Low,46.90972222222222,7,2243.09,149,1,1,Monitor
15906,0,0.14192586,Low,39.04166666666666,6,1645.66,84,1,0,Monitor
16755,0,0.14180776,Low,45.95069444444445,6,2297.7200000000003,175,1,1,Monitor
17685,0,0.14166802,Low,86.10694444444445,10,3811.84,81,1,1,Monitor
15750,0,0.14161146,Low,102.84444444444443,13,4600.861,280,1,1,Monitor
15815,0,0.14133528,Low,31.897916666666667,3,1394.08,12,1,0,Monitor
17585,0,0.14129996,Low,82.84583333333333,5,1469.56,206,1,0,Monitor
17414,0,0.14045033,Low,4.0465277777777775,5,2069.52,6,1,1,Monitor
15079,1,0.14037827,Low,32.00347222222222,11,3625.4,119,1,1,Monitor
15321,0,0.13980022,Low,111.06944444444444,10,5120.89,206,1,1,Monitor
13012,0,0.1385856,Low,32.97013888888889,6,2018.38,67,1,1,Monitor
16239,0,0.13850082,Low,9.13888888888889,5,1425.9,21,1,0,Monitor
15611,0,0.13848563,Low,10.859722222222222,17,1837.93,27,1,0,Monitor
15810,0,0.13769147,Low,51.70763888888889,6,2461.18,76,1,1,Monitor
15696,0,0.13750654,Low,40.05277777777778,11,2800.06,116,1,1,Monitor
17454,1,0.13749851,Low,11.952777777777778,10,1547.94,98,1,0,Monitor
17360,0,0.13706021,Low,3.8201388888888888,4,953.17,137,1,0,Monitor
15434,0,0.13625962,Low,19.93888888888889,7,1832.54,70,1,0,Monitor
16611,1,0.13617918,Low,5.877777777777778,6,1785.13,86,1,0,Monitor
15482,0,0.1361696,Low,70.08402777777778,10,4799.84,43,1,1,Monitor
12909,0,0.13555728,Low,21.040277777777774,6,2452.89,98,1,1,Monitor
16045,0,0.13524918,Low,65.09583333333333,6,2955.48,103,1,1,Monitor
14553,0,0.13513355,Low,38.07083333333333,6,1271.65,169,1,0,Monitor
16735,0,0.13483013,Low,59.02638888888889,11,5014.77,143,1,1,Monitor
14426,0,0.1347033,Low,95.89791666666666,10,8741.85,384,1,1,Monitor
15220,0,0.13396494,Low,23.053472222222226,3,858.1899999999999,53,1,0,Monitor
13316,0,0.13363399,Low,73.99236111111111,7,8830.37,71,1,1,Monitor
17848,0,0.1334588,Low,68.84305555555555,25,3046.28,91,1,1,Monitor
14794,0,0.13301031,Low,23.039583333333333,7,1313.53,57,1,0,Monitor
15860,0,0.13275579,Low,52.08472222222223,12,1816.4,192,1,0,Monitor
14532,1,0.13274027,Low,55.989583333333336,11,3845.78,209,1,1,Monitor
15426,0,0.13262513,Low,76.86458333333333,6,1386.41,218,1,0,Monitor
12356,0,0.13262284,Low,65.01180555555555,5,6313.38,104,1,1,Monitor
13931,0,0.13237053,Low,100.17152777777778,10,4398.06,177,1,1,Monitor
14669,1,0.13227937,Low,61.046527777777776,7,3216.78,334,1,1,Monitor
16062,0,0.13208678,Low,60.90416666666667,6,2288.01,115,1,1,Monitor
16496,0,0.13203745,Low,27.084722222222226,5,1916.29,101,1,0,Monitor
15407,0,0.13182496,Low,3.0541666666666667,3,740.73,62,1,0,Monitor
13495,0,0.13180934,Low,51.89930555555556,8,3890.87,50,1,1,Monitor
13310,0,0.13132314,Low,25.975,4,1226.82,65,1,0,Monitor
17146,0,0.13054465,Low,82.9576388888889,12,5666.74,162,1,1,Monitor
17092,0,0.12998171,Low,96.91597222222222,8,3872.28,201,1,1,Monitor
15757,0,0.12997876,Low,37.04861111111112,5,2487.3,140,1,1,Monitor
18230,0,0.12958845,Low,26.87638888888889,5,2735.1600000000003,42,1,1,Monitor
13715,1,0.1293228,Low,100.72847222222222,17,8153.04,277,1,1,Monitor
13077,0,0.12922753,Low,109.8548611111111,10,2588.82,176,1,1,Monitor
16081,0,0.12886412,Low,4.971527777777778,6,2471.91,155,1,1,Monitor
14422,0,0.1287073,Low,86.80833333333334,14,6409.1900000000005,206,1,1,Monitor
15858,0,0.1275376,Low,108.97847222222222,10,2941.06,231,1,1,Monitor
13477,0,0.1273718,Low,30.98611111111111,7,1880.62,84,1,0,Monitor
12429,0,0.12668799,Low,47.04583333333333,6,4173.49,86,1,1,Monitor
17508,1,0.1261298,Low,100.19444444444444,8,4579.23,199,1,1,Monitor
14978,0,0.1260317,Low,55.07986111111112,9,2718.05,159,1,1,Monitor
15813,1,0.12573275,Low,27.19236111111111,2,1303.91,40,1,0,Monitor
17597,1,0.12552992,Low,33.03888888888889,5,3484.09,109,1,1,Monitor
15493,0,0.12548241,Low,69.05694444444444,6,3087.7200000000003,234,1,1,Monitor
17368,0,0.12540318,Low,78.95069444444445,9,1768.34,139,1,0,Monitor
16600,0,0.12532894,Low,72.72916666666667,9,1577.35,77,1,0,Monitor
14700,0,0.12524424,Low,9.035416666666666,4,2422.06,88,1,1,Monitor
16771,0,0.12520832,Low,94.95416666666668,8,3358.74,262,1,1,Monitor
16470,0,0.12476597,Low,12.049305555555556,9,2009.74,240,1,1,Monitor
17460,0,0.12444048,Low,45.08055555555556,15,1998.12,90,1,1,Monitor
12645,0,0.124404095,Low,39.02708333333333,6,2563.02,91,1,1,Monitor
14235,0,0.12413147,Low,45.99513888888889,6,2837.68,89,1,1,Monitor
16229,0,0.12404941,Low,32.105555555555554,5,2215.46,120,1,1,Monitor
12744,0,0.12382493,Low,68.07777777777778,8,14300.42,173,1,1,Monitor
13090,0,0.123691395,Low,58.09930555555555,17,7292.519999999999,112,1,1,Monitor
15073,0,0.123535484,Low,5.034722222222222,7,2606.57,109,1,1,Monitor
13637,0,0.12348009,Low,6.976388888888889,2,678.65,75,1,0,Monitor
13157,0,0.12332628,Low,60.94861111111111,7,4444.08,128,1,1,Monitor
15033,0,0.12306395,Low,27.98333333333333,3,1155.62,151,1,0,Monitor
13048,0,0.12275613,Low,57.97152777777778,7,3153.14,115,1,1,Monitor
15491,0,0.12267012,Low,37.84444444444444,3,1644.92,80,1,0,Monitor
12463,0,0.12242459,Low,26.116666666666667,2,647.95,32,1,0,Monitor
16905,0,0.122102104,Low,56.05555555555556,13,2491.35,106,1,1,Monitor
14154,1,0.12201499,Low,58.85,8,6460.7,236,1,1,Monitor
15976,0,0.121346936,Low,39.81805555555555,5,1476.76,240,1,0,Monitor
17797,0,0.12127127,Low,2.05625,6,1463.85,172,1,0,Monitor
14758,0,0.121092886,Low,25.02986111111111,6,2587.85,84,1,1,Monitor
16515,0,0.120913655,Low,66.06805555555556,7,2174.26,150,1,1,Monitor
14408,0,0.1208195,Low,9.10763888888889,7,2585.03,32,1,1,Monitor
14465,1,0.12072077,Low,66.00833333333334,11,3925.85,128,1,1,Monitor
12693,0,0.12069362,Low,31.165277777777774,6,1477.88,59,1,0,Monitor
17284,0,0.12044643,Low,55.03958333333333,4,2063.93,225,1,1,Monitor
17063,0,0.1202941,Low,108.96180555555556,8,2496.76,111,1,1,Monitor
16883,1,0.11978831,Low,6.999305555555556,19,2246.06,159,1,1,Monitor
15754,0,0.119716115,Low,66.01805555555555,7,2670.84,96,1,1,Monitor
15353,1,0.11971559,Low,74.02430555555556,7,2794.4700000000003,274,1,1,Monitor
18116,0,0.11900443,Low,53.85833333333333,12,1970.93,304,1,1,Monitor
13092,0,0.11822218,Low,31.102777777777774,11,2102.2,48,1,1,Monitor
16933,0,0.11820188,Low,58.97013888888889,8,2760.8,193,1,1,Monitor
13491,0,0.11811542,Low,66.99583333333334,25,4283.47,133,1,1,Monitor
15237,0,0.11795982,Low,22.91875,2,1093.65,74,1,0,Monitor
17204,0,0.11733382,Low,60.8875,7,5190.29,107,1,1,Monitor
16960,0,0.11694282,Low,72.03888888888889,6,1685.36,301,1,0,Monitor
14245,1,0.116826825,Low,39.17361111111112,2,1693.45,107,1,0,Monitor
12857,1,0.11679193,Low,30.104166666666668,6,3688.0,71,1,1,Monitor
16191,0,0.11663701,Low,82.16388888888889,19,13112.98,76,1,1,Monitor
15834,0,0.11624792,Low,96.78819444444444,5,2812.01,245,1,1,Monitor
12982,1,0.11622607,Low,62.04097222222222,8,2744.81,139,1,1,Monitor
15625,0,0.115942925,Low,54.95069444444445,6,2397.47,101,1,1,Monitor
16085,0,0.11555463,Low,56.01736111111112,9,1684.56,196,1,0,Monitor
13523,0,0.115263544,Low,19.165972222222223,4,2938.93,117,1,1,Monitor
18125,0,0.11482699,Low,21.040972222222223,3,933.9,146,1,0,Monitor
14837,0,0.11479338,Low,21.000694444444445,6,2303.08,114,1,1,Monitor
13735,0,0.11478471,Low,53.95902777777778,10,7814.38,292,1,1,Monitor
13305,0,0.11468009,Low,64.93333333333334,10,2255.8,123,1,1,Monitor
14844,0,0.11462696,Low,60.98611111111112,7,4387.17,122,1,1,Monitor
17754,0,0.114452496,Low,79.95555555555555,9,3050.81,137,1,1,Monitor
16520,1,0.114436336,Low,5.976388888888889,6,2148.38,251,1,1,Monitor
17930,0,0.114296444,Low,58.87777777777778,9,2925.34,25,1,1,Monitor
15572,0,0.11390006,Low,68.08611111111111,6,2305.32,174,1,1,Monitor
13561,1,0.113780595,Low,35.00763888888889,11,1803.4,131,1,0,Monitor
18064,0,0.11374693,Low,54.90416666666667,10,4075.83,48,1,1,Monitor
14146,0,0.1137184,Low,74.0736111111111,9,7163.03,248,1,1,Monitor
17115,0,0.113402866,Low,2.1638888888888888,6,2536.81,98,1,1,Monitor
17147,0,0.11281798,Low,26.07847222222222,7,2458.47,74,1,1,Monitor
16801,0,0.11234186,Low,12.066666666666666,3,1453.38,70,1,0,Monitor
13610,0,0.11210033,Low,6.9625,10,1485.75,228,1,0,Monitor
14607,0,0.11207134,Low,80.89444444444445,9,8048.63,76,1,1,Monitor
14001,0,0.11147031,Low,52.141666666666666,8,3494.91,48,1,1,Monitor
12633,0,0.11142901,Low,16.097916666666666,5,5243.73,209,1,1,Monitor
12428,0,0.111381456,Low,62.11527777777778,6,6310.54,228,1,1,Monitor
13577,0,0.11137717,Low,61.09513888888889,8,2158.43,66,1,1,Monitor
13772,0,0.11102313,Low,59.01319444444445,6,2205.81,313,1,1,Monitor
13593,0,0.11089508,Low,83.02777777777777,12,4479.16,190,1,1,Monitor
17567,0,0.1103253,Low,52.982638888888886,5,2380.57,99,1,1,Monitor
14329,0,0.11029843,Low,93.02291666666666,10,7037.9800000000005,265,1,1,Monitor
12749,0,0.11029074,Low,32.892361111111114,5,3665.58,157,1,1,Monitor
13094,0,0.11016409,Low,11.019444444444444,9,1375.2,5,1,0,Monitor
17790,0,0.10988826,Low,18.007638888888888,15,1712.12,120,1,0,Monitor
14461,0,0.109573364,Low,81.02430555555556,11,5350.08,424,1,1,Monitor
18239,1,0.109226435,Low,38.00833333333333,6,1712.26,85,1,0,Monitor
12916,0,0.10902524,Low,21.09027777777778,6,3786.36,75,1,1,Monitor
13117,0,0.108835615,Low,37.08680555555556,16,2022.12,113,1,1,Monitor
14449,0,0.10866582,Low,66.02361111111111,6,1745.07,211,1,0,Monitor
17180,0,0.10850095,Low,60.85416666666666,10,2005.6,179,1,1,Monitor
16612,0,0.108384706,Low,6.050694444444445,7,2766.67,96,1,1,Monitor
17888,0,0.10816515,Low,31.93125,20,1260.17,107,1,0,Monitor
17272,0,0.1081543,Low,18.961111111111112,2,1409.44,59,1,0,Monitor
13869,0,0.10810636,Low,82.0875,9,6486.38,425,1,1,Monitor
14482,0,0.10786657,Low,58.83958333333333,7,2522.01,99,1,1,Monitor
14507,0,0.1077992,Low,34.93888888888889,8,2464.17,169,1,1,Monitor
16265,0,0.10720294,Low,80.12361111111112,8,4363.31,147,1,1,Monitor
12472,0,0.107115485,Low,87.00694444444444,15,12726.02,325,1,1,Monitor
15641,0,0.106983684,Low,80.05625,11,4763.7300000000005,228,1,1,Monitor
12360,0,0.10694564,Low,20.12986111111111,6,2674.41,108,1,1,Monitor
17314,0,0.106881134,Low,76.14861111111111,12,3163.51,117,1,1,Monitor
16209,0,0.10685752,Low,6.051388888888889,6,2452.2200000000003,42,1,1,Monitor
14770,1,0.106294684,Low,51.93680555555556,8,3637.64,152,1,1,Monitor
17019,0,0.10580391,Low,81.06527777777778,10,3340.14,308,1,1,Monitor
15581,0,0.10564577,Low,45.824305555555554,33,4435.39,523,1,1,Monitor
17230,1,0.10515367,Low,83.85972222222222,18,9388.49,141,1,1,Monitor
15235,1,0.10509875,Low,37.12916666666667,16,2772.76,161,1,1,Monitor
14307,0,0.10497407,Low,39.12013888888889,7,2987.18,150,1,1,Monitor
17069,0,0.10491058,Low,46.05416666666667,9,3880.6,146,1,1,Monitor
14854,0,0.10487841,Low,47.01458333333333,7,2754.36,110,1,1,Monitor
16633,0,0.10486744,Low,0.0430555555555555,2,703.32,38,1,0,Monitor
17667,0,0.104848236,Low,30.895138888888887,7,3251.86,135,1,1,Monitor
16182,0,0.104827926,Low,23.074305555555554,7,5871.0,12,1,1,Monitor
16059,0,0.10482775,Low,74.02638888888889,9,2241.41,192,1,1,Monitor
15410,0,0.104588866,Low,22.963194444444444,6,3035.77,71,1,1,Monitor
13027,0,0.10446731,Low,53.12638888888889,16,14167.2,7,1,1,Monitor
14112,0,0.104247965,Low,23.093055555555555,9,4071.94,160,1,1,Monitor
12380,0,0.10405283,Low,5.125694444444444,8,7559.04,125,1,1,Monitor
12853,0,0.10405099,Low,59.00486111111111,8,2835.4,81,1,1,Monitor
14593,0,0.10384757,Low,18.061805555555555,11,3387.97,369,1,1,Monitor
14817,1,0.10377982,Low,19.96875,7,3959.86,142,1,1,Monitor
15732,1,0.103458285,Low,31.934722222222224,10,1543.97,53,1,0,Monitor
14088,0,0.103178665,Low,9.790972222222225,6,28899.83,240,1,1,Monitor
15932,0,0.101943284,Low,34.00763888888889,4,1273.25,44,1,0,Monitor
17863,0,0.10192277,Low,74.04930555555555,9,3572.38,100,1,1,Monitor
15998,0,0.10190286,Low,82.01736111111111,13,6969.34,596,1,1,Monitor
13126,0,0.10163892,Low,72.84027777777777,10,2752.59,123,1,1,Monitor
14584,0,0.10159293,Low,2.699305555555556,7,1524.71,123,1,0,Monitor
14215,0,0.101471804,Low,6.115277777777778,7,2558.88,128,1,1,Monitor
18287,0,0.10142356,Low,21.090972222222224,5,3110.99,93,1,1,Monitor
13136,0,0.100950114,Low,32.00208333333333,9,4241.41,160,1,1,Monitor
17243,0,0.10080971,Low,56.107638888888886,54,14440.03,298,1,1,Monitor
13485,1,0.10062341,Low,52.952777777777776,11,3019.2200000000003,131,1,1,Monitor
15027,0,0.10058967,Low,38.89236111111112,8,2783.57,52,1,1,Monitor
16325,0,0.10049439,Low,65.14583333333333,10,3194.08,100,1,1,Monitor
17377,0,0.10026346,Low,75.06597222222223,65,15183.57,428,1,1,Monitor
16043,0,0.10021005,Low,30.963194444444444,7,1759.09,48,1,0,Monitor
12523,0,0.10019867,Low,72.14652777777778,16,3062.77,127,1,1,Monitor
14364,0,0.10009346,Low,7.045833333333333,4,2161.85,22,1,1,Monitor
12455,0,0.09914202,Low,9.053472222222222,7,5376.39,168,1,1,Monitor
14701,0,0.09913608,Low,66.90833333333333,11,3694.92,363,1,1,Monitor
16086,0,0.09899935,Low,19.88958333333333,8,2153.4,63,1,1,Monitor
14810,0,0.098928966,Low,18.035416666666663,10,1544.85,100,1,0,Monitor
12656,0,0.098846234,Low,23.052777777777777,5,4016.26,118,1,1,Monitor
15021,0,0.09882858,Low,38.019444444444446,6,1293.58,231,1,0,Monitor
16255,0,0.098748274,Low,65.98194444444445,11,2971.76,163,1,1,Monitor
14161,1,0.09859625,Low,35.047916666666666,7,2996.93,202,1,1,Monitor
16837,0,0.09851252,Low,17.05,8,1814.74,76,1,0,Monitor
15214,0,0.09844979,Low,3.129166666666667,2,651.63,46,1,0,Monitor
14541,0,0.098385334,Low,33.80972222222222,12,2043.48,99,1,1,Monitor
13014,0,0.09830068,Low,39.94027777777778,4,3242.83,124,1,1,Monitor
13953,0,0.09827872,Low,30.145138888888887,8,4875.0,1,1,1,Monitor
16131,0,0.09826627,Low,26.8375,8,8115.4,117,1,1,Monitor
16670,0,0.098074235,Low,67.00069444444445,14,5882.47,201,1,1,Monitor
17669,0,0.098040625,Low,29.972916666666663,6,4346.63,70,1,1,Monitor
17720,0,0.09766,Low,45.00069444444444,8,2003.35,69,1,1,Monitor
14231,1,0.097363286,Low,3.0729166666666665,4,1235.62,66,1,0,Monitor
13475,1,0.09719482,Low,10.956944444444444,4,1431.78,64,1,0,Monitor
12910,0,0.09707532,Low,17.10902777777778,8,3863.98,53,1,1,Monitor
13052,1,0.0969512,Low,31.94305555555556,7,3119.33,161,1,1,Monitor
15752,0,0.09692607,Low,69.00555555555556,5,2340.99,266,1,1,Monitor
14898,0,0.09676773,Low,59.96388888888889,12,2707.57,135,1,1,Monitor
16719,0,0.09643966,Low,55.10347222222222,11,2719.08,180,1,1,Monitor
14546,0,0.096439354,Low,21.047916666666666,8,3485.79,314,1,1,Monitor
16889,1,0.09627325,Low,14.072916666666666,6,2526.65,163,1,1,Monitor
12782,0,0.09611191,Low,73.00972222222222,9,3850.27,121,1,1,Monitor
15227,0,0.095961,Low,35.110416666666666,7,2145.91,79,1,1,Monitor
13198,0,0.09590736,Low,69.12152777777777,5,3660.74,207,1,1,Monitor
14626,0,0.095572196,Low,52.980555555555554,8,3206.55,112,1,1,Monitor
17719,0,0.0954388,Low,9.876388888888888,5,1971.46,66,1,1,Monitor
13995,0,0.09527237,Low,65.1875,10,2818.77,117,1,1,Monitor
13901,0,0.094975136,Low,75.92847222222223,12,3457.44,178,1,1,Monitor
12530,0,0.0949082,Low,53.13819444444445,7,2901.98,76,1,1,Monitor
17419,0,0.094892554,Low,69.01319444444445,13,3945.48,140,1,1,Monitor
12399,0,0.09471302,Low,2.986805555555556,6,1752.68,58,1,0,Monitor
17515,0,0.094705604,Low,25.949305555555554,8,1534.86,90,1,0,Monitor
13752,0,0.09469186,Low,4.084027777777778,5,1295.98,69,1,0,Monitor
15660,0,0.09460873,Low,23.92083333333333,10,1741.85,53,1,0,Monitor
15722,0,0.094492026,Low,7.026388888888889,8,3782.09,83,1,1,Monitor
12597,0,0.0944742,Low,2.8652777777777776,2,1428.81,72,1,0,Monitor
17618,0,0.09444587,Low,67.98819444444445,10,3696.84,196,1,1,Monitor
17107,0,0.09407986,Low,28.020138888888887,6,9372.6,279,1,1,Monitor
14078,0,0.093767956,Low,4.000694444444444,8,1332.01,98,1,0,Monitor
16770,0,0.093518674,Low,56.00069444444444,8,1671.21,174,1,0,Monitor
16609,0,0.09338395,Low,16.969444444444445,3,1987.62,87,1,1,Monitor
14535,0,0.09329544,Low,68.0,7,3971.26,437,1,1,Monitor
17634,0,0.093292326,Low,32.17777777777778,5,1811.29,131,1,0,Monitor
16326,0,0.09318183,Low,34.013888888888886,13,2208.31,152,1,1,Monitor
17774,0,0.0930761,Low,68.99652777777777,7,2655.09,241,1,1,Monitor
12775,0,0.092729755,Low,9.209722222222222,6,1464.76,45,1,0,Monitor
14292,0,0.092685655,Low,23.80902777777778,9,5479.53,98,1,1,Monitor
17646,1,0.09261953,Low,38.98125,12,3898.79,124,1,1,Monitor
12451,0,0.092509165,Low,37.80277777777778,5,8942.18,259,1,1,Monitor
15367,0,0.09245474,Low,65.04166666666667,9,4619.92,191,1,1,Monitor
14572,0,0.09243905,Low,73.84444444444445,7,3795.67,251,1,1,Monitor
17725,0,0.09225857,Low,11.918055555555556,4,1269.63,53,1,0,Monitor
16407,0,0.09213735,Low,13.931944444444444,9,1471.76,71,1,0,Monitor
13900,1,0.092013516,Low,2.725,6,1610.59,80,1,0,Monitor
13692,0,0.09180315,Low,33.110416666666666,4,2497.66,69,1,1,Monitor
14107,0,0.09174733,Low,39.97152777777778,8,3649.15,89,1,1,Monitor
15673,0,0.09156915,Low,34.020833333333336,7,5174.13,147,1,1,Monitor
14524,0,0.09133998,Low,55.99791666666667,8,1819.76,193,1,0,Monitor
16016,0,0.091138445,Low,15.95625,7,1408.96,127,1,0,Monitor
13527,0,0.09111588,Low,21.023611111111112,7,2884.57,174,1,1,Monitor
12668,0,0.091109656,Low,78.91458333333334,9,10500.35,258,1,1,Monitor
13481,0,0.091019236,Low,11.891666666666667,8,3005.27,128,1,1,Monitor
17211,0,0.090619914,Low,52.925,10,2710.07,166,1,1,Monitor
15081,0,0.09056316,Low,27.971527777777776,9,1597.82,65,1,0,Monitor
13362,0,0.09055543,Low,65.18680555555555,5,3884.86,161,1,1,Monitor
17629,0,0.09055309,Low,34.015277777777776,5,1247.59,78,1,0,Monitor
17530,0,0.09051269,Low,25.834027777777777,8,1789.83,271,1,0,Monitor
12840,0,0.09032961,Low,2.097916666666667,6,3465.97,102,1,1,Monitor
13505,0,0.090296246,Low,11.88125,2,1916.09,90,1,0,Monitor
13771,0,0.09026008,Low,18.99513888888889,7,4559.22,135,1,1,Monitor
12613,0,0.090254694,Low,17.147222222222222,9,4935.51,173,1,1,Monitor
16618,0,0.089940034,Low,30.09236111111111,4,1441.29,44,1,0,Monitor
17400,0,0.08959651,Low,29.802777777777777,7,3832.06,278,1,1,Monitor
14224,0,0.08948846,Low,34.94583333333333,7,1324.05,167,1,0,Monitor
14623,0,0.089345306,Low,5.961111111111111,7,1528.14,157,1,0,Monitor
16539,0,0.088898376,Low,39.12361111111111,9,2954.46,81,1,1,Monitor
16626,0,0.08857104,Low,4.083333333333333,2,1391.88,68,1,0,Monitor
18257,0,0.088304184,Low,26.11111111111111,7,2983.72,162,1,1,Monitor
16928,0,0.08747688,Low,9.977777777777778,19,2184.89,123,1,1,Monitor
17133,0,0.087355785,Low,9.919444444444444,8,12208.88,21,1,1,Monitor
17442,0,0.08723407,Low,40.01041666666666,11,3186.57,145,1,1,Monitor
16676,0,0.08717976,Low,32.90277777777778,5,1868.28,90,1,0,Monitor
14988,1,0.08706364,Low,31.03125,7,2038.65,171,1,1,Monitor
15288,0,0.08701345,Low,20.091666666666665,8,3032.86,114,1,1,Monitor
15095,0,0.086839415,Low,22.93263888888889,7,2541.54,89,1,1,Monitor
16359,0,0.08677736,Low,33.99444444444445,12,1963.09,72,1,1,Monitor
17071,0,0.086708106,Low,7.089583333333334,8,2408.7,99,1,1,Monitor
12409,0,0.0866385,Low,2.0215277777777776,5,18553.7,165,1,1,Monitor
15755,0,0.08623463,Low,54.95069444444445,13,4249.6,208,1,1,Monitor
17858,0,0.08611726,Low,80.85277777777777,24,9982.79,106,1,1,Monitor
17422,0,0.08604903,Low,40.08402777777778,7,2243.46,95,1,1,Monitor
12928,0,0.08560423,Low,61.08680555555556,9,3022.23,76,1,1,Monitor
16409,0,0.08530098,Low,61.81805555555555,9,4433.32,312,1,1,Monitor
17861,0,0.085295916,Low,72.90833333333333,12,3448.39,224,1,1,Monitor
13184,0,0.08527468,Low,4.008333333333334,5,919.97,76,1,0,Monitor
17088,0,0.08498171,Low,2.14375,2,1399.11,72,1,0,Monitor
18094,0,0.084722504,Low,38.04444444444445,9,5151.42,46,1,1,Monitor
14776,0,0.08459159,Low,37.75972222222222,7,2244.6,62,1,1,Monitor
15373,0,0.08435163,Low,29.997916666666665,11,1860.38,91,1,0,Monitor
16115,0,0.08400465,Low,32.01875,7,1399.22,158,1,0,Monitor
16726,0,0.08392242,Low,15.993055555555555,6,1482.3,117,1,0,Monitor
15898,0,0.08373799,Low,46.11597222222223,24,4610.56,280,1,1,Monitor
16912,0,0.08333894,Low,27.088194444444444,9,3050.79,95,1,1,Monitor
15062,0,0.08301102,Low,37.10486111111111,7,2411.8,95,1,1,Monitor
14651,0,0.08267733,Low,30.847916666666663,8,1787.24,185,1,0,Monitor
17059,0,0.08240437,Low,16.992361111111112,7,3281.85,250,1,1,Monitor
12976,1,0.082251854,Low,31.12152777777778,8,3156.38,106,1,1,Monitor
16678,0,0.082164034,Low,17.175,5,1266.65,52,1,0,Monitor
17522,0,0.08199993,Low,2.935416666666667,3,787.54,50,1,0,Monitor
13634,0,0.081726305,Low,61.85625,13,4084.02,186,1,1,Monitor
17686,0,0.08163787,Low,19.940277777777776,6,5594.1,209,1,1,Monitor
12637,0,0.08147056,Low,58.94097222222222,8,4668.06,228,1,1,Monitor
17809,0,0.081066445,Low,37.11805555555556,14,7324.68,32,1,1,Monitor
14257,0,0.080923215,Low,4.1194444444444445,6,3885.32,138,1,1,Monitor
18077,0,0.080850415,Low,46.047916666666666,11,2373.76,95,1,1,Monitor
17337,0,0.0805915,Low,30.69236111111111,3,1948.11,421,1,0,Monitor
12766,0,0.08057947,Low,59.982638888888886,6,5945.07,201,1,1,Monitor
12609,0,0.08045974,Low,5.888194444444444,8,3109.74,117,1,1,Monitor
14696,0,0.08034779,Low,6.970833333333333,5,1565.72,88,1,0,Monitor
13630,0,0.080309734,Low,3.9541666666666666,3,1051.84,46,1,0,Monitor
15421,0,0.080244005,Low,34.95,9,3594.34,170,1,1,Monitor
12924,0,0.079975836,Low,17.96875,11,2190.9700000000003,45,1,1,Monitor
16235,0,0.07972079,Low,6.058333333333334,7,1851.69,75,1,0,Monitor
18069,0,0.07956906,Low,54.84652777777778,8,3129.69,465,1,1,Monitor
17449,0,0.07880056,Low,53.91180555555555,9,3671.63,236,1,1,Monitor
15862,0,0.07870233,Low,23.945833333333333,11,2170.42,367,1,1,Monitor
15164,0,0.07859808,Low,27.98333333333333,8,1566.76,223,1,0,Monitor
15606,0,0.078490615,Low,42.08263888888889,14,4137.18,73,1,1,Monitor
12980,0,0.07812046,Low,7.091666666666667,19,14329.86,7,1,1,Monitor
15270,0,0.07804007,Low,58.12986111111111,18,7459.12,65,1,1,Monitor
13047,0,0.07796556,Low,38.94375,20,6862.67,148,1,1,Monitor
14560,0,0.07789346,Low,15.868055555555555,31,5108.26,51,1,1,Monitor
17757,0,0.077843554,Low,10.865972222222222,41,5910.4,290,1,1,Monitor
17228,0,0.077790745,Low,27.09027777777778,9,1601.52,132,1,0,Monitor
13802,0,0.07774688,Low,74.08055555555555,18,24790.75,210,1,1,Monitor
16775,0,0.077727005,Low,25.066666666666663,9,1821.13,92,1,0,Monitor
14625,1,0.07769431,Low,15.8875,11,4497.88,167,1,1,Monitor
17931,0,0.07767255,Low,75.01319444444445,13,3291.08,265,1,1,Monitor
17716,0,0.07760146,Low,68.89722222222223,15,11752.6,261,1,1,Monitor
17655,0,0.07740322,Low,29.85833333333333,6,1940.14,57,1,0,Monitor
18219,0,0.07738149,Low,34.02361111111111,12,2195.24,71,1,1,Monitor
15150,0,0.07715317,Low,5.999305555555556,5,5004.68,318,1,1,Monitor
12957,0,0.07688318,Low,5.9631944444444445,9,6404.72,296,1,1,Monitor
13209,0,0.07684047,Low,47.07361111111111,8,4980.34,170,1,1,Monitor
16293,0,0.07680215,Low,27.016666666666666,9,3159.9500000000003,130,1,1,Monitor
12727,0,0.07642344,Low,6.889583333333333,8,4499.2300000000005,113,1,1,Monitor
16353,0,0.07625844,Low,37.09513888888889,26,5275.03,63,1,1,Monitor
13784,0,0.07592553,Low,5.035416666666666,9,1475.87,12,1,0,Monitor
14462,0,0.07590298,Low,5.086111111111111,8,1379.51,139,1,0,Monitor
14649,0,0.07585091,Low,31.92222222222222,7,2830.72,301,1,1,Monitor
15602,0,0.07578325,Low,20.010416666666668,12,2383.04,53,1,1,Monitor
15179,0,0.07575268,Low,53.15763888888889,11,6740.09,190,1,1,Monitor
14659,0,0.0755514,Low,6.896527777777778,5,1381.76,96,1,0,Monitor
15708,0,0.075145505,Low,42.05138888888889,7,2609.11,98,1,1,Monitor
17758,0,0.07509819,Low,27.888194444444444,7,2607.71,230,1,1,Monitor
13137,0,0.07493993,Low,72.05277777777778,10,4831.09,482,1,1,Monitor
16456,0,0.07493523,Low,47.12916666666667,11,5419.18,217,1,1,Monitor
17388,0,0.0746706,Low,30.964583333333334,9,2179.01,29,1,1,Monitor
14062,0,0.07456379,Low,58.87777777777778,18,19955.43,136,1,1,Monitor
17965,0,0.07445145,Low,72.09444444444445,21,5731.24,477,1,1,Monitor
13313,0,0.074356265,Low,34.979166666666664,9,2499.74,89,1,1,Monitor
16871,0,0.07431205,Low,30.04583333333333,4,2037.82,104,1,1,Monitor
14867,1,0.074253865,Low,5.049305555555556,16,2952.06,67,1,1,Monitor
13113,0,0.0741707,Low,12.07013888888889,29,14840.27,155,1,1,Monitor
13118,0,0.07414515,Low,27.977777777777774,7,2017.3,85,1,1,Monitor
17470,0,0.0738189,Low,37.09236111111111,9,2124.51,89,1,1,Monitor
14243,0,0.0737809,Low,65.1048611111111,12,6142.05,214,1,1,Monitor
16713,0,0.07353098,Low,55.05625,25,9816.41,410,1,1,Monitor
12877,0,0.07340653,Low,20.119444444444444,15,2088.41,80,1,1,Monitor
12600,0,0.07338195,Low,23.884722222222223,17,3684.34,40,1,1,Monitor
12569,0,0.07295878,Low,3.1347222222222224,6,1306.46,30,1,0,Monitor
12757,0,0.07278209,Low,4.9319444444444445,6,4445.43,79,1,1,Monitor
12931,0,0.072725065,Low,23.115277777777777,49,54212.08,23,1,1,Monitor
14573,0,0.07263332,Low,2.0569444444444445,12,2046.36,178,1,1,Monitor
15370,0,0.07244461,Low,23.133333333333333,4,2480.9,77,1,1,Monitor
12520,0,0.07236469,Low,24.134027777777774,3,1697.56,94,1,0,Monitor
17085,0,0.072213,Low,70.0513888888889,27,7499.92,395,1,1,Monitor
16954,0,0.07162047,Low,74.05416666666666,14,4938.28,81,1,1,Monitor
16168,0,0.0712891,Low,5.929166666666666,49,7968.38,113,1,1,Monitor
15819,0,0.07118354,Low,18.925,8,3206.48,162,1,1,Monitor
15514,0,0.07105543,Low,45.03055555555556,13,4870.28,129,1,1,Monitor
14344,0,0.07031791,Low,26.131944444444443,18,2749.0,124,1,1,Monitor
16094,0,0.07019702,Low,38.953472222222224,8,2869.43,81,1,1,Monitor
16370,0,0.06980457,Low,2.0458333333333334,2,543.21,88,1,0,Monitor
14030,0,0.06967954,Low,62.95,17,6597.98,522,1,1,Monitor
16333,0,0.06963429,Low,11.965972222222222,16,13087.2,8,1,1,Monitor
18097,0,0.069595695,Low,24.954166666666666,8,3422.08,77,1,1,Monitor
18044,0,0.069485106,Low,17.877083333333335,14,2300.22,103,1,1,Monitor
13082,0,0.06933298,Low,55.045138888888886,17,5682.3,86,1,1,Monitor
14852,0,0.06916163,Low,71.97777777777777,13,3786.14,92,1,1,Monitor
17799,0,0.068905376,Low,61.857638888888886,16,4594.99,398,1,1,Monitor
13854,0,0.06883545,Low,16.004166666666666,30,8994.58,53,1,1,Monitor
14514,0,0.06883451,Low,20.90138888888889,8,3792.95,197,1,1,Monitor
15687,0,0.068809345,Low,6.1506944444444445,5,1679.45,69,1,0,Monitor
13232,0,0.06870593,Low,0.0645833333333333,4,861.45,105,1,0,Monitor
15394,0,0.06864126,Low,23.93263888888889,9,4539.7,119,1,1,Monitor
17409,1,0.068565644,Low,4.093055555555556,10,7793.51,50,1,1,Monitor
16904,0,0.06829897,Low,44.90069444444445,11,2256.76,314,1,1,Monitor
15356,0,0.068205394,Low,37.98333333333333,8,1683.2,232,1,0,Monitor
13021,0,0.06786981,Low,35.016666666666666,11,3035.86,106,1,1,Monitor
13381,0,0.067711085,Low,26.852777777777774,8,5656.41,125,1,1,Monitor
18178,0,0.06770455,Low,39.107638888888886,10,5612.87,190,1,1,Monitor
13037,0,0.067595646,Low,38.886805555555554,11,3611.2,174,1,1,Monitor
12836,0,0.06747333,Low,38.90416666666667,13,5610.77,243,1,1,Monitor
12599,0,0.06734453,Low,27.96180555555556,9,1728.0,39,1,0,Monitor
13448,0,0.067321055,Low,38.03958333333333,11,6634.5,271,1,1,Monitor
14711,0,0.06650171,Low,4.986111111111111,6,1596.3,138,1,0,Monitor
17961,0,0.06647219,Low,2.890972222222222,82,2471.05,437,1,1,Monitor
13728,0,0.06643608,Low,18.08125,13,2332.96,65,1,1,Monitor
16748,0,0.06628068,Low,37.05833333333333,12,3031.63,48,1,1,Monitor
12476,0,0.0660875,Low,37.81736111111111,17,9712.59,273,1,1,Monitor
16919,0,0.06576123,Low,11.89861111111111,22,4372.76,215,1,1,Monitor
13148,0,0.06573898,Low,52.171527777777776,20,6593.9400000000005,376,1,1,Monitor
16818,0,0.06558986,Low,2.886111111111111,4,1193.17,71,1,0,Monitor
15838,0,0.06526791,Low,10.002777777777778,22,47771.3,44,1,1,Monitor
18231,1,0.06517447,Low,11.938888888888888,28,6854.17,218,1,1,Monitor
13097,0,0.06481883,Low,52.96319444444445,23,10323.04,338,1,1,Monitor
17061,0,0.06481757,Low,12.10138888888889,7,3250.23,46,1,1,Monitor
15910,0,0.06449034,Low,26.843055555555555,11,1982.9,322,1,1,Monitor
15984,0,0.06436866,Low,52.99583333333333,25,6387.72,318,1,1,Monitor
13654,0,0.06400427,Low,21.103472222222223,8,4773.51,192,1,1,Monitor
12778,0,0.06400043,Low,2.8895833333333334,7,1445.51,66,1,0,Monitor
17692,0,0.063784085,Low,46.16041666666667,11,2858.32,88,1,1,Monitor
17722,0,0.063721165,Low,9.00763888888889,4,3197.06,145,1,1,Monitor
13719,0,0.06342101,Low,24.99861111111111,8,2080.14,159,1,1,Monitor
13862,0,0.06333775,Low,6.938888888888889,5,1499.24,77,1,0,Monitor
15245,0,0.062771544,Low,6.972916666666666,7,3832.72,72,1,1,Monitor
14451,0,0.06261189,Low,14.010416666666666,11,2974.78,218,1,1,Monitor
13510,0,0.06260614,Low,3.1375,8,3352.05,141,1,1,Monitor
14217,0,0.06252489,Low,4.169444444444444,14,2282.86,95,1,1,Monitor
14745,0,0.06241562,Low,4.183333333333334,9,1912.82,58,1,0,Monitor
16712,0,0.062340163,Low,31.900694444444444,6,1819.78,171,1,0,Monitor
13265,0,0.061939888,Low,3.140277777777778,3,1450.66,44,1,0,Monitor
15769,0,0.06172268,Low,17.09236111111111,33,60249.52,18,1,1,Monitor
15034,0,0.06099044,Low,52.074305555555554,11,6597.42,308,1,1,Monitor
13952,1,0.060973816,Low,37.15972222222222,14,12823.521,238,1,1,Monitor
14961,0,0.060325824,Low,51.82708333333333,18,12545.13,266,1,1,Monitor
16007,0,0.059918746,Low,0.0340277777777777,5,2086.92,269,1,1,Monitor
15382,0,0.05982107,Low,4.036805555555556,10,9904.96,243,1,1,Monitor
13397,0,0.059808716,Low,2.8854166666666665,8,2628.21,61,1,1,Monitor
16458,0,0.05959037,Low,7.023611111111111,19,3513.85,74,1,1,Monitor
16019,0,0.05946536,Low,51.89861111111111,24,16032.42,192,1,1,Monitor
17160,0,0.059394557,Low,44.980555555555554,13,7896.2,184,1,1,Monitor
14498,0,0.059360035,Low,5.927777777777778,7,2256.75,163,1,1,Monitor
15694,0,0.05928605,Low,7.045833333333333,18,6500.78,46,1,1,Monitor
15827,0,0.059145324,Low,2.967361111111111,24,2882.7200000000003,98,1,1,Monitor
17068,0,0.059105072,Low,8.922222222222222,37,7084.39,226,1,1,Monitor
16817,0,0.058655575,Low,5.114583333333333,11,2135.38,90,1,1,Monitor
13883,0,0.058406267,Low,38.00763888888889,14,5628.32,190,1,1,Monitor
17857,0,0.057867218,Low,26.06875,10,9251.84,12,1,1,Monitor
12971,0,0.057751615,Low,9.823611111111113,71,9374.03,77,1,1,Monitor
16258,0,0.057406664,Low,38.92847222222223,11,7771.47,192,1,1,Monitor
15203,0,0.057151217,Low,17.888194444444444,11,3265.28,126,1,1,Monitor
16145,0,0.05713422,Low,45.91111111111111,12,4322.2300000000005,154,1,1,Monitor
13134,0,0.056957006,Low,3.0506944444444444,5,1567.39,61,1,0,Monitor
14180,0,0.056759376,Low,4.978472222222222,24,4802.6,110,1,1,Monitor
13534,0,0.056506313,Low,6.157638888888889,27,4803.9,132,1,1,Monitor
13623,0,0.056271303,Low,29.85972222222222,9,2344.49,198,1,1,Monitor
14099,0,0.056251332,Low,37.87638888888889,14,3968.2,224,1,1,Monitor
15953,0,0.05624561,Low,31.04583333333333,14,2607.1,69,1,1,Monitor
12802,1,0.055987686,Low,6.134722222222222,7,2416.42,108,1,1,Monitor
13081,0,0.055948295,Low,37.19444444444444,24,42964.5,628,1,1,Monitor
15916,0,0.05594448,Low,11.040277777777778,10,2489.33,178,1,1,Monitor
14740,1,0.054755636,Low,16.772916666666667,11,4161.06,173,1,1,Monitor
18144,0,0.05472551,Low,31.979166666666668,14,3609.85,49,1,1,Monitor
13225,0,0.0541479,Low,16.008333333333333,13,13538.11,54,1,1,Monitor
15059,0,0.054109763,Low,35.00972222222222,14,2722.5,249,1,1,Monitor
12359,0,0.054027528,Low,9.016666666666667,9,6059.09,230,1,1,Monitor
14395,0,0.05401144,Low,42.00625,16,5947.96,254,1,1,Monitor
17288,0,0.053745467,Low,26.929166666666667,9,1714.5,139,1,0,Monitor
17994,0,0.05359785,Low,9.125,10,2149.32,226,1,1,Monitor
15764,0,0.053571615,Low,3.9972222222222222,5,2917.63,123,1,1,Monitor
15796,0,0.053507544,Low,7.05625,13,3709.99,132,1,1,Monitor
17218,0,0.05332392,Low,33.827083333333334,13,2883.0,193,1,1,Monitor
14209,0,0.053290367,Low,33.11805555555556,12,4002.99,125,1,1,Monitor
17975,0,0.05312126,Low,12.005555555555556,18,4993.24,154,1,1,Monitor
13824,0,0.05296283,Low,22.948611111111116,10,2848.8,47,1,1,Monitor
14903,0,0.052840576,Low,19.98125,3,1796.93,156,1,0,Monitor
16033,0,0.05276804,Low,20.0125,18,5095.36,328,1,1,Monitor
14515,0,0.05246339,Low,10.997222222222222,8,2412.82,72,1,1,Monitor
16143,0,0.052422505,Low,32.17916666666667,10,3704.31,91,1,1,Monitor
14739,0,0.052212827,Low,39.03611111111111,21,8978.960000000001,116,1,1,Monitor
17457,0,0.052141987,Low,24.09583333333333,13,5644.75,23,1,1,Monitor
17682,0,0.05209464,Low,12.166666666666666,8,2698.36,73,1,1,Monitor
14587,0,0.05175333,Low,3.9451388888888888,8,1452.68,166,1,0,Monitor
17372,0,0.051602732,Low,2.958333333333333,25,3879.94,364,1,1,Monitor
15312,0,0.051561814,Low,34.894444444444446,10,2613.24,111,1,1,Monitor
13975,0,0.05093749,Low,35.047916666666666,8,3749.17,345,1,1,Monitor
13971,0,0.05086594,Low,34.00555555555555,9,2883.83,129,1,1,Monitor
15874,0,0.05085955,Low,37.07291666666666,19,9041.68,233,1,1,Monitor
15241,0,0.050787378,Low,3.1326388888888888,7,2359.08,101,1,1,Monitor
14829,0,0.050623994,Low,3.93125,6,1289.95,72,1,0,Monitor
16242,0,0.05061643,Low,33.89791666666667,9,4217.69,263,1,1,Monitor
17381,0,0.05050475,Low,23.120833333333334,25,29941.17,49,1,1,Monitor
17191,0,0.050427403,Low,11.025694444444444,13,3392.36,224,1,1,Monitor
15251,0,0.05031892,Low,30.10833333333333,12,13935.27,137,1,1,Monitor
12748,0,0.050292924,Low,1.8354166666666667,219,30356.39,1669,1,1,Monitor
17596,0,0.05027257,Low,10.890277777777778,9,2971.98,206,1,1,Monitor
17949,0,0.05021866,Low,8.958333333333334,88,69435.59999999999,39,1,1,Monitor
17659,0,0.050009843,Low,4.1194444444444445,7,1715.55,73,1,0,Monitor
17739,0,0.049976837,Low,16.149305555555557,14,6010.01,47,1,1,Monitor
13268,0,0.04994393,Low,18.052777777777777,5,1810.34,199,1,0,Monitor
15518,0,0.04991847,Low,34.94513888888889,11,3242.61,213,1,1,Monitor
16218,0,0.049900156,Low,26.070138888888888,10,2612.75,68,1,1,Monitor
15023,0,0.04988821,Low,37.954166666666666,13,7633.62,386,1,1,Monitor
14796,0,0.04984667,Low,37.11111111111112,19,5664.74,313,1,1,Monitor
16206,0,0.049836665,Low,28.073611111111116,11,2341.56,174,1,1,Monitor
14110,0,0.049714476,Low,39.96597222222222,23,9006.32,148,1,1,Monitor
14341,0,0.04968746,Low,34.89861111111111,14,2988.19,126,1,1,Monitor
18109,0,0.049638703,Low,0.0326388888888888,24,4439.8,186,1,1,Monitor
12395,0,0.049618773,Low,31.10763888888889,9,3272.26,117,1,1,Monitor
12553,0,0.04954433,Low,24.01458333333333,7,2651.09,91,1,1,Monitor
15240,0,0.04949556,Low,11.057638888888889,10,3798.79,108,1,1,Monitor
15716,0,0.049388856,Low,21.000694444444445,10,2268.89,175,1,1,Monitor
13555,0,0.04906022,Low,21.059722222222224,11,6383.01,204,1,1,Monitor
13199,0,0.049029473,Low,16.945138888888888,45,9887.25,41,1,1,Monitor
12868,1,0.0489796,Low,5.088888888888889,8,2043.76,86,1,1,Monitor
14032,0,0.048935205,Low,25.89236111111111,10,3106.39,68,1,1,Monitor
13450,0,0.04885633,Low,24.009722222222223,9,2754.86,47,1,1,Monitor
15674,0,0.048722122,Low,33.09097222222222,12,5881.29,219,1,1,Monitor
15854,0,0.048703853,Low,23.981944444444444,15,4193.55,134,1,1,Monitor
17404,0,0.048696283,Low,31.009722222222223,14,29727.92,84,1,1,Monitor
13183,0,0.048518527,Low,28.002777777777776,9,4605.4800000000005,43,1,1,Monitor
12423,0,0.0484063,Low,11.141666666666667,8,2214.77,113,1,1,Monitor
13629,0,0.048185673,Low,30.05902777777778,12,8466.5,7,1,1,Monitor
17340,0,0.04812078,Low,12.095833333333331,11,13067.47,244,1,1,Monitor
17220,0,0.048084777,Low,25.9625,12,2732.59,277,1,1,Monitor
14534,0,0.048082855,Low,6.019444444444445,17,3652.56,289,1,1,Monitor
13230,0,0.04806577,Low,21.056944444444444,25,5128.01,542,1,1,Monitor
16791,0,0.04799247,Low,32.975,12,2819.6,294,1,1,Monitor
17287,0,0.04766249,Low,25.135416666666668,18,3278.14,243,1,1,Monitor
14101,0,0.047480598,Low,17.10763888888889,11,8144.53,19,1,1,Monitor
15768,0,0.047463167,Low,23.097916666666663,33,15166.21,432,1,1,Monitor
13871,0,0.047300268,Low,26.1125,9,3878.33,106,1,1,Monitor
13263,0,0.04719423,Low,10.886111111111113,19,4679.67,375,1,1,Monitor
12731,0,0.047180556,Low,31.90486111111111,11,15109.89,106,1,1,Monitor
17050,0,0.047043435,Low,6.892361111111111,10,4080.34,188,1,1,Monitor
15939,0,0.047017142,Low,15.98125,10,7577.73,52,1,1,Monitor
17315,0,0.04691547,Low,11.03125,25,6219.8,316,1,1,Monitor
16477,0,0.046882167,Low,33.923611111111114,9,3152.42,152,1,1,Monitor
16241,0,0.046850875,Low,32.04375,7,2231.11,318,1,1,Monitor
15955,0,0.04679751,Low,23.16180555555556,11,5115.34,130,1,1,Monitor
17613,0,0.046652585,Low,14.030555555555557,7,2512.41,163,1,1,Monitor
14390,0,0.046510104,Low,30.824305555555554,7,2541.59,150,1,1,Monitor
16743,0,0.046281327,Low,30.99513888888889,10,3060.77,85,1,1,Monitor
14735,0,0.046093963,Low,16.00138888888889,41,8729.880000000001,158,1,1,Monitor
16187,0,0.046079,Low,22.946527777777774,7,2564.64,89,1,1,Monitor
14466,0,0.0460607,Low,6.877083333333333,10,3340.45,73,1,1,Monitor
12490,0,0.04591654,Low,34.12708333333333,13,5601.43,136,1,1,Monitor
12676,0,0.04555332,Low,9.780555555555557,8,2340.65,57,1,1,Monitor
14239,0,0.045540344,Low,20.103472222222223,16,3177.36,80,1,1,Monitor
13468,0,0.045482524,Low,20.92708333333333,56,10679.43,253,1,1,Monitor
12951,0,0.04546982,Low,23.74305555555556,13,2774.53,101,1,1,Monitor
17811,0,0.045293912,Low,6.981944444444444,26,5793.66,435,1,1,Monitor
12867,0,0.04515995,Low,33.88611111111111,10,5549.31,302,1,1,Monitor
16873,0,0.045058098,Low,17.088194444444444,9,10727.22,170,1,1,Monitor
14766,0,0.044953685,Low,33.053472222222226,8,5068.57,203,1,1,Monitor
16210,0,0.04477292,Low,32.87361111111111,26,23257.88,117,1,1,Monitor
17412,0,0.044714153,Low,15.913194444444445,13,3671.98,143,1,1,Monitor
18145,0,0.04467209,Low,24.091666666666665,9,3771.97,158,1,1,Monitor
14047,0,0.044642653,Low,19.05208333333333,12,3295.42,88,1,1,Monitor
16992,0,0.044537168,Low,19.14583333333333,10,4533.34,184,1,1,Monitor
15812,0,0.04441206,Low,8.888194444444444,10,4454.55,83,1,1,Monitor
14732,0,0.04441191,Low,6.031944444444444,15,4097.78,128,1,1,Monitor
12383,1,0.044388644,Low,4.2,5,1850.56,84,1,0,Monitor
17700,0,0.044371657,Low,32.99305555555556,12,5270.9,211,1,1,Monitor
14388,0,0.044363942,Low,22.850694444444443,11,4348.55,130,1,1,Monitor
16444,0,0.04422732,Low,14.074305555555556,15,3211.29,188,1,1,Monitor
18198,0,0.044150367,Low,7.092361111111111,11,3500.7900000000004,48,1,1,Monitor
15712,0,0.04408156,Low,2.876388888888889,9,2858.7000000000003,74,1,1,Monitor
15218,0,0.043956555,Low,37.09305555555556,14,7469.2,113,1,1,Monitor
16098,0,0.043881174,Low,4.853472222222222,11,3227.29,75,1,1,Monitor
16656,0,0.043773398,Low,12.133333333333333,21,11764.85,21,1,1,Monitor
14064,0,0.043757115,Low,31.01388888888889,13,2768.06,100,1,1,Monitor
13050,0,0.043753304,Low,4.967361111111111,28,9608.79,483,1,1,Monitor
14527,0,0.043747596,Low,4.020138888888889,94,22302.11,527,1,1,Monitor
13266,0,0.043677576,Low,4.970138888888889,13,4127.21,120,1,1,Monitor
14016,0,0.043619495,Low,27.131944444444443,10,10426.83,324,1,1,Monitor
13078,0,0.043570515,Low,20.028472222222224,41,20857.28,131,1,1,Monitor
15521,0,0.04355854,Low,31.99375,12,5765.82,177,1,1,Monitor
18075,0,0.04352773,Low,23.99375,16,4442.26,139,1,1,Monitor
13742,0,0.043511167,Low,3.983333333333333,8,2139.87,149,1,1,Monitor
14646,0,0.043427877,Low,11.10138888888889,105,364532.42,729,1,1,Monitor
17306,0,0.043355573,Low,23.938194444444445,10,4346.7,11,1,1,Monitor
18118,0,0.043308586,Low,6.030555555555556,18,4099.28,347,1,1,Monitor
16686,0,0.04319913,Low,13.945833333333333,13,3116.82,355,1,1,Monitor
16841,0,0.043183863,Low,4.925,9,3079.42,142,1,1,Monitor
17469,0,0.04312751,Low,24.163194444444443,13,3485.64,137,1,1,Monitor
17450,0,0.043105517,Low,12.091666666666669,19,106153.72,96,1,1,Monitor
13269,0,0.042913217,Low,37.829166666666666,18,5239.32,185,1,1,Monitor
13842,0,0.042883508,Low,19.08333333333333,15,3762.19,158,1,1,Monitor
12708,0,0.04268449,Low,20.10902777777778,13,3742.92,100,1,1,Monitor
16011,0,0.04259977,Low,3.855555555555556,20,3466.71,156,1,1,Monitor
16180,0,0.042555112,Low,30.038888888888888,9,8741.12,162,1,1,Monitor
12714,0,0.042504705,Low,26.14027777777778,9,11146.77,365,1,1,Monitor
15249,0,0.042497214,Low,16.104166666666668,10,5418.91,214,1,1,Monitor
16655,0,0.042495538,Low,5.209027777777778,9,3864.44,281,1,1,Monitor
15632,0,0.042452183,Low,1.8840277777777776,4,1556.66,55,1,0,Monitor
15122,0,0.042346958,Low,23.72083333333333,10,3784.1,139,1,1,Monitor
16161,0,0.0423388,Low,17.818055555555556,34,9307.45,348,1,1,Monitor
17519,0,0.042267494,Low,26.10833333333333,12,3885.75,124,1,1,Monitor
15811,0,0.04225088,Low,25.004166666666663,5,2562.37,161,1,1,Monitor
13538,0,0.042199332,Low,2.933333333333333,8,2441.78,102,1,1,Monitor
15058,0,0.04213536,Low,2.8569444444444443,11,2285.45,163,1,1,Monitor
16503,0,0.042068068,Low,33.87638888888889,10,3275.8,157,1,1,Monitor
13571,0,0.042060938,Low,4.032638888888889,18,2955.63,183,1,1,Monitor
17389,0,0.042037446,Low,4.879166666666666,41,30509.19,57,1,1,Monitor
15681,0,0.041905656,Low,2.844444444444445,12,2266.76,40,1,1,Monitor
14676,0,0.04188657,Low,26.89027777777778,9,6957.07,66,1,1,Monitor
14878,0,0.041840937,Low,0.0583333333333333,21,3563.18,150,1,1,Monitor
13880,0,0.041731928,Low,6.111805555555556,10,2413.66,93,1,1,Monitor
17612,0,0.04169033,Low,34.025,14,4012.16,157,1,1,Monitor
13317,0,0.04166503,Low,18.09375,18,5526.3910000000005,181,1,1,Monitor
12720,0,0.041526962,Low,11.98263888888889,15,4347.32,188,1,1,Monitor
13458,0,0.041416824,Low,9.097916666666666,9,8572.78,232,1,1,Monitor
14334,0,0.041183382,Low,23.09236111111111,9,3444.5,137,1,1,Monitor
17673,0,0.04116289,Low,5.943055555555556,10,3612.01,183,1,1,Monitor
12843,0,0.041075252,Low,5.929861111111111,26,5952.61,116,1,1,Monitor
16455,0,0.041044224,Low,24.056944444444444,9,3288.17,92,1,1,Monitor
13267,0,0.040913396,Low,19.09375,28,7118.46,126,1,1,Monitor
12747,0,0.040833585,Low,18.12013888888889,21,6793.87,79,1,1,Monitor
13015,0,0.040808007,Low,16.850694444444443,10,5003.18,202,1,1,Monitor
17402,0,0.040121805,Low,2.920138888888889,15,3012.36,101,1,1,Monitor
15596,0,0.03991744,Low,34.11666666666667,8,2710.82,82,1,1,Monitor
14156,0,0.039886024,Low,5.959722222222222,120,241077.89,1230,1,1,Monitor
13520,0,0.039850112,Low,4.107638888888889,9,5073.63,70,1,1,Monitor
15046,0,0.03979354,Low,14.078472222222222,18,4809.98,198,1,1,Monitor
16931,0,0.039739624,Low,14.052777777777775,11,2380.46,277,1,1,Monitor
13013,0,0.039737023,Low,32.02569444444445,20,8658.78,246,1,1,Monitor
14227,0,0.03969493,Low,15.916666666666666,12,5417.27,237,1,1,Monitor
12471,0,0.03958402,Low,30.19375,62,28491.46,189,1,1,Monitor
17049,0,0.039571267,Low,34.14861111111111,13,5869.3,205,1,1,Monitor
16652,0,0.039207526,Low,32.0,12,13831.04,108,1,1,Monitor
14606,0,0.039132472,Low,2.9875,150,24937.7,1180,1,1,Monitor
14312,0,0.039060015,Low,6.159027777777778,9,2333.29,120,1,1,Monitor
15271,0,0.038766515,Low,23.81388888888889,14,2770.81,274,1,1,Monitor
12779,0,0.038716953,Low,9.092361111111112,13,5492.16,123,1,1,Monitor
16153,0,0.038609445,Low,5.146527777777778,9,4009.36,129,1,1,Monitor
14051,0,0.03844105,Low,32.90625,25,11994.07,74,1,1,Monitor
18008,0,0.038428936,Low,22.829166666666666,21,19708.3,75,1,1,Monitor
17365,0,0.038393278,Low,19.038194444444443,11,5310.12,311,1,1,Monitor
12726,0,0.038383037,Low,4.111111111111111,9,2872.82,52,1,1,Monitor
16985,0,0.03834427,Low,31.152083333333334,19,8374.4,116,1,1,Monitor
16401,0,0.038339455,Low,30.004166666666663,16,4412.72,87,1,1,Monitor
15114,0,0.03831672,Low,2.129166666666667,6,1666.81,79,1,0,Monitor
15785,0,0.038230646,Low,16.936805555555555,13,4971.36,87,1,1,Monitor
17652,0,0.03818084,Low,2.829861111111111,4,1629.4,68,1,0,Monitor
16684,0,0.038161725,Low,25.08333333333333,40,105565.15,149,1,1,Monitor
12989,0,0.03812613,Low,19.90972222222222,25,9955.58,23,1,1,Monitor
14733,0,0.038116094,Low,23.9125,11,12656.82,133,1,1,Monitor
18245,0,0.03807069,Low,31.115972222222226,17,5064.21,275,1,1,Monitor
13324,0,0.037938304,Low,22.947222222222223,15,7190.51,30,1,1,Monitor
15974,0,0.03791023,Low,3.915277777777778,4,2054.85,90,1,1,Monitor
13911,0,0.03782676,Low,16.73402777777778,17,3357.99,152,1,1,Monitor
16814,0,0.037658483,Low,12.088194444444444,27,9606.01,224,1,1,Monitor
17920,0,0.037544746,Low,19.80902777777778,42,20974.92,478,1,1,Monitor
13993,0,0.03738408,Low,25.020138888888887,14,4802.17,102,1,1,Monitor
14828,1,0.037350755,Low,16.106944444444444,13,9839.46,72,1,1,Monitor
12415,0,0.03725728,Low,22.94236111111111,14,70427.74,295,1,1,Monitor
12935,0,0.037253827,Low,23.008333333333333,10,2949.39,78,1,1,Monitor
15727,0,0.037171472,Low,17.897222222222222,12,7443.62,344,1,1,Monitor
13881,0,0.037114028,Low,33.08819444444445,27,31589.04,161,1,1,Monitor
13098,0,0.03702976,Low,5.009722222222222,9,7734.97,95,1,1,Monitor
15129,0,0.03700312,Low,30.195138888888888,16,4533.16,68,1,1,Monitor
13999,0,0.036744438,Low,33.923611111111114,21,6847.27,147,1,1,Monitor
13451,0,0.036625914,Low,30.750694444444445,9,5781.28,490,1,1,Monitor
15296,0,0.036615822,Low,3.042361111111111,9,8727.76,325,1,1,Monitor
16570,0,0.036517758,Low,24.84236111111111,13,5169.14,97,1,1,Monitor
14825,0,0.0364899,Low,23.829166666666666,17,3534.04,170,1,1,Monitor
12705,0,0.036455736,Low,20.949305555555554,8,8057.91,251,1,1,Monitor
14211,0,0.036439665,Low,27.086111111111112,14,3071.08,117,1,1,Monitor
15144,0,0.03638052,Low,36.988194444444446,17,7274.89,121,1,1,Monitor
17511,0,0.03635333,Low,25.8875,44,116820.89,502,1,1,Monitor
15125,0,0.03631664,Low,27.02083333333333,13,12807.11,127,1,1,Monitor
14085,0,0.036260486,Low,17.8625,25,8084.54,431,1,1,Monitor
16029,0,0.03625552,Low,2.040277777777778,75,73659.04,39,1,1,Monitor
13394,0,0.03610347,Low,34.014583333333334,14,5037.01,199,1,1,Monitor
13831,0,0.036049776,Low,19.975694444444443,15,5480.54,119,1,1,Monitor
16672,0,0.03598858,Low,4.009722222222222,10,4154.34,22,1,1,Monitor
16008,0,0.035890438,Low,24.08055555555556,13,4999.5,58,1,1,Monitor
17690,0,0.035817966,Low,6.132638888888889,15,5269.78,192,1,1,Monitor
17346,0,0.035762075,Low,6.9375,17,3305.57,373,1,1,Monitor
13552,0,0.035731405,Low,24.88125,15,5070.14,125,1,1,Monitor
16782,0,0.035700902,Low,23.9875,32,8704.52,565,1,1,Monitor
13659,1,0.035632692,Low,25.009027777777774,12,4884.68,224,1,1,Monitor
17819,0,0.035503652,Low,2.0770833333333334,11,5784.65,66,1,1,Monitor
14092,0,0.035441216,Low,15.920833333333333,16,4950.01,134,1,1,Monitor
16316,0,0.03541414,Low,26.07847222222222,10,4635.11,172,1,1,Monitor
17231,0,0.035354037,Low,9.708333333333334,21,5644.83,437,1,1,Monitor
12681,0,0.035340402,Low,6.9840277777777775,36,24802.06,412,1,1,Monitor
12841,0,0.03519436,Low,0.0208333333333333,28,5106.08,226,1,1,Monitor
17644,0,0.035072867,Low,22.98263888888889,12,4054.73,117,1,1,Monitor
14298,0,0.035034157,Low,10.130555555555556,68,70161.18,1092,1,1,Monitor
17238,0,0.03483091,Low,4.0881944444444445,24,5144.41,402,1,1,Monitor
17663,0,0.034792677,Low,17.968055555555555,13,4163.7300000000005,125,1,1,Monitor
13246,0,0.034763463,Low,26.008333333333333,9,3016.27,207,1,1,Monitor
14159,0,0.034721438,Low,6.947222222222222,12,4331.58,482,1,1,Monitor
16607,0,0.034627102,Low,27.119444444444444,18,4076.22,148,1,1,Monitor
15005,0,0.034548342,Low,6.909027777777778,41,10400.58,494,1,1,Monitor
17428,0,0.03443731,Low,32.08402777777778,30,21498.73,330,1,1,Monitor
17512,0,0.034354974,Low,19.886805555555554,14,3845.25,80,1,1,Monitor
14944,0,0.034239218,Low,5.905555555555556,12,5716.45,134,1,1,Monitor
17677,0,0.03421171,Low,32.00277777777778,35,24958.16,279,1,1,Monitor
18229,0,0.03418432,Low,3.897222222222222,17,6083.51,54,1,1,Monitor
16497,0,0.034159366,Low,22.95277777777778,22,5280.29,204,1,1,Monitor
16393,0,0.034077007,Low,4.949305555555555,16,3226.35,279,1,1,Monitor
14688,0,0.03403798,Low,18.03611111111111,17,4397.75,152,1,1,Monitor
14667,0,0.03399442,Low,33.990972222222226,40,15114.55,473,1,1,Monitor
12947,0,0.033987697,Low,1.8423611111111111,5,1379.69,73,1,0,Monitor
15544,0,0.033965275,Low,30.83680555555556,15,6020.65,147,1,1,Monitor
14530,0,0.033898547,Low,4.930555555555555,13,4723.8,227,1,1,Monitor
15044,0,0.03383126,Low,26.93055555555556,29,12845.15,256,1,1,Monitor
12662,0,0.033794545,Low,6.961805555555555,14,4714.84,125,1,1,Monitor
16156,0,0.03378995,Low,25.84583333333333,14,4126.71,138,1,1,Monitor
12678,0,0.03377822,Low,7.039583333333334,15,22544.08,174,1,1,Monitor
16103,0,0.03367956,Low,6.038194444444445,19,5567.33,105,1,1,Monitor
14210,0,0.033670112,Low,17.002777777777776,15,5250.38,141,1,1,Monitor
15301,0,0.03357063,Low,6.872222222222222,11,4635.63,181,1,1,Monitor
14057,0,0.03356392,Low,18.870833333333334,13,4805.23,194,1,1,Monitor
14680,0,0.033507332,Low,18.030555555555555,51,41468.27,215,1,1,Monitor
15570,0,0.033451114,Low,25.919444444444444,21,7096.39,392,1,1,Monitor
15529,0,0.033445843,Low,30.04513888888889,8,2751.62,296,1,1,Monitor
15379,0,0.033438336,Low,5.905555555555556,7,4747.04,175,1,1,Monitor
15981,0,0.033418756,Low,30.16111111111111,17,7576.49,124,1,1,Monitor
13018,0,0.03333941,Low,15.981944444444444,18,6159.42,285,1,1,Monitor
13769,0,0.033318352,Low,27.12013888888889,15,4129.62,105,1,1,Monitor
16923,0,0.03322572,Low,7.044444444444444,24,9772.79,309,1,1,Monitor
17139,0,0.03317025,Low,30.025694444444444,17,13621.89,348,1,1,Monitor
14221,0,0.033036545,Low,9.82638888888889,12,4738.52,115,1,1,Monitor
14525,0,0.032991856,Low,5.011111111111111,13,5742.68,268,1,1,Monitor
12643,0,0.032955077,Low,2.091666666666667,10,6852.1,14,1,1,Monitor
16709,0,0.032847907,Low,19.044444444444444,13,8010.73,199,1,1,Monitor
16523,0,0.032791372,Low,19.186805555555555,15,5333.46,107,1,1,Monitor
14709,0,0.032740097,Low,7.048611111111111,17,5908.33,85,1,1,Monitor
14562,0,0.0327175,Low,2.704861111111111,12,2737.37,164,1,1,Monitor
17696,0,0.03248672,Low,5.186805555555556,23,6231.47,163,1,1,Monitor
12347,0,0.032458823,Low,2.9923611111111112,5,2817.48,101,1,1,Monitor
13576,0,0.032327756,Low,7.061805555555556,18,7621.26,109,1,1,Monitor
14291,0,0.03230035,Low,30.115972222222226,15,5634.31,195,1,1,Monitor
13758,0,0.03226552,Low,20.90138888888889,13,7859.1,199,1,1,Monitor
17001,0,0.032235235,Low,27.15833333333333,13,4453.17,86,1,1,Monitor
15555,0,0.032150034,Low,9.797916666666667,26,8223.49,501,1,1,Monitor
13599,0,0.03212015,Low,17.913888888888888,19,6666.78,139,1,1,Monitor
15290,0,0.032102913,Low,22.92708333333333,16,4585.63,62,1,1,Monitor
18172,0,0.032048855,Low,30.727083333333333,39,13625.72,151,1,1,Monitor
18061,0,0.03195287,Low,1.9194444444444445,24,5302.77,26,1,1,Monitor
17706,0,0.03190636,Low,7.083333333333333,19,10958.93,305,1,1,Monitor
16710,0,0.031822417,Low,26.872916666666665,18,5082.19,496,1,1,Monitor
16746,0,0.031783875,Low,13.885416666666666,32,14238.27,314,1,1,Monitor
14189,0,0.0316646,Low,20.094444444444445,9,3005.14,118,1,1,Monitor
13767,0,0.031640194,Low,22.94375,58,23924.5,112,1,1,Monitor
18168,0,0.03161678,Low,23.741666666666667,15,3320.35,209,1,1,Monitor
15547,0,0.031584892,Low,13.879166666666666,19,7529.58,449,1,1,Monitor
13408,0,0.031574033,Low,10.009027777777778,70,33562.652,235,1,1,Monitor
12483,0,0.031509534,Low,3.020833333333333,16,3926.81,55,1,1,Monitor
17416,0,0.031502936,Low,16.885416666666668,18,13853.04,279,1,1,Monitor
13668,0,0.03138152,Low,7.001388888888889,26,10674.33,317,1,1,Monitor
16186,0,0.031249113,Low,8.840972222222222,19,6058.84,138,1,1,Monitor
17581,0,0.031242857,Low,32.96527777777778,28,10345.49,291,1,1,Monitor
17675,0,0.030993659,Low,7.0152777777777775,52,25013.81,215,1,1,Monitor
15498,0,0.030988706,Low,9.104166666666666,30,18799.31,502,1,1,Monitor
17730,0,0.030985812,Low,5.1506944444444445,12,4506.72,121,1,1,Monitor
17735,0,0.030927766,Low,6.986805555555556,17,9801.47,306,1,1,Monitor
12647,0,0.030866267,Low,19.104861111111116,31,15535.04,223,1,1,Monitor
12417,0,0.03084097,Low,6.877777777777778,16,5046.58,210,1,1,Monitor
13488,0,0.030769961,Low,16.089583333333334,16,10768.08,306,1,1,Monitor
12567,0,0.030745028,Low,4.148611111111111,11,6823.2,228,1,1,Monitor
14849,0,0.03068265,Low,32.99930555555556,28,9889.98,194,1,1,Monitor
15078,0,0.030651525,Low,10.118055555555555,35,11727.78,99,1,1,Monitor
16327,0,0.0306058,Low,18.95138888888889,14,8809.01,270,1,1,Monitor
14713,0,0.030545324,Low,5.893055555555556,17,3903.2,185,1,1,Monitor
18055,0,0.030535497,Low,23.09236111111111,10,6743.83,227,1,1,Monitor
16556,0,0.030422889,Low,21.05555555555556,14,6337.61,227,1,1,Monitor
14031,0,0.030337995,Low,15.816666666666666,36,29637.21,244,1,1,Monitor
14258,0,0.03023579,Low,19.15277777777778,22,26989.18,87,1,1,Monitor
15189,0,0.030206779,Low,3.9472222222222224,22,6829.2,55,1,1,Monitor
12682,0,0.03015152,Low,11.970833333333331,32,15947.69,251,1,1,Monitor
14963,0,0.03006454,Low,3.013888888888889,8,1945.43,215,1,0,Monitor
16558,0,0.02995963,Low,12.086805555555555,28,8416.2,273,1,1,Monitor
16422,0,0.029934276,Low,5.054166666666666,86,46529.32,108,1,1,Monitor
13141,0,0.029892646,Low,33.886805555555554,16,6668.36,259,1,1,Monitor
15719,0,0.029882835,Low,19.054861111111112,25,7594.77,366,1,1,Monitor
13590,0,0.029858641,Low,19.120833333333334,15,5266.15,241,1,1,Monitor
15291,0,0.029811254,Low,0.0479166666666666,35,11830.47,112,1,1,Monitor
16705,0,0.029800808,Low,27.03125,30,36088.551,350,1,1,Monitor
12949,0,0.02976382,Low,25.972916666666663,17,13610.18,311,1,1,Monitor
14543,0,0.029669562,Low,2.018055555555556,33,13432.89,96,1,1,Monitor
14769,0,0.029605968,Low,20.992361111111112,13,10731.38,616,1,1,Monitor
14194,0,0.029582174,Low,16.047916666666666,22,10728.94,344,1,1,Monitor
12524,0,0.029559834,Low,24.01805555555556,14,9473.77,130,1,1,Monitor
16013,0,0.02950271,Low,3.9930555555555554,60,31749.16,35,1,1,Monitor
16550,0,0.029485706,Low,4.96875,16,7940.94,243,1,1,Monitor
17364,0,0.029475737,Low,24.0,22,9595.69,387,1,1,Monitor
12721,0,0.029430063,Low,2.7895833333333333,6,3055.86,146,1,1,Monitor
14282,0,0.029417213,Low,22.904166666666665,15,5330.6,80,1,1,Monitor
16466,0,0.029404467,Low,0.04375,11,2691.42,154,1,1,Monitor
14410,0,0.029397283,Low,26.000694444444445,8,2305.63,251,1,1,Monitor
12709,0,0.029343506,Low,10.156944444444443,27,25708.37,177,1,1,Monitor
12431,0,0.02928361,Low,20.15,19,7103.3,198,1,1,Monitor
15061,0,0.029225726,Low,4.165972222222222,109,103135.5,116,1,1,Monitor
17504,1,0.029198797,Low,25.99375,18,9490.17,244,1,1,Monitor
14800,0,0.029120015,Low,10.943055555555556,12,6245.65,286,1,1,Monitor
16701,0,0.029113648,Low,9.044444444444444,19,6716.72,113,1,1,Monitor
14309,0,0.029057544,Low,2.8006944444444444,7,2560.84,106,1,1,Monitor
13102,0,0.02905252,Low,18.134027777777774,28,8725.17,168,1,1,Monitor
16133,0,0.02902983,Low,5.034027777777778,35,15194.59,191,1,1,Monitor
14049,0,0.028988754,Low,20.071527777777774,11,10462.49,465,1,1,Monitor
18065,0,0.028845804,Low,3.015972222222222,23,4885.95,163,1,1,Monitor
12901,0,0.028760955,Low,3.995138888888889,12,8061.8,22,1,1,Monitor
14952,0,0.028615767,Low,26.175,28,13064.47,209,1,1,Monitor
15260,0,0.028596176,Low,6.035416666666666,23,8227.44,176,1,1,Monitor
12481,0,0.028511,Low,24.18263888888889,12,9689.74,207,1,1,Monitor
15601,0,0.028495334,Low,23.084722222222226,25,12163.77,246,1,1,Monitor
15622,0,0.028382115,Low,16.945138888888888,13,6745.05,296,1,1,Monitor
13115,0,0.028243005,Low,3.857638888888889,7,4078.47,161,1,1,Monitor
14913,0,0.028135302,Low,2.941666666666667,7,3762.85,161,1,1,Monitor
13319,0,0.028097263,Low,6.014583333333333,45,15487.57,268,1,1,Monitor
17091,0,0.028097138,Low,5.040972222222222,15,5662.4,222,1,1,Monitor
13178,0,0.027999628,Low,23.102777777777774,15,11052.92,179,1,1,Monitor
14135,0,0.027912112,Low,5.970833333333333,18,6590.82,115,1,1,Monitor
13327,0,0.027858173,Low,5.163888888888889,17,7379.06,157,1,1,Monitor
12621,0,0.02785441,Low,19.883333333333333,25,17977.35,244,1,1,Monitor
16745,0,0.02767163,Low,3.020138888888889,10,4109.4400000000005,126,1,1,Monitor
12474,0,0.02766676,Low,20.0125,21,7767.79,262,1,1,Monitor
15513,0,0.027655538,Low,18.88958333333333,28,17748.29,219,1,1,Monitor
18225,0,0.027598063,Low,23.707638888888887,19,9177.91,217,1,1,Monitor
15640,0,0.027524088,Low,4.865277777777778,22,17785.77,240,1,1,Monitor
13089,0,0.027504055,Low,5.042361111111111,160,84122.0,699,1,1,Monitor
15465,0,0.027467737,Low,0.0715277777777777,27,10098.29,91,1,1,Monitor
16945,0,0.027366828,Low,21.038888888888888,22,5976.34,195,1,1,Monitor
13418,0,0.027292378,Low,23.947916666666668,22,8772.83,250,1,1,Monitor
17338,0,0.027086966,Low,24.885416666666668,14,9016.64,478,1,1,Monitor
16005,0,0.027086342,Low,2.0340277777777778,8,2062.19,232,1,1,Monitor
16843,0,0.026718643,Low,16.92013888888889,25,13216.76,181,1,1,Monitor
17589,0,0.026703948,Low,6.892361111111111,16,12645.19,553,1,1,Monitor
18226,0,0.02663256,Low,5.124305555555556,21,9251.17,254,1,1,Monitor
18223,0,0.026598169,Low,25.134027777777774,19,10273.79,159,1,1,Monitor
17017,0,0.026477296,Low,24.028472222222224,20,8376.55,104,1,1,Monitor
15358,0,0.0264083,Low,27.13055555555556,31,12441.73,307,1,1,Monitor
15527,0,0.02610614,Low,2.0215277777777776,19,4273.65,166,1,1,Monitor
16839,0,0.026026009,Low,5.186805555555556,24,12207.17,95,1,1,Monitor
16700,0,0.02598252,Low,20.914583333333333,19,6702.45,229,1,1,Monitor
15298,0,0.025974674,Low,6.905555555555556,16,6039.07,166,1,1,Monitor
15311,0,0.025969736,Low,4.954166666666667,162,87944.0,699,1,1,Monitor
18260,0,0.025961082,Low,25.1125,22,9520.13,205,1,1,Monitor
14755,0,0.02593322,Low,26.99375,18,6824.78,184,1,1,Monitor
17865,0,0.025869217,Low,24.059722222222224,33,19947.53,326,1,1,Monitor
18092,0,0.025860265,Low,4.033333333333333,14,10295.5,33,1,1,Monitor
16553,0,0.025799312,Low,24.994444444444444,30,15595.37,191,1,1,Monitor
12540,0,0.025786605,Low,5.852083333333334,23,15356.77,246,1,1,Monitor
15093,0,0.025784912,Low,26.056944444444444,21,12502.04,104,1,1,Monitor
13875,0,0.025674338,Low,3.844444444444445,12,4095.46,136,1,1,Monitor
16729,0,0.025632534,Low,1.980555555555556,11,3368.23,122,1,1,Monitor
12437,0,0.02555444,Low,18.1125,29,9707.08,228,1,1,Monitor
13983,0,0.025470817,Low,6.864583333333333,17,5831.52,216,1,1,Monitor
17611,0,0.025340825,Low,20.92083333333333,19,6375.25,637,1,1,Monitor
15281,0,0.025156656,Low,17.115972222222222,13,8138.83,414,1,1,Monitor
15194,0,0.025091771,Low,18.179166666666667,22,8066.18,203,1,1,Monitor
18102,0,0.02488985,Low,2.807638888888889,102,413459.37,310,1,1,Monitor
15628,0,0.0248403,Low,2.1666666666666665,11,3467.96,105,1,1,Monitor
16126,0,0.024746897,Low,3.911805555555556,13,10200.83,128,1,1,Monitor
14505,0,0.024640806,Low,23.96875,16,9179.51,737,1,1,Monitor
12712,0,0.024523497,Low,1.8902777777777775,17,5221.78,118,1,1,Monitor
13213,0,0.024061877,Low,2.828472222222222,9,2882.4700000000003,136,1,1,Monitor
16767,0,0.024027646,Low,2.0840277777777776,8,5524.4,152,1,1,Monitor
15805,0,0.02380215,Low,5.002777777777778,20,7365.17,253,1,1,Monitor
14056,0,0.023338478,Low,3.830555555555556,11,3653.83,238,1,1,Monitor
13985,0,0.023317538,Low,3.955555555555556,10,4126.03,91,1,1,Monitor
13777,0,0.023158897,Low,3.9375,49,35017.42,44,1,1,Monitor
17576,0,0.022504155,Low,2.79375,32,6844.56,318,1,1,Monitor
16525,0,0.022298133,Low,4.193055555555556,38,19310.96,108,1,1,Monitor
14401,0,0.021507489,Low,1.9159722222222224,12,3724.98,91,1,1,Monitor
13756,0,0.021407686,Low,3.057638888888889,14,5178.240000000001,125,1,1,Monitor
13969,0,0.021230305,Low,2.75625,24,5941.77,329,1,1,Monitor
12683,0,0.021172738,Low,4.132638888888889,16,8244.06,189,1,1,Monitor
17954,0,0.020822624,Low,4.004166666666666,15,3006.69,385,1,1,Monitor
17491,0,0.020780087,Low,3.89375,11,3419.66,73,1,1,Monitor
12921,0,0.020659931,Low,4.031944444444444,52,24717.47,232,1,1,Monitor
12594,0,0.0204307,Low,3.114583333333333,12,3559.84,73,1,1,Monitor
17841,0,0.020357985,Low,2.861111111111111,137,40821.76,1789,1,1,Monitor
15867,0,0.020180538,Low,2.8625,26,7168.43,462,1,1,Monitor
16983,0,0.020100927,Low,0.0,8,2469.88,103,1,1,Monitor
18041,0,0.020056339,Low,2.8715277777777777,31,6578.01,346,1,1,Monitor
15039,0,0.019853007,Low,4.063888888888889,73,33351.23,487,1,1,Monitor
17873,0,0.01906161,Low,3.9159722222222224,17,5993.29,64,1,1,Monitor
13426,0,0.019023748,Low,2.14375,17,6084.74,127,1,1,Monitor
13694,0,0.018840594,Low,2.720138888888889,120,161827.73,800,1,1,Monitor
14367,0,0.01862104,Low,3.9902777777777776,8,4116.77,183,1,1,Monitor
14040,0,0.01823148,Low,2.957638888888889,29,10908.65,300,1,1,Monitor
13001,0,0.018111963,Low,4.006944444444445,30,22069.18,295,1,1,Monitor
13798,0,0.018072464,Low,0.1076388888888889,87,61907.28,154,1,1,Monitor
15738,0,0.017921582,Low,3.084722222222222,35,11159.96,66,1,1,Monitor
14911,0,0.017889408,Low,2.9611111111111112,263,191094.28,2018,1,1,Monitor
15159,0,0.017798346,Low,4.009027777777778,18,9151.59,203,1,1,Monitor
13069,0,0.017757928,Low,0.0111111111111111,30,7758.26,528,1,1,Monitor
16592,0,0.017274132,Low,3.048611111111111,20,5215.21,159,1,1,Monitor
14060,0,0.017136956,Low,3.0861111111111112,22,6152.92,74,1,1,Monitor
16722,0,0.01696187,Low,3.113888888888889,15,5712.21,130,1,1,Monitor
14415,0,0.016620075,Low,1.9048611111111111,16,8850.39,358,1,1,Monitor
12583,0,0.016605321,Low,0.0854166666666666,18,9712.77,107,1,1,Monitor
16779,0,0.016572237,Low,2.8375,42,26441.03,267,1,1,Monitor
13004,0,0.016209349,Low,3.1486111111111112,26,8755.96,322,1,1,Monitor
15615,0,0.016190032,Low,3.033333333333333,36,16196.19,242,1,1,Monitor
16170,0,0.016091568,Low,3.0069444444444446,17,5928.82,217,1,1,Monitor
12839,0,0.015980508,Low,2.921527777777778,17,5778.07,125,1,1,Monitor
14895,0,0.015855262,Low,1.9458333333333333,23,18710.59,347,1,1,Monitor
13162,0,0.0155780595,Low,3.883333333333333,15,8892.64,172,1,1,Monitor
15856,0,0.015313105,Low,1.836111111111111,34,23682.95,232,1,1,Monitor
