Customer ID,Churn,ChurnProbability,RiskSegment,RetentionPriority,RecommendedAction,RecencyDays,PurchaseFrequency,MonetaryValue,AverageOrderValue,CustomerTenureDays,UniqueProducts,IsRepeatCustomer,PurchaseActivityRate
13085,0,0.28789073,Medium,Monitor,Continue monitoring and regular customer engagement,114.95347222222222,7,2295.3,327.90000000000003,558.2118055555555,46,1,0.0125176184237487
13078,0,0.043570515,Low,Monitor,Continue monitoring and regular customer engagement,20.028472222222224,41,20857.28,508.7141463414634,558.1555555555556,131,1,0.0733248549399888
15362,1,0.6087768,High,Medium Priority,Automated re-engagement reminder or promotional campaign,268.0923611111112,2,613.08,306.54,558.1541666666667,38,1,0.0035768310767006
18102,0,0.02488985,Low,Monitor,Continue monitoring and regular customer engagement,2.807638888888889,102,413459.37,4053.5232352941175,558.1430555555555,310,1,0.1824220098712563
12682,0,0.03015152,Low,Monitor,Continue monitoring and regular customer engagement,11.970833333333331,32,15947.69,498.3653125,558.1402777777778,251,1,0.0572307187870267
18087,0,0.16795436,Low,Monitor,Continue monitoring and regular customer engagement,110.08819444444444,16,13908.72,869.295,558.1298611111112,43,1,0.0286158925016177
13635,0,0.5049343,Medium,Monitor,Continue monitoring and regular customer engagement,262.1138888888889,3,1928.13,642.71,558.1277777777777,89,1,0.0053654998360541
14110,0,0.049714476,Low,Monitor,Continue monitoring and regular customer engagement,39.96597222222222,23,9006.32,391.5791304347826,558.125,148,1,0.041135703107534
12636,1,0.9128503,Critical,High Priority,Targeted re-engagement campaign with personalised offer,558.1215277777778,1,141.0,141.0,558.1215277777778,1,0,0.0017885199376502
17519,0,0.042267494,Low,Monitor,Continue monitoring and regular customer engagement,26.10833333333333,12,3885.75,323.8125,558.1201388888888,124,1,0.0214622925653277
13758,0,0.03226552,Low,Monitor,Continue monitoring and regular customer engagement,20.90138888888889,13,7859.1,604.5461538461539,558.1138888888889,199,1,0.023251076852758
12362,0,0.48008996,Medium,Monitor,Continue monitoring and regular customer engagement,45.15138888888889,3,1104.34,368.1133333333334,558.1111111111111,52,1,0.0053656597774244
15413,1,0.862166,Critical,Immediate Action,Personalised retention outreach with high-value incentive,511.05347222222224,5,6798.72,1359.744,558.1055555555556,20,1,0.0089428551555559
16321,0,0.5766675,High,Medium Priority,Automated re-engagement reminder or promotional campaign,124.90277777777776,5,454.55,90.91,558.0930555555556,14,1,0.0089430550966719
16167,1,0.56678545,High,Medium Priority,Automated re-engagement reminder or promotional campaign,233.88680555555555,5,1386.12,277.22400000000005,558.0861111111111,51,1,0.0089431661789328
17865,0,0.025869217,Low,Monitor,Continue monitoring and regular customer engagement,24.059722222222224,33,19947.53,604.470606060606,558.0840277777778,326,1,0.0590251167273851
17592,1,0.92642796,Critical,High Priority,Targeted re-engagement campaign with personalised offer,558.0840277777778,1,148.3,148.3,558.0840277777778,13,0,0.0017886399008298
13767,0,0.031640194,Low,Monitor,Continue monitoring and regular customer engagement,22.94375,58,23924.5,412.4913793103448,558.0819444444444,112,1,0.1037415008235227
17238,0,0.03483091,Low,Monitor,Continue monitoring and regular customer engagement,4.0881944444444445,24,5144.41,214.35041666666663,558.0770833333333,402,1,0.0429278908319887
15712,0,0.04408156,Low,Monitor,Continue monitoring and regular customer engagement,2.876388888888889,9,2858.7000000000003,317.6333333333334,558.0645833333333,74,1,0.0160983189926625
15311,0,0.025969736,Low,Monitor,Continue monitoring and regular customer engagement,4.954166666666667,162,87944.0,542.8641975308642,558.0618055555556,699,1,0.289771181629938
16329,1,0.52493554,High,Medium Priority,Automated re-engagement reminder or promotional campaign,247.00416666666663,4,1664.92,416.23,558.0527777777778,83,1,0.0071549595297601
17700,0,0.044371657,Low,Monitor,Continue monitoring and regular customer engagement,32.99305555555556,12,5270.9,439.24166666666673,558.0506944444444,211,1,0.0214649585793377
14911,0,0.017889408,Low,Monitor,Continue monitoring and regular customer engagement,2.9611111111111112,263,191094.28,726.5942205323194,558.0479166666667,2018,1,0.4704426797047063
15998,0,0.10190286,Low,Monitor,Continue monitoring and regular customer engagement,82.01736111111111,13,6969.34,536.103076923077,558.0451388888889,596,1,0.023253936213161
12931,0,0.072725065,Low,Monitor,Continue monitoring and regular customer engagement,23.115277777777777,49,54212.08,1106.3689795918367,558.0444444444445,23,1,0.087649560758437
12533,1,0.8030542,Critical,High Priority,Targeted re-engagement campaign with personalised offer,447.07916666666665,2,1367.89,683.9449999999999,558.0416666666666,63,1,0.0035775508683014
17984,0,0.37565333,Medium,Monitor,Continue monitoring and regular customer engagement,211.9423611111111,4,999.51,249.8775,558.0409722222222,165,1,0.0071551106247181
14871,0,0.29996327,Medium,Monitor,Continue monitoring and regular customer engagement,74.97777777777777,7,956.04,136.57714285714286,558.0368055555556,89,1,0.0125215369192795
13394,0,0.03610347,Low,Monitor,Continue monitoring and regular customer engagement,34.014583333333334,14,5037.01,359.7864285714286,558.0361111111112,199,1,0.0250431049475038
16011,0,0.04259977,Low,Monitor,Continue monitoring and regular customer engagement,3.855555555555556,20,3466.71,173.3355,558.0333333333333,156,1,0.0357760419772225
16393,0,0.034077007,Low,Monitor,Continue monitoring and regular customer engagement,4.949305555555555,16,3226.35,201.646875,558.0256944444444,279,1,0.0286212246753714
14040,0,0.01823148,Low,Monitor,Continue monitoring and regular customer engagement,2.957638888888889,29,10908.65,376.1603448275862,558.025,300,1,0.0518760341666294
12913,0,0.19986467,Low,Monitor,Continue monitoring and regular customer engagement,102.08402777777778,11,4666.0,424.1818181818182,558.0222222222222,31,1,0.0196772141834949
15061,0,0.029225726,Low,Monitor,Continue monitoring and regular customer engagement,4.165972222222222,109,103135.5,946.197247706422,558.0222222222222,116,1,0.1949833041819049
14341,0,0.04968746,Low,Monitor,Continue monitoring and regular customer engagement,34.89861111111111,14,2988.19,213.44214285714287,558.0208333333334,126,1,0.025043789363843
17804,1,0.52620155,High,Medium Priority,Automated re-engagement reminder or promotional campaign,195.95069444444445,3,383.78,127.92666666666666,558.0194444444444,82,1,0.0053665396254354
14156,0,0.039886024,Low,Monitor,Continue monitoring and regular customer engagement,5.959722222222222,120,241077.89,2008.9824166666667,558.0138888888889,1230,1,0.214663718353251
13599,0,0.03212015,Low,Monitor,Continue monitoring and regular customer engagement,17.913888888888888,19,6666.78,350.8831578947369,558.0138888888889,139,1,0.033988422072598
17063,0,0.1202941,Low,Monitor,Continue monitoring and regular customer engagement,108.96180555555556,8,2496.76,312.095,558.0097222222222,111,1,0.0143110212255302
15719,0,0.029882835,Low,Monitor,Continue monitoring and regular customer engagement,19.054861111111112,25,7594.77,303.7908,558.0020833333333,366,1,0.0447225524651443
12490,0,0.04591654,Low,Monitor,Continue monitoring and regular customer engagement,34.12708333333333,13,5601.43,430.8792307692308,557.9986111111111,136,1,0.0232558717349228
15793,0,0.30827314,Medium,Monitor,Continue monitoring and regular customer engagement,88.08680555555556,6,1740.6,290.1,557.9972222222223,9,1,0.0107335059307589
17056,1,0.9261841,Critical,High Priority,Targeted re-engagement campaign with personalised offer,557.9965277777778,1,128.60000000000002,128.60000000000002,557.9965277777778,8,0,0.0017889198775086
13526,1,0.871963,Critical,High Priority,Targeted re-engagement campaign with personalised offer,557.9840277777778,2,1182.0,591.0,557.9958333333333,29,0,0.0035778441997927
14654,1,0.87726986,Critical,High Priority,Targeted re-engagement campaign with personalised offer,557.9951388888888,1,246.86,246.86,557.9951388888888,27,0,0.0017889243222896
17998,1,0.5329579,High,Medium Priority,Automated re-engagement reminder or promotional campaign,199.88819444444445,3,639.24,213.08,557.9881944444444,57,1,0.0053668396395769
17742,0,0.3471137,Medium,Monitor,Continue monitoring and regular customer engagement,152.11527777777778,10,2045.94,204.594,557.9819444444445,52,1,0.0178896654881021
15326,1,0.3416474,Medium,Monitor,Continue monitoring and regular customer engagement,153.05,5,1700.52,340.104,557.9798611111111,94,1,0.0089448660816889
14478,1,0.4946703,Medium,Monitor,Continue monitoring and regular customer engagement,201.8895833333333,4,1276.66,319.165,557.9791666666666,59,1,0.0071559017554321
15967,0,0.22198878,Low,Monitor,Continue monitoring and regular customer engagement,138.03680555555556,11,2730.22,248.20181818181817,557.9729166666667,290,1,0.0196789498596756
17611,0,0.025340825,Low,Monitor,Continue monitoring and regular customer engagement,20.92083333333333,19,6375.25,335.5394736842105,557.9729166666667,637,1,0.0339909133939852
15051,0,0.35641277,Medium,Monitor,Continue monitoring and regular customer engagement,198.8361111111111,6,2543.55,423.925,557.9729166666667,113,1,0.0107339726507321
13097,0,0.06481883,Low,Monitor,Continue monitoring and regular customer engagement,52.96319444444445,23,10323.04,448.82782608695646,557.9715277777777,338,1,0.0411469973997383
13590,0,0.029858641,Low,Monitor,Continue monitoring and regular customer engagement,19.120833333333334,15,5266.15,351.07666666666665,557.9673611111111,241,1,0.0268351983382054
15984,0,0.06436866,Low,Monitor,Continue monitoring and regular customer engagement,52.99583333333333,25,6387.72,255.5088,557.9666666666667,318,1,0.0447253861291669
16887,0,0.65342605,High,Medium Priority,Automated re-engagement reminder or promotional campaign,220.05625,2,465.84,232.92,557.9645833333333,65,1,0.0035780442261174
12921,0,0.020659931,Low,Monitor,Continue monitoring and regular customer engagement,4.031944444444444,52,24717.47,475.3359615384616,557.9631944444444,232,1,0.0930293810340822
14543,0,0.029669562,Low,Monitor,Continue monitoring and regular customer engagement,2.018055555555556,33,13432.89,407.05727272727273,557.9604166666667,96,1,0.0590381698167356
15945,1,0.5343828,High,Medium Priority,Automated re-engagement reminder or promotional campaign,184.9833333333333,4,646.27,161.5675,557.9604166666667,24,1,0.0071561417959679
18037,0,0.34862387,Medium,Monitor,Continue monitoring and regular customer engagement,44.85208333333333,14,158.22,11.301428571428572,557.9597222222222,30,1,0.025046527403336
15662,1,0.8825476,Critical,High Priority,Targeted re-engagement campaign with personalised offer,480.8354166666667,2,283.73,141.865,557.9590277777778,12,1,0.0035780797886945
15380,0,0.39151046,Medium,Monitor,Continue monitoring and regular customer engagement,184.90902777777777,7,1788.8,255.54285714285717,557.9583333333334,6,1,0.0125232948192322
13110,0,0.17130002,Low,Monitor,Continue monitoring and regular customer engagement,76.8625,8,2201.29,275.16125,557.9416666666667,128,1,0.0143127637052167
12836,0,0.06747333,Low,Monitor,Continue monitoring and regular customer engagement,38.90416666666667,13,5610.77,431.59769230769234,557.9381944444444,243,1,0.0232583855052548
15005,0,0.034548342,Low,Monitor,Continue monitoring and regular customer engagement,6.909027777777778,41,10400.58,253.67268292682925,557.9381944444444,494,1,0.0733533696704192
16620,0,0.27876917,Medium,Monitor,Continue monitoring and regular customer engagement,80.09236111111112,5,1675.73,335.146,557.9270833333334,74,1,0.0089457107180796
12758,0,0.22228543,Low,Monitor,Continue monitoring and regular customer engagement,96.03125,6,8681.84,1446.9733333333334,557.9236111111111,168,1,0.0107349195502267
17961,0,0.06647219,Low,Monitor,Continue monitoring and regular customer engagement,2.890972222222222,82,2471.05,30.13475609756097,557.9180555555556,437,1,0.1467120254658678
15601,0,0.028495334,Low,Monitor,Continue monitoring and regular customer engagement,23.084722222222226,25,12163.77,486.5508,557.9145833333333,246,1,0.0447295539345233
13585,1,0.74260485,Critical,High Priority,Targeted re-engagement campaign with personalised offer,350.01180555555555,3,684.54,228.18,557.9125,29,1,0.0053675664795473
13442,1,0.8761584,Critical,High Priority,Targeted re-engagement campaign with personalised offer,486.9493055555556,3,419.87,139.95666666666668,557.9104166666667,33,1,0.005367586487101
13381,0,0.067711085,Low,Monitor,Continue monitoring and regular customer engagement,26.852777777777774,8,5656.41,707.05125,557.8965277777778,125,1,0.0143139196656109
16763,1,0.60599685,High,Medium Priority,Automated re-engagement reminder or promotional campaign,18.040277777777774,2,964.7,482.35,557.8916666666667,44,1,0.0035785110411976
17243,0,0.10080971,Low,Monitor,Continue monitoring and regular customer engagement,56.107638888888886,54,14440.03,267.407962962963,557.8847222222222,298,1,0.096620998665497
14865,0,0.6190727,High,Medium Priority,Automated re-engagement reminder or promotional campaign,191.76875,3,77.52000000000001,25.840000000000003,557.8645833333334,3,1,0.0053680266910216
17345,0,0.26083785,Medium,Monitor,Continue monitoring and regular customer engagement,16.014583333333334,8,1192.32,149.04,557.85625,128,1,0.0143149512956149
13819,1,0.43432918,Medium,Monitor,Continue monitoring and regular customer engagement,121.09166666666668,6,2642.35,440.39166666666665,557.8555555555556,47,1,0.0107362268127323
15808,1,0.20484976,Low,Monitor,Continue monitoring and regular customer engagement,125.92847222222224,21,17180.25,818.1071428571429,557.8472222222222,348,1,0.0375773541765042
17191,0,0.050427403,Low,Monitor,Continue monitoring and regular customer engagement,11.025694444444444,13,3392.36,260.95076923076925,557.8444444444444,224,1,0.0232622872594242
13748,0,0.22232951,Low,Monitor,Continue monitoring and regular customer engagement,51.93055555555556,7,1696.95,242.42142857142855,557.8375,32,1,0.0125260026394077
15265,0,0.34563842,Medium,Monitor,Continue monitoring and regular customer engagement,55.02361111111111,3,2551.76,850.5866666666667,557.8208333333333,146,1,0.0053684469530335
15750,0,0.14161146,Low,Monitor,Continue monitoring and regular customer engagement,102.84444444444443,13,4600.861,353.9123846153846,557.8131944444444,280,1,0.0232635881350729
17428,0,0.03443731,Low,Monitor,Continue monitoring and regular customer engagement,32.08402777777778,30,21498.73,716.6243333333333,557.8069444444444,330,1,0.0536858038330669
15485,0,0.34781587,Medium,Monitor,Continue monitoring and regular customer engagement,155.8138888888889,6,3514.55,585.7583333333333,557.8048611111111,56,1,0.0107372007968394
17246,1,0.794445,Critical,High Priority,Targeted re-engagement campaign with personalised offer,366.0097222222222,2,38.92,19.46,557.7951388888889,6,1,0.0035791292028359
14061,1,0.7512461,Critical,High Priority,Targeted re-engagement campaign with personalised offer,326.8111111111112,3,917.43,305.81,557.7826388888889,17,1,0.0053688139022453
14108,0,0.87253124,Critical,High Priority,Targeted re-engagement campaign with personalised offer,550.8923611111111,2,447.05,223.525,557.7798611111111,18,1,0.003579227060945
13648,1,0.37562522,Medium,Monitor,Continue monitoring and regular customer engagement,219.91944444444445,8,1764.02,220.5025,557.7756944444444,95,1,0.0143170150017958
16563,0,0.35943463,Medium,Monitor,Continue monitoring and regular customer engagement,219.94375,5,3334.82,666.964,557.7604166666666,46,1,0.0089483790384221
16701,0,0.029113648,Low,Monitor,Continue monitoring and regular customer engagement,9.044444444444444,19,6716.72,353.51157894736843,557.7298611111111,113,1,0.0340056999320134
12842,0,0.5236128,High,Medium Priority,Automated re-engagement reminder or promotional campaign,128.00972222222222,3,1109.73,369.91,557.1909722222222,27,1,0.0053745046933608
14302,1,0.58587295,High,Medium Priority,Automated re-engagement reminder or promotional campaign,250.19444444444449,3,742.9000000000001,247.63333333333333,557.1902777777777,25,1,0.0053745113797813
14135,0,0.027912112,Low,Monitor,Continue monitoring and regular customer engagement,5.970833333333333,18,6590.82,366.1566666666666,557.1611111111112,115,1,0.0322487533468034
14831,1,0.7481018,Critical,High Priority,Targeted re-engagement campaign with personalised offer,499.9298611111111,3,1676.57,558.8566666666667,557.1451388888889,67,1,0.0053749460328045
15602,0,0.07578325,Low,Monitor,Continue monitoring and regular customer engagement,20.010416666666668,12,2383.04,198.58666666666667,557.1354166666666,53,1,0.0215001586383232
13777,0,0.023158897,Low,Monitor,Continue monitoring and regular customer engagement,3.9375,49,35017.42,714.6412244897958,557.1270833333333,44,1,0.0877936252570912
14000,1,0.37259787,Medium,Monitor,Continue monitoring and regular customer engagement,30.83333333333333,5,2046.34,409.268,557.125,28,1,0.0089585666293393
16823,1,0.14227581,Low,Monitor,Continue monitoring and regular customer engagement,46.90972222222222,7,2243.09,320.4414285714286,557.1201388888888,149,1,0.0125421025192455
16163,1,0.33682606,Medium,Monitor,Continue monitoring and regular customer engagement,51.89930555555556,6,2407.98,401.33,557.1180555555555,59,1,0.0107504137167315
17193,0,0.6420917,High,Medium Priority,Automated re-engagement reminder or promotional campaign,205.82847222222225,2,610.74,305.37,557.1166666666667,12,1,0.0035834801564786
15759,1,0.36935216,Medium,Monitor,Continue monitoring and regular customer engagement,37.90069444444445,7,830.9300000000001,118.70428571428572,557.1125,10,1,0.0125422741830724
16131,0,0.09826627,Low,Monitor,Continue monitoring and regular customer engagement,26.8375,8,8115.4,1014.425,557.1118055555555,117,1,0.0143340454732661
14560,0,0.07789346,Low,Monitor,Continue monitoring and regular customer engagement,15.868055555555555,31,5108.26,164.7825806451613,557.1076388888889,51,1,0.0555448408871745
17087,1,0.89974755,Critical,High Priority,Targeted re-engagement campaign with personalised offer,557.0895833333333,1,221.53,221.53,557.0895833333333,12,0,0.0017918270289641
14894,0,0.519819,Medium,Monitor,Continue monitoring and regular customer engagement,262.89375,2,837.0600000000001,418.53,557.0888888888888,23,1,0.0035836585171617
16202,1,0.20625277,Low,Monitor,Continue monitoring and regular customer engagement,180.08819444444444,9,2501.99,277.99888888888887,557.0847222222222,105,1,0.0161265837275801
16700,0,0.02598252,Low,Monitor,Continue monitoring and regular customer engagement,20.914583333333333,19,6702.45,352.7605263157895,557.0826388888889,229,1,0.0340451371822422
17511,0,0.03635333,Low,Monitor,Continue monitoring and regular customer engagement,25.8875,44,116820.89,2655.0202272727274,557.0819444444444,502,1,0.0788414684223493
14299,0,0.1991273,Low,Monitor,Continue monitoring and regular customer engagement,137.92083333333332,22,11670.57,530.4804545454546,557.0777777777778,99,1,0.0394210285304716
17949,0,0.05021866,Low,Monitor,Continue monitoring and regular customer engagement,8.958333333333334,88,69435.59999999999,789.0409090909092,557.0715277777778,39,1,0.1576858800706301
14799,0,0.88172245,Critical,High Priority,Targeted re-engagement campaign with personalised offer,557.0638888888889,1,180.45,180.45,557.0638888888889,10,0,0.0017919095284789
16550,0,0.029485706,Low,Monitor,Continue monitoring and regular customer engagement,4.96875,16,7940.94,496.30875,557.0597222222223,243,1,0.0286707665199114
12980,0,0.07812046,Low,Monitor,Continue monitoring and regular customer engagement,7.091666666666667,19,14329.86,754.2031578947368,557.0583333333333,7,1,0.0340466199770036
14425,1,0.61366284,High,Medium Priority,Automated re-engagement reminder or promotional campaign,254.1013888888889,3,661.39,220.4633333333333,557.0548611111111,35,1,0.0053758155497953
15353,1,0.11971559,Low,Monitor,Continue monitoring and regular customer engagement,74.02430555555556,7,2794.4700000000003,399.21,557.0534722222222,274,1,0.0125436008347467
17818,1,0.86254084,Critical,High Priority,Targeted re-engagement campaign with personalised offer,557.0527777777778,1,124.78,124.78,557.0527777777778,42,0,0.0017919452062976
13654,0,0.06400427,Low,Monitor,Continue monitoring and regular customer engagement,21.103472222222223,8,4773.51,596.68875,557.0465277777778,192,1,0.0143357222055608
17189,0,0.4401406,Medium,Monitor,Continue monitoring and regular customer engagement,178.80694444444444,4,796.45,199.1125,557.0451388888889,87,1,0.0071678789424889
13269,0,0.042913217,Low,Monitor,Continue monitoring and regular customer engagement,37.829166666666666,18,5239.32,291.0733333333333,557.04375,185,1,0.0322555355202885
14653,0,0.34354496,Medium,Monitor,Continue monitoring and regular customer engagement,157.96458333333334,6,2011.22,335.2033333333333,557.0409722222222,150,1,0.0107518986932212
17019,0,0.10580391,Low,Monitor,Continue monitoring and regular customer engagement,81.06527777777778,10,3340.14,334.014,557.0402777777778,308,1,0.0179198534554206
15542,1,0.5679052,High,Medium Priority,Automated re-engagement reminder or promotional campaign,331.97083333333336,3,855.71,285.2366666666667,557.0395833333333,212,1,0.0053759627266584
13564,0,0.19914731,Low,Monitor,Continue monitoring and regular customer engagement,173.83333333333334,36,15948.33,443.00916666666666,557.0381944444445,484,1,0.0645117132812743
16467,1,0.62392324,High,High Priority,Targeted re-engagement campaign with personalised offer,328.0423611111111,7,2869.16,409.88,557.0354166666667,14,1,0.0125440066901369
15833,1,0.9228737,Critical,High Priority,Targeted re-engagement campaign with personalised offer,557.0354166666667,1,80.4,80.4,557.0354166666667,5,0,0.0017920009557338
14527,0,0.043747596,Low,Monitor,Continue monitoring and regular customer engagement,4.020138888888889,94,22302.11,237.2564893617021,557.0305555555556,527,1,0.1684495572225734
17476,1,0.6574823,High,Medium Priority,Automated re-engagement reminder or promotional campaign,215.10347222222225,2,489.86,244.93,557.0284722222223,29,1,0.0035840465129591
15287,0,0.5193107,Medium,Monitor,Continue monitoring and regular customer engagement,199.09791666666663,3,369.34,123.11333333333334,557.0256944444444,13,1,0.0053760965307999
14440,0,0.26138562,Medium,Monitor,Continue monitoring and regular customer engagement,136.09722222222223,10,4810.06,481.006,557.0256944444444,55,1,0.0179203217693331
15680,0,0.22095901,Low,Monitor,Continue monitoring and regular customer engagement,185.92152777777775,8,3173.9,396.7375,557.0243055555555,128,1,0.0143362930975477
15581,0,0.10564577,Low,Monitor,Continue monitoring and regular customer engagement,45.824305555555554,33,4435.39,134.40575757575758,557.0215277777778,523,1,0.0591375034067532
13740,1,0.28589824,Medium,Monitor,Continue monitoring and regular customer engagement,60.09583333333333,5,1582.77,316.554,557.0194444444444,83,1,0.0089602612413944
17768,0,0.45489207,Medium,Monitor,Continue monitoring and regular customer engagement,206.9638888888889,4,1210.83,302.7075,557.0166666666667,69,1,0.0071682446760849
12948,0,0.31232518,Medium,Monitor,Continue monitoring and regular customer engagement,34.109027777777776,5,1138.74,227.748,557.0152777777778,53,1,0.0089603281471285
14667,0,0.03399442,Low,Monitor,Continue monitoring and regular customer engagement,33.990972222222226,40,15114.55,377.86375,557.0083333333333,473,1,0.0716835172712474
17377,0,0.10026346,Low,Monitor,Continue monitoring and regular customer engagement,75.06597222222223,65,15183.57,233.59338461538465,557.0076388888889,428,1,0.1164858605330721
14467,0,0.25031093,Medium,Monitor,Continue monitoring and regular customer engagement,132.01041666666666,9,1738.68,193.18666666666667,557.0041666666667,120,1,0.0161289118211482
13457,1,0.89286816,Critical,High Priority,Targeted re-engagement campaign with personalised offer,508.1680555555556,2,148.22,74.11,557.0027777777777,9,1,0.0035842115481304
18108,1,0.5660546,High,Medium Priority,Automated re-engagement reminder or promotional campaign,73.95416666666667,3,848.8100000000001,282.93666666666667,557.0020833333333,43,1,0.0053763240131271
16210,0,0.04477292,Low,Monitor,Continue monitoring and regular customer engagement,32.87361111111111,26,23257.88,894.5338461538462,556.9972222222223,117,1,0.0465952140343191
14669,1,0.13227937,Low,Monitor,Continue monitoring and regular customer engagement,61.046527777777776,7,3216.78,459.54,556.9888888888889,334,1,0.0125450526693084
17909,1,0.9262774,Critical,High Priority,Targeted re-engagement campaign with personalised offer,556.9861111111111,1,110.05,110.05,556.9861111111111,8,0,0.0017921593030491
16086,0,0.09899935,Low,Monitor,Continue monitoring and regular customer engagement,19.88958333333333,8,2153.4,269.175,556.9791666666666,63,1,0.01433745286189
16711,0,0.48104677,Medium,Monitor,Continue monitoring and regular customer engagement,121.91944444444444,6,1816.25,302.7083333333333,556.9777777777778,11,1,0.0107531164124417
14739,0,0.052212827,Low,Monitor,Continue monitoring and regular customer engagement,39.03611111111111,21,8978.960000000001,427.56952380952384,556.9770833333333,116,1,0.0376359542842634
16233,0,0.37822774,Medium,Monitor,Continue monitoring and regular customer engagement,149.09652777777777,8,1608.13,201.01625,556.9770833333333,37,1,0.0143375063940051
14204,0,0.46790367,Medium,Monitor,Continue monitoring and regular customer engagement,241.97083333333333,3,874.22,291.4066666666667,556.975,158,1,0.005376584972445
17606,1,0.92199373,Critical,High Priority,Targeted re-engagement campaign with personalised offer,556.9708333333333,1,87.30000000000001,87.30000000000001,556.9708333333333,6,0,0.0017922083740936
16797,1,0.2882371,Medium,Monitor,Continue monitoring and regular customer engagement,212.7333333333333,5,1802.02,360.404,556.9701388888889,289,1,0.0089610530232974
16126,0,0.024746897,Low,Monitor,Continue monitoring and regular customer engagement,3.911805555555556,13,10200.83,784.6792307692308,556.9694444444444,128,1,0.0232987668580019
17867,0,0.19392702,Low,Monitor,Continue monitoring and regular customer engagement,22.87361111111111,11,1028.23,93.47545454545455,556.9659722222223,63,1,0.0197144638698845
17412,0,0.044714153,Low,Monitor,Continue monitoring and regular customer engagement,15.913194444444445,13,3671.98,282.46,556.9576388888889,143,1,0.0232992598253302
16525,0,0.022298133,Low,Monitor,Continue monitoring and regular customer engagement,4.193055555555556,38,19310.96,508.1831578947368,556.95625,108,1,0.068105698251431
13623,0,0.056271303,Low,Monitor,Continue monitoring and regular customer engagement,29.85972222222222,9,2344.49,260.4988888888889,556.9534722222222,198,1,0.0161303772591551
12435,0,0.31513005,Medium,Monitor,Continue monitoring and regular customer engagement,87.21527777777777,5,10075.03,2015.006,556.9527777777778,81,1,0.008961331853054
14549,1,0.4582624,Medium,Monitor,Continue monitoring and regular customer engagement,130.96041666666667,4,913.6,228.4,556.9472222222222,117,1,0.0071691368657927
14106,1,0.9120842,Critical,High Priority,Targeted re-engagement campaign with personalised offer,556.9451388888889,1,214.8,214.8,556.9451388888889,1,0,0.0017922909087288
14980,1,0.9078139,Critical,High Priority,Targeted re-engagement campaign with personalised offer,556.9451388888889,1,150.68,150.68,556.9451388888889,24,0,0.0017922909087288
14396,0,0.30887687,Medium,Monitor,Continue monitoring and regular customer engagement,190.89652777777775,6,1591.74,265.29,556.9368055555556,167,1,0.010753906070107
14122,1,0.6199106,High,Medium Priority,Automated re-engagement reminder or promotional campaign,225.9020833333333,3,362.42,120.80666666666669,556.9361111111111,12,1,0.0053769597275673
16987,0,0.29235828,Medium,Monitor,Continue monitoring and regular customer engagement,24.87152777777778,5,1117.65,223.53000000000003,556.9277777777778,120,1,0.0089617333983888
17809,0,0.081066445,Low,Monitor,Continue monitoring and regular customer engagement,37.11805555555556,14,7324.68,523.1914285714286,556.9152777777778,32,1,0.0250934157167431
15917,1,0.40108466,Medium,Monitor,Continue monitoring and regular customer engagement,67.09027777777777,5,530.17,106.034,556.9131944444445,127,1,0.0089619676497862
14987,0,0.50048876,Medium,Monitor,Continue monitoring and regular customer engagement,185.02569444444444,7,1387.4499999999998,198.20714285714283,556.9125,4,1,0.0125467703268881
14080,0,0.57655495,High,Medium Priority,Automated re-engagement reminder or promotional campaign,232.94861111111112,4,1070.08,267.52,556.9090277777777,70,1,0.0071696276648049
16200,0,0.22652315,Low,Monitor,Continue monitoring and regular customer engagement,202.0368055555556,10,4539.23,453.92300000000006,556.9069444444444,241,1,0.0179241360939822
15794,1,0.84971374,Critical,High Priority,Targeted re-engagement campaign with personalised offer,555.9902777777778,2,777.0,388.5,556.9027777777778,15,1,0.0035848539918842
15523,0,0.3626456,Medium,Monitor,Continue monitoring and regular customer engagement,207.89097222222225,15,16847.18,1123.1453333333334,556.8986111111111,63,1,0.0268866057402903
15615,0,0.016190032,Low,Monitor,Continue monitoring and regular customer engagement,3.033333333333333,36,16196.19,449.8941666666667,556.8902777777778,242,1,0.0645288176438517
18001,0,0.47479704,Medium,Monitor,Continue monitoring and regular customer engagement,269.05069444444445,4,509.01,127.2525,556.8833333333333,69,1,0.0071699578764974
17841,0,0.020357985,Low,Monitor,Continue monitoring and regular customer engagement,2.861111111111111,137,40821.76,297.9690510948905,556.88125,1789,1,0.2455719743224924
13089,0,0.027504055,Low,Monitor,Continue monitoring and regular customer engagement,5.042361111111111,160,84122.0,525.7625,556.8791666666667,699,1,0.2868004570882284
15989,1,0.69076663,High,Medium Priority,Automated re-engagement reminder or promotional campaign,195.0326388888889,2,368.31,184.155,556.8743055555556,81,1,0.0035850369520215
17660,0,0.84228814,Critical,High Priority,Targeted re-engagement campaign with personalised offer,556.8666666666667,1,163.47,163.47,556.8666666666667,42,0,0.0017925430210325
13313,0,0.074356265,Low,Monitor,Continue monitoring and regular customer engagement,34.979166666666664,9,2499.74,277.7488888888889,556.8555555555556,89,1,0.0161332085167406
12437,0,0.02555444,Low,Monitor,Continue monitoring and regular customer engagement,18.1125,29,9707.08,334.7268965517241,556.8513888888889,228,1,0.0519851712796866
14841,0,0.14326659,Low,Monitor,Continue monitoring and regular customer engagement,93.97361111111113,11,5649.09,513.5536363636364,556.8340277777778,166,1,0.0197191269306755
14646,0,0.043427877,Low,Monitor,Continue monitoring and regular customer engagement,11.10138888888889,105,364532.42,3471.737333333333,556.8319444444444,729,1,0.1882287327674852
15482,0,0.1361696,Low,Monitor,Continue monitoring and regular customer engagement,70.08402777777778,10,4799.84,479.984,556.8270833333333,43,1,0.0179267021963944
16156,0,0.03378995,Low,Monitor,Continue monitoring and regular customer engagement,25.84583333333333,14,4126.71,294.765,556.8222222222222,138,1,0.0250976017847183
17716,0,0.07760146,Low,Monitor,Continue monitoring and regular customer engagement,68.89722222222223,15,11752.6,783.5066666666667,556.8138888888889,261,1,0.0268906893478011
12779,0,0.038716953,Low,Monitor,Continue monitoring and regular customer engagement,9.092361111111112,13,5492.16,422.4738461538461,556.2256944444445,123,1,0.0233298645945625
13611,0,0.22337988,Low,Monitor,Continue monitoring and regular customer engagement,179.09652777777777,8,2446.6800000000003,305.83500000000004,556.2034722222222,131,1,0.0143574123256889
15255,0,0.29663685,Medium,Monitor,Continue monitoring and regular customer engagement,215.9013888888889,8,2815.17,351.89625,556.1527777777778,101,1,0.0143587186837841
14771,1,0.81418204,Critical,High Priority,Targeted re-engagement campaign with personalised offer,440.99861111111113,2,594.62,297.31,556.1291666666667,46,1,0.0035898318014224
14838,1,0.62519556,High,Medium Priority,Automated re-engagement reminder or promotional campaign,242.87777777777777,2,769.9200000000001,384.96,556.1236111111111,69,1,0.0035898675987026
13979,0,0.31685176,Medium,Monitor,Continue monitoring and regular customer engagement,212.94444444444449,6,2510.06,418.3433333333333,556.1166666666667,309,1,0.0107697370389206
13800,1,0.52590233,High,Medium Priority,Automated re-engagement reminder or promotional campaign,129.01597222222222,3,1679.56,559.8533333333334,556.1159722222222,73,1,0.0053848752316929
14483,1,0.77618647,Critical,High Priority,Targeted re-engagement campaign with personalised offer,101.1,2,257.1,128.55,556.1069444444445,13,1,0.0035899749948269
14915,0,0.25856283,Medium,Monitor,Continue monitoring and regular customer engagement,97.13263888888888,10,1646.05,164.605,556.10625,63,1,0.0179498973490245
13753,1,0.44214842,Medium,Monitor,Continue monitoring and regular customer engagement,107.00138888888888,4,2094.57,523.6425,556.1041666666666,64,1,0.0071799857896114
16301,1,0.92199373,Critical,High Priority,Targeted re-engagement campaign with personalised offer,556.1041666666666,1,107.33,107.33,556.1041666666666,6,0,0.0017949964474028
13931,0,0.13237053,Low,Monitor,Continue monitoring and regular customer engagement,100.17152777777778,10,4398.06,439.806,556.1,177,1,0.0179500987255429
17035,1,0.432791,Medium,Monitor,Continue monitoring and regular customer engagement,65.06041666666667,4,613.59,153.3975,556.0923611111111,29,1,0.007180137943414
15194,0,0.025091771,Low,Monitor,Continue monitoring and regular customer engagement,18.179166666666667,22,8066.18,366.6445454545455,556.0923611111111,203,1,0.0394907586887771
14347,1,0.92199373,Critical,High Priority,Targeted re-engagement campaign with personalised offer,556.0840277777778,1,82.6,82.6,556.0840277777778,6,0,0.0017950613374952
12934,1,0.91430527,Critical,High Priority,Targeted re-engagement campaign with personalised offer,556.0826388888889,1,181.65,181.65,556.0826388888889,2,0,0.0017950658128469
15291,0,0.029811254,Low,Monitor,Continue monitoring and regular customer engagement,0.0479166666666666,35,11830.47,338.01342857142856,556.0701388888889,112,1,0.0628287132205823
17209,1,0.82014227,Critical,High Priority,Targeted re-engagement campaign with personalised offer,468.8673611111111,3,595.7,198.5666666666667,556.0694444444445,36,1,0.0053853249894038
15658,1,0.27313882,Medium,Monitor,Continue monitoring and regular customer engagement,9.894444444444444,8,2117.27,264.65875,556.0631944444444,80,1,0.0143610277609138
17314,0,0.106881134,Low,Monitor,Continue monitoring and regular customer engagement,76.14861111111111,12,3163.51,263.62583333333333,556.0590277777778,117,1,0.0215417027668871
17155,0,0.65848035,High,Medium Priority,Automated re-engagement reminder or promotional campaign,347.1430555555556,5,640.76,128.152,556.0527777777778,31,1,0.0089758101915338
15965,0,0.26329705,Medium,Monitor,Continue monitoring and regular customer engagement,186.98055555555555,10,2119.26,211.926,556.0451388888889,144,1,0.0179518665577919
17322,1,0.48855862,Medium,Monitor,Continue monitoring and regular customer engagement,195.92291666666668,5,922.59,184.518,556.0444444444445,115,1,0.0089759444688235
16159,1,0.42248595,Medium,Monitor,Continue monitoring and regular customer engagement,101.01597222222222,4,1232.79,308.1975,556.0409722222222,31,1,0.007180800335104
14051,0,0.03844105,Low,Monitor,Continue monitoring and regular customer engagement,32.90625,25,11994.07,479.7628,556.0395833333333,74,1,0.0448801139954895
13993,0,0.03738408,Low,Monitor,Continue monitoring and regular customer engagement,25.020138888888887,14,4802.17,343.01214285714286,556.0368055555556,102,1,0.0251329891676318
17411,0,0.4848793,Medium,Monitor,Continue monitoring and regular customer engagement,80.9625,3,932.02,310.67333333333335,556.0333333333333,46,1,0.0053856741068757
15768,0,0.047463167,Low,Monitor,Continue monitoring and regular customer engagement,23.097916666666663,33,15166.21,459.5821212121212,556.0277777777778,432,1,0.0592430060340098
12835,1,0.6179982,High,High Priority,Targeted re-engagement campaign with personalised offer,247.0770833333333,41,5996.83,146.2641463414634,556.0256944444444,138,1,0.073605222180804
15179,0,0.07575268,Low,Monitor,Continue monitoring and regular customer engagement,53.15763888888889,11,6740.09,612.7354545454546,556.0159722222222,190,1,0.0197480872157316
17069,0,0.10491058,Low,Monitor,Continue monitoring and regular customer engagement,46.05416666666667,9,3880.6,431.17777777777775,556.0159722222222,146,1,0.0161575259037804
16918,0,0.20395094,Low,Monitor,Continue monitoring and regular customer engagement,136.80069444444445,11,2413.5,219.4090909090909,556.0159722222222,235,1,0.0197480872157316
15466,0,0.40905017,Medium,Monitor,Continue monitoring and regular customer engagement,209.0,3,1225.93,408.6433333333334,556.0152777777778,172,1,0.0053858486825865
14159,0,0.034721438,Low,Monitor,Continue monitoring and regular customer engagement,6.947222222222222,12,4331.58,360.965,556.0131944444445,482,1,0.0215434753066641
17940,0,0.14425336,Low,Monitor,Continue monitoring and regular customer engagement,37.78055555555556,11,29662.29,2696.5718181818183,556.0131944444445,11,1,0.0197481856977754
17581,0,0.031242857,Low,Monitor,Continue monitoring and regular customer engagement,32.96527777777778,28,10345.49,369.4817857142857,556.0111111111111,291,1,0.0502682970616983
16168,0,0.0712891,Low,Monitor,Continue monitoring and regular customer engagement,5.929166666666666,49,7968.38,162.62,556.0083333333333,113,1,0.0879699585583698
14606,0,0.039132472,Low,Monitor,Continue monitoring and regular customer engagement,2.9875,150,24937.7,166.25133333333335,556.0069444444445,1180,1,0.2692964629904374
17287,0,0.04766249,Low,Monitor,Continue monitoring and regular customer engagement,25.135416666666668,18,3278.14,182.11888888888888,556.0034722222222,243,1,0.0323157770061776
17913,0,0.233487,Low,Monitor,Continue monitoring and regular customer engagement,175.05208333333334,13,3238.69,249.13,555.9916666666667,213,1,0.023339666960906
13416,0,0.91653794,Critical,High Priority,Targeted re-engagement campaign with personalised offer,555.9916666666667,1,228.3,228.3,555.9916666666667,7,0,0.0017953589969927
16779,0,0.016572237,Low,Monitor,Continue monitoring and regular customer engagement,2.8375,42,26441.03,629.5483333333333,555.9909722222222,267,1,0.0754051718871366
13895,0,0.6485761,High,Medium Priority,Automated re-engagement reminder or promotional campaign,335.0861111111111,2,1415.45,707.7249999999999,555.9868055555555,67,1,0.0035907493320333
14057,0,0.03356392,Low,Monitor,Continue monitoring and regular customer engagement,18.870833333333334,13,4805.23,369.6330769230769,555.98125,194,1,0.023340103459497
17017,0,0.026477296,Low,Monitor,Continue monitoring and regular customer engagement,24.028472222222224,20,8376.55,418.8275,555.9777777777778,104,1,0.0359080753271624
13208,0,0.18690199,Low,Monitor,Continue monitoring and regular customer engagement,26.01736111111111,6,1452.61,242.1016666666667,555.9756944444445,162,1,0.010772462891733
17465,1,0.41795763,Medium,Monitor,Continue monitoring and regular customer engagement,245.0375,7,2542.79,363.2557142857143,555.9756944444445,103,1,0.0125678733736885
13468,0,0.045482524,Low,Monitor,Continue monitoring and regular customer engagement,20.92708333333333,56,10679.43,190.70410714285717,555.9708333333333,253,1,0.100543864505173
13485,1,0.10062341,Low,Monitor,Continue monitoring and regular customer engagement,52.952777777777776,11,3019.2200000000003,274.4745454545455,555.9611111111111,131,1,0.0197500324179825
17271,1,0.84295034,Critical,High Priority,Targeted re-engagement campaign with personalised offer,555.9590277777778,1,204.3,204.3,555.9590277777778,46,0,0.0017954642085431
16139,0,0.46625602,Medium,Monitor,Continue monitoring and regular customer engagement,26.102083333333333,3,615.54,205.18,555.9576388888889,29,1,0.0053864060577118
15953,0,0.05624561,Low,Monitor,Continue monitoring and regular customer engagement,31.04583333333333,14,2607.1,186.22142857142856,555.9513888888889,69,1,0.0251368436802533
15856,0,0.015313105,Low,Monitor,Continue monitoring and regular customer engagement,1.836111111111111,34,23682.95,696.5573529411765,555.95,232,1,0.061046772600772
14967,0,0.5085831,Medium,Monitor,Continue monitoring and regular customer engagement,261.06875,5,1518.81,303.762,555.9465277777778,19,1,0.0089775225279705
16497,0,0.034159366,Low,Monitor,Continue monitoring and regular customer engagement,22.95277777777778,22,5280.29,240.0131818181818,555.94375,204,1,0.0395012961362794
17764,0,0.35374463,Medium,Monitor,Continue monitoring and regular customer engagement,30.860416666666666,4,971.69,242.9225,555.9319444444444,76,1,0.0071822060844258
14905,0,0.2109304,Low,Monitor,Continue monitoring and regular customer engagement,53.08472222222223,7,1663.79,237.6842857142857,555.9263888888889,43,1,0.0125689860269784
18229,0,0.03418432,Low,Monitor,Continue monitoring and regular customer engagement,3.897222222222222,17,6083.51,357.8535294117647,555.9222222222222,54,1,0.0305249087245376
17293,0,0.21448697,Low,Monitor,Continue monitoring and regular customer engagement,127.87222222222222,10,2365.92,236.592,555.9034722222223,91,1,0.0179564332039389
17853,1,0.5279027,High,Medium Priority,Automated re-engagement reminder or promotional campaign,226.8895833333333,3,1596.29,532.0966666666667,555.9034722222223,84,1,0.0053869299611816
15550,0,0.26051983,Medium,Monitor,Continue monitoring and regular customer engagement,121.00069444444443,9,1773.3200000000002,197.0355555555556,555.8993055555555,141,1,0.0161609107970097
13531,1,0.27768332,Medium,Monitor,Continue monitoring and regular customer engagement,24.829166666666666,6,1433.07,238.845,555.8958333333334,44,1,0.0107740077064082
13786,1,0.41984227,Medium,Monitor,Continue monitoring and regular customer engagement,186.95625,6,3127.99,521.3316666666666,555.8875,80,1,0.0107741689299903
14952,0,0.028615767,Low,Monitor,Continue monitoring and regular customer engagement,26.175,28,13064.47,466.5882142857143,555.8861111111111,209,1,0.0502795804049302
14031,0,0.030337995,Low,Monitor,Continue monitoring and regular customer engagement,15.816666666666666,36,29637.21,823.2558333333333,555.8854166666666,244,1,0.0646452554198387
12937,0,0.15603931,Low,Monitor,Continue monitoring and regular customer engagement,16.939583333333335,7,2021.57,288.79571428571427,555.8798611111112,81,1,0.0125700361762648
16612,0,0.108384706,Low,Monitor,Continue monitoring and regular customer engagement,6.050694444444445,7,2766.67,395.23857142857145,555.8722222222223,96,1,0.0125702086056047
12949,0,0.02976382,Low,Monitor,Continue monitoring and regular customer engagement,25.972916666666663,17,13610.18,800.5988235294118,555.8708333333333,311,1,0.0305277256096192
14958,0,0.31989133,Medium,Monitor,Continue monitoring and regular customer engagement,4.856944444444444,5,834.59,166.918,555.8666666666667,46,1,0.0089788100083802
17329,0,0.50919694,Medium,Monitor,Continue monitoring and regular customer engagement,134.88958333333332,4,718.78,179.695,555.8618055555555,73,1,0.0071831107109409
16736,1,0.69071645,High,High Priority,Targeted re-engagement campaign with personalised offer,325.1118055555556,5,2956.56,591.312,555.8597222222222,116,1,0.0089789219806504
13001,0,0.018111963,Low,Monitor,Continue monitoring and regular customer engagement,4.006944444444445,30,22069.18,735.6393333333333,555.8534722222222,295,1,0.0538741365484886
14644,0,0.36559686,Medium,Monitor,Continue monitoring and regular customer engagement,117.94166666666666,6,1604.46,267.41,555.8513888888889,37,1,0.0107748676212733
14898,0,0.09676773,Low,Monitor,Continue monitoring and regular customer engagement,59.96388888888889,12,2707.57,225.63083333333336,555.8402777777778,135,1,0.0215501652428758
14662,0,0.3318286,Medium,Monitor,Continue monitoring and regular customer engagement,54.016666666666666,6,1147.34,191.22333333333333,555.8354166666667,139,1,0.0107751766867079
17414,0,0.14045033,Low,Monitor,Continue monitoring and regular customer engagement,4.0465277777777775,5,2069.52,413.904,555.8340277777778,6,1,0.0089793363023342
14755,0,0.02593322,Low,Monitor,Continue monitoring and regular customer engagement,26.99375,18,6824.78,379.1544444444445,555.8326388888889,184,1,0.0323256913170848
17576,0,0.022504155,Low,Monitor,Continue monitoring and regular customer engagement,2.79375,32,6844.56,213.8925,555.8305555555555,318,1,0.0574681106859756
13037,0,0.067595646,Low,Monitor,Continue monitoring and regular customer engagement,38.886805555555554,11,3611.2,328.2909090909091,555.8236111111111,174,1,0.0197549094192505
14710,0,0.31852818,Medium,Monitor,Continue monitoring and regular customer engagement,198.97291666666663,9,1300.31,144.4788888888889,555.8180555555556,203,1,0.0161632689712628
18168,0,0.03161678,Low,Monitor,Continue monitoring and regular customer engagement,23.741666666666667,15,3320.35,221.35666666666663,555.80625,209,1,0.0269393527820494
17679,0,0.6818042,High,Medium Priority,Automated re-engagement reminder or promotional campaign,341.1326388888889,5,1585.5,317.1,555.8041666666667,41,1,0.008979817859361
17851,1,0.4775852,Medium,Monitor,Continue monitoring and regular customer engagement,241.90069444444444,6,1552.35,258.725,555.7944444444445,185,1,0.0107759695878191
14750,1,0.88038117,Critical,High Priority,Targeted re-engagement campaign with personalised offer,555.7868055555556,1,112.03,112.03,555.7868055555556,32,0,0.0017960195716243
16791,0,0.04799247,Low,Monitor,Continue monitoring and regular customer engagement,32.975,12,2819.6,234.96666666666667,555.7791666666667,294,1,0.0215525305514604
16558,0,0.02995963,Low,Monitor,Continue monitoring and regular customer engagement,12.086805555555555,28,8416.2,300.5785714285715,555.7770833333333,273,1,0.0502894261243091
15884,1,0.70324385,High,Medium Priority,Automated re-engagement reminder or promotional campaign,251.87152777777777,2,244.6,122.3,555.76875,14,1,0.0035921556301426
17343,1,0.46765414,Medium,Monitor,Continue monitoring and regular customer engagement,174.9048611111111,6,1259.94,209.99,555.7638888888889,61,1,0.0107765609798687
17372,0,0.051602732,Low,Monitor,Continue monitoring and regular customer engagement,2.958333333333333,25,3879.94,155.1976,555.75625,364,1,0.0449029534917659
16003,0,0.3240772,Medium,Monitor,Continue monitoring and regular customer engagement,179.02847222222223,6,4059.46,676.5766666666667,555.7493055555556,102,1,0.0107768432580492
17432,0,0.26600823,Medium,Monitor,Continue monitoring and regular customer engagement,204.82569444444445,7,1363.23,194.74714285714285,555.7340277777778,174,1,0.0125733288262273
14713,0,0.030545324,Low,Monitor,Continue monitoring and regular customer engagement,5.893055555555556,17,3903.2,229.6,555.7277777777778,185,1,0.0305355699474109
16722,0,0.01696187,Low,Monitor,Continue monitoring and regular customer engagement,3.113888888888889,15,5712.21,380.814,555.7270833333333,130,1,0.0269431835616643
12577,0,0.35850382,Medium,Monitor,Continue monitoring and regular customer engagement,178.85347222222222,6,1186.39,197.73166666666663,555.7215277777777,195,1,0.0107773809716856
12872,1,0.24448629,Medium,Monitor,Continue monitoring and regular customer engagement,146.08194444444445,12,3283.96,273.66333333333336,555.6993055555556,217,1,0.0215556223624612
15755,0,0.08623463,Low,Monitor,Continue monitoring and regular customer engagement,54.95069444444445,13,4249.6,326.8923076923077,555.1847222222223,208,1,0.0233735294778663
14258,0,0.03023579,Low,Monitor,Continue monitoring and regular customer engagement,19.15277777777778,22,26989.18,1226.780909090909,555.1763888888889,87,1,0.0395557963975257
14286,0,0.22720279,Low,Monitor,Continue monitoring and regular customer engagement,62.19027777777778,5,5901.09,1180.218,555.1736111111111,218,1,0.0089899986265279
13154,1,0.4876424,Medium,Monitor,Continue monitoring and regular customer engagement,218.86805555555557,3,1624.84,541.6133333333333,555.1694444444445,78,1,0.0053940395862571
14564,1,0.55700314,High,High Priority,Targeted re-engagement campaign with personalised offer,254.15833333333333,2,2605.62,1302.81,555.1409722222222,107,1,0.0035962104931927
13408,0,0.031574033,Low,Monitor,Continue monitoring and regular customer engagement,10.009027777777778,70,33562.652,479.4664571428572,555.1381944444445,235,1,0.1258679959392586
16645,1,0.90275633,Critical,High Priority,Targeted re-engagement campaign with personalised offer,555.1256944444444,1,160.39,160.39,555.1256944444444,14,0,0.0017981546437968
12714,0,0.042504705,Low,Monitor,Continue monitoring and regular customer engagement,26.14027777777778,9,11146.77,1238.53,555.1180555555555,365,1,0.0161836140907331
16335,1,0.55824655,High,High Priority,Targeted re-engagement campaign with personalised offer,371.0520833333333,7,2753.52,393.36,555.1055555555556,193,1,0.0125875383370463
13093,1,0.18019567,Low,Monitor,Continue monitoring and regular customer engagement,95.025,55,54144.25,984.4409090909091,555.0958333333333,199,1,0.0989038160389021
12759,0,0.1937374,Low,Monitor,Continue monitoring and regular customer engagement,95.19513888888888,6,3934.1,655.6833333333333,555.0854166666667,161,1,0.010789709314741
13666,0,0.53159744,High,Medium Priority,Automated re-engagement reminder or promotional campaign,106.9875,4,107.3,26.825000000000003,555.0847222222222,15,1,0.0071931485260289
17160,0,0.059394557,Low,Monitor,Continue monitoring and regular customer engagement,44.980555555555554,13,7896.2,607.4,555.0784722222222,184,1,0.0233779954617716
13946,0,0.23096627,Low,Monitor,Continue monitoring and regular customer engagement,21.03263888888889,5,1800.63,360.12600000000003,555.0715277777778,48,1,0.0089916490059856
14723,0,0.29605365,Medium,Monitor,Continue monitoring and regular customer engagement,177.72986111111112,8,1136.35,142.04375,555.0611111111111,180,1,0.0143869079137984
14961,0,0.060325824,Low,Monitor,Continue monitoring and regular customer engagement,51.82708333333333,18,12545.13,696.9516666666667,555.0541666666667,266,1,0.0323709470750001
14735,0,0.046093963,Low,Monitor,Continue monitoring and regular customer engagement,16.00138888888889,41,8729.880000000001,212.9239024390244,555.0541666666667,158,1,0.0737338238930559
18061,0,0.03195287,Low,Monitor,Continue monitoring and regular customer engagement,1.9194444444444445,24,5302.77,220.94875,555.0513888888889,26,1,0.0431614783805453
15078,0,0.030651525,Low,Monitor,Continue monitoring and regular customer engagement,10.118055555555555,35,11727.78,335.0794285714286,555.0326388888889,99,1,0.0629459451695856
17389,0,0.042037446,Low,Monitor,Continue monitoring and regular customer engagement,4.879166666666666,41,30509.19,744.1265853658537,555.0305555555556,57,1,0.0737369549035574
16883,1,0.11978831,Low,Monitor,Continue monitoring and regular customer engagement,6.999305555555556,19,2246.06,118.21368421052632,555.0298611111111,159,1,0.0341708266567418
13175,1,0.69843906,High,Medium Priority,Automated re-engagement reminder or promotional campaign,401.9840277777778,2,831.45,415.725,555.0270833333333,40,1,0.0035969470911563
17076,0,0.4281209,Medium,Monitor,Continue monitoring and regular customer engagement,93.16041666666666,5,735.87,147.17399999999998,555.0263888888888,27,1,0.0089923789588323
13948,1,0.53679025,High,Medium Priority,Automated re-engagement reminder or promotional campaign,180.10555555555555,4,548.76,137.19,555.025,23,1,0.0071939211366395
18223,0,0.026598169,Low,Monitor,Continue monitoring and regular customer engagement,25.134027777777774,19,10273.79,540.7257894736842,555.0208333333334,159,1,0.0341713814680205
16192,1,0.88274467,Critical,High Priority,Targeted re-engagement campaign with personalised offer,555.0152777777778,1,351.3,351.3,555.0152777777778,11,0,0.0017985117315421
15999,1,0.91789675,Critical,High Priority,Targeted re-engagement campaign with personalised offer,555.0131944444445,1,20.4,20.4,555.0131944444445,1,0,0.0017985184704099
15109,1,0.5533797,High,Medium Priority,Automated re-engagement reminder or promotional campaign,65.11944444444444,3,983.1,327.7,555.0118055555556,46,1,0.0053955688890498
14680,0,0.033507332,Low,Monitor,Continue monitoring and regular customer engagement,18.030555555555555,51,41468.27,813.1033333333332,555.0097222222222,215,1,0.0917250148004006
18092,0,0.025860265,Low,Monitor,Continue monitoring and regular customer engagement,4.033333333333333,14,10295.5,735.3928571428571,555.0090277777778,33,1,0.0251794472761608
16891,0,0.2802176,Medium,Monitor,Continue monitoring and regular customer engagement,191.05208333333331,7,1202.77,171.8242857142857,555.0090277777778,245,1,0.0125897236380804
13481,0,0.091019236,Low,Monitor,Continue monitoring and regular customer engagement,11.891666666666667,8,3005.27,375.65875,555.0090277777778,128,1,0.0143882555863776
13807,1,0.5581324,High,Medium Priority,Automated re-engagement reminder or promotional campaign,186.8763888888889,3,422.2,140.73333333333332,555.00625,24,1,0.0053956228010026
14979,1,0.8357345,Critical,High Priority,Targeted re-engagement campaign with personalised offer,554.9972222222223,1,429.66,429.66,554.9972222222223,42,0,0.0017985701367412
16656,0,0.043773398,Low,Monitor,Continue monitoring and regular customer engagement,12.133333333333333,21,11764.85,560.2309523809524,554.99375,21,1,0.0377702087478501
16746,0,0.031783875,Low,Monitor,Continue monitoring and regular customer engagement,13.885416666666666,32,14238.27,444.9459375,554.9930555555555,314,1,0.0575546756928918
17157,0,0.5611917,High,High Priority,Targeted re-engagement campaign with personalised offer,299.97777777777776,17,4832.9,284.2882352941176,554.9930555555555,69,1,0.0305759214618487
15309,1,0.76442254,Critical,High Priority,Targeted re-engagement campaign with personalised offer,430.06875,4,797.96,199.49,554.9923611111111,49,1,0.0071943434474644
16325,0,0.10049439,Low,Monitor,Continue monitoring and regular customer engagement,65.14583333333333,10,3194.08,319.408,554.9784722222222,100,1,0.0179863079230935
16541,1,0.7479989,Critical,High Priority,Targeted re-engagement campaign with personalised offer,554.9777777777778,1,424.03,424.03,554.9777777777778,38,0,0.0017986330388904
16723,0,0.53295726,High,Medium Priority,Automated re-engagement reminder or promotional campaign,263.0729166666667,2,654.96,327.48,554.9770833333333,72,1,0.0035972705709542
16699,1,0.5153679,Medium,Monitor,Continue monitoring and regular customer engagement,199.925,7,994.6,142.0857142857143,554.9715277777777,51,1,0.0125905728086095
16710,0,0.031822417,Low,Monitor,Continue monitoring and regular customer engagement,26.872916666666665,18,5082.19,282.34388888888884,554.9645833333333,496,1,0.0323761630499544
12510,0,0.20074902,Low,Monitor,Continue monitoring and regular customer engagement,144.94861111111112,8,4876.5,609.5625,554.9604166666667,94,1,0.0143895136419334
13162,0,0.0155780595,Low,Monitor,Continue monitoring and regular customer engagement,3.883333333333333,15,8892.64,592.8426666666667,554.9520833333333,172,1,0.0269807424950441
15382,0,0.05982107,Low,Monitor,Continue monitoring and regular customer engagement,4.036805555555556,10,9904.96,990.496,554.9423611111112,243,1,0.017987476219682
13680,0,0.2220935,Low,Monitor,Continue monitoring and regular customer engagement,157.02708333333334,10,10092.14,1009.2140000000002,554.9416666666667,280,1,0.0179874986884115
12970,0,0.31727612,Medium,Monitor,Continue monitoring and regular customer engagement,141.93680555555557,8,1071.93,133.99125,554.9381944444444,181,1,0.0143900888263208
17935,0,0.5029815,Medium,Monitor,Continue monitoring and regular customer engagement,220.0305555555556,5,540.35,108.07,554.9284722222222,33,1,0.0089939628024688
17593,0,0.1832113,Low,Monitor,Continue monitoring and regular customer engagement,172.09791666666666,7,4831.36,690.1942857142858,554.9270833333334,163,1,0.0125915793812887
17151,1,0.91688395,Critical,High Priority,Targeted re-engagement campaign with personalised offer,554.9125,1,231.90000000000003,231.90000000000003,554.9125,4,0,0.0017988442425741
16451,0,0.7247388,Critical,High Priority,Targeted re-engagement campaign with personalised offer,380.7875,2,746.1800000000001,373.09,554.9020833333333,50,1,0.0035977558997575
17127,1,0.6435825,High,Medium Priority,Automated re-engagement reminder or promotional campaign,248.12222222222223,5,1155.0300000000002,231.00600000000003,554.8972222222222,27,1,0.0089944684019328
13694,0,0.018840594,Low,Monitor,Continue monitoring and regular customer engagement,2.720138888888889,120,161827.73,1348.5644166666668,554.8916666666667,800,1,0.2158693990135967
14087,0,0.5726275,High,Medium Priority,Automated re-engagement reminder or promotional campaign,224.0611111111111,2,638.0,319.0,554.8909722222222,126,1,0.0035978278114588
13733,1,0.67511964,High,Medium Priority,Automated re-engagement reminder or promotional campaign,230.0222222222222,2,487.03,243.515,554.8902777777778,28,1,0.0035978323060356
18181,0,0.45471796,Medium,Monitor,Continue monitoring and regular customer engagement,219.83263888888888,4,821.49,205.3725,554.8888888888889,119,1,0.0071956825904457
13174,0,0.18170467,Low,Monitor,Continue monitoring and regular customer engagement,135.88472222222222,11,7286.6,662.4181818181819,554.8819444444445,564,1,0.019788374330081
13329,0,0.22408006,Low,Monitor,Continue monitoring and regular customer engagement,186.11041666666668,7,4323.97,617.71,554.88125,60,1,0.0125926175779449
17421,1,0.517266,Medium,Monitor,Continue monitoring and regular customer engagement,205.82847222222225,3,1059.41,353.1366666666667,554.8798611111112,46,1,0.0053968495890523
16351,1,0.28186145,Medium,Monitor,Continue monitoring and regular customer engagement,152.1,13,3330.03,256.15615384615387,554.8597222222222,124,1,0.023387195510458
15684,1,0.8075194,Critical,High Priority,Targeted re-engagement campaign with personalised offer,366.7493055555556,3,173.95,57.98333333333333,554.8590277777778,9,1,0.0053970518604212
17884,0,0.20178773,Low,Monitor,Continue monitoring and regular customer engagement,131.07083333333333,19,2593.94,136.52315789473684,554.8520833333333,287,1,0.0341817554880082
15514,0,0.07105543,Low,Monitor,Continue monitoring and regular customer engagement,45.03055555555556,13,4870.28,374.63692307692304,554.8423611111111,129,1,0.0233879259832111
13679,1,0.7503186,Critical,High Priority,Targeted re-engagement campaign with personalised offer,313.02569444444447,3,281.26,93.75333333333332,554.8319444444444,44,1,0.0053973148358691
18225,0,0.027598063,Low,Monitor,Continue monitoring and regular customer engagement,23.707638888888887,19,9177.91,483.0478947368421,554.8319444444444,217,1,0.0341829939605046
12748,0,0.050292924,Low,Monitor,Continue monitoring and regular customer engagement,1.8354166666666667,219,30356.39,138.61365296803652,554.8048611111111,1669,1,0.3940231820970339
13199,0,0.049029473,Low,Monitor,Continue monitoring and regular customer engagement,16.945138888888888,45,9887.25,219.71666666666667,554.1104166666667,41,1,0.0810649532938266
13487,0,0.36540154,Medium,Monitor,Continue monitoring and regular customer engagement,32.85486111111111,4,680.27,170.0675,554.1006944444445,26,1,0.0072058998304862
17018,0,0.42075223,Medium,Monitor,Continue monitoring and regular customer engagement,145.16944444444445,5,1772.6,354.52,554.0993055555556,18,1,0.0090073973250532
18071,1,0.40857458,Medium,Monitor,Continue monitoring and regular customer engagement,77.03541666666666,6,1169.68,194.9466666666667,554.0965277777777,52,1,0.0108089308791388
16593,0,0.34223542,Medium,Monitor,Continue monitoring and regular customer engagement,9.022916666666667,7,996.61,142.37285714285716,554.0875,53,1,0.0126106244511
14238,1,0.5770392,High,Medium Priority,Automated re-engagement reminder or promotional campaign,145.92361111111111,3,434.23,144.74333333333334,554.0777777777778,13,1,0.0054046479972776
15223,1,0.42692125,Medium,Monitor,Continue monitoring and regular customer engagement,45.05486111111111,5,1417.95,283.59000000000003,554.0631944444444,26,1,0.0090079833252219
13021,0,0.06786981,Low,Monitor,Continue monitoring and regular customer engagement,35.016666666666666,11,3035.86,275.98727272727274,554.0333333333333,106,1,0.019818629511741
17115,0,0.113402866,Low,Monitor,Continue monitoring and regular customer engagement,2.1638888888888888,6,2536.81,422.8016666666667,554.0256944444444,98,1,0.0108103103334805
17850,1,0.32803437,Medium,Monitor,Continue monitoring and regular customer engagement,191.89097222222225,155,51208.87,330.3798064516129,554.0152777777778,100,1,0.2792715916228532
14239,0,0.045540344,Low,Monitor,Continue monitoring and regular customer engagement,20.103472222222223,16,3177.36,198.585,554.0097222222222,80,1,0.0288283238281611
13999,0,0.036744438,Low,Monitor,Continue monitoring and regular customer engagement,33.923611111111114,21,6847.27,326.0604761904762,554.0055555555556,147,1,0.0378374590844936
13958,1,0.24989186,Medium,Monitor,Continue monitoring and regular customer engagement,199.11041666666668,8,4709.2300000000005,588.65375,553.9847222222222,172,1,0.014414811218527
13641,1,0.85129064,Critical,High Priority,Targeted re-engagement campaign with personalised offer,460.21736111111113,5,1016.47,203.294,553.98125,41,1,0.0090093133777042
15420,1,0.5824754,High,Medium Priority,Automated re-engagement reminder or promotional campaign,253.87777777777777,6,743.0,123.83333333333331,553.9729166666667,52,1,0.0108113383911377
12359,0,0.054027528,Low,Monitor,Continue monitoring and regular customer engagement,9.016666666666667,9,6059.09,673.2322222222223,553.9708333333333,230,1,0.0162170684645589
12820,0,0.2412252,Medium,Monitor,Continue monitoring and regular customer engagement,146.01111111111112,8,1917.64,239.705,553.9673611111111,91,1,0.0144152621588106
16410,1,0.86937815,Critical,High Priority,Targeted re-engagement campaign with personalised offer,553.9159722222222,1,130.32,130.32,553.9159722222222,5,0,0.0018020746384274
15240,0,0.04949556,Low,Monitor,Continue monitoring and regular customer engagement,11.057638888888889,10,3798.79,379.879,553.9118055555556,108,1,0.018020881696666
16158,1,0.77771515,Critical,High Priority,Targeted re-engagement campaign with personalised offer,341.9548611111111,9,628.32,69.81333333333333,553.9097222222222,29,1,0.0162188544182612
15484,0,0.731511,Critical,High Priority,Targeted re-engagement campaign with personalised offer,359.8569444444444,2,1061.69,530.845,553.8972222222222,53,1,0.0036042710612075
14709,0,0.032740097,Low,Monitor,Continue monitoring and regular customer engagement,7.048611111111111,17,5908.33,347.5488235294118,553.8916666666667,85,1,0.030636610749846
15057,1,0.32875776,Medium,Monitor,Continue monitoring and regular customer engagement,94.89791666666666,5,3255.96,651.192,553.8909722222222,62,1,0.0090107791445516
14867,1,0.074253865,Low,Monitor,Continue monitoring and regular customer engagement,5.049305555555556,16,2952.06,184.50375,553.8770833333333,67,1,0.0288352150063264
17642,0,0.5553042,High,Medium Priority,Automated re-engagement reminder or promotional campaign,248.97916666666663,3,1112.2,370.73333333333335,553.8673611111111,58,1,0.0054066975465858
13813,0,0.68124986,High,Medium Priority,Automated re-engagement reminder or promotional campaign,347.1666666666667,4,1398.61,349.65250000000003,553.1069444444445,50,1,0.0072188230811841
13589,0,0.5398514,High,Medium Priority,Automated re-engagement reminder or promotional campaign,268.97291666666666,4,741.09,185.2725,553.1,29,1,0.0072189135535101
12417,0,0.03084097,Low,Monitor,Continue monitoring and regular customer engagement,6.877777777777778,16,5046.58,315.41125,553.0972222222222,210,1,0.0288757989723022
17920,0,0.037544746,Low,Monitor,Continue monitoring and regular customer engagement,19.80902777777778,42,20974.92,499.4028571428572,553.0923611111111,478,1,0.0757996372947249
12975,1,0.57720625,High,High Priority,Targeted re-engagement campaign with personalised offer,256.1277777777778,6,2100.09,350.01500000000004,553.0916666666667,92,1,0.0108285331849423
16104,0,0.42223802,Medium,Monitor,Continue monitoring and regular customer engagement,238.09444444444443,8,2476.25,309.53125,553.0895833333333,162,1,0.0144380985325026
17150,1,0.4615512,Medium,Monitor,Continue monitoring and regular customer engagement,196.0576388888889,6,1357.95,226.325,553.0826388888889,64,1,0.0108287096163704
16277,1,0.9096277,Critical,High Priority,Targeted re-engagement campaign with personalised offer,553.0576388888888,1,188.69,188.69,553.0576388888888,23,0,0.0018048663709526
17244,0,0.6286438,High,Medium Priority,Automated re-engagement reminder or promotional campaign,202.95625,4,871.14,217.785,553.0576388888888,85,1,0.0072194654838107
15260,0,0.028596176,Low,Monitor,Continue monitoring and regular customer engagement,6.035416666666666,23,8227.44,357.71478260869566,553.0451388888889,176,1,0.0415128630965437
12583,0,0.016605321,Low,Monitor,Continue monitoring and regular customer engagement,0.0854166666666666,18,9712.77,539.5983333333332,553.0368055555556,107,1,0.0324888163015644
15555,0,0.032150034,Low,Monitor,Continue monitoring and regular customer engagement,9.797916666666667,26,8223.49,316.2880769230769,553.0361111111112,501,1,0.0469283490346096
13736,0,0.15663527,Low,Monitor,Continue monitoring and regular customer engagement,79.99027777777778,6,2380.2,396.7,553.0298611111111,255,1,0.0108297411767065
14133,0,0.6477098,High,Medium Priority,Automated re-engagement reminder or promotional campaign,135.0576388888889,2,623.5,311.75,553.0277777777778,24,1,0.0036099273000752
15571,0,0.24992801,Medium,Monitor,Continue monitoring and regular customer engagement,205.93402777777777,10,3241.92,324.192,553.0277777777778,410,1,0.018049636500376
13448,0,0.067321055,Low,Monitor,Continue monitoring and regular customer engagement,38.03958333333333,11,6634.5,603.1363636363636,553.025,271,1,0.019854699697667
17085,0,0.072213,Low,Monitor,Continue monitoring and regular customer engagement,70.0513888888889,27,7499.92,277.7748148148148,553.0236111111111,395,1,0.0487343850668217
15059,0,0.054109763,Low,Monitor,Continue monitoring and regular customer engagement,35.00972222222222,14,2722.5,194.4642857142857,553.0229166666667,249,1,0.0252697128202428
14468,1,0.8814833,Critical,High Priority,Targeted re-engagement campaign with personalised offer,553.0201388888889,1,204.24,204.24,553.0201388888889,12,0,0.0018049885370693
16395,0,0.19997352,Low,Monitor,Continue monitoring and regular customer engagement,143.08819444444444,11,2486.91,226.08272727272723,553.0166666666667,354,1,0.0198549983454168
16485,0,0.57141495,High,Medium Priority,Automated re-engagement reminder or promotional campaign,251.88888888888889,4,1923.54,480.885,553.0152777777778,93,1,0.0072200174985146
15878,1,0.7790859,Critical,High Priority,Targeted re-engagement campaign with personalised offer,381.0229166666667,2,330.77,165.385,553.0152777777778,47,1,0.0036100087492573
15860,0,0.13275579,Low,Monitor,Continue monitoring and regular customer engagement,52.08472222222223,12,1816.4,151.36666666666667,553.0131944444445,192,1,0.0216601339468699
13373,0,0.25232103,Medium,Monitor,Continue monitoring and regular customer engagement,95.92708333333331,4,5262.64,1315.66,553.0111111111111,222,1,0.0072200717996028
14608,0,0.41824985,Medium,Monitor,Continue monitoring and regular customer engagement,181.91736111111112,8,1771.79,221.47375,553.0111111111111,10,1,0.0144401435992057
14896,1,0.14244783,Low,Monitor,Continue monitoring and regular customer engagement,24.104166666666668,8,1826.0,228.25,553.0055555555556,150,1,0.0144402884046489
16964,1,0.91167927,Critical,High Priority,Targeted re-engagement campaign with personalised offer,552.9979166666667,2,207.85,103.925,552.9993055555556,6,0,0.003610112828561
15983,0,0.28736797,Medium,Monitor,Continue monitoring and regular customer engagement,180.01388888888889,7,2783.62,397.66,552.9986111111111,117,1,0.0126354107385949
13782,0,0.16745055,Low,Monitor,Continue monitoring and regular customer engagement,53.918055555555554,9,1238.52,137.61333333333334,552.9986111111111,141,1,0.0162455280924791
14454,1,0.47621596,Medium,Monitor,Continue monitoring and regular customer engagement,195.975,5,977.3,195.46,552.9958333333333,93,1,0.0090253386382268
14717,1,0.8924823,Critical,High Priority,Targeted re-engagement campaign with personalised offer,552.9895833333334,1,81.3,81.3,552.9895833333334,11,0,0.0018050880920594
16718,1,0.37588197,Medium,Monitor,Continue monitoring and regular customer engagement,188.9909722222222,5,3006.08,601.216,552.9881944444444,123,1,0.0090254630877362
15751,1,0.66193706,High,Medium Priority,Automated re-engagement reminder or promotional campaign,280.00416666666666,11,1380.44,125.49454545454546,552.9875,90,1,0.0198560436832961
14546,0,0.096439354,Low,Monitor,Continue monitoring and regular customer engagement,21.047916666666666,8,3485.79,435.72375,552.9861111111111,314,1,0.0144407952465715
17848,0,0.1334588,Low,Monitor,Continue monitoring and regular customer engagement,68.84305555555555,25,3046.28,121.8512,552.9798611111111,91,1,0.0451279942737589
17561,0,0.44225737,Medium,Monitor,Continue monitoring and regular customer engagement,210.00972222222225,3,537.9,179.29999999999998,552.9729166666667,129,1,0.0054154271982309
15547,0,0.031584892,Low,Monitor,Continue monitoring and regular customer engagement,13.879166666666666,19,7529.58,396.2936842105263,552.9652777777778,449,1,0.0342981785360594
17406,1,0.26592982,Medium,Monitor,Continue monitoring and regular customer engagement,152.9048611111111,13,4186.95,322.0730769230769,552.9618055555555,155,1,0.0234673218796422
14479,1,0.40413904,Medium,Monitor,Continue monitoring and regular customer engagement,73.15486111111112,4,1124.71,281.1775,552.9597222222222,127,1,0.007220741580189
17969,0,0.36593664,Medium,Monitor,Continue monitoring and regular customer engagement,180.88611111111112,19,2251.29,118.48894736842104,552.95625,108,1,0.0342987374905509
14548,0,0.2516731,Medium,Monitor,Continue monitoring and regular customer engagement,137.175,8,2214.89,276.86125,552.9513888888889,66,1,0.0144417004099336
17916,1,0.8959916,Critical,High Priority,Targeted re-engagement campaign with personalised offer,448.01666666666665,2,43.87,21.935,552.9444444444445,15,1,0.0036104703640557
13319,0,0.028097263,Low,Monitor,Continue monitoring and regular customer engagement,6.014583333333333,45,15487.57,344.1682222222222,552.9194444444445,268,1,0.0812392495900426
16773,0,0.6799334,High,Medium Priority,Automated re-engagement reminder or promotional campaign,255.87708333333333,2,249.65,124.825,552.9090277777777,34,1,0.0036107012157281
15479,1,0.9230957,Critical,High Priority,Targeted re-engagement campaign with personalised offer,552.9041666666667,1,147.4,147.4,552.9041666666667,9,0,0.0018053664517779
15822,0,0.37525547,Medium,Monitor,Continue monitoring and regular customer engagement,178.96666666666667,5,1394.79,278.958,552.9013888888888,34,1,0.0090268775278391
13890,0,0.33824676,Medium,Monitor,Continue monitoring and regular customer engagement,178.13819444444445,5,1233.92,246.784,552.8993055555555,50,1,0.0090269114798493
13211,0,0.24295415,Medium,Monitor,Continue monitoring and regular customer engagement,180.85625,8,1634.05,204.25625,552.8930555555555,75,1,0.0144432213398595
15641,0,0.106983684,Low,Monitor,Continue monitoring and regular customer engagement,80.05625,11,4763.7300000000005,433.0663636363637,552.8881944444445,228,1,0.0198596036354107
14123,1,0.86932176,Critical,High Priority,Targeted re-engagement campaign with personalised offer,552.8854166666666,1,436.18,436.18,552.8854166666666,24,0,0.0018054275666221
13019,1,0.594075,High,Medium Priority,Automated re-engagement reminder or promotional campaign,198.9125,6,1229.95,204.99166666666667,552.8819444444445,46,1,0.0108326333078398
17858,0,0.08611726,Low,Monitor,Continue monitoring and regular customer engagement,80.85277777777777,24,9982.79,415.94958333333335,552.88125,106,1,0.0433305875582536
14940,1,0.67464834,High,Medium Priority,Automated re-engagement reminder or promotional campaign,237.08541666666667,2,531.49,265.745,552.8777777777777,32,1,0.0036109049328973
16686,0,0.04319913,Low,Monitor,Continue monitoring and regular customer engagement,13.945833333333333,13,3116.82,239.75538461538463,552.8763888888889,355,1,0.0234709409189274
15691,1,0.43652207,Medium,Monitor,Continue monitoring and regular customer engagement,71.90069444444444,4,571.3,142.825,552.8673611111111,12,1,0.0072219456874577
16436,1,0.89222723,Critical,High Priority,Targeted re-engagement campaign with personalised offer,487.9798611111111,3,319.14,106.38,552.8666666666667,37,1,0.0054164660568127
17610,1,0.7634827,Critical,High Priority,Targeted re-engagement campaign with personalised offer,359.84444444444443,5,1511.94,302.38800000000003,552.8631944444444,114,1,0.0090275000219418
17530,0,0.09051269,Low,Monitor,Continue monitoring and regular customer engagement,25.834027777777777,8,1789.83,223.72875,552.85625,271,1,0.014444181139059
13491,0,0.11811542,Low,Monitor,Continue monitoring and regular customer engagement,66.99583333333334,25,4283.47,171.33880000000002,552.1847222222223,133,1,0.0451928605323216
14003,1,0.88637257,Critical,High Priority,Targeted re-engagement campaign with personalised offer,552.1645833333333,1,209.41,209.41,552.1645833333333,16,0,0.0018077802341828
12839,0,0.015980508,Low,Monitor,Continue monitoring and regular customer engagement,2.921527777777778,17,5778.07,339.8864705882353,552.1472222222222,125,1,0.0307332285457458
17557,0,0.91692835,Critical,High Priority,Targeted re-engagement campaign with personalised offer,552.1076388888889,1,34.0,34.0,552.1076388888889,1,0,0.0018079663517373
14738,0,0.32885888,Medium,Monitor,Continue monitoring and regular customer engagement,18.81388888888889,6,1033.14,172.19000000000003,552.1034722222222,41,1,0.0108478798295978
16124,1,0.46594122,Medium,Monitor,Continue monitoring and regular customer engagement,136.92013888888889,4,1772.49,443.1225,552.0951388888889,63,1,0.0072320288477595
12471,0,0.03958402,Low,Monitor,Continue monitoring and regular customer engagement,30.19375,62,28491.46,459.5396774193548,552.0895833333333,189,1,0.1120975731026092
17739,0,0.049976837,Low,Monitor,Continue monitoring and regular customer engagement,16.149305555555557,14,6010.01,429.2864285714286,552.0847222222222,47,1,0.025312577689273
16556,0,0.030422889,Low,Monitor,Continue monitoring and regular customer engagement,21.05555555555556,14,6337.61,452.6864285714286,552.0826388888889,227,1,0.0253126730358508
14695,1,0.70228314,High,Medium Priority,Automated re-engagement reminder or promotional campaign,338.93888888888887,3,1534.22,511.4066666666667,552.0729166666666,76,1,0.005424239570581
14828,1,0.037350755,Low,Monitor,Continue monitoring and regular customer engagement,16.106944444444444,13,9839.46,756.8815384615384,552.0631944444444,72,1,0.0235054513310338
15115,0,0.87150294,Critical,High Priority,Targeted re-engagement campaign with personalised offer,552.0625,1,191.74,191.74,552.0625,14,0,0.0018081139111764
13693,1,0.40084836,Medium,Monitor,Continue monitoring and regular customer engagement,193.77013888888888,9,2011.82,223.5355555555556,552.05625,78,1,0.016273209099436
14955,1,0.90247405,Critical,High Priority,Targeted re-engagement campaign with personalised offer,552.0520833333334,1,163.77,163.77,552.0520833333334,30,0,0.0018081479667752
14037,0,0.44645637,Medium,Monitor,Continue monitoring and regular customer engagement,184.04930555555555,5,801.55,160.31,552.0493055555555,95,1,0.0090407852424248
18077,0,0.080850415,Low,Monitor,Continue monitoring and regular customer engagement,46.047916666666666,11,2373.76,215.79636363636365,552.0486111111111,95,1,0.0198897525081932
13905,1,0.897399,Critical,High Priority,Targeted re-engagement campaign with personalised offer,552.0479166666667,1,312.65,312.65,552.0479166666667,12,0,0.001808161589374
17508,1,0.1261298,Low,Monitor,Continue monitoring and regular customer engagement,100.19444444444444,8,4579.23,572.40375,552.0444444444445,199,1,0.0144653835335717
16768,0,0.22964609,Low,Monitor,Continue monitoring and regular customer engagement,91.10069444444444,7,1403.73,200.53285714285715,552.04375,88,1,0.0126572264852464
13984,0,0.14764996,Low,Monitor,Continue monitoring and regular customer engagement,69.07569444444445,10,1690.52,169.052,552.0409722222222,50,1,0.0180818429416144
13495,0,0.13180934,Low,Monitor,Continue monitoring and regular customer engagement,51.89930555555556,8,3890.87,486.35875,552.0263888888888,50,1,0.0144658558085685
13190,1,0.7823151,Critical,High Priority,Targeted re-engagement campaign with personalised offer,363.87708333333336,3,570.66,190.22,552.0256944444444,16,1,0.0054247027401027
14408,0,0.1208195,Low,Monitor,Continue monitoring and regular customer engagement,9.10763888888889,7,2585.03,369.29,552.0222222222222,32,1,0.0126577191995499
15358,0,0.0264083,Low,Monitor,Continue monitoring and regular customer engagement,27.13055555555556,31,12441.73,401.346129032258,552.0215277777778,307,1,0.0560556839885929
17707,1,0.3515985,Medium,Monitor,Continue monitoring and regular customer engagement,4.907638888888889,8,609.3000000000001,76.16250000000001,552.0215277777778,9,1,0.0144659829647981
17044,0,0.3256792,Medium,Monitor,Continue monitoring and regular customer engagement,194.0847222222222,11,11013.82,1001.2563636363636,552.0173611111111,91,1,0.0198908764417432
14471,1,0.82988125,Critical,High Priority,Targeted re-engagement campaign with personalised offer,410.81805555555553,2,400.95,200.475,552.0166666666667,38,1,0.0036165275308158
17436,0,0.41570976,Medium,Monitor,Continue monitoring and regular customer engagement,46.05347222222223,4,440.16,110.04,552.0131944444445,5,1,0.0072331004760535
13234,1,0.8866308,Critical,High Priority,Targeted re-engagement campaign with personalised offer,492.04791666666665,2,346.5,173.25,552.0125,56,1,0.0036165547795031
14574,1,0.9214279,Critical,High Priority,Targeted re-engagement campaign with personalised offer,552.0055555555556,1,143.70000000000002,143.70000000000002,552.0055555555556,11,0,0.0018083000974472
15716,0,0.049388856,Low,Monitor,Continue monitoring and regular customer engagement,21.000694444444445,10,2268.89,226.889,552.0055555555556,175,1,0.0180830009744728
16684,0,0.038161725,Low,Monitor,Continue monitoring and regular customer engagement,25.08333333333333,40,105565.15,2639.12875,551.9958333333333,149,1,0.0723332755671757
14540,0,0.20444994,Low,Monitor,Continue monitoring and regular customer engagement,128.90833333333333,9,2952.88,328.09777777777776,551.9930555555555,149,1,0.0162750687546307
14307,0,0.10497407,Low,Monitor,Continue monitoring and regular customer engagement,39.12013888888889,7,2987.18,426.74,551.9888888888889,150,1,0.0126584821877072
18219,0,0.07738149,Low,Monitor,Continue monitoring and regular customer engagement,34.02361111111111,12,2195.24,182.9366666666667,551.98125,71,1,0.0217005549464832
12747,0,0.040833585,Low,Monitor,Continue monitoring and regular customer engagement,18.12013888888889,21,6793.87,323.51761904761906,551.9770833333333,79,1,0.0379762573042131
18162,1,0.84344876,Critical,High Priority,Targeted re-engagement campaign with personalised offer,551.9763888888889,1,371.51,371.51,551.9763888888889,45,0,0.0018083954759973
17441,1,0.8825899,Critical,High Priority,Targeted re-engagement campaign with personalised offer,551.9708333333333,1,293.35,293.35,551.9708333333333,21,0,0.0018084136444809
17988,0,0.41958773,Medium,Monitor,Continue monitoring and regular customer engagement,146.03541666666666,8,353.41,44.17625,551.96875,92,1,0.0144673636620514
12600,0,0.07338195,Low,Monitor,Continue monitoring and regular customer engagement,23.884722222222223,17,3684.34,216.7258823529412,551.9673611111111,40,1,0.0307432249994662
12523,0,0.10019867,Low,Monitor,Continue monitoring and regular customer engagement,72.14652777777778,16,3062.77,191.423125,551.9611111111111,127,1,0.0289351270432921
13206,1,0.3675067,Medium,Monitor,Continue monitoring and regular customer engagement,219.83333333333331,13,8308.19,639.0915384615384,551.9597222222222,393,1,0.0235098497730646
14512,1,0.3382545,Medium,Monitor,Continue monitoring and regular customer engagement,7.007638888888889,7,1215.97,173.71,551.9590277777778,55,1,0.0126591657760457
16353,0,0.07625844,Low,Monitor,Continue monitoring and regular customer engagement,37.09513888888889,26,5275.03,202.88576923076923,551.9548611111111,63,1,0.0470201129035296
16018,0,0.6299233,High,Medium Priority,Automated re-engagement reminder or promotional campaign,215.88472222222225,2,289.23,144.615,551.9534722222222,26,1,0.0036169408466906
14670,1,0.6153036,High,Medium Priority,Automated re-engagement reminder or promotional campaign,99.94236111111113,3,583.33,194.4433333333333,551.9520833333333,159,1,0.0054254248974255
14590,1,0.64008397,High,High Priority,Targeted re-engagement campaign with personalised offer,244.0305555555556,20,2993.37,149.6685,551.9444444444445,124,1,0.0361699989952778
13070,1,0.4219757,Medium,Monitor,Continue monitoring and regular customer engagement,11.961805555555555,4,751.7,187.925,551.9208333333333,12,1,0.0072343087090526
17457,0,0.052141987,Low,Monitor,Continue monitoring and regular customer engagement,24.09583333333333,13,5644.75,434.21153846153845,551.9152777777778,23,1,0.0235117395421741
15421,0,0.080244005,Low,Monitor,Continue monitoring and regular customer engagement,34.95,9,3594.34,399.37111111111113,551.9027777777778,170,1,0.0162777261423296
17990,1,0.31978834,Medium,Monitor,Continue monitoring and regular customer engagement,56.04583333333333,6,1527.61,254.6016666666667,551.8965277777778,40,1,0.0108519400982954
13148,0,0.06573898,Low,Monitor,Continue monitoring and regular customer engagement,52.171527777777776,20,6593.9400000000005,329.697,551.8916666666667,376,1,0.0361734517009058
17364,0,0.029475737,Low,Monitor,Continue monitoring and regular customer engagement,24.0,22,9595.69,436.1677272727273,551.8902777777778,387,1,0.03979089682753
13042,1,0.6019362,High,Medium Priority,Automated re-engagement reminder or promotional campaign,417.96319444444447,3,1488.59,496.19666666666666,551.8805555555556,164,1,0.0054261268005446
12443,1,0.88316864,Critical,High Priority,Targeted re-engagement campaign with personalised offer,551.8805555555556,1,485.31,485.31,551.8805555555556,21,0,0.0018087089335148
15694,0,0.05928605,Low,Monitor,Continue monitoring and regular customer engagement,7.045833333333333,18,6500.78,361.1544444444445,551.8798611111112,46,1,0.0325568016961691
16717,0,0.20416847,Low,Monitor,Continue monitoring and regular customer engagement,185.8347222222222,9,3127.85,347.53888888888895,551.8715277777778,141,1,0.0162786462094996
17231,0,0.035354037,Low,Monitor,Continue monitoring and regular customer engagement,9.708333333333334,21,5644.83,268.8014285714286,551.8416666666667,437,1,0.037985559457952
16702,1,0.54968596,High,Medium Priority,Automated re-engagement reminder or promotional campaign,234.94444444444449,4,1110.83,277.7075,551.8402777777778,84,1,0.0072353628358602
13267,0,0.040913396,Low,Monitor,Continue monitoring and regular customer engagement,19.09375,28,7118.46,254.2307142857143,551.8291666666667,126,1,0.0506485577973907
12540,0,0.025786605,Low,Monitor,Continue monitoring and regular customer engagement,5.852083333333334,23,15356.77,667.685652173913,551.8291666666667,246,1,0.041604172476428
17270,1,0.7279096,Critical,High Priority,Targeted re-engagement campaign with personalised offer,288.9451388888889,2,601.4499999999999,300.725,551.8138888888889,45,1,0.003617854110033
13393,1,0.73640126,Critical,High Priority,Targeted re-engagement campaign with personalised offer,403.1361111111111,4,1131.45,282.8625,551.7763888888888,53,1,0.0072361990859273
14113,0,0.3153766,Medium,Monitor,Continue monitoring and regular customer engagement,174.025,13,5685.6900000000005,437.3607692307693,551.2138888888888,58,1,0.023541602740484
15369,1,0.68314195,High,High Priority,Targeted re-engagement campaign with personalised offer,311.9555555555556,11,6251.26,568.2963636363636,551.2131944444444,44,1,0.0199198427539685
12358,0,0.51126385,Medium,Monitor,Continue monitoring and regular customer engagement,195.07916666666668,3,2719.01,906.3366666666668,551.2020833333333,52,1,0.0054327937009775
18259,0,0.41394782,Medium,Monitor,Continue monitoring and regular customer engagement,185.96666666666667,5,1979.6,395.92,551.175,36,1,0.0090551002852356
17047,0,0.23561499,Low,Monitor,Continue monitoring and regular customer engagement,24.832638888888887,5,1937.76,387.552,551.1680555555556,98,1,0.0090552141683917
14136,1,0.43739218,Medium,Monitor,Continue monitoring and regular customer engagement,220.03958333333333,5,1570.81,314.16200000000003,551.1465277777778,86,1,0.0090555672243806
16735,0,0.13483013,Low,Monitor,Continue monitoring and regular customer engagement,59.02638888888889,11,5014.77,455.88818181818186,551.1430555555555,143,1,0.0199223731772412
14215,0,0.101471804,Low,Monitor,Continue monitoring and regular customer engagement,6.115277777777778,7,2558.88,365.55428571428575,551.1354166666666,128,1,0.0126780492406376
15971,0,0.1811509,Low,Monitor,Continue monitoring and regular customer engagement,61.96527777777778,10,2789.13,278.913,551.1277777777777,9,1,0.0181117494943803
14295,0,0.4924824,Medium,Monitor,Continue monitoring and regular customer engagement,258.12638888888887,4,2196.71,549.1775,551.1256944444444,61,1,0.0072447271341444
13382,1,0.33904022,Medium,Monitor,Continue monitoring and regular customer engagement,100.11597222222224,5,1387.58,277.516,551.1208333333333,74,1,0.0090559886498275
13025,1,0.8785937,Critical,High Priority,Targeted re-engagement campaign with personalised offer,551.1166666666667,1,323.39,323.39,551.1166666666667,13,0,0.001811211398557
16013,0,0.02950271,Low,Monitor,Continue monitoring and regular customer engagement,3.9930555555555554,60,31749.16,529.1526666666666,551.1013888888889,35,1,0.1086756911094731
14558,1,0.8971599,Critical,High Priority,Targeted re-engagement campaign with personalised offer,473.9993055555556,3,655.5,218.5,551.0895833333333,13,1,0.0054339007482934
18002,1,0.591374,High,Medium Priority,Automated re-engagement reminder or promotional campaign,195.07847222222225,4,244.37,61.0925,551.0715277777778,52,1,0.0072454379527612
17854,1,0.34157813,Medium,Monitor,Continue monitoring and regular customer engagement,4.853472222222222,6,1068.5,178.08333333333334,551.0673611111112,113,1,0.0108682389553408
15079,1,0.14037827,Low,Monitor,Continue monitoring and regular customer engagement,32.00347222222222,11,3625.4,329.58181818181816,551.0611111111111,119,1,0.0199253303277616
16029,0,0.03625552,Low,Monitor,Continue monitoring and regular customer engagement,2.040277777777778,75,73659.04,982.1205333333332,551.0604166666667,39,1,0.1358546958552996
18271,1,0.81360924,Critical,High Priority,Targeted re-engagement campaign with personalised offer,429.14166666666665,2,680.85,340.425,551.0576388888888,19,1,0.0036228101182067
14290,0,0.43315035,Medium,Monitor,Continue monitoring and regular customer engagement,181.1013888888889,4,2979.4700000000003,744.8675000000001,551.0458333333333,59,1,0.0072457751847295
17268,0,0.21366775,Low,Monitor,Continue monitoring and regular customer engagement,63.10694444444445,9,1246.73,138.52555555555557,551.0444444444445,24,1,0.0163030351823524
17067,1,0.8640138,Critical,High Priority,Targeted re-engagement campaign with personalised offer,544.1743055555555,3,454.54,151.51333333333332,551.0326388888889,8,1,0.0054344612775764
16560,0,0.24506132,Medium,Monitor,Continue monitoring and regular customer engagement,177.92638888888888,7,2539.15,362.7357142857143,551.03125,111,1,0.0126804415510897
14861,0,0.42399532,Medium,Monitor,Continue monitoring and regular customer engagement,200.0638888888889,9,1254.94,139.4377777777778,551.0263888888888,58,1,0.0163035684183777
17371,0,0.46367902,Medium,Monitor,Continue monitoring and regular customer engagement,180.89583333333331,4,329.11,82.2775,551.0173611111111,62,1,0.0072461489108761
18145,0,0.04467209,Low,Monitor,Continue monitoring and regular customer engagement,24.091666666666665,9,3771.97,419.1077777777778,551.0138888888889,158,1,0.0163039376022141
16400,0,0.2533806,Medium,Monitor,Continue monitoring and regular customer engagement,214.94375,8,2755.92,344.49,551.0083333333333,187,1,0.0144925348349209
15093,0,0.025784912,Low,Monitor,Continue monitoring and regular customer engagement,26.056944444444444,21,12502.04,595.3352380952381,551.0027777777777,104,1,0.0380432868192088
13643,0,0.19166641,Low,Monitor,Continue monitoring and regular customer engagement,5.048611111111111,8,1725.23,215.65375,551.0013888888889,59,1,0.0144927171580184
17852,0,0.53689605,High,Medium Priority,Automated re-engagement reminder or promotional campaign,208.02152777777775,3,543.47,181.15666666666667,550.9993055555556,62,1,0.0054347894459408
15456,1,0.18754752,Low,Monitor,Continue monitoring and regular customer engagement,102.9576388888889,10,2091.52,209.152,550.9972222222223,128,1,0.0181160331925985
13571,0,0.042060938,Low,Monitor,Continue monitoring and regular customer engagement,4.032638888888889,18,2955.63,164.20166666666668,550.9916666666667,183,1,0.0326091879406392
16732,0,0.33528647,Medium,Monitor,Continue monitoring and regular customer engagement,222.9701388888889,3,3783.89,1261.2966666666669,550.9902777777778,177,1,0.0054348783316936
16940,0,0.19309124,Low,Monitor,Continue monitoring and regular customer engagement,109.01597222222222,6,4135.46,689.2433333333333,550.9875,249,1,0.0108698113634819
15162,1,0.9210848,Critical,High Priority,Targeted re-engagement campaign with personalised offer,550.9833333333333,1,312.9,312.9,550.9833333333333,12,0,0.0018116489024427
18203,0,0.5373337,High,Medium Priority,Automated re-engagement reminder or promotional campaign,201.01736111111111,3,332.1,110.7,550.9798611111111,30,1,0.0054349808957905
14494,0,0.6292091,High,Medium Priority,Automated re-engagement reminder or promotional campaign,220.98402777777775,2,261.9,130.95,550.9756944444445,10,1,0.0036233479483421
17978,1,0.5007828,Medium,Monitor,Continue monitoring and regular customer engagement,184.94791666666663,4,1159.99,289.99749999999995,550.9743055555556,62,1,0.0072467141309667
15031,0,0.16042398,Low,Monitor,Continue monitoring and regular customer engagement,101.91944444444444,11,2600.58,236.41636363636363,550.9666666666667,205,1,0.0199287396581919
14085,0,0.036260486,Low,Monitor,Continue monitoring and regular customer engagement,17.8625,25,8084.54,323.3816,550.9645833333333,431,1,0.0452927610844596
17230,1,0.10515367,Low,Monitor,Continue monitoring and regular customer engagement,83.85972222222222,18,9388.49,521.5827777777778,550.9645833333333,141,1,0.0326107879808109
13410,0,0.15947273,Low,Monitor,Continue monitoring and regular customer engagement,6.873611111111111,7,1743.94,249.1342857142857,550.9631944444444,21,1,0.0126820050149277
14063,1,0.69552803,High,High Priority,Targeted re-engagement campaign with personalised offer,257.85555555555555,9,22710.2,2523.355555555556,550.9611111111111,30,1,0.016305496562761
12785,1,0.51567525,Medium,Monitor,Continue monitoring and regular customer engagement,183.9597222222222,3,1100.4,366.8,550.9541666666667,42,1,0.0054352339037812
13081,0,0.055948295,Low,Monitor,Continue monitoring and regular customer engagement,37.19444444444444,24,42964.5,1790.1875,550.9527777777778,628,1,0.0434819806444794
14605,1,0.4930299,Medium,Monitor,Continue monitoring and regular customer engagement,193.9465277777778,4,921.56,230.39,550.9520833333333,88,1,0.0072470058919667
14285,0,0.69527316,High,Medium Priority,Automated re-engagement reminder or promotional campaign,332.94652777777776,4,1374.41,343.6025,550.9423611111112,33,1,0.0072471335447919
16892,0,0.46267885,Medium,Monitor,Continue monitoring and regular customer engagement,3.052083333333333,3,339.54,113.18,550.9375,57,1,0.0054353980296682
16805,0,0.3454751,Medium,Monitor,Continue monitoring and regular customer engagement,179.96875,4,845.52,211.38,550.93125,181,1,0.0072472794392417
13204,1,0.8325042,Critical,High Priority,Targeted re-engagement campaign with personalised offer,550.9125,1,966.66,966.66,550.9125,57,0,0.0018118814123615
15924,1,0.90653616,Critical,High Priority,Targeted re-engagement campaign with personalised offer,550.9097222222222,1,102.82,102.82,550.9097222222222,14,0,0.0018118905316137
15823,1,0.36604494,Medium,Monitor,Continue monitoring and regular customer engagement,191.90416666666667,3,3882.17,1294.0566666666666,550.9013888888888,155,1,0.0054357536697628
13576,0,0.032327756,Low,Monitor,Continue monitoring and regular customer engagement,7.061805555555556,18,7621.26,423.40333333333336,550.9013888888888,109,1,0.0326145220185771
17178,1,0.85248494,Critical,High Priority,Targeted re-engagement campaign with personalised offer,550.8541666666666,1,432.96,432.96,550.8541666666666,31,0,0.0018120729359356
13798,0,0.018072464,Low,Monitor,Continue monitoring and regular customer engagement,0.1076388888888889,87,61907.28,711.5779310344827,550.8534722222222,154,1,0.1576505438113227
18275,1,0.71362793,Critical,High Priority,Targeted re-engagement campaign with personalised offer,397.8777777777778,2,741.85,370.925,550.8520833333333,19,1,0.0036241595536243
13855,1,0.69844615,High,Medium Priority,Automated re-engagement reminder or promotional campaign,320.12291666666664,4,1310.34,327.58500000000004,550.8291666666667,64,1,0.0072486201194512
15298,0,0.025974674,Low,Monitor,Continue monitoring and regular customer engagement,6.905555555555556,16,6039.07,377.441875,550.8236111111111,166,1,0.028994772383486
15674,0,0.048722122,Low,Monitor,Continue monitoring and regular customer engagement,33.09097222222222,12,5881.29,490.1075,550.8208333333333,219,1,0.021746188753898
14679,1,0.56867516,High,Medium Priority,Automated re-engagement reminder or promotional campaign,201.04097222222225,3,1289.44,429.8133333333333,550.8173611111112,49,1,0.0054365813970755
16253,0,0.15627472,Low,Monitor,Continue monitoring and regular customer engagement,74.97013888888888,6,5288.74,881.4566666666666,550.8097222222223,170,1,0.0108733133150265
13883,0,0.058406267,Low,Monitor,Continue monitoring and regular customer engagement,38.00763888888889,14,5628.32,402.0228571428571,550.8083333333333,190,1,0.0253711282601144
13557,0,0.1611515,Low,Monitor,Continue monitoring and regular customer engagement,100.025,12,2688.88,224.07333333333332,550.7979166666667,116,1,0.0217470918927898
16204,0,0.7254601,Critical,High Priority,Targeted re-engagement campaign with personalised offer,199.9076388888889,2,534.53,267.265,550.7958333333333,47,1,0.0036245290000075
15633,1,0.683341,High,High Priority,Targeted re-engagement campaign with personalised offer,328.9555555555556,13,4335.96,333.5353846153846,550.7909722222222,77,1,0.0235596460515568
15203,0,0.057151217,Low,Monitor,Continue monitoring and regular customer engagement,17.888194444444444,11,3265.28,296.84363636363634,550.7805555555556,126,1,0.0199354614606249
13136,0,0.100950114,Low,Monitor,Continue monitoring and regular customer engagement,32.00208333333333,9,4241.41,471.2677777777778,550.7638888888889,160,1,0.0163113247917033
15181,0,0.55743736,High,Medium Priority,Automated re-engagement reminder or promotional campaign,89.03263888888888,3,810.72,270.24,550.7416666666667,6,1,0.0054373272515821
17188,0,0.21276662,Low,Monitor,Continue monitoring and regular customer engagement,135.0013888888889,9,3543.14,393.6822222222223,550.7319444444445,106,1,0.0163122691927188
13455,0,0.29033872,Medium,Monitor,Continue monitoring and regular customer engagement,185.98541666666668,5,1847.59,369.518,550.1611111111112,70,1,0.0090717576026368
13114,1,0.9233822,Critical,High Priority,Targeted re-engagement campaign with personalised offer,550.1208333333333,1,234.38,234.38,550.1208333333333,16,0,0.0018144841194837
13768,1,0.8418152,Critical,High Priority,Targeted re-engagement campaign with personalised offer,546.0895833333333,2,875.97,437.985,550.1006944444445,30,1,0.0036291008524606
14291,0,0.03230035,Low,Monitor,Continue monitoring and regular customer engagement,30.115972222222226,15,5634.31,375.6206666666667,550.0861111111111,195,1,0.0272189766672883
12712,0,0.024523497,Low,Monitor,Continue monitoring and regular customer engagement,1.8902777777777775,17,5221.78,307.16352941176467,550.0861111111111,118,1,0.0308481735562601
14732,0,0.04441191,Low,Monitor,Continue monitoring and regular customer engagement,6.031944444444444,15,4097.78,273.1853333333333,550.0847222222222,128,1,0.0272190452667844
13202,1,0.47352988,Medium,Monitor,Continue monitoring and regular customer engagement,213.8513888888889,7,1580.3,225.7571428571429,550.0847222222222,55,1,0.0127022211244994
16945,0,0.027366828,Low,Monitor,Continue monitoring and regular customer engagement,21.038888888888888,22,5976.34,271.6518181818182,550.0534722222222,195,1,0.0399235303087394
12487,1,0.82600087,Critical,High Priority,Targeted re-engagement campaign with personalised offer,550.0513888888889,1,285.29999999999995,285.29999999999995,550.0513888888889,2,0,0.0018147127838954
13672,1,0.6238093,High,Medium Priority,Automated re-engagement reminder or promotional campaign,120.95625,3,419.92,139.97333333333336,550.0486111111111,13,1,0.005444165795012
17929,0,0.18274507,Low,Monitor,Continue monitoring and regular customer engagement,74.01041666666667,10,2674.1,267.41,550.0486111111111,5,1,0.0181472193167067
16771,0,0.12520832,Low,Monitor,Continue monitoring and regular customer engagement,94.95416666666668,8,3358.74,419.8425,550.0402777777778,262,1,0.0145179950043982
16782,0,0.035700902,Low,Monitor,Continue monitoring and regular customer engagement,23.9875,32,8704.52,272.01625,550.0361111111112,565,1,0.0580724191296194
18051,1,0.761476,Critical,Immediate Action,Personalised retention outreach with high-value incentive,453.9527777777778,7,2282.28,326.04,550.0229166666667,41,1,0.0127036458707479
16912,0,0.08333894,Low,Monitor,Continue monitoring and regular customer engagement,27.088194444444444,9,3050.79,338.9766666666667,550.0125,95,1,0.0163335677502778
12924,0,0.079975836,Low,Monitor,Continue monitoring and regular customer engagement,17.96875,11,2190.9700000000003,199.17909090909092,550.0069444444445,45,1,0.0199634507530405
15403,1,0.7455498,Critical,High Priority,Targeted re-engagement campaign with personalised offer,311.0201388888889,2,170.88,85.44,550.0034722222222,6,1,0.003629741191891
14173,0,0.4960087,Medium,Monitor,Continue monitoring and regular customer engagement,38.949305555555554,3,249.2,83.06666666666666,550.0027777777777,13,1,0.0054446186498354
14211,0,0.036439665,Low,Monitor,Continue monitoring and regular customer engagement,27.086111111111112,14,3071.08,219.36285714285717,550.0013888888889,117,1,0.0254082844114629
14593,0,0.10384757,Low,Monitor,Continue monitoring and regular customer engagement,18.061805555555555,11,3387.97,307.9972727272728,549.9951388888888,369,1,0.0199638784875345
16802,1,0.8507333,Critical,High Priority,Targeted re-engagement campaign with personalised offer,498.9625,2,582.61,291.305,549.9930555555555,48,1,0.00362980981309
15302,1,0.8519789,Critical,High Priority,Targeted re-engagement campaign with personalised offer,549.9854166666667,1,308.0,308.0,549.9854166666667,15,0,0.0018149300684757
16709,0,0.032847907,Low,Monitor,Continue monitoring and regular customer engagement,19.044444444444444,13,8010.73,616.2099999999999,549.9819444444445,199,1,0.0235942395773202
17954,0,0.020822624,Low,Monitor,Continue monitoring and regular customer engagement,4.004166666666666,15,3006.69,200.446,549.9777777777778,385,1,0.0272243284665644
13727,0,0.8024261,Critical,High Priority,Targeted re-engagement campaign with personalised offer,431.025,6,740.6700000000001,123.445,549.9756944444445,55,1,0.0108897725625626
15911,1,0.7083318,High,Medium Priority,Automated re-engagement reminder or promotional campaign,443.0305555555556,8,1700.24,212.53,549.975,162,1,0.0145197150505921
14990,1,0.8528031,Critical,High Priority,Targeted re-engagement campaign with personalised offer,431.9555555555556,2,304.17,152.08499999999998,549.9715277777777,41,1,0.0036299516384568
16705,0,0.029800808,Low,Monitor,Continue monitoring and regular customer engagement,27.03125,30,36088.551,1202.9517,549.9694444444444,350,1,0.0544494804612072
13141,0,0.029892646,Low,Monitor,Continue monitoring and regular customer engagement,33.886805555555554,16,6668.36,416.7725,549.9694444444444,259,1,0.0290397229126438
12709,0,0.029343506,Low,Monitor,Continue monitoring and regular customer engagement,10.156944444444443,27,25708.37,952.1618518518518,549.9590277777778,177,1,0.0490054589157038
14171,0,0.9186434,Critical,High Priority,Targeted re-engagement campaign with personalised offer,549.9583333333334,1,135.0,135.0,549.9583333333334,6,0,0.0018150192845798
13983,0,0.025470817,Low,Monitor,Continue monitoring and regular customer engagement,6.864583333333333,17,5831.52,343.03058823529415,549.95625,216,1,0.0308554445112474
17296,1,0.85289603,Critical,High Priority,Targeted re-engagement campaign with personalised offer,549.9506944444445,1,338.13,338.13,549.9506944444445,32,0,0.0018150444496823
17631,0,0.36692443,Medium,Monitor,Continue monitoring and regular customer engagement,51.977777777777774,5,772.71,154.542,549.9409722222222,49,1,0.0090753823950186
17449,0,0.07880056,Low,Monitor,Continue monitoring and regular customer engagement,53.91180555555555,9,3671.63,407.9588888888889,549.9402777777777,236,1,0.0163357089017008
17184,1,0.7903475,Critical,High Priority,Targeted re-engagement campaign with personalised offer,388.9347222222222,2,198.41000000000005,99.205,549.9395833333333,14,1,0.0036301621094266
14107,0,0.09174733,Low,Monitor,Continue monitoring and regular customer engagement,39.97152777777778,8,3649.15,456.14375,549.9375,89,1,0.0145207033465683
12917,0,0.39096904,Medium,Monitor,Continue monitoring and regular customer engagement,219.8708333333333,5,3765.2,753.04,549.9361111111111,44,1,0.0090754624704417
16755,0,0.14180776,Low,Monitor,Continue monitoring and regular customer engagement,45.95069444444445,6,2297.7200000000003,382.9533333333333,549.9340277777778,175,1,0.0108905961466953
13825,1,0.86540985,Critical,High Priority,Targeted re-engagement campaign with personalised offer,441.075,2,255.59,127.79500000000002,549.9305555555555,38,1,0.0036302215947765
13770,1,0.5860927,High,Medium Priority,Automated re-engagement reminder or promotional campaign,241.90277777777777,4,785.37,196.3425,549.9208333333333,48,1,0.0072605713162054
14505,0,0.024640806,Low,Monitor,Continue monitoring and regular customer engagement,23.96875,16,9179.51,573.719375,549.9180555555556,737,1,0.029042431698604
15441,1,0.512235,Medium,Monitor,Continue monitoring and regular customer engagement,215.875,3,1254.21,418.07,549.9131944444445,45,1,0.0054455039927393
16933,0,0.11820188,Low,Monitor,Continue monitoring and regular customer engagement,58.97013888888889,8,2760.8,345.1,549.9076388888889,193,1,0.0145214904192197
13426,0,0.019023748,Low,Monitor,Continue monitoring and regular customer engagement,2.14375,17,6084.74,357.9258823529412,549.8986111111111,127,1,0.0308586728249551
17043,0,0.3751956,Medium,Monitor,Continue monitoring and regular customer engagement,85.91458333333334,5,1033.07,206.614,549.8958333333334,97,1,0.0090761260068827
13498,1,0.88340986,Critical,High Priority,Targeted re-engagement campaign with personalised offer,549.8916666666667,1,327.38,327.38,549.8916666666667,17,0,0.0018152389308242
16186,0,0.031249113,Low,Monitor,Continue monitoring and regular customer engagement,8.840972222222222,19,6058.84,318.8863157894737,549.8847222222222,138,1,0.0344899744602747
18065,0,0.028845804,Low,Monitor,Continue monitoring and regular customer engagement,3.015972222222222,23,4885.95,212.43260869565216,549.8680555555555,163,1,0.0417522849038764
17880,1,0.5164547,Medium,Monitor,Continue monitoring and regular customer engagement,184.10347222222225,3,824.9200000000001,274.97333333333336,549.8590277777778,43,1,0.0054460394560515
13848,0,0.20936784,Low,Monitor,Continue monitoring and regular customer engagement,117.10625,7,2695.0,385.0,549.85625,3,1,0.0127074894766102
15077,1,0.6501908,High,High Priority,Targeted re-engagement campaign with personalised offer,314.0673611111111,2,2428.08,1214.04,549.8194444444445,28,1,0.0036309538818427
13728,0,0.06643608,Low,Monitor,Continue monitoring and regular customer engagement,18.08125,13,2332.96,179.4584615384615,549.8173611111112,65,1,0.0236012894978043
15209,1,0.9110227,Critical,High Priority,Targeted re-engagement campaign with personalised offer,549.8083333333333,1,178.98000000000002,178.98000000000002,549.8083333333333,13,0,0.0018155135633992
15841,0,0.15766597,Low,Monitor,Continue monitoring and regular customer engagement,37.925694444444446,7,2131.61,304.5157142857143,549.18125,47,1,0.0127230798941258
14134,1,0.3143278,Medium,Monitor,Continue monitoring and regular customer engagement,202.01666666666668,15,11123.35,741.5566666666667,549.1423611111111,130,1,0.0272656698708036
15465,0,0.027467737,Low,Monitor,Continue monitoring and regular customer engagement,0.0715277777777777,27,10098.29,374.0107407407407,549.1305555555556,91,1,0.0490792589637813
17603,0,0.6552513,High,Medium Priority,Automated re-engagement reminder or promotional campaign,437.0409722222222,3,1393.66,464.5533333333333,549.1291666666667,93,1,0.0054532647635782
16143,0,0.052422505,Low,Monitor,Continue monitoring and regular customer engagement,32.17916666666667,10,3704.31,370.431,549.1291666666667,91,1,0.0181775492119275
14942,1,0.58178616,High,Medium Priority,Automated re-engagement reminder or promotional campaign,221.08263888888888,4,746.56,186.64,549.0958333333333,12,1,0.007271460275861
14293,0,0.3041185,Medium,Monitor,Continue monitoring and regular customer engagement,124.87708333333332,7,2364.4700000000003,337.7814285714286,549.0784722222222,63,1,0.0127254571001864
17861,0,0.085295916,Low,Monitor,Continue monitoring and regular customer engagement,72.90833333333333,12,3448.39,287.36583333333334,549.0576388888888,224,1,0.0218158955564
15039,0,0.019853007,Low,Monitor,Continue monitoring and regular customer engagement,4.063888888888889,73,33351.23,456.8661643835617,549.0493055555555,487,1,0.1327153752630761
16843,0,0.026718643,Low,Monitor,Continue monitoring and regular customer engagement,16.92013888888889,25,13216.76,528.6704,549.0486111111111,181,1,0.0454505283623922
15858,0,0.1275376,Low,Monitor,Continue monitoring and regular customer engagement,108.97847222222222,10,2941.06,294.106,549.0472222222222,231,1,0.01818025725064
17388,0,0.0746706,Low,Monitor,Continue monitoring and regular customer engagement,30.964583333333334,9,2179.01,242.11222222222224,549.0451388888889,29,1,0.0163622934986396
15085,1,0.88384295,Critical,High Priority,Targeted re-engagement campaign with personalised offer,549.04375,1,347.54,347.54,549.04375,9,0,0.0018180372015862
13091,0,0.9125324,Critical,Immediate Action,Personalised retention outreach with high-value incentive,549.0041666666667,2,1976.0,988.0,549.0416666666666,24,0,0.0036360881751382
15642,1,0.87810946,Critical,High Priority,Targeted re-engagement campaign with personalised offer,549.0409722222222,1,105.78000000000002,105.78000000000002,549.0409722222222,6,0,0.0018180463829083
14099,0,0.056251332,Low,Monitor,Continue monitoring and regular customer engagement,37.87638888888889,14,3968.2,283.4428571428571,549.0381944444445,224,1,0.0254527779005245
15854,0,0.048703853,Low,Monitor,Continue monitoring and regular customer engagement,23.981944444444444,15,4193.55,279.57,549.0291666666667,134,1,0.0272712810684281
12978,1,0.42934212,Medium,Monitor,Continue monitoring and regular customer engagement,204.93125,5,2502.82,500.564,549.0277777777778,126,1,0.0090904499772738
17027,0,0.35326046,Medium,Monitor,Continue monitoring and regular customer engagement,102.99027777777778,6,866.3,144.38333333333335,549.0277777777778,86,1,0.0109085399727286
15889,0,0.22978348,Low,Monitor,Continue monitoring and regular customer engagement,188.9013888888889,7,1279.6,182.8,549.0201388888889,237,1,0.0127268067204609
16748,0,0.06628068,Low,Monitor,Continue monitoring and regular customer engagement,37.05833333333333,12,3031.63,252.63583333333332,549.0152777777778,48,1,0.0218175757744103
16459,1,0.92471033,Critical,High Priority,Targeted re-engagement campaign with personalised offer,549.0055555555556,1,71.78999999999999,71.78999999999999,549.0055555555556,5,0,0.0018181634528944
13173,0,0.2451199,Medium,Monitor,Continue monitoring and regular customer engagement,186.93055555555557,10,2212.11,221.211,548.9986111111111,147,1,0.0181818640956164
15805,0,0.02380215,Low,Monitor,Continue monitoring and regular customer engagement,5.002777777777778,20,7365.17,368.2585,548.9951388888888,253,1,0.0363639577622529
15912,0,0.26246125,Medium,Monitor,Continue monitoring and regular customer engagement,52.81944444444444,8,951.57,118.94625,548.9944444444444,77,1,0.0145456014707219
16596,0,0.5372897,High,Medium Priority,Automated re-engagement reminder or promotional campaign,185.85555555555555,3,329.48,109.82666666666668,548.9868055555555,17,1,0.0054546763116791
16663,1,0.8954487,Critical,High Priority,Targeted re-engagement campaign with personalised offer,548.9847222222222,1,165.0,165.0,548.9847222222222,1,0,0.0018182323246352
12989,0,0.03812613,Low,Monitor,Continue monitoring and regular customer engagement,19.90972222222222,25,9955.58,398.2232,548.9743055555556,23,1,0.0454566690615596
16985,0,0.03834427,Low,Monitor,Continue monitoring and regular customer engagement,31.152083333333334,19,8374.4,440.7578947368421,548.9694444444444,116,1,0.0345473738440014
14648,1,0.48780364,Medium,Monitor,Continue monitoring and regular customer engagement,235.98472222222225,15,4466.65,297.77666666666664,548.9520833333333,286,1,0.027275103512806
15573,0,0.6840983,High,Medium Priority,Automated re-engagement reminder or promotional campaign,437.96527777777777,3,597.23,199.07666666666668,548.9381944444444,104,1,0.0054551584710908
15367,0,0.09245474,Low,Monitor,Continue monitoring and regular customer engagement,65.04166666666667,9,4619.92,513.3244444444445,548.9375,191,1,0.0163654960790998
14895,0,0.015855262,Low,Monitor,Continue monitoring and regular customer engagement,1.9458333333333333,23,18710.59,813.5039130434783,548.9361111111111,347,1,0.0418230400501068
14062,0,0.07456379,Low,Monitor,Continue monitoring and regular customer engagement,58.87777777777778,18,19955.43,1108.635,548.9319444444444,136,1,0.0327313228151968
15157,0,0.42082915,Medium,Monitor,Continue monitoring and regular customer engagement,177.9625,3,1803.5,601.1666666666666,548.9208333333333,81,1,0.0054553306915389
15623,0,0.33570623,Medium,Monitor,Continue monitoring and regular customer engagement,213.10486111111112,7,2136.02,305.1457142857143,548.9194444444445,77,1,0.0127291370958372
13831,0,0.036049776,Low,Monitor,Continue monitoring and regular customer engagement,19.975694444444443,15,5480.54,365.3693333333333,548.9166666666666,119,1,0.0272768601303227
14626,0,0.095572196,Low,Monitor,Continue monitoring and regular customer engagement,52.980555555555554,8,3206.55,400.81875,548.9118055555556,112,1,0.0145477873345852
15032,1,0.19795379,Low,Monitor,Continue monitoring and regular customer engagement,75.90763888888888,8,11010.05,1376.25625,548.8909722222222,39,1,0.0145483384963938
16670,0,0.098074235,Low,Monitor,Continue monitoring and regular customer engagement,67.00069444444445,14,5882.47,420.1764285714286,548.8902777777778,201,1,0.0254596245210534
15882,1,0.32153234,Medium,Monitor,Continue monitoring and regular customer engagement,18.05208333333333,8,1124.66,140.5825,548.8868055555556,49,1,0.0145484487337671
17032,1,0.66115034,High,High Priority,Targeted re-engagement campaign with personalised offer,367.0236111111111,8,2984.32,373.04,548.8847222222222,183,1,0.0145485038530803
12979,1,0.7842812,Critical,High Priority,Targeted re-engagement campaign with personalised offer,548.8784722222222,1,517.7,517.7,548.8784722222222,56,0,0.0018185836516907
15738,0,0.017921582,Low,Monitor,Continue monitoring and regular customer engagement,3.084722222222222,35,11159.96,318.85600000000005,548.8736111111111,66,1,0.0636509905053939
14043,1,0.7987541,Critical,High Priority,Targeted re-engagement campaign with personalised offer,310.77222222222224,2,302.6,151.3,548.8708333333333,37,1,0.0036372178314604
17675,0,0.030993659,Low,Monitor,Continue monitoring and regular customer engagement,7.0152777777777775,52,25013.81,481.0348076923077,548.8611111111111,215,1,0.094569335690831
15916,0,0.05594448,Low,Monitor,Continue monitoring and regular customer engagement,11.040277777777778,10,2489.33,248.933,548.8534722222222,178,1,0.018186663366124
16901,1,0.9129412,Critical,High Priority,Targeted re-engagement campaign with personalised offer,548.8472222222222,1,204.26,204.26,548.8472222222222,23,0,0.0018186870090176
12933,0,0.34131318,Medium,Monitor,Continue monitoring and regular customer engagement,103.05555555555556,6,1139.85,189.975,548.8409722222223,159,1,0.0109122460913572
14507,0,0.1077992,Low,Monitor,Continue monitoring and regular customer engagement,34.93888888888889,8,2464.17,308.02125,548.8236111111111,169,1,0.0145501208720978
17696,0,0.03248672,Low,Monitor,Continue monitoring and regular customer engagement,5.186805555555556,23,6231.47,270.93347826086955,548.8201388888889,163,1,0.0418318616820399
18276,0,0.3895588,Medium,Monitor,Continue monitoring and regular customer engagement,212.11041666666668,5,1320.66,264.132,548.8166666666667,69,1,0.0090939404043772
14030,0,0.06967954,Low,Monitor,Continue monitoring and regular customer engagement,62.95,17,6597.98,388.1164705882353,548.8076388888888,522,1,0.0309199050678078
14081,1,0.24304917,Medium,Monitor,Continue monitoring and regular customer engagement,121.85625,10,4867.57,486.757,548.7659722222222,465,1,0.0181895579305841
17351,0,0.29250205,Medium,Monitor,Continue monitoring and regular customer engagement,92.86458333333331,10,1599.68,159.96800000000002,548.7548611111112,30,1,0.018189925560256
16798,1,0.6286873,High,Medium Priority,Automated re-engagement reminder or promotional campaign,373.7423611111111,3,841.16,280.38666666666666,548.71875,141,1,0.0054573361377977
17512,0,0.034354974,Low,Monitor,Continue monitoring and regular customer engagement,19.886805555555554,14,3845.25,274.6607142857143,548.71875,80,1,0.0254675686430561
13542,1,0.43152723,Medium,Monitor,Continue monitoring and regular customer engagement,196.05972222222223,17,3959.49,232.91117647058823,548.70625,98,1,0.0309256079951792
16905,0,0.122102104,Low,Monitor,Continue monitoring and regular customer engagement,56.05555555555556,13,2491.35,191.6423076923077,548.6986111111111,106,1,0.0236493229875967
15494,0,0.4188524,Medium,Monitor,Continue monitoring and regular customer engagement,297.8305555555556,3,2422.02,807.34,548.6902777777777,219,1,0.0054576188105928
14702,0,0.14419925,Low,Monitor,Continue monitoring and regular customer engagement,100.73055555555555,18,4302.69,239.03833333333336,548.6861111111111,240,1,0.0327459610787974
17165,1,0.27774367,Medium,Monitor,Continue monitoring and regular customer engagement,103.84097222222222,6,1794.32,299.05333333333334,548.1472222222222,77,1,0.0109260317765424
16293,0,0.07680215,Low,Monitor,Continue monitoring and regular customer engagement,27.016666666666666,9,3159.9500000000003,351.1055555555556,548.1194444444444,130,1,0.0163898767218223
15769,0,0.06172268,Low,Monitor,Continue monitoring and regular customer engagement,17.09236111111111,33,60249.52,1825.7430303030303,548.1194444444444,18,1,0.0600962146466818
18172,0,0.032048855,Low,Monitor,Continue monitoring and regular customer engagement,30.727083333333333,39,13625.72,349.3774358974359,548.1194444444444,151,1,0.0710227991278966
18268,0,0.75858957,Critical,High Priority,Targeted re-engagement campaign with personalised offer,410.87708333333336,5,1464.73,292.946,548.0993055555556,36,1,0.0091058210225584
14519,1,0.91054916,Critical,High Priority,Targeted re-engagement campaign with personalised offer,503.06388888888887,2,203.14,101.57,548.0902777777778,38,1,0.0036423882937687
14191,0,0.3998993,Medium,Monitor,Continue monitoring and regular customer engagement,4.111111111111111,5,919.6,183.92,548.0847222222222,30,1,0.0091060628672462
13077,0,0.12922753,Low,Monitor,Continue monitoring and regular customer engagement,109.8548611111111,10,2588.82,258.882,548.0645833333333,176,1,0.018212793728728
14643,0,0.4862376,Medium,Monitor,Continue monitoring and regular customer engagement,177.78958333333333,4,1344.02,336.005,548.0402777777778,42,1,0.0072854399975715
12957,0,0.07688318,Low,Monitor,Continue monitoring and regular customer engagement,5.9631944444444445,9,6404.72,711.6355555555556,548.0340277777777,296,1,0.016392426597724
14577,0,0.33976987,Medium,Monitor,Continue monitoring and regular customer engagement,52.05486111111111,5,972.45,194.49,548.0284722222223,80,1,0.0091069958171062
17409,1,0.068565644,Low,Monitor,Continue monitoring and regular customer engagement,4.093055555555556,10,7793.51,779.351,548.0229166666667,50,1,0.0182141759413503
16470,0,0.12476597,Low,Monitor,Continue monitoring and regular customer engagement,12.049305555555556,9,2009.74,223.30444444444444,548.0201388888889,240,1,0.0163928412866862
16191,0,0.11663701,Low,Monitor,Continue monitoring and regular customer engagement,82.16388888888889,19,13112.98,690.1568421052631,548.0180555555555,76,1,0.034607240704996
17344,0,0.75694525,Critical,High Priority,Targeted re-engagement campaign with personalised offer,548.0131944444445,1,299.74,299.74,548.0131944444445,36,0,0.0018214498487817
16365,0,0.1623087,Low,Monitor,Continue monitoring and regular customer engagement,72.70486111111111,9,2116.28,235.1422222222222,548.00625,65,1,0.0163932559966302
13418,0,0.027292378,Low,Monitor,Continue monitoring and regular customer engagement,23.947916666666668,22,8772.83,398.765,547.9993055555556,250,1,0.0400729104342623
12854,0,0.21264453,Low,Monitor,Continue monitoring and regular customer engagement,60.93958333333333,6,2465.09,410.84833333333336,547.9965277777778,166,1,0.0109290308707174
15197,0,0.3623406,Medium,Monitor,Continue monitoring and regular customer engagement,72.04166666666667,5,1571.15,314.23,547.9958333333333,35,1,0.0091075372460325
13953,0,0.09827872,Low,Monitor,Continue monitoring and regular customer engagement,30.145138888888887,8,4875.0,609.375,547.9944444444444,1,1,0.0145720964591829
14298,0,0.035034157,Low,Monitor,Continue monitoring and regular customer engagement,10.130555555555556,68,70161.18,1031.7820588235295,547.9590277777778,1092,1,0.1238708110426172
16952,0,0.5397889,High,Medium Priority,Automated re-engagement reminder or promotional campaign,260.8854166666667,3,628.22,209.40666666666667,547.9569444444444,61,1,0.0054649094621365
13415,1,0.6841085,High,Medium Priority,Automated re-engagement reminder or promotional campaign,292.05,4,784.17,196.0425,547.9375,85,1,0.0072868040532847
13668,0,0.03138152,Low,Monitor,Continue monitoring and regular customer engagement,7.001388888888889,26,10674.33,410.55115384615385,547.9319444444444,317,1,0.047364705703753
14790,0,0.17027691,Low,Monitor,Continue monitoring and regular customer engagement,73.0423611111111,7,1933.72,276.2457142857143,547.9256944444444,54,1,0.0127521813441153
17487,1,0.925841,Critical,High Priority,Targeted re-engagement campaign with personalised offer,547.9055555555556,1,160.55,160.55,547.9055555555556,8,0,0.0018218070301509
17958,0,0.85961837,Critical,High Priority,Targeted re-engagement campaign with personalised offer,547.8840277777778,1,465.42,465.42,547.8840277777778,29,0,0.0018218784832355
17754,0,0.114452496,Low,Monitor,Continue monitoring and regular customer engagement,79.95555555555555,9,3050.81,338.9788888888889,547.8736111111111,137,1,0.0163972175338888
15898,0,0.08373799,Low,Monitor,Continue monitoring and regular customer engagement,46.11597222222223,24,4610.56,192.10666666666668,547.8604166666667,280,1,0.0437269645819178
14130,1,0.4010669,Medium,Monitor,Continue monitoring and regular customer engagement,138.86458333333334,4,1858.77,464.6925,547.8451388888889,189,1,0.007288030295937
17860,1,0.44021773,Medium,Monitor,Continue monitoring and regular customer engagement,188.00625,4,717.39,179.3475,547.8347222222222,127,1,0.0072881686198789
12664,0,0.27401677,Medium,Monitor,Continue monitoring and regular customer engagement,51.92847222222223,4,2491.74,622.9350000000001,546.0986111111112,5,1,0.0073112962065034
16719,0,0.09643966,Low,Monitor,Continue monitoring and regular customer engagement,55.10347222222222,11,2719.08,247.1890909090909,546.0770833333333,180,1,0.0201068557523505
16442,0,0.3077275,Medium,Monitor,Continue monitoring and regular customer engagement,47.04097222222222,4,715.11,178.7775,546.0729166666666,165,1,0.0073116395970981
13317,0,0.04166503,Low,Monitor,Continue monitoring and regular customer engagement,18.09375,18,5526.3910000000005,307.0217222222222,546.06875,181,1,0.0329026287829454
15196,1,0.67020255,High,Medium Priority,Automated re-engagement reminder or promotional campaign,252.08333333333331,2,313.7,156.85,546.0666666666667,34,1,0.0036558615647087
15956,1,0.7419565,Critical,High Priority,Targeted re-engagement campaign with personalised offer,370.9888888888889,2,617.6,308.79999999999995,546.0652777777777,18,1,0.0036558708462071
15169,1,0.6399372,High,Medium Priority,Automated re-engagement reminder or promotional campaign,201.99027777777775,2,569.22,284.61,546.0652777777777,58,1,0.0036558708462071
14685,1,0.72303665,Critical,Immediate Action,Personalised retention outreach with high-value incentive,395.9875,8,4536.64,567.08,546.0541666666667,109,1,0.0146237803995643
15503,1,0.6748728,High,Medium Priority,Automated re-engagement reminder or promotional campaign,182.07847222222225,2,257.3,128.65,546.0527777777778,112,1,0.0036559543818136
13026,0,0.29509544,Medium,Monitor,Continue monitoring and regular customer engagement,40.08263888888889,6,1001.44,166.90666666666667,546.0527777777778,25,1,0.0109678631454409
15144,0,0.03638052,Low,Monitor,Continue monitoring and regular customer engagement,36.988194444444446,17,7274.89,427.93470588235294,546.0520833333334,121,1,0.0310756516937372
12843,0,0.041075252,Low,Monitor,Continue monitoring and regular customer engagement,5.929861111111111,26,5952.61,228.94653846153844,546.0479166666667,116,1,0.0475278292958797
14161,1,0.09859625,Low,Monitor,Continue monitoring and regular customer engagement,35.047916666666666,7,2996.93,428.1328571428571,546.0444444444445,202,1,0.012796035260186
17172,0,0.55945903,High,Medium Priority,Automated re-engagement reminder or promotional campaign,250.03333333333333,2,638.81,319.405,546.0444444444445,24,1,0.0036560100743388
16830,0,0.49991715,Medium,Monitor,Continue monitoring and regular customer engagement,262.00902777777776,3,881.59,293.86333333333334,546.0270833333333,47,1,0.0054841891588244
16127,0,0.86297935,Critical,High Priority,Targeted re-engagement campaign with personalised offer,546.0215277777778,1,145.06,145.06,546.0215277777778,35,0,0.0018280816187662
17539,1,0.7419492,Critical,High Priority,Targeted re-engagement campaign with personalised offer,437.02986111111113,4,1176.84,294.21,546.0097222222222,132,1,0.0073124842895845
15944,1,0.439037,Medium,Monitor,Continue monitoring and regular customer engagement,96.09513888888888,4,2164.24,541.06,545.9951388888888,25,1,0.0073126792463369
17211,0,0.090619914,Low,Monitor,Continue monitoring and regular customer engagement,52.925,10,2710.07,271.007,545.98125,166,1,0.0182821623227487
14514,0,0.06883451,Low,Monitor,Continue monitoring and regular customer engagement,20.90138888888889,8,3792.95,474.11875,545.9784722222222,197,1,0.0146258041335671
17066,1,0.9116477,Critical,High Priority,Targeted re-engagement campaign with personalised offer,545.9763888888889,1,228.34,228.34,545.9763888888889,17,0,0.0018282324800735
15850,0,0.33373556,Medium,Monitor,Continue monitoring and regular customer engagement,196.0125,4,771.87,192.9675,545.9743055555556,197,1,0.0073129577740169
17290,0,0.42140937,Medium,Monitor,Continue monitoring and regular customer engagement,201.0673611111111,6,974.95,162.49166666666667,545.9736111111112,96,1,0.0109694505879574
13735,0,0.11478471,Low,Monitor,Continue monitoring and regular customer engagement,53.95902777777778,10,7814.38,781.438,545.9715277777777,292,1,0.0182824872816099
12681,0,0.035340402,Low,Monitor,Continue monitoring and regular customer engagement,6.9840277777777775,36,24802.06,688.9461111111111,545.9715277777777,412,1,0.0658169542137959
17802,0,0.27766883,Medium,Monitor,Continue monitoring and regular customer engagement,191.9625,8,3761.38,470.1725,545.9659722222223,246,1,0.0146261383820596
15628,0,0.0248403,Low,Monitor,Continue monitoring and regular customer engagement,2.1666666666666665,11,3467.96,315.2690909090909,545.9659722222223,105,1,0.0201109402753319
15446,1,0.5744104,High,Medium Priority,Automated re-engagement reminder or promotional campaign,196.03541666666663,3,399.75,133.25,545.95625,90,1,0.0054848993863768
14525,0,0.032991856,Low,Monitor,Continue monitoring and regular customer engagement,5.011111111111111,13,5742.68,441.7446153846154,545.9506944444445,268,1,0.0237681387592066
14751,1,0.924159,Critical,High Priority,Targeted re-engagement campaign with personalised offer,503.96736111111113,2,126.45,63.225,545.9458333333333,7,1,0.0036566692314138
12683,0,0.021172738,Low,Monitor,Continue monitoring and regular customer engagement,4.132638888888889,16,8244.06,515.25375,545.9090277777777,189,1,0.0292553225259634
13087,1,0.9171146,Critical,High Priority,Targeted re-engagement campaign with personalised offer,545.8986111111111,1,313.64,313.64,545.8986111111111,15,0,0.001828492484134
15562,1,0.525878,High,Medium Priority,Automated re-engagement reminder or promotional campaign,171.12152777777777,3,671.4300000000001,223.81000000000003,545.8979166666667,32,1,0.0054854844177958
17819,0,0.035503652,Low,Monitor,Continue monitoring and regular customer engagement,2.0770833333333334,11,5784.65,525.8772727272727,545.8930555555555,66,1,0.0201136216455075
16409,0,0.08530098,Low,Monitor,Continue monitoring and regular customer engagement,61.81805555555555,9,4433.32,492.5911111111111,545.8833333333333,312,1,0.0164568920854539
14277,0,0.16272339,Low,Monitor,Continue monitoring and regular customer engagement,31.979166666666668,7,14638.64,2091.2342857142858,545.8798611111112,218,1,0.0127998862232335
14466,0,0.0460607,Low,Monitor,Continue monitoring and regular customer engagement,6.877083333333333,10,3340.45,334.045,545.8791666666667,73,1,0.0182855749670478
16725,1,0.37102607,Medium,Monitor,Continue monitoring and regular customer engagement,121.83194444444445,14,1688.26,120.59,545.8722222222223,242,1,0.0256001300324065
17799,0,0.068905376,Low,Monitor,Continue monitoring and regular customer engagement,61.857638888888886,16,4594.99,287.186875,545.8659722222222,398,1,0.0292576258401725
17910,1,0.88358104,Critical,High Priority,Targeted re-engagement campaign with personalised offer,545.8652777777778,1,261.7,261.7,545.8652777777778,25,0,0.0018286039370858
16551,0,0.39222285,Medium,Monitor,Continue monitoring and regular customer engagement,156.1013888888889,5,1626.07,325.214,545.8597222222222,54,1,0.009143112569494
15577,0,0.6881771,High,Medium Priority,Automated re-engagement reminder or promotional campaign,124.97083333333332,3,166.8,55.6,545.85625,24,1,0.0054859023737956
12346,1,0.47005948,Medium,Monitor,Continue monitoring and regular customer engagement,145.1173611111111,12,77556.46,6463.038333333334,545.1777777777778,27,1,0.021970868256164
12439,1,0.78516465,Critical,High Priority,Targeted re-engagement campaign with personalised offer,502.0270833333333,2,1142.88,571.44,545.1736111111111,69,1,0.0036618393113707
13462,1,0.37044394,Medium,Monitor,Continue monitoring and regular customer engagement,72.0625,5,1153.85,230.77,545.1263888888889,64,1,0.0091553898543021
13872,1,0.6363645,High,Medium Priority,Automated re-engagement reminder or promotional campaign,346.8854166666667,3,919.57,306.5233333333333,545.1208333333333,51,1,0.0054932897939253
13013,0,0.039737023,Low,Monitor,Continue monitoring and regular customer engagement,32.02569444444445,20,8658.78,432.939,545.0944444444444,246,1,0.0366237016389106
14977,1,0.92201686,Critical,High Priority,Targeted re-engagement campaign with personalised offer,545.0923611111111,1,31.93,31.93,545.0923611111111,4,0,0.0018311920678863
12472,0,0.107115485,Low,Monitor,Continue monitoring and regular customer engagement,87.00694444444444,15,12726.02,848.4013333333334,545.0840277777778,325,1,0.0274683001827404
16769,1,0.48378336,Medium,Monitor,Continue monitoring and regular customer engagement,79.96458333333334,4,1117.05,279.26250000000005,545.0694444444445,76,1,0.0073250756670142
17075,0,0.1542949,Low,Monitor,Continue monitoring and regular customer engagement,72.96041666666666,9,2098.58,233.17555555555555,545.0597222222223,140,1,0.0164817136912679
16190,0,0.30994615,Medium,Monitor,Continue monitoring and regular customer engagement,214.1298611111111,7,2508.4700000000003,358.3528571428572,545.0354166666667,88,1,0.0128196812630438
14032,0,0.048935205,Low,Monitor,Continue monitoring and regular customer engagement,25.89236111111111,10,3106.39,310.639,545.0333333333333,68,1,0.0183139002502899
17825,1,0.7299364,Critical,High Priority,Targeted re-engagement campaign with personalised offer,418.0340277777778,4,701.96,175.49,545.0284722222223,24,1,0.0073256253171576
15329,0,0.3819748,Medium,Monitor,Continue monitoring and regular customer engagement,194.05972222222223,8,1909.13,238.64125,545.0222222222222,60,1,0.0146514183386919
17908,1,0.3690287,Medium,Monitor,Continue monitoring and regular customer engagement,193.04513888888889,5,1142.47,228.494,545.0180555555555,178,1,0.0091572063398391
15534,1,0.9275671,Critical,High Priority,Targeted re-engagement campaign with personalised offer,545.0013888888889,1,162.25,162.25,545.0013888888889,8,0,0.0018314971726262
16327,0,0.0306058,Low,Monitor,Continue monitoring and regular customer engagement,18.95138888888889,14,8809.01,629.215,544.9888888888889,270,1,0.0256415474470379
15920,0,0.58060133,High,Medium Priority,Automated re-engagement reminder or promotional campaign,243.95347222222225,5,401.64,80.328,544.9868055555555,42,1,0.0091577304600106
12613,0,0.090254694,Low,Monitor,Continue monitoring and regular customer engagement,17.147222222222222,9,4935.51,548.39,544.9861111111111,173,1,0.0164839357940525
17318,1,0.92630094,Critical,High Priority,Targeted re-engagement campaign with personalised offer,544.9854166666667,1,157.32999999999998,157.32999999999998,544.9854166666667,17,0,0.0018315507511265
17965,0,0.07445145,Low,Monitor,Continue monitoring and regular customer engagement,72.09444444444445,21,5731.24,272.9161904761905,544.9798611111111,477,1,0.0384629571450921
14401,0,0.021507489,Low,Monitor,Continue monitoring and regular customer engagement,1.9159722222222224,12,3724.98,310.415,544.9777777777778,91,1,0.0219789165208189
15188,1,0.87672216,Critical,High Priority,Targeted re-engagement campaign with personalised offer,544.9722222222222,1,310.43,310.43,544.9722222222222,23,0,0.0018315950139913
16019,0,0.05946536,Low,Monitor,Continue monitoring and regular customer engagement,51.89861111111111,24,16032.42,668.0175,544.9430555555556,192,1,0.0439606287794565
12926,1,0.4409098,Medium,Monitor,Continue monitoring and regular customer engagement,230.8701388888889,4,1523.97,380.9925,544.9270833333334,202,1,0.0073269858230456
17623,0,0.56110024,High,Medium Priority,Automated re-engagement reminder or promotional campaign,228.9430555555556,6,1838.72,306.4533333333334,544.9263888888889,108,1,0.0109904927149824
15015,1,0.71662074,Critical,Immediate Action,Personalised retention outreach with high-value incentive,320.9583333333333,13,2354.97,181.15153846153845,544.9194444444445,158,1,0.0238130371290025
14796,0,0.04984667,Low,Monitor,Continue monitoring and regular customer engagement,37.11111111111112,19,5664.74,298.14421052631576,544.9055555555556,313,1,0.0348045551224774
14042,1,0.8977187,Critical,High Priority,Targeted re-engagement campaign with personalised offer,544.9048611111111,1,431.98,431.98,544.9048611111111,21,0,0.0018318210209094
15867,0,0.020180538,Low,Monitor,Continue monitoring and regular customer engagement,2.8625,26,7168.43,275.70884615384614,544.8986111111111,462,1,0.0476278918297302
16125,1,0.24718621,Medium,Monitor,Continue monitoring and regular customer engagement,186.8763888888889,14,4292.35,306.5964285714286,544.8833333333333,168,1,0.0256465056636033
13591,0,0.24672997,Medium,Monitor,Continue monitoring and regular customer engagement,23.95277777777778,6,1753.04,292.17333333333335,544.8791666666667,71,1,0.0109914434665791
16280,1,0.91505444,Critical,High Priority,Targeted re-engagement campaign with personalised offer,544.8756944444444,1,238.05,238.05,544.8756944444444,16,0,0.0018319188968795
12920,0,0.7505624,Critical,High Priority,Targeted re-engagement campaign with personalised offer,390.9951388888889,3,323.86,107.95333333333332,544.8694444444444,32,1,0.0054958196149873
17866,0,0.6531638,High,Medium Priority,Automated re-engagement reminder or promotional campaign,304.0048611111111,2,805.3000000000001,402.65,544.8673611111111,15,1,0.0036638937267269
13577,0,0.11137717,Low,Monitor,Continue monitoring and regular customer engagement,61.09513888888889,8,2158.43,269.80375,544.8611111111111,66,1,0.0146557427102946
16064,1,0.93256754,Critical,High Priority,Targeted re-engagement campaign with personalised offer,544.8604166666667,1,109.31,109.31,544.8604166666667,17,0,0.001831970169419
17416,0,0.031502936,Low,Monitor,Continue monitoring and regular customer engagement,16.885416666666668,18,13853.04,769.6133333333333,544.8479166666667,279,1,0.0329762181926437
15640,0,0.027524088,Low,Monitor,Continue monitoring and regular customer engagement,4.865277777777778,22,17785.77,808.444090909091,544.8430555555556,240,1,0.0403046256173554
12992,1,0.9320338,Critical,High Priority,Targeted re-engagement campaign with personalised offer,544.8361111111111,1,93.35,93.35,544.8361111111111,6,0,0.0018320517452837
15672,1,0.92963535,Critical,High Priority,Targeted re-engagement campaign with personalised offer,544.8319444444444,1,45.3,45.3,544.8319444444444,3,0,0.0018320657304471
13000,0,0.5457193,High,Medium Priority,Automated re-engagement reminder or promotional campaign,79.10833333333333,3,956.18,318.7266666666667,544.8243055555556,56,1,0.0054962741114038
17012,1,0.85868615,Critical,High Priority,Targeted re-engagement campaign with personalised offer,544.8027777777778,1,360.61,360.61,544.8027777777778,34,0,0.0018321636325697
16098,0,0.043881174,Low,Monitor,Continue monitoring and regular customer engagement,4.853472222222222,11,3227.29,293.39,544.1319444444445,75,1,0.0201786010012866
16554,0,0.14262836,Low,Monitor,Continue monitoring and regular customer engagement,41.93958333333333,7,2318.73,331.2471428571429,544.1305555555556,90,1,0.0128409606261496
13004,0,0.016209349,Low,Monitor,Continue monitoring and regular customer engagement,3.1486111111111112,26,8755.96,336.7676923076923,544.1291666666667,322,1,0.0476951181294953
15838,0,0.06526791,Low,Monitor,Continue monitoring and regular customer engagement,10.002777777777778,22,47771.3,2171.422727272727,544.1243055555556,44,1,0.0403577675326346
17572,0,0.3717633,Medium,Monitor,Continue monitoring and regular customer engagement,58.02777777777778,8,577.6600000000001,72.20750000000001,544.1180555555555,14,1,0.0146757200912136
13902,1,0.91076934,Critical,Immediate Action,Personalised retention outreach with high-value incentive,451.9868055555556,5,34095.26,6819.051999999999,544.1166666666667,58,1,0.0091723484269422
17213,0,0.22110312,Low,Monitor,Continue monitoring and regular customer engagement,135.9465277777778,9,3025.12,336.1244444444444,544.0986111111112,91,1,0.0165107740444516
17251,1,0.5236525,High,Medium Priority,Automated re-engagement reminder or promotional campaign,182.07222222222225,3,798.98,266.32666666666665,544.0930555555556,65,1,0.0055036474404217
16858,1,0.3443481,Medium,Monitor,Continue monitoring and regular customer engagement,188.1236111111111,10,4292.59,429.259,544.0701388888889,75,1,0.018346262777089
17082,0,0.3077327,Medium,Monitor,Continue monitoring and regular customer engagement,137.92638888888888,5,3365.12,673.024,544.0590277777778,74,1,0.0091733183842218
14607,0,0.11207134,Low,Monitor,Continue monitoring and regular customer engagement,80.89444444444445,9,8048.63,894.2922222222222,544.0590277777778,76,1,0.0165119730915994
17262,0,0.19925919,Low,Monitor,Continue monitoring and regular customer engagement,46.86944444444445,10,2190.76,219.076,544.0583333333333,10,1,0.0183466601434097
18220,1,0.2449835,Medium,Monitor,Continue monitoring and regular customer engagement,46.15763888888889,6,1921.76,320.2933333333333,544.0472222222222,17,1,0.0110082204905793
17625,0,0.18996876,Low,Monitor,Continue monitoring and regular customer engagement,77.0201388888889,5,4500.53,900.106,544.0423611111111,343,1,0.0091735988920331
17233,0,0.6471505,High,Medium Priority,Automated re-engagement reminder or promotional campaign,267.9791666666667,2,369.98,184.99,544.0326388888889,32,1,0.0036695050118048
17095,0,0.330895,Medium,Monitor,Continue monitoring and regular customer engagement,118.95694444444445,6,1792.05,298.675,544.0125,83,1,0.0110089218137198
16713,0,0.07353098,Low,Monitor,Continue monitoring and regular customer engagement,55.05625,25,9816.41,392.6564,544.0006944444444,410,1,0.0458715011831024
12941,1,0.8887304,Critical,High Priority,Targeted re-engagement campaign with personalised offer,543.9847222222222,1,377.49,377.49,543.9847222222222,27,0,0.0018349138227626
17596,0,0.05027257,Low,Monitor,Continue monitoring and regular customer engagement,10.890277777777778,9,2971.98,330.22,543.9784722222222,206,1,0.0165144137956519
15812,0,0.04441206,Low,Monitor,Continue monitoring and regular customer engagement,8.888194444444444,10,4454.55,445.455,543.9652777777778,83,1,0.0183497929276839
14966,0,0.4919228,Medium,Monitor,Continue monitoring and regular customer engagement,206.9833333333333,5,881.24,176.248,543.9597222222222,93,1,0.0091749899967122
15070,1,0.5431804,High,Medium Priority,Automated re-engagement reminder or promotional campaign,192.06041666666667,3,737.0500000000001,245.68333333333337,543.9590277777778,26,1,0.0055050010130731
18260,0,0.025961082,Low,Monitor,Continue monitoring and regular customer engagement,25.1125,22,9520.13,432.7331818181819,543.9583333333334,205,1,0.0403700588730025
16749,1,0.79934454,Critical,Immediate Action,Personalised retention outreach with high-value incentive,410.9888888888889,2,4157.88,2078.94,543.9479166666666,53,1,0.0036700755041575
13405,0,0.3014588,Medium,Monitor,Continue monitoring and regular customer engagement,23.846527777777776,5,1198.81,239.762,543.9423611111112,32,1,0.0091752822992237
17797,0,0.12127127,Low,Monitor,Continue monitoring and regular customer engagement,2.05625,6,1463.85,243.975,543.9305555555555,172,1,0.0110105772906843
13823,0,0.37690127,Medium,Monitor,Continue monitoring and regular customer engagement,199.97083333333333,5,2445.79,489.158,543.9277777777778,91,1,0.009175527847727
15566,1,0.6695782,High,Medium Priority,Automated re-engagement reminder or promotional campaign,212.0270833333333,2,227.87,113.935,543.9145833333333,9,1,0.0036703000087934
13050,0,0.043753304,Low,Monitor,Continue monitoring and regular customer engagement,4.967361111111111,28,9608.79,343.17107142857145,543.9055555555556,483,1,0.0513850514360286
13756,0,0.021407686,Low,Monitor,Continue monitoring and regular customer engagement,3.057638888888889,14,5178.240000000001,369.8742857142857,543.8972222222222,125,1,0.0256929186441887
17816,0,0.54217833,High,Medium Priority,Automated re-engagement reminder or promotional campaign,88.9375,4,80.86,20.215,543.8909722222222,36,1,0.007340918099059
16308,0,0.18045641,Low,Monitor,Continue monitoring and regular customer engagement,36.99097222222223,5,3520.0,704.0,543.8763888888889,1,1,0.0091763932186454
15785,0,0.038230646,Low,Monitor,Continue monitoring and regular customer engagement,16.936805555555555,13,4971.36,382.4123076923077,543.8486111111112,87,1,0.0238598387421582
14897,0,0.34252203,Medium,Monitor,Continue monitoring and regular customer engagement,116.17569444444445,5,1949.66,389.932,543.8229166666666,65,1,0.0091772938454773
15527,0,0.02610614,Low,Monitor,Continue monitoring and regular customer engagement,2.0215277777777776,19,4273.65,224.92894736842103,543.8048611111111,166,1,0.0348748723740279
17368,0,0.12540318,Low,Monitor,Continue monitoring and regular customer engagement,78.95069444444445,9,1768.34,196.48222222222225,543.7951388888889,139,1,0.0165199711920255
15637,0,0.5837153,High,Medium Priority,Automated re-engagement reminder or promotional campaign,233.18472222222223,4,574.23,143.5575,543.7888888888889,23,1,0.0073422936509555
15393,0,0.4513665,Medium,Monitor,Continue monitoring and regular customer engagement,100.82777777777778,4,783.58,195.895,543.7875,35,1,0.0073423123695018
18177,0,0.1578202,Low,Monitor,Continue monitoring and regular customer engagement,23.76527777777778,7,1588.55,226.93571428571428,543.7451388888888,57,1,0.0128500458292805
13473,0,0.32072055,Medium,Monitor,Continue monitoring and regular customer engagement,152.17013888888889,7,2476.38,353.7685714285714,543.7416666666667,56,1,0.0128501277363888
16605,1,0.899377,Critical,High Priority,Targeted re-engagement campaign with personalised offer,543.7409722222222,1,60.48,60.48,543.7409722222222,1,0,0.0018357348739908
12956,1,0.5781522,High,Medium Priority,Automated re-engagement reminder or promotional campaign,125.8625,4,521.89,130.4725,543.7409722222222,42,1,0.0073429394959632
12971,0,0.057751615,Low,Monitor,Continue monitoring and regular customer engagement,9.823611111111113,71,9374.03,132.02859154929578,543.7402777777778,77,1,0.1303373422094627
13711,1,0.23967882,Medium,Monitor,Continue monitoring and regular customer engagement,38.09652777777778,9,1792.26,199.14,543.7402777777778,80,1,0.01652163492796
15394,0,0.06864126,Low,Monitor,Continue monitoring and regular customer engagement,23.93263888888889,9,4539.7,504.4111111111111,543.7395833333334,119,1,0.0165216559900564
14460,0,0.4384995,Medium,Monitor,Continue monitoring and regular customer engagement,130.03819444444446,7,689.16,98.45142857142856,543.7388888888889,23,1,0.0128501932628272
14769,0,0.029605968,Low,Monitor,Continue monitoring and regular customer engagement,20.992361111111112,13,10731.38,825.4907692307693,543.1479166666667,616,1,0.0238905628448147
15312,0,0.051561814,Low,Monitor,Continue monitoring and regular customer engagement,34.894444444444446,10,2613.24,261.324,543.14375,111,1,0.0183774967552232
17646,1,0.09261953,Low,Monitor,Continue monitoring and regular customer engagement,38.98125,12,3898.79,324.89916666666664,543.1340277777778,124,1,0.0220533901344261
13952,1,0.060973816,Low,Monitor,Continue monitoring and regular customer engagement,37.15972222222222,14,12823.521,915.9657857142856,543.13125,238,1,0.0257290865025671
15713,0,0.5680476,High,Medium Priority,Automated re-engagement reminder or promotional campaign,185.8986111111111,3,654.09,218.03,543.13125,39,1,0.0055133756791215
16366,0,0.74536026,Critical,High Priority,Targeted re-engagement campaign with personalised offer,401.9736111111111,3,1220.83,406.9433333333333,543.0909722222223,57,1,0.005513783821384
18286,1,0.6603579,High,Medium Priority,Automated re-engagement reminder or promotional campaign,296.0368055555556,2,1296.43,648.215,543.0868055555555,67,1,0.0036758840309642
17677,0,0.03421171,Low,Monitor,Continue monitoring and regular customer engagement,32.00277777777778,35,24958.16,713.0902857142858,543.0604166666667,279,1,0.0643310906800332
13047,0,0.07796556,Low,Monitor,Continue monitoring and regular customer engagement,38.94375,20,6862.67,343.1335,543.0465277777778,148,1,0.0367615617026219
14869,0,0.3848339,Medium,Monitor,Continue monitoring and regular customer engagement,207.9451388888889,4,2056.69,514.1725,543.0465277777778,136,1,0.0073523123405243
16197,1,0.6318128,High,High Priority,Targeted re-engagement campaign with personalised offer,288.99583333333334,9,2016.71,224.07888888888888,543.0458333333333,52,1,0.0165427238820258
13074,1,0.67984116,High,Medium Priority,Automated re-engagement reminder or promotional campaign,330.83125,4,1378.74,344.685,543.0444444444445,26,1,0.0073523404950575
13289,1,0.90667284,Critical,High Priority,Targeted re-engagement campaign with personalised offer,543.0395833333333,1,307.95,307.95,543.0395833333333,16,0,0.0018381015474517
16119,0,0.49244207,Medium,Monitor,Continue monitoring and regular customer engagement,213.96527777777777,6,1297.45,216.24166666666667,543.0375,31,1,0.0110286515175884
13769,0,0.033318352,Low,Monitor,Continue monitoring and regular customer engagement,27.12013888888889,15,4129.62,275.308,543.0354166666667,105,1,0.0275717343769745
15184,0,0.54702944,High,Medium Priority,Automated re-engagement reminder or promotional campaign,10.030555555555557,3,518.42,172.8066666666667,543.0305555555556,34,1,0.0055143961480921
15499,1,0.87757885,Critical,High Priority,Targeted re-engagement campaign with personalised offer,543.0229166666667,1,158.65,158.65,543.0229166666667,40,0,0.0018381578594651
12586,0,0.47170937,Medium,Monitor,Continue monitoring and regular customer engagement,194.08541666666667,3,1865.73,621.91,542.9826388888889,76,1,0.00551488188323
18012,1,0.9322991,Critical,High Priority,Targeted re-engagement campaign with personalised offer,542.9819444444445,1,115.3,115.3,542.9819444444445,13,0,0.0018382963078329
13403,0,0.7083234,High,Medium Priority,Automated re-engagement reminder or promotional campaign,207.05,2,154.5,77.25,542.9770833333333,6,1,0.0036766254705889
14625,1,0.07769431,Low,Monitor,Continue monitoring and regular customer engagement,15.8875,11,4497.88,408.89818181818185,542.9770833333333,167,1,0.020221440088239
17833,1,0.88752854,Critical,High Priority,Targeted re-engagement campaign with personalised offer,542.9652777777778,1,338.46000000000004,338.46000000000004,542.9652777777778,28,0,0.0018383526317805
15222,1,0.29689413,Medium,Monitor,Continue monitoring and regular customer engagement,138.19930555555555,11,3550.91,322.81,542.9590277777778,98,1,0.0202221112956577
13178,0,0.027999628,Low,Monitor,Continue monitoring and regular customer engagement,23.102777777777774,15,11052.92,736.8613333333334,542.9513888888889,179,1,0.0275759935656015
14415,0,0.016620075,Low,Monitor,Continue monitoring and regular customer engagement,1.9048611111111111,16,8850.39,553.149375,542.9458333333333,358,1,0.0294146935586417
16195,1,0.9076223,Critical,High Priority,Targeted re-engagement campaign with personalised offer,542.9451388888889,1,323.25,323.25,542.9451388888889,16,0,0.0018384206944889
17776,1,0.6197229,High,Medium Priority,Automated re-engagement reminder or promotional campaign,206.025,2,330.56,165.28,542.9104166666667,74,1,0.0036770761116452
16569,0,0.8404038,Critical,High Priority,Targeted re-engagement campaign with personalised offer,450.8965277777778,4,1331.03,332.7575,542.90625,23,1,0.0073542085607584
17469,0,0.04312751,Low,Monitor,Continue monitoring and regular customer engagement,24.163194444444443,13,3485.64,268.1261538461539,542.9055555555556,137,1,0.023901208338866
14055,0,0.6997594,High,Medium Priority,Automated re-engagement reminder or promotional campaign,397.1013888888889,2,795.3199999999999,397.66,542.9020833333333,23,1,0.0036771324495447
17873,0,0.01906161,Low,Monitor,Continue monitoring and regular customer engagement,3.9159722222222224,17,5993.29,352.5464705882353,542.9020833333333,64,1,0.0312556258211304
15044,0,0.03383126,Low,Monitor,Continue monitoring and regular customer engagement,26.93055555555556,29,12845.15,442.9362068965517,542.9006944444444,256,1,0.0533185566707566
14329,0,0.11029843,Low,Monitor,Continue monitoring and regular customer engagement,93.02291666666666,10,7037.9800000000005,703.798,542.8881944444445,265,1,0.0183861317494021
17091,0,0.028097138,Low,Monitor,Continue monitoring and regular customer engagement,5.040972222222222,15,5662.4,377.4933333333334,542.8784722222222,222,1,0.0275796906222667
16694,1,0.92798597,Critical,High Priority,Targeted re-engagement campaign with personalised offer,542.8784722222222,1,98.3,98.3,542.8784722222222,3,0,0.0018386460414844
15055,1,0.70527685,High,Medium Priority,Automated re-engagement reminder or promotional campaign,294.0722222222222,3,549.12,183.04,542.8763888888889,77,1,0.0055159592534047
18144,0,0.05472551,Low,Monitor,Continue monitoring and regular customer engagement,31.979166666666668,14,3609.85,257.8464285714286,542.8701388888888,49,1,0.0257414389924065
13008,1,0.5660346,High,Medium Priority,Automated re-engagement reminder or promotional campaign,142.93472222222223,3,612.13,204.0433333333333,542.8631944444444,31,1,0.0055160930738556
13941,0,0.2082744,Low,Monitor,Continue monitoring and regular customer engagement,117.02638888888887,12,7033.18,586.0983333333334,542.8611111111111,36,1,0.0220644568159763
14092,0,0.035441216,Low,Monitor,Continue monitoring and regular customer engagement,15.920833333333333,16,4950.01,309.375625,542.8513888888889,134,1,0.0294198016717189
12867,0,0.04515995,Low,Monitor,Continue monitoring and regular customer engagement,33.88611111111111,10,5549.31,554.9309999999999,542.8506944444445,302,1,0.0183873995237152
16742,0,0.6138762,High,High Priority,Targeted re-engagement campaign with personalised offer,312.08194444444445,13,2334.97,179.6130769230769,542.8111111111111,50,1,0.023905359295507
15498,0,0.030988706,Low,Monitor,Continue monitoring and regular customer engagement,9.104166666666666,30,18799.31,626.6436666666667,542.8076388888888,502,1,0.055166565996197
17402,0,0.040121805,Low,Monitor,Continue monitoring and regular customer engagement,2.920138888888889,15,3012.36,200.824,542.7986111111111,101,1,0.0275837409171593
18201,1,0.88973016,Critical,High Priority,Targeted re-engagement campaign with personalised offer,542.1631944444445,1,447.53,447.53,542.1631944444445,27,0,0.0018410673076308
13225,0,0.0541479,Low,Monitor,Continue monitoring and regular customer engagement,16.008333333333333,13,13538.11,1041.393076923077,542.1534722222223,54,1,0.0239343034056519
17662,1,0.8910561,Critical,High Priority,Targeted re-engagement campaign with personalised offer,481.1333333333333,2,412.92,206.46,542.1222222222223,14,1,0.0036824123892719
15863,0,0.41148505,Medium,Monitor,Continue monitoring and regular customer engagement,12.051388888888887,4,295.46,73.865,542.1041666666666,58,1,0.0073650696229237
18186,1,0.8915786,Critical,High Priority,Targeted re-engagement campaign with personalised offer,542.1027777777778,1,329.58,329.58,542.1027777777778,11,0,0.0018412721144452
13875,0,0.025674338,Low,Monitor,Continue monitoring and regular customer engagement,3.844444444444445,12,4095.46,341.28833333333336,542.0972222222222,136,1,0.0220954913945221
12557,0,0.2610835,Medium,Monitor,Continue monitoring and regular customer engagement,75.83958333333334,6,10959.8,1826.6333333333332,542.0909722222223,15,1,0.0110478728369377
13266,0,0.043677576,Low,Monitor,Continue monitoring and regular customer engagement,4.970138888888889,13,4127.21,317.47769230769234,542.0819444444444,120,1,0.0239374557246578
14484,0,0.5218297,High,Medium Priority,Automated re-engagement reminder or promotional campaign,220.95833333333331,3,749.0600000000001,249.68666666666664,542.0784722222222,37,1,0.005524063562535
18097,0,0.069595695,Low,Monitor,Continue monitoring and regular customer engagement,24.954166666666666,8,3422.08,427.76,542.0722222222222,77,1,0.0147310056980348
13520,0,0.039850112,Low,Monitor,Continue monitoring and regular customer engagement,4.107638888888889,9,5073.63,563.7366666666667,542.06875,70,1,0.0165724873692327
15862,0,0.07870233,Low,Monitor,Continue monitoring and regular customer engagement,23.945833333333333,11,2170.42,197.3109090909091,542.0534722222222,367,1,0.0202558321834994
17612,0,0.04169033,Low,Monitor,Continue monitoring and regular customer engagement,34.025,14,4012.16,286.5828571428571,542.0354166666667,157,1,0.025781007224053
14422,0,0.1287073,Low,Monitor,Continue monitoring and regular customer engagement,86.80833333333334,14,6409.1900000000005,457.79928571428576,542.0263888888888,206,1,0.0257814358315919
18006,0,0.52902293,High,Medium Priority,Automated re-engagement reminder or promotional campaign,201.1027777777778,3,524.83,174.9433333333333,542.0159722222222,36,1,0.0055246993706702
14095,1,0.92658913,Critical,High Priority,Targeted re-engagement campaign with personalised offer,542.0006944444444,1,2.95,2.95,542.0006944444444,1,0,0.0018416182708994
16908,1,0.935915,Critical,High Priority,Targeted re-engagement campaign with personalised offer,541.96875,1,252.59,252.59,541.96875,20,0,0.001841726618705
13427,0,0.38318837,Medium,Monitor,Continue monitoring and regular customer engagement,34.86944444444445,4,638.4300000000001,159.60750000000002,541.9625,23,1,0.0073669912747197
17103,1,0.86014414,Critical,High Priority,Targeted re-engagement campaign with personalised offer,541.9458333333333,1,424.3,424.3,541.9458333333333,32,0,0.0018418043543324
13203,0,0.14444454,Low,Monitor,Continue monitoring and regular customer engagement,61.92361111111112,7,1944.5,277.7857142857143,541.9409722222222,115,1,0.0128927459118612
16439,1,0.9292724,Critical,High Priority,Targeted re-engagement campaign with personalised offer,541.9361111111111,1,310.70000000000005,310.70000000000005,541.9361111111111,9,0,0.001841837335066
15270,0,0.07804007,Low,Monitor,Continue monitoring and regular customer engagement,58.12986111111111,18,7459.12,414.3955555555556,541.9083333333333,65,1,0.0331547683003576
16150,0,0.14544073,Low,Monitor,Continue monitoring and regular customer engagement,89.95416666666667,7,2913.63,416.23285714285714,541.8868055555556,109,1,0.0128940322888058
16661,1,0.8283629,Critical,High Priority,Targeted re-engagement campaign with personalised offer,359.8930555555556,4,932.76,233.19,541.8826388888889,50,1,0.0073680750008634
17400,0,0.08959651,Low,Monitor,Continue monitoring and regular customer engagement,29.802777777777777,7,3832.06,547.4371428571428,541.88125,278,1,0.012894164239417
17526,0,0.21131575,Low,Monitor,Continue monitoring and regular customer engagement,110.15277777777776,11,3616.14,328.74,541.8555555555556,61,1,0.0202632171439097
13039,1,0.8285552,Critical,High Priority,Targeted re-engagement campaign with personalised offer,403.83680555555554,4,1010.73,252.6825,541.8381944444444,37,1,0.0073686782561306
15428,0,0.55917156,High,Medium Priority,Automated re-engagement reminder or promotional campaign,206.9611111111111,3,668.97,222.99,541.7944444444445,35,1,0.0055269541365157
16720,0,0.68294746,High,Medium Priority,Automated re-engagement reminder or promotional campaign,195.91736111111112,2,605.79,302.895,541.7888888888889,107,1,0.0036846738040162
15879,1,0.44610298,Medium,Monitor,Continue monitoring and regular customer engagement,223.85347222222225,4,1137.8,284.45,541.7055555555555,171,1,0.0073704791835146
17638,1,0.79550934,Critical,High Priority,Targeted re-engagement campaign with personalised offer,466.9291666666667,2,842.4,421.2,541.1194444444444,2,1,0.0036892238795263
12708,0,0.04268449,Low,Monitor,Continue monitoring and regular customer engagement,20.10902777777778,13,3742.92,287.91692307692307,541.1006944444445,100,1,0.0239807846277021
12826,0,0.22848238,Low,Monitor,Continue monitoring and regular customer engagement,136.03055555555557,8,2023.13,252.89125,541.0881944444444,82,1,0.0147577462154451
16772,1,0.74414045,Critical,Immediate Action,Personalised retention outreach with high-value incentive,242.97986111111112,3,3698.05,1232.6833333333334,541.0833333333334,54,1,0.0055342044581091
17927,1,0.91171414,Critical,High Priority,Targeted re-engagement campaign with personalised offer,541.0743055555556,1,294.0,294.0,541.0743055555556,10,0,0.0018447655418294
14083,0,0.23469459,Low,Monitor,Continue monitoring and regular customer engagement,18.89444444444445,7,553.23,79.03285714285714,541.0527777777778,96,1,0.0129138716504645
14555,0,0.34733045,Medium,Monitor,Continue monitoring and regular customer engagement,121.81319444444443,5,2177.83,435.566,541.0493055555555,93,1,0.0092242531237548
16296,1,0.85893327,Critical,High Priority,Targeted re-engagement campaign with personalised offer,445.98541666666665,4,1313.67,328.4175,541.0326388888889,56,1,0.0073796294042358
18036,0,0.1444022,Low,Monitor,Continue monitoring and regular customer engagement,65.05833333333334,9,1252.32,139.14666666666665,541.0319444444444,199,1,0.0166041874325775
13921,1,0.574059,High,Medium Priority,Automated re-engagement reminder or promotional campaign,221.84583333333333,4,730.7,182.675,541.0215277777778,36,1,0.0073797806821428
12455,0,0.09914202,Low,Monitor,Continue monitoring and regular customer engagement,9.053472222222222,7,5376.39,768.0557142857143,541.0118055555556,168,1,0.0129148478469488
13995,0,0.09527237,Low,Monitor,Continue monitoring and regular customer engagement,65.1875,10,2818.77,281.877,541.0048611111112,117,1,0.0184500190265821
12422,0,0.19995241,Low,Monitor,Continue monitoring and regular customer engagement,144.15069444444444,15,4666.74,311.116,541.0041666666667,113,1,0.0276750639985854
16600,0,0.12532894,Low,Monitor,Continue monitoring and regular customer engagement,72.72916666666667,9,1577.35,175.26111111111112,540.99375,77,1,0.0166053575341044
17028,1,0.69445896,High,Medium Priority,Automated re-engagement reminder or promotional campaign,400.8868055555556,3,1593.83,531.2766666666666,540.9319444444444,85,1,0.005535750440169
16222,1,0.6999354,High,Medium Priority,Automated re-engagement reminder or promotional campaign,137.96666666666667,2,1272.05,636.0250000000001,540.9298611111111,133,1,0.0036905144807843
15497,0,0.23459299,Low,Monitor,Continue monitoring and regular customer engagement,139.1173611111111,8,8365.789999999999,1045.72375,540.9041666666667,65,1,0.0147627578677041
14949,1,0.77894163,Critical,High Priority,Targeted re-engagement campaign with personalised offer,288.8833333333333,4,515.0,128.75,540.8902777777778,16,1,0.0073815681218778
17324,0,0.24144076,Medium,Monitor,Continue monitoring and regular customer engagement,151.06180555555557,10,1886.82,188.682,540.8895833333333,85,1,0.0184539439538343
15409,1,0.9008706,Critical,High Priority,Targeted re-engagement campaign with personalised offer,540.8854166666666,1,131.25,131.25,540.8854166666666,9,0,0.0018454085849945
13327,0,0.027858173,Low,Monitor,Continue monitoring and regular customer engagement,5.163888888888889,17,7379.06,434.06235294117647,540.8854166666666,157,1,0.0313719459449068
13781,1,0.5615319,High,Medium Priority,Automated re-engagement reminder or promotional campaign,70.02916666666667,3,778.83,259.61,540.8777777777777,56,1,0.0055363037995447
16592,0,0.017274132,Low,Monitor,Continue monitoring and regular customer engagement,3.048611111111111,20,5215.21,260.7605,540.8701388888888,159,1,0.0369092123087096
18252,0,0.7505543,Critical,High Priority,Targeted re-engagement campaign with personalised offer,368.0173611111111,5,1015.42,203.084,540.8590277777778,35,1,0.0092274922879951
14105,1,0.25688946,Medium,Monitor,Continue monitoring and regular customer engagement,58.78611111111111,5,5988.83,1197.766,540.8284722222222,200,1,0.0092280126577573
13847,1,0.9176757,Critical,High Priority,Targeted re-engagement campaign with personalised offer,539.0895833333333,1,310.72,310.72,539.0895833333333,19,0,0.0018515446897312
15518,0,0.04991847,Low,Monitor,Continue monitoring and regular customer engagement,34.94513888888889,11,3242.61,294.7827272727273,539.0201388888889,213,1,0.0203696107012469
17624,0,0.4621252,Medium,Monitor,Continue monitoring and regular customer engagement,37.78541666666667,3,1125.45,375.15,539.0104166666666,71,1,0.0055554483902702
13871,0,0.047300268,Low,Monitor,Continue monitoring and regular customer engagement,26.1125,9,3878.33,430.9255555555556,538.9868055555555,106,1,0.016667073912557
12609,0,0.08045974,Low,Monitor,Continue monitoring and regular customer engagement,5.888194444444444,8,3109.74,388.7175,538.9722222222222,117,1,0.0148155769329698
14404,0,0.14866035,Low,Monitor,Continue monitoring and regular customer engagement,79.11458333333333,10,1973.39,197.339,538.9236111111111,90,1,0.0185211385355438
13111,1,0.89437985,Critical,High Priority,Targeted re-engagement campaign with personalised offer,538.1597222222222,1,321.88000000000005,321.88000000000005,538.1597222222222,12,0,0.0018547379538633
16282,1,0.5175647,Medium,Monitor,Continue monitoring and regular customer engagement,159.04722222222222,3,1307.58,435.86,538.0402777777778,31,1,0.005565446820352
13510,0,0.06260614,Low,Monitor,Continue monitoring and regular customer engagement,3.1375,8,3352.05,419.00625,538.0395833333333,141,1,0.0148412106408388
14119,1,0.73664564,Critical,High Priority,Targeted re-engagement campaign with personalised offer,195.0951388888889,2,183.37,91.685,537.9152777777778,11,1,0.0037111584741984
17182,1,0.65540045,High,Medium Priority,Automated re-engagement reminder or promotional campaign,242.11180555555555,2,321.3,160.65,537.8944444444444,4,1,0.0037113019453407
14819,0,0.5187756,Medium,Monitor,Continue monitoring and regular customer engagement,11.958333333333334,3,269.06,89.68666666666667,537.8722222222223,43,1,0.0055671824901801
14480,0,0.5220809,High,Medium Priority,Automated re-engagement reminder or promotional campaign,222.01041666666663,3,1020.47,340.1566666666667,537.8458333333333,43,1,0.0055674551317244
17888,0,0.10816515,Low,Monitor,Continue monitoring and regular customer engagement,31.93125,20,1260.17,63.008500000000005,537.8444444444444,107,1,0.0371164632134609
18251,0,0.49908412,Medium,Monitor,Continue monitoring and regular customer engagement,264.975,8,21964.14,2745.5175,537.0340277777777,77,1,0.0148689480348336
12440,1,0.719786,Critical,High Priority,Targeted re-engagement campaign with personalised offer,281.98541666666665,2,859.2,429.6,537.0326388888889,21,1,0.003717246604463
18190,1,0.39619225,Medium,Monitor,Continue monitoring and regular customer engagement,11.918055555555556,5,745.62,149.124,537.03125,34,1,0.0092931405006679
13082,0,0.06933298,Low,Monitor,Continue monitoring and regular customer engagement,55.045138888888886,17,5682.3,334.2529411764706,536.8840277777778,86,1,0.0316053259105574
15064,1,0.55046517,High,Medium Priority,Automated re-engagement reminder or promotional campaign,229.92916666666667,4,1254.41,313.6025,536.85625,75,1,0.0074369313362073
14151,1,0.8455634,Critical,High Priority,Targeted re-engagement campaign with personalised offer,492.8854166666667,2,679.45,339.725,536.0805555555555,44,1,0.0037238361718964
12539,0,0.20128286,Low,Monitor,Continue monitoring and regular customer engagement,81.86805555555556,6,10164.09,1694.015,535.9930555555555,247,1,0.0111733288502075
13287,1,0.7708732,Critical,High Priority,Targeted re-engagement campaign with personalised offer,422.89166666666665,3,781.59,260.53000000000003,524.0881944444444,46,1,0.0057133259359869
13821,0,0.2572542,Medium,Monitor,Continue monitoring and regular customer engagement,81.05555555555556,5,1263.59,252.718,523.9680555555556,151,1,0.0095243890501273
16792,1,0.42009678,Medium,Monitor,Continue monitoring and regular customer engagement,101.92291666666668,5,623.46,124.692,523.9604166666667,90,1,0.0095245276429572
17807,1,0.54182124,High,Medium Priority,Automated re-engagement reminder or promotional campaign,214.85347222222225,3,437.87,145.95666666666668,523.9513888888889,88,1,0.0057148148638101
14477,0,0.24917749,Medium,Monitor,Continue monitoring and regular customer engagement,3.970138888888889,5,1183.0,236.6,523.88125,5,1,0.0095259642061894
14839,1,0.5640347,High,Medium Priority,Automated re-engagement reminder or promotional campaign,237.9923611111111,3,915.28,305.0933333333333,523.8479166666667,61,1,0.0057159415227426
17950,0,0.4066505,Medium,Monitor,Continue monitoring and regular customer engagement,184.89583333333331,6,947.26,157.8766666666667,523.7993055555555,110,1,0.0114329419579707
16875,0,0.14525378,Low,Monitor,Continue monitoring and regular customer engagement,115.99166666666666,9,2944.09,327.12111111111113,523.1486111111111,115,1,0.0171707027534069
13901,0,0.094975136,Low,Monitor,Continue monitoring and regular customer engagement,75.92847222222223,12,3457.44,288.12,523.1395833333333,178,1,0.0228946646686831
14198,0,0.39501363,Medium,Monitor,Continue monitoring and regular customer engagement,58.91388888888889,6,1051.63,175.27166666666668,523.1131944444444,41,1,0.011447908702928
15521,0,0.04355854,Low,Monitor,Continue monitoring and regular customer engagement,31.99375,12,5765.82,480.485,523.1048611111111,177,1,0.022896181452238
18171,0,0.25972748,Medium,Monitor,Continue monitoring and regular customer engagement,58.05138888888889,6,1670.59,278.4316666666667,523.0861111111111,58,1,0.011448500299463
16017,0,0.57686514,High,Medium Priority,Automated re-engagement reminder or promotional campaign,236.99444444444444,4,1333.7,333.425,523.0305555555556,81,1,0.0076331426814594
13253,0,0.44864255,Medium,Monitor,Continue monitoring and regular customer engagement,158.8798611111111,3,2397.19,799.0633333333334,523.0256944444444,55,1,0.0057249101175859
13338,0,0.5450839,High,Medium Priority,Automated re-engagement reminder or promotional campaign,361.1020833333333,3,1958.6,652.8666666666667,523.0173611111111,101,1,0.0057250011595777
14969,1,0.8908343,Critical,High Priority,Targeted re-engagement campaign with personalised offer,523.0048611111112,1,906.23,906.23,523.0048611111112,13,0,0.0019083792426649
15865,0,0.35569534,Medium,Monitor,Continue monitoring and regular customer engagement,33.045833333333334,3,1660.22,553.4066666666666,522.9527777777778,99,1,0.0057257068332069
13610,0,0.11210033,Low,Monitor,Continue monitoring and regular customer engagement,6.9625,10,1485.75,148.575,522.9430555555556,228,1,0.0190860435957045
13965,1,0.7812071,Critical,High Priority,Targeted re-engagement campaign with personalised offer,296.09027777777777,3,996.61,332.2033333333333,522.8951388888889,23,1,0.0057263367748794
14954,0,0.8653187,Critical,High Priority,Targeted re-engagement campaign with personalised offer,522.8416666666667,1,167.27,167.27,522.8416666666667,41,0,0.0019089737675188
14210,0,0.033670112,Low,Monitor,Continue monitoring and regular customer engagement,17.002777777777776,15,5250.38,350.0253333333333,522.10625,141,1,0.0286748628983117
17362,1,0.32454276,Medium,Monitor,Continue monitoring and regular customer engagement,58.921527777777776,7,1024.04,146.29142857142855,522.08125,99,1,0.0133822422424814
14194,0,0.029582174,Low,Monitor,Continue monitoring and regular customer engagement,16.047916666666666,22,10728.94,487.6790909090909,522.0236111111111,344,1,0.0420631105988947
18008,0,0.038428936,Low,Monitor,Continue monitoring and regular customer engagement,22.829166666666666,21,19708.3,938.490476190476,522.0104166666666,75,1,0.0401521639546694
17753,1,0.7350525,Critical,High Priority,Targeted re-engagement campaign with personalised offer,283.87569444444443,4,382.06,95.515,521.9375,63,1,0.0076490976455121
17941,0,0.747776,Critical,High Priority,Targeted re-engagement campaign with personalised offer,410.14375,3,1128.72,376.24,521.8840277777778,3,1,0.005737409904735
18094,0,0.084722504,Low,Monitor,Continue monitoring and regular customer engagement,38.04444444444445,9,5151.42,572.38,521.0652777777777,46,1,0.0172392234900382
17404,0,0.048696283,Low,Monitor,Continue monitoring and regular customer engagement,31.009722222222223,14,29727.92,2123.422857142857,521.0548611111111,84,1,0.0268171049498576
14541,0,0.098385334,Low,Monitor,Continue monitoring and regular customer engagement,33.80972222222222,12,2043.48,170.29,521.0354166666667,99,1,0.0229869461283357
15266,1,0.5600628,High,Medium Priority,Automated re-engagement reminder or promotional campaign,157.96527777777777,5,852.21,170.442,521.0215277777778,38,1,0.0095781490493021
16641,0,0.88668656,Critical,High Priority,Targeted re-engagement campaign with personalised offer,521.0194444444444,1,323.40000000000003,323.40000000000003,521.0194444444444,24,0,0.0019156374549692
16862,1,0.7619937,Critical,High Priority,Targeted re-engagement campaign with personalised offer,366.9895833333333,4,662.33,165.5825,520.9951388888888,34,1,0.007662906609656
16888,1,0.55886775,High,Medium Priority,Automated re-engagement reminder or promotional campaign,220.0076388888889,3,434.2,144.73333333333332,520.9881944444444,44,1,0.0057472564167718
15874,0,0.05085955,Low,Monitor,Continue monitoring and regular customer engagement,37.07291666666666,19,9041.68,475.8778947368421,520.9541666666667,233,1,0.03640166361989
15100,1,0.5460349,High,High Priority,Targeted re-engagement campaign with personalised offer,153.09375,7,2193.9,313.41428571428565,520.9284722222222,11,1,0.0134117994563431
15324,1,0.93307567,Critical,High Priority,Targeted re-engagement campaign with personalised offer,520.9256944444444,1,140.22000000000003,140.22000000000003,520.9256944444444,8,0,0.0019159815480332
14465,1,0.12072077,Low,Monitor,Continue monitoring and regular customer engagement,66.00833333333334,11,3925.85,356.8954545454545,520.9076388888889,128,1,0.021076526152057
15152,0,0.46359095,Medium,Monitor,Continue monitoring and regular customer engagement,6.884722222222222,2,1274.24,637.12,520.8993055555555,70,1,0.0038321568523089
12678,0,0.03377822,Low,Monitor,Continue monitoring and regular customer engagement,7.039583333333334,15,22544.08,1502.938666666667,520.8361111111111,174,1,0.0287446569538115
16057,0,0.24027303,Medium,Monitor,Continue monitoring and regular customer engagement,30.98611111111111,6,2651.27,441.8783333333333,520.81875,128,1,0.0114982453198548
12648,0,0.56839013,High,Medium Priority,Automated re-engagement reminder or promotional campaign,257.09375,3,793.95,264.65000000000003,520.7583333333333,32,1,0.0057497883758445
15586,1,0.7710327,Critical,High Priority,Targeted re-engagement campaign with personalised offer,412.0763888888889,3,1139.1,379.7000000000001,520.1166666666667,30,1,0.0057568682636645
14045,0,0.29207912,Medium,Monitor,Continue monitoring and regular customer engagement,157.1173611111111,15,10578.63,705.242,520.1125,16,1,0.0287845714696922
13360,1,0.6227545,High,Medium Priority,Automated re-engagement reminder or promotional campaign,251.0090277777778,4,1553.65,388.4125,520.0652777777777,58,1,0.0076765813624332
15827,0,0.059145324,Low,Monitor,Continue monitoring and regular customer engagement,2.967361111111111,24,2882.7200000000003,120.11333333333334,520.0590277777778,98,1,0.046060040649052
13854,0,0.06883545,Low,Monitor,Continue monitoring and regular customer engagement,16.004166666666666,30,8994.58,299.8193333333333,520.0569444444444,53,1,0.0575752810126852
16103,0,0.03367956,Low,Monitor,Continue monitoring and regular customer engagement,6.038194444444445,19,5567.33,293.01736842105265,520.0291666666667,105,1,0.036466288675458
15607,1,0.26695147,Medium,Monitor,Continue monitoring and regular customer engagement,156.00416666666666,9,1708.97,189.8855555555556,520.0236111111111,95,1,0.0172736893454924
16027,0,0.14919686,Low,Monitor,Continue monitoring and regular customer engagement,38.08263888888889,12,1630.41,135.8675,519.9784722222222,14,1,0.0230335813086753
14327,0,0.45120993,Medium,Monitor,Continue monitoring and regular customer engagement,201.89305555555555,5,1583.28,316.656,519.9486111111111,89,1,0.009597875670185
18170,0,0.15791221,Low,Monitor,Continue monitoring and regular customer engagement,36.90069444444445,7,2201.9,314.5571428571429,519.9444444444445,50,1,0.0134371334115388
14016,0,0.043619495,Low,Monitor,Continue monitoring and regular customer engagement,27.131944444444443,10,10426.83,1042.683,519.9430555555556,324,1,0.019195956051925
13044,1,0.14768395,Low,Monitor,Continue monitoring and regular customer engagement,110.89583333333331,11,4848.05,440.7318181818182,519.9194444444445,356,1,0.0211165087372221
14573,0,0.07263332,Low,Monitor,Continue monitoring and regular customer engagement,2.0569444444444445,12,2046.36,170.53,519.8444444444444,178,1,0.0230395084904855
13259,0,0.40758738,Medium,Monitor,Continue monitoring and regular customer engagement,217.07916666666668,8,1119.36,139.92,518.1,181,1,0.0154112887690233
16109,1,0.4216267,Medium,Monitor,Continue monitoring and regular customer engagement,38.14791666666667,3,939.48,313.16,518.0923611111111,30,1,0.0057793183347536
16787,1,0.50733924,Medium,Monitor,Continue monitoring and regular customer engagement,217.07569444444445,4,1017.53,254.3825,518.0680555555556,102,1,0.0077061186046573
14849,0,0.03068265,Low,Monitor,Continue monitoring and regular customer engagement,32.99930555555556,28,9889.98,353.2135714285714,518.0486111111111,194,1,0.0539448510228382
14532,1,0.13274027,Low,Monitor,Continue monitoring and regular customer engagement,55.989583333333336,11,3845.78,349.61636363636364,518.04375,209,1,0.02119281852445
17323,0,0.2541904,Medium,Monitor,Continue monitoring and regular customer engagement,34.894444444444446,7,935.59,133.65571428571428,518.0361111111112,121,1,0.0134865375455572
14160,1,0.6663006,High,High Priority,Targeted re-engagement campaign with personalised offer,429.93055555555554,7,8421.47,1203.067142857143,518.0305555555556,80,1,0.0134866819016221
13762,1,0.2890505,Medium,Monitor,Continue monitoring and regular customer engagement,38.14930555555556,5,2472.48,494.496,518.0256944444444,23,1,0.0096334344397957
18231,1,0.06517447,Low,Monitor,Continue monitoring and regular customer engagement,11.938888888888888,28,6854.17,244.7917857142857,518.0256944444444,218,1,0.053947232862856
12951,0,0.04546982,Low,Monitor,Continue monitoring and regular customer engagement,23.74305555555556,13,2774.53,213.42538461538464,518.0048611111112,101,1,0.0250479349502988
14091,1,0.88360924,Critical,Immediate Action,Personalised retention outreach with high-value incentive,473.8979166666667,2,9530.08,4765.04,517.9645833333333,13,1,0.003853827533189
13634,0,0.081726305,Low,Monitor,Continue monitoring and regular customer engagement,61.85625,13,4084.02,314.1553846153846,517.9333333333333,186,1,0.0250513874614594
17222,0,0.61788154,High,Medium Priority,Automated re-engagement reminder or promotional campaign,296.95972222222224,5,1250.86,250.17200000000005,517.8930555555555,71,1,0.0096358969280225
18242,0,0.17496479,Low,Monitor,Continue monitoring and regular customer engagement,15.936111111111112,6,2066.8,344.4666666666667,517.1673611111111,68,1,0.0115792704255515
17147,0,0.11281798,Low,Monitor,Continue monitoring and regular customer engagement,26.07847222222222,7,2458.47,351.21000000000004,517.1333333333333,74,1,0.0135100360267627
17113,1,0.7297368,Critical,Immediate Action,Personalised retention outreach with high-value incentive,393.95208333333335,6,2305.59,384.265,517.1083333333333,122,1,0.0115805896450227
13709,0,0.2914285,Medium,Monitor,Continue monitoring and regular customer engagement,134.91180555555556,6,1718.0,286.3333333333333,517.0902777777778,90,1,0.0115809932310166
17139,0,0.03317025,Low,Monitor,Continue monitoring and regular customer engagement,30.025694444444444,17,13621.89,801.2876470588235,517.0548611111111,348,1,0.0328150573928383
18115,1,0.92878675,Critical,High Priority,Targeted re-engagement campaign with personalised offer,517.0368055555556,1,9.7,9.7,517.0368055555556,3,0,0.0019303647719153
17529,1,0.6913054,High,Medium Priority,Automated re-engagement reminder or promotional campaign,429.7909722222222,2,1240.25,620.125,517.0145833333333,78,1,0.0038608951646309
12549,1,0.7494852,Critical,High Priority,Targeted re-engagement campaign with personalised offer,395.03125,6,1575.68,262.61333333333334,517.0145833333333,38,1,0.0115826854938929
12875,0,0.43360862,Medium,Monitor,Continue monitoring and regular customer engagement,182.0326388888889,4,1307.52,326.88,517.0090277777778,2,1,0.0077218731441027
17740,1,0.66770214,High,Medium Priority,Automated re-engagement reminder or promotional campaign,208.8451388888889,6,426.9,71.14999999999999,516.9854166666667,5,1,0.0115833376904916
15549,0,0.32828635,Medium,Monitor,Continue monitoring and regular customer engagement,135.88333333333333,6,1583.0,263.8333333333333,516.9819444444445,94,1,0.0115834153378362
14984,0,0.25375298,Medium,Monitor,Continue monitoring and regular customer engagement,0.0736111111111111,5,1160.37,232.074,516.9777777777778,27,1,0.0096529237633532
12406,0,0.21152322,Low,Monitor,Continue monitoring and regular customer engagement,3.1020833333333333,4,4596.31,1149.0775,516.9486111111111,81,1,0.0077227738702091
17023,1,0.55771554,High,Medium Priority,Automated re-engagement reminder or promotional campaign,236.8840277777778,3,800.18,266.7266666666667,516.9034722222223,48,1,0.0057925852227396
13433,1,0.7570334,Critical,High Priority,Targeted re-engagement campaign with personalised offer,320.8298611111111,4,658.3199999999999,164.57999999999998,516.1604166666667,22,1,0.0077345440043184
15186,0,0.69379646,High,Medium Priority,Automated re-engagement reminder or promotional campaign,293.90972222222223,3,991.79,330.59666666666664,516.1083333333333,22,1,0.0058014922727345
12939,0,0.20614025,Low,Monitor,Continue monitoring and regular customer engagement,92.83819444444444,15,20911.32,1394.088,516.0576388888888,24,1,0.0290103053737561
16841,0,0.043183863,Low,Monitor,Continue monitoring and regular customer engagement,4.925,9,3079.42,342.15777777777777,516.0541666666667,142,1,0.0174063001136244
17945,1,0.86673635,Critical,High Priority,Targeted re-engagement campaign with personalised offer,516.0486111111111,3,360.35,120.11666666666667,516.0534722222222,66,0,0.0058021078305623
15299,0,0.24598365,Medium,Monitor,Continue monitoring and regular customer engagement,83.03055555555555,7,4084.53,583.5042857142856,516.0527777777778,6,1,0.0135382697876318
15002,0,0.15803161,Low,Monitor,Continue monitoring and regular customer engagement,116.10069444444444,8,3643.91,455.48875,516.0486111111111,194,1,0.0154724330132294
12623,1,0.19384362,Low,Monitor,Continue monitoring and regular customer engagement,95.95833333333331,7,3747.84,535.4057142857143,516.0451388888889,112,1,0.0135384698037056
16422,0,0.029934276,Low,Monitor,Continue monitoring and regular customer engagement,5.054166666666666,86,46529.32,541.0386046511628,516.0368055555556,108,1,0.1663324526918215
13622,1,0.7795166,Critical,High Priority,Targeted re-engagement campaign with personalised offer,515.9777777777778,1,658.95,658.95,515.9777777777778,32,0,0.0019343191196698
14225,1,0.5846946,High,High Priority,Targeted re-engagement campaign with personalised offer,254.09583333333333,4,2031.07,507.7675,515.9083333333333,70,1,0.0077383159489916
14241,1,0.70285743,High,Medium Priority,Automated re-engagement reminder or promotional campaign,3.0444444444444443,2,333.70000000000005,166.85000000000002,515.9020833333333,12,1,0.0038692047575096
17352,1,0.9348189,Critical,High Priority,Targeted re-engagement campaign with personalised offer,515.8590277777778,1,36.25,36.25,515.8590277777778,5,0,0.0019347635356191
12649,0,0.1645674,Low,Monitor,Continue monitoring and regular customer engagement,31.92569444444445,6,2046.14,341.0233333333333,515.8097222222223,86,1,0.0116096887152213
14137,1,0.88858277,Critical,High Priority,Targeted re-engagement campaign with personalised offer,515.0138888888889,1,332.7,332.7,515.0138888888889,11,0,0.0019379323338626
14154,1,0.12201499,Low,Monitor,Continue monitoring and regular customer engagement,58.85,8,6460.7,807.5875,515.0020833333333,236,1,0.0155038133728465
14826,1,0.84155375,Critical,High Priority,Targeted re-engagement campaign with personalised offer,401.15972222222223,2,385.2,192.6,514.9875,10,1,0.0038760628891203
16585,1,0.85900533,Critical,High Priority,Targeted re-engagement campaign with personalised offer,413.0944444444444,2,341.59,170.79500000000002,514.9715277777777,16,1,0.0038761828750778
15513,0,0.027655538,Low,Monitor,Continue monitoring and regular customer engagement,18.88958333333333,28,17748.29,633.8675000000001,514.9104166666667,219,1,0.0542729882852723
12647,0,0.030866267,Low,Monitor,Continue monitoring and regular customer engagement,19.104861111111116,31,15535.04,501.1303225806452,514.9055555555556,223,1,0.0600885174935119
17962,0,0.5721524,High,Medium Priority,Automated re-engagement reminder or promotional campaign,368.8513888888889,3,564.55,188.1833333333333,514.8930555555555,126,1,0.0058151587188343
17757,0,0.077843554,Low,Monitor,Continue monitoring and regular customer engagement,10.865972222222222,41,5910.4,144.1560975609756,514.8708333333333,290,1,0.0794772593268663
14146,0,0.1137184,Low,Monitor,Continue monitoring and regular customer engagement,74.0736111111111,9,7163.03,795.8922222222222,514.8652777777778,248,1,0.0174464155423869
13929,0,0.25277627,Medium,Monitor,Continue monitoring and regular customer engagement,145.90208333333334,10,3064.3,306.43,514.2256944444445,38,1,0.0194089699093574
16304,1,0.879484,Critical,High Priority,Targeted re-engagement campaign with personalised offer,514.1805555555555,1,381.66,381.66,514.1805555555555,25,0,0.0019410670476909
13152,1,0.5342282,High,High Priority,Targeted re-engagement campaign with personalised offer,236.9625,7,2146.38,306.6257142857143,514.1173611111111,114,1,0.0135891362405277
18041,0,0.020056339,Low,Monitor,Continue monitoring and regular customer engagement,2.8715277777777777,31,6578.01,212.19387096774196,514.1152777777778,346,1,0.0601807038877489
13787,0,0.4807662,Medium,Monitor,Continue monitoring and regular customer engagement,183.92013888888889,5,1019.86,203.972,514.1090277777778,56,1,0.0097066829163728
16414,0,0.4629631,Medium,Monitor,Continue monitoring and regular customer engagement,99.97430555555556,4,475.76,118.94,514.1034722222222,56,1,0.00776543008484
14256,1,0.2682242,Medium,Monitor,Continue monitoring and regular customer engagement,79.98125,5,2460.79,492.158,514.09375,100,1,0.0097069708184189
15903,0,0.14465374,Low,Monitor,Continue monitoring and regular customer engagement,47.04097222222222,7,4454.72,636.3885714285715,514.0784722222222,39,1,0.0135901622325616
16660,0,0.32988304,Medium,Monitor,Continue monitoring and regular customer engagement,30.0875,5,996.26,199.252,514.0701388888889,10,1,0.0097074157915386
14423,1,0.4877583,Medium,Monitor,Continue monitoring and regular customer engagement,37.90138888888889,3,916.61,305.53666666666663,514.0423611111111,12,1,0.0058247636049354
18134,1,0.85705495,Critical,High Priority,Targeted re-engagement campaign with personalised offer,417.95,2,445.0,222.5,514.0354166666667,27,1,0.0038832280951552
12644,0,0.64719236,High,Medium Priority,Automated re-engagement reminder or promotional campaign,250.10208333333333,3,1440.58,480.1933333333334,513.9916666666667,76,1,0.0058253369795627
17496,1,0.4893492,Medium,Monitor,Continue monitoring and regular customer engagement,178.17430555555555,4,1412.89,353.2225,513.9680555555556,54,1,0.0077674720923897
15605,0,0.30037102,Medium,Monitor,Continue monitoring and regular customer engagement,71.96041666666666,7,1233.9,176.27142857142857,513.9493055555556,59,1,0.0135935711039517
13233,0,0.5283112,High,Medium Priority,Automated re-engagement reminder or promotional campaign,155.91736111111112,3,875.58,291.86,513.9444444444445,49,1,0.0058258711835149
15046,0,0.03979354,Low,Monitor,Continue monitoring and regular customer engagement,14.078472222222222,18,4809.98,267.2211111111111,513.93125,198,1,0.0349561227833812
13562,0,0.17481251,Low,Monitor,Continue monitoring and regular customer engagement,65.00555555555556,6,3642.12,607.02,513.8451388888889,72,1,0.0116539898054566
12431,0,0.02928361,Low,Monitor,Continue monitoring and regular customer engagement,20.15,19,7103.3,373.8578947368421,513.1569444444444,198,1,0.0369536971255534
15359,1,0.88885367,Critical,High Priority,Targeted re-engagement campaign with personalised offer,482.0854166666667,8,181.35,22.66875,513.0555555555555,10,1,0.0155625202636982
18106,1,0.36272207,Medium,Monitor,Continue monitoring and regular customer engagement,149.01875,6,1441.06,240.17666666666665,513.0513888888889,126,1,0.0116719848048049
17681,1,0.86370003,Critical,High Priority,Targeted re-engagement campaign with personalised offer,416.81111111111113,5,731.2,146.24,513.0395833333333,12,1,0.0097268773886576
12755,1,0.25590792,Medium,Monitor,Continue monitoring and regular customer engagement,100.00555555555556,11,5236.259999999999,476.0236363636363,513.0368055555556,34,1,0.0213992458927362
12789,0,0.7623924,Critical,High Priority,Targeted re-engagement campaign with personalised offer,332.0048611111111,2,181.5,90.75,513.0305555555556,2,1,0.0038908192876558
15771,1,0.79482204,Critical,High Priority,Targeted re-engagement campaign with personalised offer,423.95416666666665,3,1006.54,335.5133333333333,513.025,26,1,0.0058362920091435
16452,1,0.8963704,Critical,High Priority,Targeted re-engagement campaign with personalised offer,450.0076388888889,2,332.17,166.085,513.0194444444444,14,1,0.0038909033921111
14324,1,0.6508696,High,Medium Priority,Automated re-engagement reminder or promotional campaign,229.0458333333333,2,701.61,350.805,512.9715277777777,41,1,0.0038912661342297
17871,1,0.3055968,Medium,Monitor,Continue monitoring and regular customer engagement,24.054166666666667,5,1068.95,213.79,512.9180555555556,64,1,0.009729177533167
12631,0,0.50870013,Medium,Monitor,Continue monitoring and regular customer engagement,275.9166666666667,5,2841.07,568.2139999999999,512.9166666666666,105,1,0.0097292038268201
17227,0,0.19522922,Low,Monitor,Continue monitoring and regular customer engagement,76.11597222222223,8,1305.76,163.22,512.90625,47,1,0.0155670416539981
12860,1,0.9409972,Critical,High Priority,Targeted re-engagement campaign with personalised offer,512.8944444444444,1,54.22,54.22,512.8944444444444,16,0,0.0019459249089199
17454,1,0.13749851,Low,Monitor,Continue monitoring and regular customer engagement,11.952777777777778,10,1547.94,154.794,512.8819444444445,98,1,0.0194597224286814
15224,1,0.5585151,High,Medium Priority,Automated re-engagement reminder or promotional campaign,177.90833333333333,5,871.36,174.272,512.8583333333333,24,1,0.0097303082886009
12813,1,0.699124,High,Medium Priority,Automated re-engagement reminder or promotional campaign,321.125,3,1687.8,562.6,512.8319444444444,37,1,0.0058384848050729
15489,0,0.17790347,Low,Monitor,Continue monitoring and regular customer engagement,30.997222222222224,6,1633.59,272.26500000000004,512.8277777777778,66,1,0.0116770642995383
14451,0,0.06261189,Low,Monitor,Continue monitoring and regular customer engagement,14.010416666666666,11,2974.78,270.43454545454546,511.09375,218,1,0.0214804418136327
14421,0,0.21085513,Low,Monitor,Continue monitoring and regular customer engagement,31.084027777777777,5,2111.44,422.288,511.05555555555554,67,1,0.0097645654768362
17801,1,0.57584846,High,Medium Priority,Automated re-engagement reminder or promotional campaign,270.9291666666667,3,770.03,256.6766666666667,511.0548611111111,66,1,0.0058587472316741
16595,0,0.36194763,Medium,Monitor,Continue monitoring and regular customer engagement,195.94097222222223,4,1397.59,349.3975,511.0263888888889,286,1,0.0078120973582633
13907,1,0.9238848,Critical,High Priority,Targeted re-engagement campaign with personalised offer,511.0194444444445,1,136.8,136.8,511.0194444444445,4,0,0.0019530508281478
16510,1,0.3405571,Medium,Monitor,Continue monitoring and regular customer engagement,191.96597222222223,6,1777.5,296.25,511.0138888888889,94,1,0.0117184321171843
14420,0,0.52836907,High,Medium Priority,Automated re-engagement reminder or promotional campaign,216.08402777777775,3,1251.65,417.2166666666667,511.00625,58,1,0.0058593034752993
16524,1,0.6359101,High,Medium Priority,Automated re-engagement reminder or promotional campaign,265.9673611111112,2,306.19,153.095,510.9819444444444,50,1,0.0039063877578148
16166,1,0.71378046,Critical,High Priority,Targeted re-engagement campaign with personalised offer,247.87916666666663,2,435.83,217.915,510.9402777777778,18,1,0.0039067056975504
16434,0,0.14407441,Low,Monitor,Continue monitoring and regular customer engagement,11.925694444444444,8,1878.61,234.82625,510.9159722222222,79,1,0.0156275647451906
13869,0,0.10810636,Low,Monitor,Continue monitoring and regular customer engagement,82.0875,9,6486.38,720.7088888888889,510.9145833333333,425,1,0.0175810580378399
13616,1,0.81736434,Critical,High Priority,Targeted re-engagement campaign with personalised offer,387.99375,2,283.85,141.925,510.9125,31,1,0.003906917686128
17591,0,0.1738308,Low,Monitor,Continue monitoring and regular customer engagement,22.981944444444444,6,1762.92,293.82,510.8618055555556,93,1,0.0117219138737804
14892,1,0.9259923,Critical,High Priority,Targeted re-engagement campaign with personalised offer,510.1611111111111,1,202.35,202.35,510.1611111111111,13,0,0.0019563303589866
12877,0,0.07340653,Low,Monitor,Continue monitoring and regular customer engagement,20.119444444444444,15,2088.41,139.22733333333335,510.1020833333333,80,1,0.0293483444680408
14441,0,0.16274247,Low,Monitor,Continue monitoring and regular customer engagement,75.03402777777778,8,3255.64,406.955,510.09027777777777,76,1,0.0156528119352691
14754,0,0.3868478,Medium,Monitor,Continue monitoring and regular customer engagement,115.0201388888889,5,1138.15,227.63,510.0736111111111,90,1,0.0097833264940634
15747,0,0.36277127,Medium,Monitor,Continue monitoring and regular customer engagement,195.08333333333331,6,1553.17,258.8616666666667,510.0618055555556,78,1,0.0117402629873262
15795,0,0.513144,Medium,Monitor,Continue monitoring and regular customer engagement,249.89791666666667,7,1369.86,195.6942857142857,510.0548611111111,74,1,0.0136971596058805
18057,1,0.4832459,Medium,Monitor,Continue monitoring and regular customer engagement,212.82986111111111,3,1188.46,396.15333333333336,510.00555555555553,121,1,0.0058707776606038
14461,0,0.109573364,Low,Monitor,Continue monitoring and regular customer engagement,81.02430555555556,11,5350.08,486.3709090909091,510.00138888888887,424,1,0.0215263602784293
14442,1,0.16129297,Low,Monitor,Continue monitoring and regular customer engagement,24.051388888888887,7,5367.02,766.7171428571428,509.99375,128,1,0.0136987976858816
17966,0,0.20694149,Low,Monitor,Continue monitoring and regular customer engagement,4.082638888888889,7,1148.99,164.14142857142858,509.9763888888889,39,1,0.0136992631209856
15164,0,0.07859808,Low,Monitor,Continue monitoring and regular customer engagement,27.98333333333333,8,1566.76,195.845,509.9694444444444,223,1,0.0156565134901521
17048,0,0.23215161,Low,Monitor,Continue monitoring and regular customer engagement,102.03263888888888,6,1906.73,317.78833333333336,509.9548611111111,83,1,0.0117427202609493
17773,1,0.7095032,Critical,High Priority,Targeted re-engagement campaign with personalised offer,333.94652777777776,2,575.37,287.685,509.9291666666667,48,1,0.0039144369327124
16954,0,0.07162047,Low,Monitor,Continue monitoring and regular customer engagement,74.05416666666666,14,4938.28,352.7342857142857,509.9173611111111,81,1,0.0274016916738818
15375,1,0.935374,Critical,High Priority,Targeted re-engagement campaign with personalised offer,509.8833333333333,1,60.96,60.96,509.8833333333333,6,0,0.0019573940560467
14343,1,0.46194616,Medium,Monitor,Continue monitoring and regular customer engagement,240.98958333333331,4,1079.66,269.915,509.8354166666667,193,1,0.007830310643105
15697,1,0.905324,Critical,High Priority,Targeted re-engagement campaign with personalised offer,509.15277777777777,1,246.75,246.75,509.15277777777777,14,0,0.0019601971087092
16867,1,0.9333374,Critical,High Priority,Targeted re-engagement campaign with personalised offer,509.1520833333333,1,76.74000000000001,76.74000000000001,509.1520833333333,6,0,0.0019601997770272
16287,0,0.515001,Medium,Monitor,Continue monitoring and regular customer engagement,195.92152777777775,4,864.48,216.12,509.1277777777778,18,1,0.007841172690938
15198,0,0.56300324,High,Medium Priority,Automated re-engagement reminder or promotional campaign,228.09583333333333,3,377.71,125.90333333333336,509.1173611111111,20,1,0.005880999606572
13877,0,0.60858023,High,Medium Priority,Automated re-engagement reminder or promotional campaign,289.81319444444443,2,332.44,166.22000000000003,509.08125,20,1,0.0039209439672601
12470,1,0.9101558,Critical,High Priority,Targeted re-engagement campaign with personalised offer,509.0756944444444,1,211.95,211.95,509.0756944444444,23,0,0.0019604933363648
17769,0,0.14279991,Low,Monitor,Continue monitoring and regular customer engagement,98.02083333333331,9,3972.71,441.4122222222222,509.05347222222224,242,1,0.0176452087675992
17706,0,0.03190636,Low,Monitor,Continue monitoring and regular customer engagement,7.083333333333333,19,10958.93,576.7857894736842,509.02569444444447,305,1,0.0372530251063059
14715,0,0.34144777,Medium,Monitor,Continue monitoring and regular customer engagement,117.9798611111111,6,1205.52,200.92,509.02222222222224,69,1,0.0117641932813385
12589,0,0.47590035,Medium,Monitor,Continue monitoring and regular customer engagement,241.0388888888889,6,4048.98,674.83,509.01666666666665,100,1,0.0117643214274043
16087,1,0.49131498,Medium,Monitor,Continue monitoring and regular customer engagement,208.8375,5,1739.92,347.98400000000004,509.0138888888889,6,1,0.0098036545845701
14472,0,0.17918693,Low,Monitor,Continue monitoring and regular customer engagement,7.004166666666666,6,1723.26,287.21,508.9868055555556,158,1,0.0117650102603417
13555,0,0.04906022,Low,Monitor,Continue monitoring and regular customer engagement,21.059722222222224,11,6383.01,580.2736363636363,508.9791666666667,204,1,0.0215695085583561
12733,1,0.28751424,Medium,Monitor,Continue monitoring and regular customer engagement,53.85486111111111,4,2424.87,606.2175,508.9770833333333,117,1,0.007843489699292
14413,1,0.5465799,High,Medium Priority,Automated re-engagement reminder or promotional campaign,181.9673611111111,4,764.52,191.13,508.9326388888889,93,1,0.0078441733180989
13315,1,0.8849345,Critical,High Priority,Targeted re-engagement campaign with personalised offer,508.8861111111111,1,310.26,310.26,508.8861111111111,22,0,0.0019612222773059
17245,1,0.6527301,High,Medium Priority,Automated re-engagement reminder or promotional campaign,24.088194444444444,2,371.63,185.815,508.8826388888889,24,1,0.003922471265855
17307,1,0.44428095,Medium,Monitor,Continue monitoring and regular customer engagement,214.96527777777777,11,3999.89,363.6263636363637,508.8416666666666,22,1,0.021575325673003
17963,1,0.7285287,Critical,High Priority,Targeted re-engagement campaign with personalised offer,290.86944444444447,4,643.16,160.79,508.80902777777777,98,1,0.0078460752596628
14983,1,0.90464807,Critical,High Priority,Targeted re-engagement campaign with personalised offer,508.8041666666667,1,183.2,183.2,508.8041666666667,30,0,0.0019615375184915
13397,0,0.059808716,Low,Monitor,Continue monitoring and regular customer engagement,2.8854166666666665,8,2628.21,328.52625,508.125,61,1,0.0157132334888288
12987,0,0.35481384,Medium,Monitor,Continue monitoring and regular customer engagement,17.03472222222222,4,1057.81,264.4525,508.1201388888889,48,1,0.0078566917598853
13027,0,0.10446731,Low,Monitor,Continue monitoring and regular customer engagement,53.12638888888889,16,14167.2,885.45,508.0895833333333,7,1,0.0314286532740226
16727,1,0.37107226,Medium,Monitor,Continue monitoring and regular customer engagement,183.9597222222222,4,1377.77,344.4425,508.08472222222224,158,1,0.0078572383444144
14556,1,0.6690905,High,Medium Priority,Automated re-engagement reminder or promotional campaign,415.91180555555553,3,815.69,271.8966666666667,508.0423611111111,158,1,0.0058934191517023
14388,0,0.044363942,Low,Monitor,Continue monitoring and regular customer engagement,22.850694444444443,11,4348.55,395.32272727272726,508.0388888888889,130,1,0.0216093509555043
17220,0,0.048084777,Low,Monitor,Continue monitoring and regular customer engagement,25.9625,12,2732.59,227.7158333333333,508.03680555555553,277,1,0.023573933886575
17356,1,0.4290683,Medium,Monitor,Continue monitoring and regular customer engagement,131.0715277777778,5,946.47,189.294,508.025,73,1,0.0098227002603015
17794,1,0.9142882,Critical,High Priority,Targeted re-engagement campaign with personalised offer,506.1055555555556,2,147.3,73.65,508.0229166666667,7,1,0.0039290961850931
15191,1,0.7177905,Critical,High Priority,Targeted re-engagement campaign with personalised offer,282.88402777777776,3,588.05,196.01666666666665,508.0104166666667,33,1,0.0058937890105392
14649,0,0.07585091,Low,Monitor,Continue monitoring and regular customer engagement,31.92222222222222,7,2830.72,404.3885714285714,507.9861111111111,301,1,0.0137528310639342
14595,0,0.55623907,High,Medium Priority,Automated re-engagement reminder or promotional campaign,132.96805555555557,3,587.6500000000001,195.88333333333333,507.95208333333335,30,1,0.0058944645247383
16085,0,0.11555463,Low,Monitor,Continue monitoring and regular customer engagement,56.01736111111112,9,1684.56,187.1733333333333,507.9493055555556,196,1,0.0176834900878307
13982,0,0.24095197,Medium,Monitor,Continue monitoring and regular customer engagement,145.9875,7,2986.28,426.6114285714285,507.9486111111111,96,1,0.0137538443905327
17875,1,0.91619736,Critical,High Priority,Targeted re-engagement campaign with personalised offer,507.8888888888889,1,167.1,167.1,507.8888888888889,25,0,0.0019650655021834
16634,1,0.31585184,Medium,Monitor,Continue monitoring and regular customer engagement,42.02847222222222,6,1649.81,274.9683333333333,507.1388888888889,72,1,0.0118077953315475
14207,1,0.9274815,Critical,High Priority,Targeted re-engagement campaign with personalised offer,507.1368055555556,1,157.8,157.8,507.1368055555556,2,0,0.0019679739571446
15095,0,0.086839415,Low,Monitor,Continue monitoring and regular customer engagement,22.93263888888889,7,2541.54,363.07714285714286,507.13402777777776,89,1,0.0137758930072309
12986,1,0.53367215,High,High Priority,Targeted re-engagement campaign with personalised offer,248.0368055555556,10,2729.84,272.98400000000004,507.08680555555554,61,1,0.0196816762227583
14431,1,0.40797353,Medium,Monitor,Continue monitoring and regular customer engagement,122.09027777777776,4,2614.2,653.55,507.0840277777778,72,1,0.0078727135302696
14530,0,0.033898547,Low,Monitor,Continue monitoring and regular customer engagement,4.930555555555555,13,4723.8,363.3692307692308,507.05902777777777,227,1,0.0255875779963231
14320,1,0.338672,Medium,Monitor,Continue monitoring and regular customer engagement,26.14305555555556,5,1346.75,269.35,507.04583333333335,68,1,0.0098416317425429
14714,0,0.4078374,Medium,Monitor,Continue monitoring and regular customer engagement,226.79444444444445,3,746.05,248.6833333333333,507.0409722222222,59,1,0.0059050355464003
15910,0,0.06449034,Low,Monitor,Continue monitoring and regular customer engagement,26.843055555555555,11,1982.9,180.2636363636364,507.0409722222222,322,1,0.0216517970034678
13527,0,0.09111588,Low,Monitor,Continue monitoring and regular customer engagement,21.023611111111112,7,2884.57,412.0814285714286,507.00902777777776,174,1,0.0137792826844448
15885,0,0.34883654,Medium,Monitor,Continue monitoring and regular customer engagement,128.89027777777778,13,1587.47,122.11307692307692,507.00208333333336,69,1,0.0255904462334061
14064,0,0.043757115,Low,Monitor,Continue monitoring and regular customer engagement,31.01388888888889,13,2768.06,212.9276923076923,506.97777777777776,100,1,0.0255916706767575
15296,0,0.036615822,Low,Monitor,Continue monitoring and regular customer engagement,3.042361111111111,9,8727.76,969.7511111111112,506.95972222222224,325,1,0.0177179402347627
14439,1,0.41412422,Medium,Monitor,Continue monitoring and regular customer engagement,139.04930555555555,5,9443.04,1888.608,506.9506944444444,105,1,0.0098434750748172
13543,1,0.86134756,Critical,High Priority,Targeted re-engagement campaign with personalised offer,453.9694444444444,2,1439.61,719.8050000000001,506.93055555555554,37,1,0.0039375461431188
15682,1,0.85492283,Critical,High Priority,Targeted re-engagement campaign with personalised offer,418.8888888888889,2,318.24,159.12,506.9256944444445,25,1,0.0039375838274682
17320,0,0.25803766,Medium,Monitor,Continue monitoring and regular customer engagement,55.94513888888889,5,2154.33,430.866,506.84791666666666,67,1,0.0098454671879294
15126,1,0.77876836,Critical,High Priority,Targeted re-engagement campaign with personalised offer,356.0131944444444,2,449.49,224.745,506.8201388888889,25,1,0.0039384022941193
17180,0,0.10850095,Low,Monitor,Continue monitoring and regular customer engagement,60.85416666666666,10,2005.6,200.56,506.7965277777778,179,1,0.0196929270937752
13413,1,0.9040746,Critical,High Priority,Targeted re-engagement campaign with personalised offer,459.0229166666667,6,429.44,71.57333333333334,506.7965277777778,38,1,0.0118157562562651
13192,0,0.20336081,Low,Monitor,Continue monitoring and regular customer engagement,24.91180555555556,5,2110.96,422.192,506.1756944444445,113,1,0.0098585165944849
14854,0,0.10487841,Low,Monitor,Continue monitoring and regular customer engagement,47.01458333333333,7,2754.36,393.48,506.12638888888887,110,1,0.0138032651295014
14209,0,0.053290367,Low,Monitor,Continue monitoring and regular customer engagement,33.11805555555556,12,4002.99,333.5825,506.0986111111111,125,1,0.0236640364163227
14274,1,0.89402837,Critical,High Priority,Targeted re-engagement campaign with personalised offer,505.9993055555556,1,256.6,256.6,505.9993055555556,15,0,0.0019723892893782
17460,0,0.12444048,Low,Monitor,Continue monitoring and regular customer engagement,45.08055555555556,15,1998.12,133.208,505.97569444444446,90,1,0.0295872172263353
12531,0,0.6708337,High,Medium Priority,Automated re-engagement reminder or promotional campaign,505.93958333333336,1,1807.98,1807.98,505.93958333333336,110,0,0.0019726216552761
16822,1,0.88308185,Critical,High Priority,Targeted re-engagement campaign with personalised offer,505.93611111111113,1,181.39,181.39,505.93611111111113,11,0,0.0019726351666054
13889,0,0.46581015,Medium,Monitor,Continue monitoring and regular customer engagement,201.97569444444449,5,1574.3300000000002,314.866,505.9291666666667,50,1,0.009863310949097
14640,0,0.24775197,Medium,Monitor,Continue monitoring and regular customer engagement,47.01319444444445,5,1937.73,387.546,505.87916666666666,105,1,0.0098642838940904
14837,0,0.11479338,Low,Monitor,Continue monitoring and regular customer engagement,21.000694444444445,6,2303.08,383.8466666666666,504.1041666666667,114,1,0.0118787378840998
17242,0,0.63976425,High,Medium Priority,Automated re-engagement reminder or promotional campaign,276.0875,3,1754.24,584.7466666666666,504.09930555555553,27,1,0.0059394261029528
17618,0,0.09444587,Low,Monitor,Continue monitoring and regular customer engagement,67.98819444444445,10,3696.84,369.684,504.0743055555556,196,1,0.019799066968969
17335,1,0.7042869,High,Medium Priority,Automated re-engagement reminder or promotional campaign,203.10625,2,497.04,248.52,504.06597222222223,34,1,0.0039598787287139
17780,1,0.82657576,Critical,High Priority,Targeted re-engagement campaign with personalised offer,486.96319444444447,3,346.56,115.52,504.0618055555556,76,1,0.0059398670954737
16950,0,0.22487451,Low,Monitor,Continue monitoring and regular customer engagement,186.89583333333331,8,2535.21,316.90125,504.0583333333333,84,1,0.0158397544838055
12916,0,0.10902524,Low,Monitor,Continue monitoring and regular customer engagement,21.09027777777778,6,3786.36,631.06,504.0583333333333,75,1,0.0118798158628541
13036,1,0.92612433,Critical,High Priority,Targeted re-engagement campaign with personalised offer,504.0520833333333,1,307.1,307.1,504.0520833333333,6,0,0.0019799938125193
14879,1,0.90968287,Critical,High Priority,Targeted re-engagement campaign with personalised offer,504.0520833333333,1,185.06,185.06,504.0520833333333,27,0,0.0019799938125193
12703,0,0.88238955,Critical,High Priority,Targeted re-engagement campaign with personalised offer,452.97777777777776,3,722.98,240.9933333333333,504.03125,44,1,0.0059402264711342
13249,0,0.36648485,Medium,Monitor,Continue monitoring and regular customer engagement,80.89166666666667,7,1189.36,169.90857142857143,504.0270833333333,2,1,0.0138606427873092
15727,0,0.037171472,Low,Monitor,Continue monitoring and regular customer engagement,17.897222222222222,12,7443.62,620.3016666666666,504.0263888888889,344,1,0.0237611345941768
15711,1,0.7978102,Critical,High Priority,Targeted re-engagement campaign with personalised offer,376.025,2,420.25,210.125,504.02569444444447,25,1,0.003960194544557
14701,0,0.09913608,Low,Monitor,Continue monitoring and regular customer engagement,66.90833333333333,11,3694.92,335.9018181818182,504.02430555555554,363,1,0.0217811298961133
16255,0,0.098748274,Low,Monitor,Continue monitoring and regular customer engagement,65.98194444444445,11,2971.76,270.16,504.0201388888889,163,1,0.0217813096012397
14070,1,0.8733694,Critical,High Priority,Targeted re-engagement campaign with personalised offer,504.0159722222222,1,321.6,321.6,504.0159722222222,40,0,0.0019801353917574
17071,0,0.086708106,Low,Monitor,Continue monitoring and regular customer engagement,7.089583333333334,8,2408.7,301.0875,503.9895833333333,99,1,0.0158419109305059
16523,0,0.032791372,Low,Monitor,Continue monitoring and regular customer engagement,19.186805555555555,15,5333.46,355.564,503.98333333333335,107,1,0.0297039506254331
14522,0,0.3474906,Medium,Monitor,Continue monitoring and regular customer engagement,17.867361111111112,5,1052.51,210.50200000000004,503.9548611111111,27,1,0.0099018751676098
17141,1,0.54334,High,Medium Priority,Automated re-engagement reminder or promotional campaign,237.9138888888889,4,727.58,181.895,503.9381944444444,138,1,0.0079217616017361
13209,0,0.07684047,Low,Monitor,Continue monitoring and regular customer engagement,47.07361111111111,8,4980.34,622.5425,503.93055555555554,170,1,0.0158437628936872
15696,0,0.13750654,Low,Monitor,Continue monitoring and regular customer engagement,40.05277777777778,11,2800.06,254.55090909090907,503.9263888888889,116,1,0.0217853537506842
13729,1,0.6583743,High,Medium Priority,Automated re-engagement reminder or promotional campaign,255.0875,3,724.73,241.57666666666668,503.91180555555553,36,1,0.0059416317206112
14044,0,0.18162459,Low,Monitor,Continue monitoring and regular customer engagement,129.04930555555555,7,2601.72,371.67428571428576,503.9,465,1,0.0138641315111903
17142,1,0.38638437,Medium,Monitor,Continue monitoring and regular customer engagement,58.769444444444446,4,1275.25,318.8125,503.89375,78,1,0.0079224589331913
16206,0,0.049836665,Low,Monitor,Continue monitoring and regular customer engagement,28.073611111111116,11,2341.56,212.8690909090909,503.8923611111111,174,1,0.0217868219986383
15434,0,0.13625962,Low,Monitor,Continue monitoring and regular customer engagement,19.93888888888889,7,1832.54,261.7914285714286,503.8854166666667,70,1,0.0138645319688873
15483,0,0.25678155,Medium,Monitor,Continue monitoring and regular customer engagement,86.01666666666667,7,703.51,100.50142857142858,503.88055555555553,191,1,0.0138646654599272
14986,1,0.60115606,High,Medium Priority,Automated re-engagement reminder or promotional campaign,195.89236111111111,2,563.1,281.55,503.8722222222222,87,1,0.0039613983736258
17584,0,0.5981247,High,High Priority,Targeted re-engagement campaign with personalised offer,287.0048611111111,4,4067.12,1016.78,503.18958333333336,73,1,0.0079335236828078
14870,1,0.35710627,Medium,Monitor,Continue monitoring and regular customer engagement,81.0826388888889,6,1838.95,306.4916666666667,503.15625,43,1,0.0119010723362052
14621,0,0.19174679,Low,Monitor,Continue monitoring and regular customer engagement,6.989583333333333,6,1848.52,308.08666666666664,503.1541666666666,88,1,0.0119011215154094
15303,1,0.57627505,High,Medium Priority,Automated re-engagement reminder or promotional campaign,109.95208333333332,3,1224.18,408.06,503.13055555555553,63,1,0.0059508394540655
13488,0,0.030769961,Low,Monitor,Continue monitoring and regular customer engagement,16.089583333333334,16,10768.08,673.005,503.1090277777778,306,1,0.0317391657723954
17810,1,0.8820087,Critical,High Priority,Targeted re-engagement campaign with personalised offer,488.0854166666667,2,373.16,186.58,503.1,51,1,0.0039674667724657
18199,1,0.89086914,Critical,High Priority,Targeted re-engagement campaign with personalised offer,503.0541666666667,1,344.75,344.75,503.0541666666667,20,0,0.0019839137658816
13477,0,0.1273718,Low,Monitor,Continue monitoring and regular customer engagement,30.98611111111111,7,1880.62,268.66,503.04027777777776,84,1,0.0138877790300047
16795,1,0.3842279,Medium,Monitor,Continue monitoring and regular customer engagement,184.94583333333333,3,2062.41,687.4700000000001,502.98333333333335,306,1,0.0059525777968848
17419,0,0.094892554,Low,Monitor,Continue monitoring and regular customer engagement,69.01319444444445,13,3945.48,303.4984615384615,502.9798611111111,140,1,0.0257946815004457
16004,1,0.6186729,High,High Priority,Targeted re-engagement campaign with personalised offer,294.04305555555555,5,2146.39,429.278,502.95416666666665,63,1,0.0099215371768265
14628,0,0.31444958,Medium,Monitor,Continue monitoring and regular customer engagement,61.921527777777776,4,1657.62,414.405,502.9236111111111,60,1,0.0079377110177082
15611,0,0.13848563,Low,Monitor,Continue monitoring and regular customer engagement,10.859722222222222,17,1837.93,108.11352941176472,502.9166666666667,27,1,0.0337357367289565
14376,1,0.92795753,Critical,High Priority,Targeted re-engagement campaign with personalised offer,502.8847222222222,1,215.46,215.46,502.8847222222222,17,0,0.0019845809088829
12857,1,0.11679193,Low,Monitor,Continue monitoring and regular customer engagement,30.104166666666668,6,3688.0,614.6666666666666,502.88402777777776,71,1,0.0119075018639926
14538,0,0.39364174,Medium,Monitor,Continue monitoring and regular customer engagement,75.91180555555556,4,1089.09,272.27250000000004,502.88055555555553,30,1,0.0079383892787642
17218,0,0.05332392,Low,Monitor,Continue monitoring and regular customer engagement,33.827083333333334,13,2883.0,221.7692307692308,502.8597222222222,193,1,0.0258008319114391
13650,0,0.21295881,Low,Monitor,Continue monitoring and regular customer engagement,26.938194444444445,6,2197.18,366.19666666666666,502.17083333333335,84,1,0.011924379559626
15259,1,0.6822134,High,Medium Priority,Automated re-engagement reminder or promotional campaign,332.16875,4,1182.38,295.595,502.13125,50,1,0.0079502117986111
13971,0,0.05086594,Low,Monitor,Continue monitoring and regular customer engagement,34.00555555555555,9,2883.83,320.42555555555555,502.1243055555556,129,1,0.0178882234482035
12468,1,0.1690286,Low,Monitor,Continue monitoring and regular customer engagement,7.051388888888889,5,3670.74,734.1479999999999,502.1118055555556,127,1,0.0099381488265392
15218,0,0.043956555,Low,Monitor,Continue monitoring and regular customer engagement,37.09305555555556,14,7469.2,533.5142857142857,502.05347222222224,113,1,0.0278300434706383
15950,0,0.21066907,Low,Monitor,Continue monitoring and regular customer engagement,179.0375,7,5805.02,829.2885714285715,502.0493055555556,194,1,0.0139151369909344
17536,0,0.6725105,High,Medium Priority,Automated re-engagement reminder or promotional campaign,240.02847222222223,2,288.33,144.16500000000002,502.03472222222223,13,1,0.0039758686858925
15003,1,0.5912641,High,Medium Priority,Automated re-engagement reminder or promotional campaign,292.87916666666666,6,1027.03,171.17166666666665,501.9902777777778,253,1,0.0119286599862489
16481,1,0.8591018,Critical,High Priority,Targeted re-engagement campaign with personalised offer,501.9868055555556,1,453.38,453.38,501.9868055555556,16,0,0.0019881237220437
13459,1,0.8370937,Critical,High Priority,Targeted re-engagement campaign with personalised offer,444.1013888888889,2,1160.41,580.2049999999999,501.96875,57,1,0.0039763901832867
16281,0,0.5879237,High,Medium Priority,Automated re-engagement reminder or promotional campaign,243.15902777777777,2,1361.96,680.98,501.9645833333333,19,1,0.0039764231245573
12905,1,0.75062364,Critical,High Priority,Targeted re-engagement campaign with personalised offer,396.1145833333333,2,1018.42,509.21,501.9472222222222,52,1,0.0039765603857263
12361,1,0.5014757,Medium,Monitor,Continue monitoring and regular customer engagement,106.9576388888889,4,511.25,127.8125,501.9256944444445,18,1,0.007953461205474
17059,0,0.08240437,Low,Monitor,Continue monitoring and regular customer engagement,16.992361111111112,7,3281.85,468.8357142857143,501.9215277777778,250,1,0.0139186724237683
15845,0,0.17836942,Low,Monitor,Continue monitoring and regular customer engagement,30.159027777777776,6,2251.67,375.27833333333336,501.92083333333335,77,1,0.011930307122559
17050,0,0.047043435,Low,Monitor,Continue monitoring and regular customer engagement,6.892361111111111,10,4080.34,408.034,501.9138888888889,188,1,0.0198841197686814
17726,1,0.59335434,High,Medium Priority,Automated re-engagement reminder or promotional campaign,214.9673611111111,7,1092.06,156.00857142857146,501.9111111111111,52,1,0.0139189607175997
13514,0,0.5876093,High,Medium Priority,Automated re-engagement reminder or promotional campaign,248.02777777777777,3,663.7,221.23333333333332,501.9020833333333,13,1,0.0059653759636774
15766,0,0.68275756,High,Medium Priority,Automated re-engagement reminder or promotional campaign,275.9576388888889,2,516.0,258.0,501.87152777777777,15,1,0.0039771589551671
15959,1,0.86518097,Critical,High Priority,Targeted re-engagement campaign with personalised offer,501.8416666666666,3,542.89,180.96333333333337,501.8548611111111,58,0,0.005965936161721
12745,1,0.69739616,High,Medium Priority,Automated re-engagement reminder or promotional campaign,306.1083333333333,3,925.41,308.47,501.85277777777776,21,1,0.0059659608787639
12606,1,0.9288164,Critical,High Priority,Targeted re-engagement campaign with personalised offer,501.8520833333333,1,21.0,21.0,501.8520833333333,1,0,0.0019886563726079
12404,1,0.93500775,Critical,High Priority,Targeted re-engagement campaign with personalised offer,501.85069444444446,1,63.24,63.24,501.85069444444446,1,0,0.0019886618653372
12466,1,0.93500775,Critical,High Priority,Targeted re-engagement campaign with personalised offer,501.85,1,56.73,56.73,501.85,1,0,0.0019886646117132
16291,1,0.9296748,Critical,High Priority,Targeted re-engagement campaign with personalised offer,501.85,1,117.72,117.72,501.85,1,0,0.0019886646117132
12555,1,0.92868006,Critical,High Priority,Targeted re-engagement campaign with personalised offer,501.85,1,129.23,129.23,501.85,1,0,0.0019886646117132
14912,0,0.3177401,Medium,Monitor,Continue monitoring and regular customer engagement,66.07222222222222,5,1504.1899999999998,300.838,501.84791666666666,37,1,0.0099433642544341
12846,1,0.9288164,Critical,High Priority,Targeted re-engagement campaign with personalised offer,501.84791666666666,1,15.58,15.58,501.84791666666666,1,0,0.0019886728508868
16047,1,0.9296748,Critical,High Priority,Targeted re-engagement campaign with personalised offer,501.8444444444444,1,107.14,107.14,501.8444444444444,1,0,0.0019886865829945
14380,1,0.9334614,Critical,High Priority,Targeted re-engagement campaign with personalised offer,501.81875,1,48.96,48.96,501.81875,1,0,0.0019887882064859
14079,0,0.92762446,Critical,High Priority,Targeted re-engagement campaign with personalised offer,501.8131944444444,1,243.63,243.63,501.8131944444444,1,0,0.0019888101804983
17672,0,0.2572469,Medium,Monitor,Continue monitoring and regular customer engagement,128.97291666666666,6,3778.3,629.7166666666667,501.8125,128,1,0.0119328775637041
15702,1,0.78595585,Critical,High Priority,Targeted re-engagement campaign with personalised offer,295.9166666666667,2,140.39,70.19500000000001,501.8104166666666,30,1,0.0039776423353732
12570,1,0.9299314,Critical,High Priority,Targeted re-engagement campaign with personalised offer,501.80694444444447,1,77.52,77.52,501.80694444444447,1,0,0.0019888349018427
15073,0,0.123535484,Low,Monitor,Continue monitoring and regular customer engagement,5.034722222222222,7,2606.57,372.3671428571429,501.1680555555556,109,1,0.0139395565340288
13698,1,0.83563143,Critical,High Priority,Targeted re-engagement campaign with personalised offer,416.04027777777776,2,451.73,225.865,501.15833333333336,31,1,0.0039828075474203
16051,1,0.9258812,Critical,High Priority,Targeted re-engagement campaign with personalised offer,501.1333333333333,1,188.44,188.44,501.1333333333333,12,0,0.0019915029208709
14365,1,0.62612796,High,Medium Priority,Automated re-engagement reminder or promotional campaign,214.1236111111111,2,634.68,317.34000000000003,501.12916666666666,50,1,0.0039830388927151
12873,1,0.5488226,High,High Priority,Targeted re-engagement campaign with personalised offer,101.91111111111113,3,2027.3,675.7666666666668,501.125,33,1,0.0059746079163554
15695,1,0.48413405,Medium,Monitor,Continue monitoring and regular customer engagement,86.17916666666666,4,1131.04,282.76,501.07916666666665,55,1,0.0079668710943659
15798,1,0.6774531,High,Medium Priority,Automated re-engagement reminder or promotional campaign,312.15069444444447,3,1535.37,511.79,501.03819444444446,73,1,0.0059756409635721
14551,0,0.28383902,Medium,Monitor,Continue monitoring and regular customer engagement,23.770138888888887,6,817.29,136.215,501.0305555555556,68,1,0.0119514637776585
12869,1,0.8535577,Critical,High Priority,Targeted re-engagement campaign with personalised offer,501.02777777777777,1,337.67,337.67,501.02777777777777,35,0,0.0019919216510817
17604,1,0.27435768,Medium,Monitor,Continue monitoring and regular customer engagement,36.96319444444445,6,942.38,157.06333333333333,501.0215277777778,142,1,0.0119516786990376
15389,0,0.4229062,Medium,Monitor,Continue monitoring and regular customer engagement,219.72708333333333,4,2233.8,558.45,501.00416666666666,2,1,0.0079680613540724
16430,0,0.6148195,High,Medium Priority,Automated re-engagement reminder or promotional campaign,200.91458333333333,6,817.09,136.18166666666664,501.00347222222223,17,1,0.0119521085649861
13048,0,0.12275613,Low,Monitor,Continue monitoring and regular customer engagement,57.97152777777778,7,3153.14,450.4485714285715,500.99652777777777,115,1,0.0139443195573231
15797,0,0.18290365,Low,Monitor,Continue monitoring and regular customer engagement,33.84166666666667,5,2453.88,490.776,500.9847222222222,11,1,0.0099604624974753
16320,0,0.17940494,Low,Monitor,Continue monitoring and regular customer engagement,32.888194444444444,5,5443.21,1088.642,500.97291666666666,184,1,0.0099606967507377
13101,1,0.4463374,Medium,Monitor,Continue monitoring and regular customer engagement,53.925694444444446,4,695.4,173.85,500.8756944444444,48,1,0.0079701010514721
18016,0,0.31368452,Medium,Monitor,Continue monitoring and regular customer engagement,5.971527777777778,5,959.76,191.952,500.86805555555554,79,1,0.0099627779545863
14167,0,0.40505436,Medium,Monitor,Continue monitoring and regular customer engagement,82.88680555555555,6,970.7,161.78333333333333,500.8631944444445,41,1,0.0119554493463939
14279,1,0.7457503,Critical,High Priority,Targeted re-engagement campaign with personalised offer,340.1722222222222,2,191.86,95.93,500.8444444444444,3,1,0.0039852986759952
12484,0,0.21942414,Low,Monitor,Continue monitoring and regular customer engagement,155.94861111111112,7,2965.45,423.63571428571424,500.8395833333333,183,1,0.0139486804797349
17695,0,0.46383566,Medium,Monitor,Continue monitoring and regular customer engagement,213.9208333333333,3,980.7,326.9,500.1409722222222,20,1,0.0059863395058221
17982,1,0.91564775,Critical,High Priority,Targeted re-engagement campaign with personalised offer,500.1333333333333,1,138.18,138.18,500.1333333333333,13,0,0.0019954769189836
14672,1,0.370583,Medium,Monitor,Continue monitoring and regular customer engagement,54.10486111111111,4,1113.14,278.285,500.05347222222224,93,1,0.0079831798834954
15563,0,0.161321,Low,Monitor,Continue monitoring and regular customer engagement,20.04583333333333,5,2194.64,438.928,500.0513888888889,151,1,0.0099790163461831
13820,1,0.61324203,High,Medium Priority,Automated re-engagement reminder or promotional campaign,237.9611111111111,3,652.75,217.58333333333331,500.01666666666665,68,1,0.0059878247563287
14613,1,0.9315882,Critical,High Priority,Targeted re-engagement campaign with personalised offer,499.9916666666667,1,76.32000000000001,76.32000000000001,499.9916666666667,1,0,0.0019960411849831
16326,0,0.09318183,Low,Monitor,Continue monitoring and regular customer engagement,34.013888888888886,13,2208.31,169.87,499.9770833333333,152,1,0.0259492907609712
15544,0,0.033965275,Low,Monitor,Continue monitoring and regular customer engagement,30.83680555555556,15,6020.65,401.37666666666667,499.9243055555556,147,1,0.0299446439983863
16137,1,0.873329,Critical,High Priority,Targeted re-engagement campaign with personalised offer,499.9069444444444,1,422.7,422.7,499.9069444444444,28,0,0.0019963787906935
16535,0,0.6737581,High,Medium Priority,Automated re-engagement reminder or promotional campaign,204.9923611111111,2,378.29,189.145,499.89166666666665,36,1,0.0039928793651321
18194,0,0.48393497,Medium,Monitor,Continue monitoring and regular customer engagement,257.9875,5,3188.2000000000003,637.6400000000001,499.8888888888889,16,1,0.0099822537710736
13615,1,0.16902329,Low,Monitor,Continue monitoring and regular customer engagement,138.18680555555557,8,6272.53,784.06625,499.8798611111111,259,1,0.0159718939033672
15137,1,0.66024905,High,Medium Priority,Automated re-engagement reminder or promotional campaign,340.13125,2,823.4,411.7,499.87847222222223,34,1,0.0039929845479816
17905,0,0.33356002,Medium,Monitor,Continue monitoring and regular customer engagement,171.85208333333333,11,1772.78,161.16181818181818,499.7888888888889,123,1,0.0219653435690355
15861,0,0.17829034,Low,Monitor,Continue monitoring and regular customer engagement,86.68888888888888,6,1938.52,323.08666666666664,499.7145833333333,266,1,0.0119828744752291
15192,0,0.27803722,Medium,Monitor,Continue monitoring and regular customer engagement,10.877083333333331,4,1360.06,340.015,499.1090277777778,56,1,0.0079982559358584
14469,1,0.5444092,High,High Priority,Targeted re-engagement campaign with personalised offer,235.93055555555557,4,2093.46,523.365,499.06805555555553,120,1,0.0079989112593008
13851,0,0.2596586,Medium,Monitor,Continue monitoring and regular customer engagement,107.81388888888888,6,2201.32,366.8866666666667,499.0388888888889,56,1,0.0119990667392536
15487,1,0.90334886,Critical,High Priority,Targeted re-engagement campaign with personalised offer,499.02986111111113,1,231.32,231.32,499.02986111111113,14,0,0.0019998805626886
13480,1,0.65683174,High,Medium Priority,Automated re-engagement reminder or promotional campaign,236.03958333333333,2,627.82,313.91,499.0104166666667,40,1,0.0039999166684027
15251,0,0.05031892,Low,Monitor,Continue monitoring and regular customer engagement,30.10833333333333,12,13935.27,1161.2725,499.00555555555553,137,1,0.0239997333362962
12823,0,0.18449982,Low,Monitor,Continue monitoring and regular customer engagement,74.09305555555555,16,5736.5,358.53125,498.99861111111113,1,1,0.0320000888891358
13583,0,0.8270519,Critical,High Priority,Targeted re-engagement campaign with personalised offer,498.95625,1,664.001,664.001,498.95625,43,0,0.0020001750153138
14249,1,0.45762318,Medium,Monitor,Continue monitoring and regular customer engagement,230.01111111111112,12,5400.461,450.0384166666667,498.9368055555556,178,1,0.0240030337167614
16673,1,0.9292026,Critical,High Priority,Targeted re-engagement campaign with personalised offer,498.93611111111113,1,171.13,171.13,498.93611111111113,19,0,0.002000255588214
16390,1,0.79974115,Critical,High Priority,Targeted re-engagement campaign with personalised offer,356.11041666666665,3,467.5,155.83333333333334,498.8923611111111,16,1,0.0060012919447936
14068,1,0.47976628,Medium,Monitor,Continue monitoring and regular customer engagement,139.86666666666667,4,1516.72,379.18,497.1111111111111,93,1,0.0080303368280169
15943,1,0.89279044,Critical,High Priority,Targeted re-engagement campaign with personalised offer,469.0006944444444,2,271.29,135.64499999999998,497.0736111111111,12,1,0.0040154707163432
16923,0,0.03322572,Low,Monitor,Continue monitoring and regular customer engagement,7.044444444444444,24,9772.79,407.19958333333335,497.06666666666666,309,1,0.0481863204390309
16955,1,0.37742585,Medium,Monitor,Continue monitoring and regular customer engagement,4.093055555555556,6,1120.31,186.71833333333333,497.05,33,1,0.0120469832346149
15013,1,0.6098017,High,Medium Priority,Automated re-engagement reminder or promotional campaign,307.03125,10,1610.82,161.082,497.02430555555554,177,1,0.0200793412860539
15588,1,0.89426076,Critical,High Priority,Targeted re-engagement campaign with personalised offer,497.0215277777778,1,579.6,579.6,497.0215277777778,4,0,0.0020079453281108
17137,1,0.5468691,High,Medium Priority,Automated re-engagement reminder or promotional campaign,235.91597222222225,6,1099.81,183.30166666666665,497.0159722222222,125,1,0.0120478063649788
14481,0,0.44590607,Medium,Monitor,Continue monitoring and regular customer engagement,106.95625,4,1951.04,487.76,497.0048611111111,106,1,0.0080320501110681
16014,0,0.37917635,Medium,Monitor,Continue monitoring and regular customer engagement,110.79722222222222,3,707.08,235.6933333333333,497.0048611111111,168,1,0.0060240375833011
14820,0,0.535009,High,Medium Priority,Automated re-engagement reminder or promotional campaign,199.81597222222223,5,767.47,153.494,497.0006944444444,31,1,0.0100401466419195
15385,0,0.6011949,High,Medium Priority,Automated re-engagement reminder or promotional campaign,212.01527777777775,2,625.2,312.6,496.9916666666667,8,1,0.0040161314613698
12483,0,0.031509534,Low,Monitor,Continue monitoring and regular customer engagement,3.020833333333333,16,3926.81,245.425625,496.9736111111111,55,1,0.0321302166279449
13443,1,0.4480537,Medium,Monitor,Continue monitoring and regular customer engagement,268.0131944444444,6,1273.16,212.1933333333333,496.97222222222223,176,1,0.012048864840743
13392,1,0.9315063,Critical,High Priority,Targeted re-engagement campaign with personalised offer,496.9694444444444,1,91.14,91.14,496.9694444444444,8,0,0.0020081553419721
14306,0,0.4792712,Medium,Monitor,Continue monitoring and regular customer engagement,198.0875,4,1058.0800000000002,264.52000000000004,496.9638888888889,12,1,0.0080327109841744
13897,0,0.6091667,High,Medium Priority,Automated re-engagement reminder or promotional campaign,257.9680555555556,2,849.56,424.78,496.95972222222224,42,1,0.0040163890988505
15338,1,0.8397319,Critical,High Priority,Targeted re-engagement campaign with personalised offer,496.93402777777777,1,277.93,277.93,496.93402777777777,56,0,0.0020082981764931
18212,1,0.78701097,Critical,High Priority,Targeted re-engagement campaign with personalised offer,145.85833333333332,2,514.37,257.185,496.9222222222222,40,1,0.0040166915850311
16655,0,0.042495538,Low,Monitor,Continue monitoring and regular customer engagement,5.209027777777778,9,3864.44,429.3822222222223,496.88194444444446,281,1,0.0180765743775716
12668,0,0.091109656,Low,Monitor,Continue monitoring and regular customer engagement,78.91458333333334,9,10500.35,1166.7055555555555,496.87847222222223,258,1,0.018076700444246
17107,0,0.09407986,Low,Monitor,Continue monitoring and regular customer engagement,28.020138888888887,6,9372.6,1562.1,496.87708333333336,279,1,0.0120511672476054
17176,1,0.42175078,Medium,Monitor,Continue monitoring and regular customer engagement,21.00625,3,902.32,300.7733333333333,496.8756944444444,37,1,0.0060256004329505
13478,1,0.5991346,High,High Priority,Targeted re-engagement campaign with personalised offer,288.9770833333333,5,2215.78,443.15600000000006,496.8743055555556,114,1,0.0100426954036535
14637,1,0.916252,Critical,High Priority,Targeted re-engagement campaign with personalised offer,496.87361111111113,1,106.68,106.68,496.87361111111113,7,0,0.0020085418822827
15317,1,0.89283967,Critical,High Priority,Targeted re-engagement campaign with personalised offer,496.87152777777777,1,129.75,129.75,496.87152777777777,5,0,0.0020085502869855
15022,0,0.90156114,Critical,High Priority,Targeted re-engagement campaign with personalised offer,496.8666666666667,1,281.05,281.05,496.8666666666667,19,0,0.0020085698982324
14370,1,0.6813341,High,Medium Priority,Automated re-engagement reminder or promotional campaign,270.08125,6,1175.78,195.9633333333333,496.1770833333333,37,1,0.0120681346770307
12810,1,0.72129726,Critical,High Priority,Targeted re-engagement campaign with personalised offer,354.08125,2,534.99,267.495,496.12361111111113,32,1,0.0040231442548661
14047,0,0.044642653,Low,Monitor,Continue monitoring and regular customer engagement,19.05208333333333,12,3295.42,274.61833333333334,496.1145833333333,88,1,0.0241393038995872
12800,1,0.7091717,Critical,High Priority,Targeted re-engagement campaign with personalised offer,289.94375,3,584.25,194.75,496.075,31,1,0.0060353065432781
12711,1,0.77046365,Critical,High Priority,Targeted re-engagement campaign with personalised offer,431.03541666666666,2,1339.05,669.525,496.05555555555554,56,1,0.0040236950933273
15416,0,0.23972334,Medium,Monitor,Continue monitoring and regular customer engagement,59.08055555555556,5,2862.93,572.586,496.03819444444446,123,1,0.0100595890937288
17365,0,0.038393278,Low,Monitor,Continue monitoring and regular customer engagement,19.038194444444443,11,5310.12,482.7381818181818,496.0375,311,1,0.0221311269270427
13511,1,0.90551347,Critical,High Priority,Targeted re-engagement campaign with personalised offer,496.02777777777777,1,282.76,282.76,496.02777777777777,5,0,0.0020119599843514
16415,0,0.63561964,High,Medium Priority,Automated re-engagement reminder or promotional campaign,403.0409722222222,2,496.49,248.245,496.0138888888889,78,1,0.0040240324158166
15512,0,0.5486798,High,Medium Priority,Automated re-engagement reminder or promotional campaign,179.03402777777777,3,311.78,103.92666666666668,495.9770833333333,28,1,0.0060364956465967
14821,1,0.48851663,Medium,Monitor,Continue monitoring and regular customer engagement,186.17152777777775,7,1230.15,175.73571428571427,495.97013888888887,65,1,0.014085353328573
13156,1,0.48279226,Medium,Monitor,Continue monitoring and regular customer engagement,204.98680555555555,3,1586.54,528.8466666666667,495.96180555555554,94,1,0.0060366812227074
17361,0,0.3977734,Medium,Monitor,Continue monitoring and regular customer engagement,5.95,4,647.51,161.8775,495.93055555555554,41,1,0.0080494144609966
13628,1,0.90496963,Critical,High Priority,Targeted re-engagement campaign with personalised offer,495.92083333333335,1,310.14,310.14,495.92083333333335,16,0,0.0020123929868104
15480,0,0.5073345,Medium,Monitor,Continue monitoring and regular customer engagement,285.0736111111111,4,5373.5,1343.375,495.91527777777776,162,1,0.0080496619421486
18064,0,0.11374693,Low,Monitor,Continue monitoring and regular customer engagement,54.90416666666667,10,4075.83,407.583,495.9090277777778,48,1,0.0201244079720606
17350,0,0.5319017,High,Medium Priority,Automated re-engagement reminder or promotional campaign,213.85763888888889,3,612.381,204.12700000000004,495.8833333333333,65,1,0.0060376345889377
15564,1,0.771205,Critical,High Priority,Targeted re-engagement campaign with personalised offer,282.8736111111112,2,70.74000000000001,35.370000000000005,495.86944444444447,4,1,0.0040252022384596
15803,0,0.55998284,High,Medium Priority,Automated re-engagement reminder or promotional campaign,264.9875,3,1513.84,504.6133333333333,495.84791666666666,42,1,0.0060380649679018
13584,1,0.6200083,High,Medium Priority,Automated re-engagement reminder or promotional campaign,126.00069444444443,3,385.7,128.5666666666667,495.1736111111111,74,1,0.0060462707665607
17146,0,0.13054465,Low,Monitor,Continue monitoring and regular customer engagement,82.9576388888889,12,5666.74,472.2283333333334,495.1326388888889,162,1,0.0241870803478572
13916,1,0.6401878,High,Medium Priority,Automated re-engagement reminder or promotional campaign,283.1152777777778,4,1275.81,318.9525,495.1138888888889,72,1,0.0080626648227053
15279,1,0.35967124,Medium,Monitor,Continue monitoring and regular customer engagement,174.0847222222222,5,1580.54,316.108,495.1076388888889,74,1,0.0100784579959266
18175,1,0.9312665,Critical,High Priority,Targeted re-engagement campaign with personalised offer,495.10069444444446,1,176.1,176.1,495.10069444444446,7,0,0.0020157198149457
17163,0,0.5656081,High,Medium Priority,Automated re-engagement reminder or promotional campaign,265.1125,2,406.68,203.34,495.0909722222222,24,1,0.0040315186366747
16300,1,0.51633036,Medium,Monitor,Continue monitoring and regular customer engagement,249.9833333333333,3,1367.32,455.77333333333337,495.0486111111111,190,1,0.0060477943749912
12848,1,0.92137814,Critical,High Priority,Targeted re-engagement campaign with personalised offer,495.00347222222223,1,208.0,208.0,495.00347222222223,16,0,0.0020161149185503
13538,0,0.042199332,Low,Monitor,Continue monitoring and regular customer engagement,2.933333333333333,8,2441.78,305.2225,495.00208333333336,102,1,0.0161289645120778
17876,1,0.47786775,Medium,Monitor,Continue monitoring and regular customer engagement,219.08194444444445,3,3424.02,1141.34,494.99305555555554,3,1,0.0060484717807989
13975,0,0.05093749,Low,Monitor,Continue monitoring and regular customer engagement,35.047916666666666,8,3749.17,468.64625,494.9840277777778,345,1,0.0161295516628699
17092,0,0.12998171,Low,Monitor,Continue monitoring and regular customer engagement,96.91597222222222,8,3872.28,484.035,494.8388888888889,201,1,0.0161342730053444
16067,1,0.77181834,Critical,Immediate Action,Personalised retention outreach with high-value incentive,382.0118055555556,3,3269.11,1089.7033333333334,494.7840277777778,60,1,0.006051021880327
12805,1,0.4847409,Medium,Monitor,Continue monitoring and regular customer engagement,201.01597222222225,4,1434.95,358.7375,494.1555555555556,44,1,0.0080782694551656
15321,0,0.13980022,Low,Monitor,Continue monitoring and regular customer engagement,111.06944444444444,10,5120.89,512.089,494.12708333333336,206,1,0.0201968349876504
15091,0,0.79245853,Critical,High Priority,Targeted re-engagement campaign with personalised offer,494.0416666666667,2,565.9,282.95,494.0444444444444,27,0,0.0040400412981999
13553,1,0.75259197,Critical,High Priority,Targeted re-engagement campaign with personalised offer,494.0201388888889,1,499.6,499.6,494.0201388888889,85,0,0.0020201198323861
16928,0,0.08747688,Low,Monitor,Continue monitoring and regular customer engagement,9.977777777777778,19,2184.89,114.99421052631578,494.0138888888889,123,1,0.038382761426447
13757,1,0.9217003,Critical,High Priority,Targeted re-engagement campaign with personalised offer,494.00902777777776,1,195.55,195.55,494.00902777777776,8,0,0.002020165176561
17311,0,0.3250787,Medium,Monitor,Continue monitoring and regular customer engagement,136.07916666666668,5,2738.17,547.634,494.0083333333333,93,1,0.0101008400531977
16840,1,0.8813557,Critical,High Priority,Targeted re-engagement campaign with personalised offer,422.87638888888887,2,139.85,69.925,494.00555555555553,9,1,0.0040403586940662
16081,0,0.12886412,Low,Monitor,Continue monitoring and regular customer engagement,4.971527777777778,6,2471.91,411.985,494.0027777777778,155,1,0.0121211441013237
14399,1,0.38428926,Medium,Monitor,Continue monitoring and regular customer engagement,213.97708333333333,8,2108.21,263.52625,493.9868055555556,119,1,0.016162046968143
12396,1,0.8079921,Critical,High Priority,Targeted re-engagement campaign with personalised offer,493.97777777777776,1,931.43,931.43,493.97777777777776,65,0,0.0020202927179671
15448,1,0.75097144,Critical,High Priority,Targeted re-engagement campaign with personalised offer,132.0888888888889,2,788.81,394.405,493.97291666666666,49,1,0.0040406251183776
18101,0,0.5486598,High,Medium Priority,Automated re-engagement reminder or promotional campaign,193.9368055555556,3,399.61,133.20333333333335,493.9569444444445,62,1,0.0060611332635554
13619,1,0.78668755,Critical,High Priority,Targeted re-engagement campaign with personalised offer,364.0493055555556,2,224.94,112.47,493.9402777777778,39,1,0.0040408915778278
16834,1,0.6951525,High,Medium Priority,Automated re-engagement reminder or promotional campaign,47.134027777777774,2,898.96,449.48,493.9347222222222,43,1,0.0040409369361279
17690,0,0.035817966,Low,Monitor,Continue monitoring and regular customer engagement,6.132638888888889,15,5269.78,351.3186666666667,493.9333333333333,192,1,0.0303071120689655
12840,0,0.09032961,Low,Monitor,Continue monitoring and regular customer engagement,2.097916666666667,6,3465.97,577.6616666666666,493.9159722222222,102,1,0.0121232700837263
14545,1,0.8758087,Critical,High Priority,Targeted re-engagement campaign with personalised offer,493.89375,1,349.25,349.25,493.89375,23,0,0.0020206357425204
15023,0,0.04988821,Low,Monitor,Continue monitoring and regular customer engagement,37.954166666666666,13,7633.62,587.2015384615385,493.87847222222223,386,1,0.0262690756007717
14038,0,0.28722614,Medium,Monitor,Continue monitoring and regular customer engagement,26.947916666666668,3,2225.82,741.94,493.1625,87,1,0.0060708774947512
15591,1,0.858133,Critical,High Priority,Targeted re-engagement campaign with personalised offer,402.14375,3,217.9,72.63333333333334,493.1458333333333,6,1,0.0060710822547324
14497,1,0.7472767,Critical,High Priority,Targeted re-engagement campaign with personalised offer,128.82569444444445,2,697.0600000000001,348.53,493.11875,40,1,0.0040476100127752
15732,1,0.103458285,Low,Monitor,Continue monitoring and regular customer engagement,31.934722222222224,10,1543.97,154.397,493.1111111111111,53,1,0.0202383629413087
13107,0,0.22817178,Low,Monitor,Continue monitoring and regular customer engagement,153.01527777777778,6,4288.29,714.715,493.0833333333333,113,1,0.0121437004553887
12373,1,0.53418016,High,Medium Priority,Automated re-engagement reminder or promotional campaign,130.98611111111111,3,1127.65,375.8833333333334,493.0291666666666,36,1,0.0060725159614395
16583,1,0.67235297,High,Medium Priority,Automated re-engagement reminder or promotional campaign,193.0326388888889,2,297.95,148.975,493.02222222222224,18,1,0.0040484008816517
17281,1,0.59046453,High,Medium Priority,Automated re-engagement reminder or promotional campaign,193.78125,6,797.8499999999999,132.975,492.99305555555554,2,1,0.0121459197300906
16383,0,0.14232,Low,Monitor,Continue monitoring and regular customer engagement,87.99305555555556,6,2562.39,427.065,492.9805555555556,219,1,0.0121462270782138
16412,0,0.53046197,High,Medium Priority,Automated re-engagement reminder or promotional campaign,213.0402777777778,4,457.2,114.3,492.9611111111111,72,1,0.0080978034708085
13783,1,0.5959485,High,Medium Priority,Automated re-engagement reminder or promotional campaign,307.14375,4,1542.09,385.5225,492.9604166666667,4,1,0.0080978148552726
15167,1,0.28300065,Medium,Monitor,Continue monitoring and regular customer engagement,140.00625,5,1627.62,325.524,492.9423611111111,262,1,0.0101226385782191
17138,1,0.1445027,Low,Monitor,Continue monitoring and regular customer engagement,95.03888888888888,7,4417.27,631.0385714285715,492.9381944444444,234,1,0.0141718135562957
16986,0,0.34523314,Medium,Monitor,Continue monitoring and regular customer engagement,264.90972222222223,9,3015.55,335.0611111111112,492.9194444444444,64,1,0.0182215948394643
12500,0,0.15798876,Low,Monitor,Continue monitoring and regular customer engagement,86.12152777777777,12,2907.59,242.29916666666668,492.90625,66,1,0.0242961088263207
17309,0,0.65060025,High,Medium Priority,Automated re-engagement reminder or promotional campaign,200.96041666666667,2,237.64,118.82,492.8756944444444,22,1,0.0040496020000534
16266,0,0.14879575,Low,Monitor,Continue monitoring and regular customer engagement,19.98472222222222,10,1267.9,126.79,492.8534722222222,58,1,0.0202489211121719
15365,0,0.22459757,Low,Monitor,Continue monitoring and regular customer engagement,134.9875,7,2451.42,350.2028571428572,492.83819444444447,87,1,0.0141746832844203
17328,1,0.923952,Critical,High Priority,Targeted re-engagement campaign with personalised offer,492.81875,1,104.7,104.7,492.81875,6,0,0.0020250344888686
15810,0,0.13769147,Low,Monitor,Continue monitoring and regular customer engagement,51.70763888888889,6,2461.18,410.1966666666667,492.77222222222224,76,1,0.0121513518378919
13874,1,0.37510043,Medium,Monitor,Continue monitoring and regular customer engagement,177.77083333333334,7,2049.15,292.7357142857143,492.7576388888889,46,1,0.0141769958551977
18267,1,0.83943874,Critical,High Priority,Targeted re-engagement campaign with personalised offer,492.1715277777778,1,269.37,269.37,492.1715277777778,17,0,0.0020276920780605
12853,0,0.10405099,Low,Monitor,Continue monitoring and regular customer engagement,59.00486111111111,8,2835.4,354.425,492.03680555555553,81,1,0.0162259691565735
13009,1,0.89074564,Critical,High Priority,Targeted re-engagement campaign with personalised offer,492.0194444444445,1,234.0,234.0,492.0194444444445,4,0,0.0020283175669203
16147,0,0.4623167,Medium,Monitor,Continue monitoring and regular customer engagement,219.9125,4,2023.91,505.9775,492.01666666666665,101,1,0.0081133159798519
13658,0,0.2800444,Medium,Monitor,Continue monitoring and regular customer engagement,23.81597222222222,5,4319.63,863.926,491.98125,119,1,0.0101423735689744
16704,1,0.7841063,Critical,High Priority,Targeted re-engagement campaign with personalised offer,437.95,2,664.16,332.08,491.94166666666666,50,1,0.0040572752015958
15784,1,0.6883595,High,Medium Priority,Automated re-engagement reminder or promotional campaign,287.09166666666664,2,848.3299999999999,424.165,491.9222222222222,33,1,0.0040574352500958
14682,1,0.18307795,Low,Monitor,Continue monitoring and regular customer engagement,7.026388888888889,6,1514.81,252.46833333333333,491.91875,79,1,0.0121723914945414
15660,0,0.09460873,Low,Monitor,Continue monitoring and regular customer engagement,23.92083333333333,10,1741.85,174.185,491.8673611111111,53,1,0.0202894344179257
13700,0,0.15499333,Low,Monitor,Continue monitoring and regular customer engagement,59.97569444444444,8,1275.51,159.43875,490.08125,112,1,0.0162905832792435
16714,1,0.4619535,Medium,Monitor,Continue monitoring and regular customer engagement,38.07013888888889,4,1497.33,374.3325,490.06458333333336,95,1,0.008145568089737
15580,1,0.3763026,Medium,Monitor,Continue monitoring and regular customer engagement,196.07638888888889,8,1375.39,171.92375,490.0618055555556,150,1,0.0162912283331612
15422,1,0.32080856,Medium,Monitor,Continue monitoring and regular customer engagement,142.85625,7,1619.97,231.42428571428573,490.04027777777776,80,1,0.01425544973964
15584,0,0.59084076,High,Medium Priority,Automated re-engagement reminder or promotional campaign,219.05277777777775,2,547.34,273.67,490.0236111111111,93,1,0.004073123888023
16788,0,0.24732982,Medium,Monitor,Continue monitoring and regular customer engagement,73.98958333333333,4,1629.01,407.25250000000005,490.00694444444446,292,1,0.0081465242910685
16225,0,0.1985107,Low,Monitor,Continue monitoring and regular customer engagement,96.95555555555556,12,2179.6,181.63333333333333,490.00625,149,1,0.0244396074388055
12402,1,0.42970288,Medium,Monitor,Continue monitoring and regular customer engagement,142.95902777777778,6,1256.9,209.48333333333332,490.00625,43,1,0.0122198037194027
14562,0,0.0327175,Low,Monitor,Continue monitoring and regular customer engagement,2.704861111111111,12,2737.37,228.11416666666665,489.94444444444446,164,1,0.0244426841688355
17550,1,0.15740514,Low,Monitor,Continue monitoring and regular customer engagement,16.945138888888888,9,2506.64,278.5155555555555,489.90486111111113,250,1,0.018333491299372
16082,1,0.9297361,Critical,High Priority,Targeted re-engagement campaign with personalised offer,489.8986111111111,1,106.75,106.75,489.8986111111111,16,0,0.0020370805240955
16212,0,0.54702824,High,Medium Priority,Automated re-engagement reminder or promotional campaign,102.99930555555557,3,1101.52,367.17333333333335,489.89166666666665,61,1,0.0061113280255317
17342,1,0.49161986,Medium,Monitor,Continue monitoring and regular customer engagement,199.0715277777778,4,1227.54,306.885,489.1486111111111,31,1,0.0081607902365212
17504,1,0.029198797,Low,Monitor,Continue monitoring and regular customer engagement,25.99375,18,9490.17,527.2316666666667,489.1444444444445,244,1,0.0367238682474553
14227,0,0.03969493,Low,Monitor,Continue monitoring and regular customer engagement,15.916666666666666,12,5417.27,451.4391666666667,489.1333333333333,237,1,0.0244831338411316
13497,1,0.43289912,Medium,Monitor,Continue monitoring and regular customer engagement,102.15694444444443,6,1166.83,194.47166666666664,489.09930555555553,52,1,0.0122424168571278
16161,0,0.0423388,Low,Monitor,Continue monitoring and regular customer engagement,17.818055555555556,34,9307.45,273.7485294117647,489.0722222222222,348,1,0.0693775293890923
13870,0,0.15282448,Low,Monitor,Continue monitoring and regular customer engagement,107.15347222222222,8,3485.17,435.64625,489.0291666666666,113,1,0.0163255588527893
16246,1,0.6230869,High,Medium Priority,Automated re-engagement reminder or promotional campaign,279.03194444444443,2,821.35,410.675,489.0125,79,1,0.0040815285324353
13417,0,0.3051452,Medium,Monitor,Continue monitoring and regular customer engagement,24.85,5,1264.66,252.932,489.0076388888889,42,1,0.0102039225578966
13304,1,0.48644784,Medium,Monitor,Continue monitoring and regular customer engagement,170.92708333333334,4,1217.99,304.4975,489.00555555555553,59,1,0.0081631727531433
13834,1,0.8224039,Critical,High Priority,Targeted re-engagement campaign with personalised offer,396.09930555555553,2,324.19,162.095,488.99861111111113,15,1,0.0040816442223475
14884,1,0.931579,Critical,High Priority,Targeted re-engagement campaign with personalised offer,488.9958333333333,1,120.6,120.6,488.9958333333333,8,0,0.0020408336805585
18070,1,0.8824657,Critical,High Priority,Targeted re-engagement campaign with personalised offer,488.9736111111111,1,314.1,314.1,488.9736111111111,9,0,0.0020409262403587
16078,1,0.8217982,Critical,High Priority,Targeted re-engagement campaign with personalised offer,103.12708333333332,2,362.99,181.495,488.97291666666666,39,1,0.0040818582659755
15339,0,0.30295384,Medium,Monitor,Continue monitoring and regular customer engagement,137.98263888888889,6,1504.85,250.8083333333333,488.9666666666666,134,1,0.0122457310021089
16781,1,0.6878349,High,Medium Priority,Automated re-engagement reminder or promotional campaign,191.9333333333333,2,623.0,311.5,488.95416666666665,36,1,0.0040820144741429
17514,0,0.8278442,Critical,High Priority,Targeted re-engagement campaign with personalised offer,488.9513888888889,1,313.35,313.35,488.9513888888889,41,0,0.0020410188085552
17294,1,0.8580442,Critical,High Priority,Targeted re-engagement campaign with personalised offer,488.8597222222222,2,467.79,233.895,488.9368055555556,17,0,0.0040821591219956
17647,0,0.89527243,Critical,High Priority,Targeted re-engagement campaign with personalised offer,488.9236111111111,2,198.6,99.29999999999998,488.9243055555556,5,0,0.0040822632747972
12524,0,0.029559834,Low,Monitor,Continue monitoring and regular customer engagement,24.01805555555556,14,9473.77,676.6978571428572,488.92291666666665,130,1,0.028575923933612
12665,1,0.58333504,High,Medium Priority,Automated re-engagement reminder or promotional campaign,144.17777777777778,3,313.6,104.53333333333336,488.9020833333333,13,1,0.0061236726726854
17319,1,0.92250884,Critical,High Priority,Targeted re-engagement campaign with personalised offer,488.87708333333336,1,29.1,29.1,488.87708333333336,3,0,0.0020413283944526
17774,0,0.0930761,Low,Monitor,Continue monitoring and regular customer engagement,68.99652777777777,7,2655.09,379.29857142857145,488.8638888888889,241,1,0.0142896836422815
15892,1,0.87352204,Critical,High Priority,Targeted re-engagement campaign with personalised offer,488.8520833333333,1,128.2,128.2,488.8520833333333,38,0,0.0020414325753097
13119,1,0.90873075,Critical,High Priority,Targeted re-engagement campaign with personalised offer,488.175,1,134.9,134.9,488.175,11,0,0.0020442581898093
12370,0,0.18961339,Low,Monitor,Continue monitoring and regular customer engagement,94.00138888888888,6,3577.28,596.2133333333333,488.13125,150,1,0.0122666462222562
13131,0,0.21429428,Low,Monitor,Continue monitoring and regular customer engagement,7.080555555555556,5,2565.37,513.074,488.12708333333336,98,1,0.0102222922638544
14609,0,0.36715716,Medium,Monitor,Continue monitoring and regular customer engagement,116.02777777777776,7,1028.64,146.9485714285714,488.12638888888887,6,1,0.0143112294879476
17577,1,0.9070107,Critical,High Priority,Targeted re-engagement campaign with personalised offer,464.9923611111111,2,348.75,174.375,488.1111111111111,20,1,0.0040890504316219
15082,1,0.92598057,Critical,High Priority,Targeted re-engagement campaign with personalised offer,488.1020833333333,1,93.35,93.35,488.1020833333333,6,0,0.0020445629533711
12645,0,0.124404095,Low,Monitor,Continue monitoring and regular customer engagement,39.02708333333333,6,2563.02,427.17,488.0840277777778,91,1,0.0122678305960263
17083,0,0.19479187,Low,Monitor,Continue monitoring and regular customer engagement,115.04444444444444,8,3640.03,455.00375,488.0444444444444,29,1,0.0163584314081883
12621,0,0.02785441,Low,Monitor,Continue monitoring and regular customer engagement,19.883333333333333,25,17977.35,719.0939999999999,488.0340277777778,244,1,0.0511211870339629
13293,1,0.55907935,High,Medium Priority,Automated re-engagement reminder or promotional campaign,211.9736111111111,6,1192.94,198.82333333333332,488.03125,51,1,0.0122691545785673
16344,0,0.6730358,High,Medium Priority,Automated re-engagement reminder or promotional campaign,329.0548611111111,3,741.3199999999999,247.10666666666663,488.0236111111111,42,1,0.0061346731156471
17731,0,0.2960343,Medium,Monitor,Continue monitoring and regular customer engagement,2.938194444444445,4,1131.45,282.8625,488.00902777777776,50,1,0.0081798080869331
13976,1,0.32208216,Medium,Monitor,Continue monitoring and regular customer engagement,26.150694444444444,4,1192.36,298.09000000000003,487.9875,49,1,0.0081801682047087
13242,0,0.3702334,Medium,Monitor,Continue monitoring and regular customer engagement,33.015277777777776,6,533.0,88.83333333333333,487.9847222222222,15,1,0.0122703220107422
16419,0,0.43328232,Medium,Monitor,Continue monitoring and regular customer engagement,94.9173611111111,4,1021.92,255.48,487.975,48,1,0.0081803773199038
13985,0,0.023317538,Low,Monitor,Continue monitoring and regular customer engagement,3.955555555555556,10,4126.03,412.603,487.95416666666665,91,1,0.0204518146724727
16873,0,0.045058098,Low,Monitor,Continue monitoring and regular customer engagement,17.088194444444444,9,10727.22,1191.9133333333332,487.93958333333336,170,1,0.0184071822097992
12663,1,0.9000523,Critical,High Priority,Targeted re-engagement campaign with personalised offer,444.13194444444446,2,239.4,119.7,487.93194444444447,9,1,0.0040905488437097
16530,1,0.9253347,Critical,High Priority,Targeted re-engagement campaign with personalised offer,487.8888888888889,1,48.35,48.35,487.8888888888889,3,0,0.0020454545454545
13092,0,0.11822218,Low,Monitor,Continue monitoring and regular customer engagement,31.102777777777774,11,2102.2,191.1090909090909,487.17083333333335,48,1,0.0225330954839921
12932,1,0.6335848,High,Medium Priority,Automated re-engagement reminder or promotional campaign,358.9361111111112,8,1698.56,212.32,487.1694444444444,69,1,0.0163877524311344
18058,0,0.7105235,Critical,High Priority,Targeted re-engagement campaign with personalised offer,360.96180555555554,2,603.9,301.95,487.1333333333333,11,1,0.0040972411909314
15176,1,0.77410847,Critical,High Priority,Targeted re-engagement campaign with personalised offer,487.0930555555556,1,988.04,988.04,487.0930555555556,52,0,0.0020487896490594
13164,1,0.8277367,Critical,High Priority,Targeted re-engagement campaign with personalised offer,388.9569444444445,2,372.2,186.1,487.04027777777776,7,1,0.0040980224195976
12776,1,0.92740273,Critical,High Priority,Targeted re-engagement campaign with personalised offer,487.0270833333333,1,55.5,55.5,487.0270833333333,4,0,0.0020490666074714
17201,0,0.58450454,High,Medium Priority,Automated re-engagement reminder or promotional campaign,343.0486111111111,3,853.3199999999999,284.44,487.01666666666665,119,1,0.0061473310337761
17575,1,0.92855567,Critical,High Priority,Targeted re-engagement campaign with personalised offer,486.95972222222224,1,171.7,171.7,486.95972222222224,5,0,0.0020493494738579
12474,0,0.02766676,Low,Monitor,Continue monitoring and regular customer engagement,20.0125,21,7767.79,369.8947619047619,486.13125,262,1,0.0431095315687507
16577,1,0.8783743,Critical,High Priority,Targeted re-engagement campaign with personalised offer,486.12847222222223,1,380.0,380.0,486.12847222222223,23,0,0.002052846542593
12670,0,0.27588817,Medium,Monitor,Continue monitoring and regular customer engagement,19.14236111111111,4,1790.63,447.6575,486.1090277777778,44,1,0.008211713952928
15765,1,0.8714087,Critical,High Priority,Targeted re-engagement campaign with personalised offer,486.10069444444446,1,370.63,370.63,486.10069444444446,25,0,0.0020529636097943
12567,0,0.030745028,Low,Monitor,Continue monitoring and regular customer engagement,4.148611111111111,11,6823.2,620.2909090909092,486.09722222222223,228,1,0.0225827606854666
14115,1,0.6718711,High,Medium Priority,Automated re-engagement reminder or promotional campaign,321.0097222222222,2,622.6700000000001,311.33500000000004,486.04583333333335,22,1,0.0041063897134937
14072,1,0.91885746,Critical,High Priority,Targeted re-engagement campaign with personalised offer,486.0131944444444,1,390.85,390.85,486.0131944444444,19,0,0.0020533324587658
16992,0,0.044537168,Low,Monitor,Continue monitoring and regular customer engagement,19.14583333333333,10,4533.34,453.334,486.0097222222222,184,1,0.0205334709836388
14301,0,0.552368,High,Medium Priority,Automated re-engagement reminder or promotional campaign,235.9451388888889,3,1352.04,450.68,485.9881944444445,29,1,0.0061603136055944
17685,0,0.14166802,Low,Monitor,Continue monitoring and regular customer engagement,86.10694444444445,10,3811.84,381.184,485.9625,81,1,0.0205354621762456
12677,1,0.82048905,Critical,High Priority,Targeted re-engagement campaign with personalised offer,374.93055555555554,2,395.1,197.55,485.9548611111111,13,1,0.0041071568634441
13696,1,0.59728575,High,High Priority,Targeted re-engagement campaign with personalised offer,241.12916666666663,3,2020.4,673.4666666666667,485.93958333333336,24,1,0.0061609285888478
14190,1,0.9212969,Critical,High Priority,Targeted re-engagement campaign with personalised offer,485.9326388888889,1,79.9,79.9,485.9326388888889,1,0,0.0020536721512073
15244,0,0.6691594,High,Medium Priority,Automated re-engagement reminder or promotional campaign,67.90138888888889,2,578.45,289.225,485.9180555555556,28,1,0.0041074673185369
13288,1,0.666134,High,Medium Priority,Automated re-engagement reminder or promotional campaign,262.84583333333336,5,927.61,185.522,485.91041666666666,7,1,0.0102688293962356
13551,1,0.7709699,Critical,High Priority,Targeted re-engagement campaign with personalised offer,138.91944444444445,2,244.2,122.1,485.9090277777778,5,1,0.0041075434750673
16839,0,0.026026009,Low,Monitor,Continue monitoring and regular customer engagement,5.186805555555556,24,12207.17,508.63208333333336,485.90833333333336,95,1,0.0492905920005476
15807,0,0.56960833,High,Medium Priority,Automated re-engagement reminder or promotional campaign,227.99027777777775,2,913.62,456.81,485.8875,40,1,0.0041077250904983
16978,0,0.88346285,Critical,High Priority,Targeted re-engagement campaign with personalised offer,485.84513888888887,2,424.55,212.275,485.84930555555553,28,0,0.0041080473509513
13629,0,0.048185673,Low,Monitor,Continue monitoring and regular customer engagement,30.05902777777778,12,8466.5,705.5416666666666,485.8027777777778,7,1,0.0246506399465902
13291,0,0.5037257,Medium,Monitor,Continue monitoring and regular customer engagement,233.7423611111111,10,2909.68,290.968,485.7597222222222,134,1,0.020544016983054
16553,0,0.025799312,Low,Monitor,Continue monitoring and regular customer engagement,24.994444444444444,30,15595.37,519.8456666666667,485.7527777777778,191,1,0.0616329302463605
13815,0,0.25935194,Medium,Monitor,Continue monitoring and regular customer engagement,138.0236111111111,5,4460.39,892.0780000000001,485.1,151,1,0.0102859493931289
16895,0,0.5497823,High,Medium Priority,Automated re-engagement reminder or promotional campaign,258.0673611111111,4,900.63,225.1575,485.07152777777776,82,1,0.0082292415239526
15293,1,0.89125067,Critical,High Priority,Targeted re-engagement campaign with personalised offer,485.0388888888889,1,247.5,247.5,485.0388888888889,19,0,0.0020574485352109
15504,0,0.7323635,Critical,High Priority,Targeted re-engagement campaign with personalised offer,340.03333333333336,3,349.87,116.62333333333332,485.0111111111111,33,1,0.0061726983836674
12695,0,0.30520043,Medium,Monitor,Continue monitoring and regular customer engagement,29.98263888888889,4,914.27,228.5675,484.97777777777776,31,1,0.0082308290273903
13223,1,0.35303485,Medium,Monitor,Continue monitoring and regular customer engagement,19.990972222222226,6,969.12,161.52,484.97430555555553,8,1,0.0123463317533648
17226,1,0.53402126,High,Medium Priority,Automated re-engagement reminder or promotional campaign,128.0402777777778,3,895.47,298.49,484.9298611111111,51,1,0.0061737304909401
17547,1,0.60046166,High,Medium Priority,Automated re-engagement reminder or promotional campaign,195.13125,2,727.85,363.925,484.9277777777778,22,1,0.0041158379731784
15278,1,0.7173744,Critical,High Priority,Targeted re-engagement campaign with personalised offer,381.11597222222224,4,496.16,124.04,484.9145833333333,29,1,0.0082318994679277
14103,1,0.9200562,Critical,High Priority,Targeted re-engagement campaign with personalised offer,484.9111111111111,1,0.0,0.0,484.9111111111111,1,0,0.0020579895728528
15288,0,0.08701345,Low,Monitor,Continue monitoring and regular customer engagement,20.091666666666665,8,3032.86,379.1075,484.8909722222222,114,1,0.0164645989683899
12976,1,0.082251854,Low,Monitor,Continue monitoring and regular customer engagement,31.12152777777778,8,3156.38,394.5475,484.8777777777778,106,1,0.0164650460792609
14827,1,0.9200562,Critical,High Priority,Targeted re-engagement campaign with personalised offer,484.87708333333336,1,0.0,0.0,484.87708333333336,1,0,0.0020581337015105
17258,1,0.7065565,High,Medium Priority,Automated re-engagement reminder or promotional campaign,216.0090277777778,2,417.3,208.65000000000003,484.8743055555556,46,1,0.0041162909360131
17955,1,0.37425396,Medium,Monitor,Continue monitoring and regular customer engagement,18.03472222222222,6,949.9,158.31666666666666,484.84930555555553,16,1,0.0123495082351495
17029,0,0.21765766,Low,Monitor,Continue monitoring and regular customer engagement,56.078472222222224,6,1779.3,296.55,483.1048611111111,19,1,0.0123940089885255
15372,0,0.48941064,Medium,Monitor,Continue monitoring and regular customer engagement,269.91527777777776,7,4009.66,572.8085714285714,483.0597222222222,19,1,0.014461025527727
13446,1,0.65271014,High,High Priority,Targeted re-engagement campaign with personalised offer,249.7493055555556,11,3881.89,352.89909090909094,483.04027777777776,113,1,0.0227253815539914
16608,1,0.5496814,High,Medium Priority,Automated re-engagement reminder or promotional campaign,273.0458333333333,2,1286.62,643.31,483.03680555555553,94,1,0.0041319171952316
15561,0,0.24554822,Medium,Monitor,Continue monitoring and regular customer engagement,35.05,5,1399.55,279.91,483.0194444444445,49,1,0.0103301635035323
17108,1,0.93203306,Critical,High Priority,Targeted re-engagement campaign with personalised offer,483.0194444444445,1,174.95,174.95,483.0194444444445,9,0,0.0020660327007064
15425,1,0.44729108,Medium,Monitor,Continue monitoring and regular customer engagement,219.77569444444444,4,1941.12,485.28,483.0097222222222,114,1,0.0082642968030371
15538,1,0.7188118,Critical,Immediate Action,Personalised retention outreach with high-value incentive,357.0840277777778,6,3358.4,559.7333333333333,483.0083333333333,3,1,0.0123964807768461
16136,0,0.7518404,Critical,High Priority,Targeted re-engagement campaign with personalised offer,97.12361111111112,2,396.72,198.36,483.0006944444444,17,1,0.0041322254760309
13587,0,0.5090185,Medium,Monitor,Continue monitoring and regular customer engagement,268.95694444444445,3,961.1,320.3666666666667,482.98125,20,1,0.0061985872386585
14970,0,0.16374575,Low,Monitor,Continue monitoring and regular customer engagement,71.97013888888888,10,4109.54,410.954,482.96736111111113,56,1,0.0206625504187753
15272,0,0.398504,Medium,Monitor,Continue monitoring and regular customer engagement,269.82152777777776,4,1309.01,327.2525,482.9659722222222,209,1,0.008265043886522
17285,1,0.8944707,Critical,High Priority,Targeted re-engagement campaign with personalised offer,447.9666666666666,2,407.94,203.97,482.94444444444446,41,1,0.0041327057743083
13421,0,0.15654553,Low,Monitor,Continue monitoring and regular customer engagement,109.87777777777778,7,3050.08,435.7257142857143,482.9201388888889,157,1,0.0144651967080197
17340,0,0.04812078,Low,Monitor,Continue monitoring and regular customer engagement,12.095833333333331,11,13067.47,1187.9518181818182,482.9138888888889,244,1,0.022731316981327
16838,1,0.33501238,Medium,Monitor,Continue monitoring and regular customer engagement,16.98402777777778,4,1159.61,289.90250000000003,482.8909722222222,53,1,0.0082663249153634
15964,1,0.9055516,Critical,High Priority,Targeted re-engagement campaign with personalised offer,482.8888888888889,1,269.21000000000004,269.21000000000004,482.8888888888889,20,0,0.0020665901262916
14909,1,0.6154291,High,Medium Priority,Automated re-engagement reminder or promotional campaign,256.82916666666665,3,1404.68,468.2266666666666,482.87708333333336,61,1,0.0061999216398792
18179,0,0.18822877,Low,Monitor,Continue monitoring and regular customer engagement,71.97847222222222,6,1857.54,309.59,482.8743055555556,70,1,0.012399914463553
14943,1,0.9249026,Critical,High Priority,Targeted re-engagement campaign with personalised offer,482.8652777777778,1,107.62,107.62,482.8652777777778,5,0,0.0020666909694215
12426,1,0.503946,Medium,Monitor,Continue monitoring and regular customer engagement,14.016666666666667,2,1345.21,672.605,482.17291666666665,73,1,0.0041393048554908
12391,0,0.46564284,Medium,Monitor,Continue monitoring and regular customer engagement,284.0083333333333,5,2285.18,457.03600000000006,482.1097222222222,159,1,0.0103496157705145
14282,0,0.029417213,Low,Monitor,Continue monitoring and regular customer engagement,22.904166666666665,15,5330.6,355.37333333333333,482.06111111111113,80,1,0.0310519718002093
12380,0,0.10405283,Low,Monitor,Continue monitoring and regular customer engagement,5.125694444444444,8,7559.04,944.88,482.03125,125,1,0.0165620754350779
16330,0,0.5722979,High,Medium Priority,Automated re-engagement reminder or promotional campaign,243.91041666666663,4,373.47,93.3675,482.0097222222222,71,1,0.0082814068039808
17136,1,0.88053274,Critical,High Priority,Targeted re-engagement campaign with personalised offer,481.9840277777778,1,231.68,231.68,481.9840277777778,14,0,0.0020704618423947
15371,1,0.92684346,Critical,High Priority,Targeted re-engagement campaign with personalised offer,481.98333333333335,1,59.400000000000006,59.400000000000006,481.98333333333335,1,0,0.0020704648193519
16544,1,0.7589369,Critical,High Priority,Targeted re-engagement campaign with personalised offer,339.06875,4,376.7000000000001,94.175,481.9791666666667,8,1,0.0082819307251002
16860,1,0.59196705,High,Medium Priority,Automated re-engagement reminder or promotional campaign,272.1145833333333,3,1610.62,536.8733333333333,481.9611111111111,35,1,0.0062116802595101
17241,1,0.43420154,Medium,Monitor,Continue monitoring and regular customer engagement,204.9923611111111,12,2736.64,228.05333333333337,481.91875,116,1,0.0248489005655713
17442,0,0.08723407,Low,Monitor,Continue monitoring and regular customer engagement,40.01041666666666,11,3186.57,289.6881818181818,481.8722222222222,145,1,0.0227803536707433
17644,0,0.035072867,Low,Monitor,Continue monitoring and regular customer engagement,22.98263888888889,12,4054.73,337.89416666666665,481.17083333333335,117,1,0.0248874448025855
15323,1,0.8420718,Critical,High Priority,Targeted re-engagement campaign with personalised offer,382.1173611111111,3,434.6,144.86666666666667,481.1451388888889,29,1,0.0062221927756308
13802,0,0.07774688,Low,Monitor,Continue monitoring and regular customer engagement,74.08055555555555,18,24790.75,1377.263888888889,481.11041666666665,210,1,0.0373358454365139
14369,1,0.8794049,Critical,High Priority,Targeted re-engagement campaign with personalised offer,461.87708333333336,2,469.13,234.565,481.0986111111111,24,1,0.0041485288567633
16359,0,0.08677736,Low,Monitor,Continue monitoring and regular customer engagement,33.99444444444445,12,1963.09,163.59083333333334,481.0909722222222,72,1,0.0248915675493473
14989,1,0.88950384,Critical,High Priority,Targeted re-engagement campaign with personalised offer,481.09027777777777,1,342.4,342.4,481.09027777777777,18,0,0.0020743002837758
16584,0,0.27042872,Medium,Monitor,Continue monitoring and regular customer engagement,73.98333333333333,4,2832.03,708.0075,481.0895833333333,52,1,0.008297213087125
13407,1,0.63570404,High,High Priority,Targeted re-engagement campaign with personalised offer,398.00625,3,2244.7,748.2333333333332,481.0673611111111,85,1,0.0062231966775044
17171,1,0.79506654,Critical,High Priority,Targeted re-engagement campaign with personalised offer,108.84236111111112,2,384.59,192.295,481.03333333333336,25,1,0.0041490906576308
14639,0,0.2450098,Medium,Monitor,Continue monitoring and regular customer engagement,110.97847222222222,5,3229.6,645.92,481.0104166666667,133,1,0.0103732198042054
17778,1,0.8726784,Critical,High Priority,Targeted re-engagement campaign with personalised offer,481.00416666666666,1,197.7,197.7,481.00416666666666,10,0,0.0020746708621121
17789,1,0.8052565,Critical,High Priority,Targeted re-engagement campaign with personalised offer,100.98333333333332,2,397.15,198.575,480.9819444444444,27,1,0.0041495330334527
15325,0,0.3360793,Medium,Monitor,Continue monitoring and regular customer engagement,214.9833333333333,7,1439.72,205.67428571428573,480.97222222222223,141,1,0.0145236585787562
12960,1,0.5066156,Medium,Monitor,Continue monitoring and regular customer engagement,233.13819444444445,4,1322.07,330.51750000000004,480.97083333333336,49,1,0.0082992573893648
13503,0,0.514843,Medium,Monitor,Continue monitoring and regular customer engagement,298.98125,5,1642.39,328.478,480.9590277777778,148,1,0.0103743258489296
12972,1,0.5528379,High,Medium Priority,Automated re-engagement reminder or promotional campaign,233.17291666666668,4,1161.2,290.3,480.93055555555554,69,1,0.0082999510072336
17931,0,0.07767255,Low,Monitor,Continue monitoring and regular customer engagement,75.01319444444445,13,3291.08,253.16,480.87708333333336,265,1,0.0269778340776736
13842,0,0.042883508,Low,Monitor,Continue monitoring and regular customer engagement,19.08333333333333,15,3762.19,250.81266666666667,480.8722222222222,158,1,0.0311285841105871
16911,1,0.90063685,Critical,High Priority,Targeted re-engagement campaign with personalised offer,455.02222222222224,2,255.25,127.625,480.8597222222222,30,1,0.0041505855496211
16774,0,0.5424757,High,Medium Priority,Automated re-engagement reminder or promotional campaign,242.92222222222225,4,905.96,226.49,480.83125,60,1,0.0083016616294605
14944,0,0.034239218,Low,Monitor,Continue monitoring and regular customer engagement,5.905555555555556,12,5716.45,476.3708333333333,480.16875,134,1,0.024939275462091
13659,1,0.035632692,Low,Monitor,Continue monitoring and regular customer engagement,25.009027777777774,12,4884.68,407.0566666666667,480.15625,224,1,0.0249399233616938
18285,1,0.8825345,Critical,High Priority,Targeted re-engagement campaign with personalised offer,480.1013888888889,1,427.0,427.0,480.1013888888889,12,0,0.0020785639432667
14244,1,0.8329922,Critical,High Priority,Targeted re-engagement campaign with personalised offer,480.0486111111111,1,366.42,366.42,480.0486111111111,16,0,0.0020787919908764
17560,0,0.1483271,Low,Monitor,Continue monitoring and regular customer engagement,23.81736111111111,7,1526.9,254.48333333333332,480.0270833333333,33,1,0.0145521951726557
13613,1,0.571566,High,Medium Priority,Automated re-engagement reminder or promotional campaign,272.0340277777778,5,1039.85,207.97,480.00694444444446,50,1,0.0103948603190644
14276,0,0.1423612,Low,Monitor,Continue monitoring and regular customer engagement,0.1208333333333333,6,1703.34,283.89,479.9861111111111,63,1,0.0124743726718835
17426,0,0.18004966,Low,Monitor,Continue monitoring and regular customer engagement,101.84444444444443,8,4234.39,529.29875,479.9659722222222,151,1,0.0166331933276638
14584,0,0.10159293,Low,Monitor,Continue monitoring and regular customer engagement,2.699305555555556,7,1524.71,217.81571428571428,479.9506944444444,123,1,0.0145545064823865
16447,0,0.8461887,Critical,High Priority,Targeted re-engagement campaign with personalised offer,409.9784722222222,2,471.19,235.595,479.9451388888889,27,1,0.0041584784589371
16938,0,0.18893701,Low,Monitor,Continue monitoring and regular customer engagement,128.13611111111112,6,4551.28,758.5466666666666,479.91875,429,1,0.0124761199267027
18218,1,0.2981238,Medium,Monitor,Continue monitoring and regular customer engagement,30.997916666666665,4,1121.84,280.46,479.9020833333333,25,1,0.0083177015418072
14322,1,0.7278683,Critical,High Priority,Targeted re-engagement campaign with personalised offer,248.89791666666667,4,474.1,118.525,479.1673611111111,10,1,0.0083304287712183
14495,0,0.889999,Critical,High Priority,Targeted re-engagement campaign with personalised offer,479.1673611111111,1,51.0,51.0,479.1673611111111,1,0,0.0020826071928045
14890,1,0.50781196,Medium,Monitor,Continue monitoring and regular customer engagement,73.03680555555556,3,817.25,272.4166666666667,479.15972222222223,55,1,0.0062479209753698
13773,1,0.6662589,High,Medium Priority,Automated re-engagement reminder or promotional campaign,216.04236111111112,2,301.54,150.77,479.09930555555553,19,1,0.0041658048175796
13020,1,0.6620414,High,Medium Priority,Automated re-engagement reminder or promotional campaign,382.06805555555553,2,618.96,309.48,479.09375,38,1,0.004165853023498
12993,0,0.3825805,Medium,Monitor,Continue monitoring and regular customer engagement,27.09861111111111,6,1020.17,170.02833333333334,479.09375,54,1,0.012497559070494
13431,0,0.40115893,Medium,Monitor,Continue monitoring and regular customer engagement,225.9451388888889,6,2047.14,341.19,479.0395833333333,74,1,0.0124989692690272
12898,1,0.74507356,Critical,High Priority,Targeted re-engagement campaign with personalised offer,283.1958333333333,2,296.21000000000004,148.10500000000002,479.0097222222222,27,1,0.0041665822740858
16170,0,0.016091568,Low,Monitor,Continue monitoring and regular customer engagement,3.0069444444444446,17,5928.82,348.7541176470588,478.9583333333333,217,1,0.0354197412969875
13579,0,0.45818046,Medium,Monitor,Continue monitoring and regular customer engagement,188.86111111111111,4,1072.0,268.0,478.95625,62,1,0.0083340929511804
14152,0,0.18099633,Low,Monitor,Continue monitoring and regular customer engagement,53.87777777777778,6,1690.56,281.76,478.9534722222222,90,1,0.0125012117783407
18178,0,0.06770455,Low,Monitor,Continue monitoring and regular customer engagement,39.107638888888886,10,5612.87,561.287,478.93402777777777,190,1,0.0208361971046367
17763,1,0.5809995,High,Medium Priority,Automated re-engagement reminder or promotional campaign,82.93402777777777,4,86.15,21.5375,478.9291666666667,11,1,0.0083345632602033
12891,1,0.15494515,Low,Monitor,Continue monitoring and regular customer engagement,5.013194444444444,11,840.5,76.4090909090909,478.9291666666667,2,1,0.0229200489655591
15693,1,0.9213301,Critical,High Priority,Targeted re-engagement campaign with personalised offer,478.9256944444445,1,37.5,37.5,478.9256944444445,1,0,0.0020836558900176
17721,1,0.9012081,Critical,High Priority,Targeted re-engagement campaign with personalised offer,478.89722222222224,1,307.21000000000004,307.21000000000004,478.89722222222224,11,0,0.0020837795129744
18153,1,0.8866288,Critical,High Priority,Targeted re-engagement campaign with personalised offer,478.875,1,246.22,246.22,478.875,17,0,0.0020838760093774
14783,1,0.83043396,Critical,High Priority,Targeted re-engagement campaign with personalised offer,478.8569444444444,1,307.3,307.3,478.8569444444444,17,0,0.0020839544192858
18257,0,0.088304184,Low,Monitor,Continue monitoring and regular customer engagement,26.11111111111111,7,2983.72,426.2457142857143,478.8541666666667,162,1,0.0145877653801068
15306,0,0.5872061,High,High Priority,Targeted re-engagement campaign with personalised offer,319.9243055555556,6,2310.38,385.0633333333333,478.81805555555553,80,1,0.0125047399332501
16487,1,0.8081107,Critical,High Priority,Targeted re-engagement campaign with personalised offer,396.9666666666666,2,209.4,104.7,478.8013888888889,28,1,0.0041683914351134
14686,1,0.46132076,Medium,Monitor,Continue monitoring and regular customer engagement,233.76319444444445,5,852.53,170.50600000000003,478.76458333333335,185,1,0.0104217780421821
13333,1,0.6071393,High,Medium Priority,Automated re-engagement reminder or promotional campaign,230.9763888888889,3,1015.74,338.58000000000004,478.14166666666665,54,1,0.0062611962363253
13957,1,0.6492599,High,Medium Priority,Automated re-engagement reminder or promotional campaign,237.11666666666667,3,458.25,152.75,478.09583333333336,21,1,0.0062617952219023
16574,0,0.57633877,High,Medium Priority,Automated re-engagement reminder or promotional campaign,243.14236111111111,2,850.34,425.17,478.0444444444444,58,1,0.004174977965394
13604,1,0.816292,Critical,High Priority,Targeted re-engagement campaign with personalised offer,478.03333333333336,1,717.62,717.62,478.03333333333336,21,0,0.0020875374017117
17145,1,0.47914925,Medium,Monitor,Continue monitoring and regular customer engagement,332.15833333333336,4,3120.91,780.2275,478.02986111111113,168,1,0.0083502101324581
13662,0,0.18363085,Low,Monitor,Continue monitoring and regular customer engagement,31.977083333333333,10,1868.79,186.879,477.9784722222222,109,1,0.0208777650352529
13552,0,0.035731405,Low,Monitor,Continue monitoring and regular customer engagement,24.88125,15,5070.14,338.00933333333336,477.9736111111111,125,1,0.031316965386054
13191,1,0.8354029,Critical,High Priority,Targeted re-engagement campaign with personalised offer,477.825,1,164.69,164.69,477.825,58,0,0.0020884456743068
18283,0,0.14535254,Low,Monitor,Continue monitoring and regular customer engagement,20.053472222222226,11,1134.89,103.1718181818182,477.8152777777778,240,1,0.0229733688763063
12416,1,0.894985,Critical,High Priority,Targeted re-engagement campaign with personalised offer,476.1048611111111,1,202.56,202.56,476.1048611111111,11,0,0.0020959752907801
13761,0,0.6698517,High,Medium Priority,Automated re-engagement reminder or promotional campaign,322.0,4,881.52,220.38,476.0708333333333,50,1,0.0083844991571831
14878,0,0.041840937,Low,Monitor,Continue monitoring and regular customer engagement,0.0583333333333333,21,3563.18,169.6752380952381,476.06666666666666,150,1,0.0440190050307434
15988,0,0.6167917,High,Medium Priority,Automated re-engagement reminder or promotional campaign,371.00347222222223,2,582.11,291.055,476.0513888888889,93,1,0.004192420453189
15182,0,0.17387971,Low,Monitor,Continue monitoring and regular customer engagement,88.00555555555556,10,2746.582,274.6582,476.03263888888887,75,1,0.0209629261915749
16693,0,0.38129872,Medium,Monitor,Continue monitoring and regular customer engagement,91.07222222222222,4,855.03,213.7575,476.00555555555553,117,1,0.0083856465682906
15774,0,0.6102549,High,Medium Priority,Automated re-engagement reminder or promotional campaign,237.99375,5,1017.54,203.508,475.9951388888889,69,1,0.0104822871185794
16948,0,0.38466844,Medium,Monitor,Continue monitoring and regular customer engagement,81.18333333333334,6,674.2900000000001,112.38166666666666,475.95972222222224,17,1,0.0125796785775644
13980,0,0.45279306,Medium,Monitor,Continue monitoring and regular customer engagement,258.99444444444447,4,568.68,142.17000000000002,475.93888888888887,47,1,0.0083868187165837
17332,1,0.70195234,High,Medium Priority,Automated re-engagement reminder or promotional campaign,347.8611111111111,5,838.27,167.654,475.92291666666665,82,1,0.0104838744905492
15928,1,0.8769968,Critical,High Priority,Targeted re-engagement campaign with personalised offer,475.8986111111111,1,293.53,293.53,475.8986111111111,11,0,0.0020968817620796
12945,1,0.77982897,Critical,High Priority,Targeted re-engagement campaign with personalised offer,107.94097222222224,2,900.11,450.055,475.89722222222224,47,1,0.0041937757378424
16450,0,0.7711396,Critical,High Priority,Targeted re-engagement campaign with personalised offer,403.96319444444447,2,1193.81,596.905,475.8777777777778,27,1,0.0041939467368764
14602,1,0.8692175,Critical,High Priority,Targeted re-engagement campaign with personalised offer,475.87708333333336,1,205.36,205.36,475.87708333333336,31,0,0.0020969764221213
16273,1,0.8826935,Critical,High Priority,Targeted re-engagement campaign with personalised offer,467.9763888888889,2,318.34000000000003,159.17000000000002,475.8666666666667,15,1,0.0041940444568712
13540,1,0.67167526,High,Medium Priority,Automated re-engagement reminder or promotional campaign,286.9375,3,632.39,210.79666666666665,475.1444444444445,26,1,0.0063006090588756
12360,0,0.10694564,Low,Monitor,Continue monitoring and regular customer engagement,20.12986111111111,6,2674.41,445.735,475.1375,108,1,0.012601401905962
13434,0,0.48477653,Medium,Monitor,Continue monitoring and regular customer engagement,204.90347222222223,3,1132.62,377.54,475.1222222222222,14,1,0.0063009031294485
12389,1,0.5277715,High,Medium Priority,Automated re-engagement reminder or promotional campaign,222.0402777777778,3,1433.33,477.7766666666666,475.1076388888889,41,1,0.0063010961281806
16619,1,0.36101845,Medium,Monitor,Continue monitoring and regular customer engagement,83.18888888888888,4,1938.33,484.5825,475.03125,103,1,0.0084028096894899
14997,0,0.8719609,Critical,High Priority,Targeted re-engagement campaign with personalised offer,475.0270833333333,1,230.4,230.4,475.0270833333333,12,0,0.0021007208098278
17439,1,0.8676532,Critical,High Priority,Targeted re-engagement campaign with personalised offer,475.00138888888887,1,325.74,325.74,475.00138888888887,8,0,0.0021008342062493
13217,0,0.85445076,Critical,High Priority,Targeted re-engagement campaign with personalised offer,475.0006944444444,1,132.5,132.5,475.0006944444444,1,0,0.0021008372711874
17195,1,0.8256925,Critical,High Priority,Targeted re-engagement campaign with personalised offer,474.9895833333333,1,562.98,562.98,474.9895833333333,31,0,0.0021008863114126
17081,0,0.4127402,Medium,Monitor,Continue monitoring and regular customer engagement,215.00416666666663,4,660.48,165.12,474.9798611111111,121,1,0.0084037168939512
15754,0,0.119716115,Low,Monitor,Continue monitoring and regular customer engagement,66.01805555555555,7,2670.84,381.54857142857145,474.9715277777778,96,1,0.0147067620466326
17259,0,0.2939822,Medium,Monitor,Continue monitoring and regular customer engagement,187.99652777777777,5,1239.11,247.82200000000003,474.9666666666666,159,1,0.0105049373205406
15673,0,0.09156915,Low,Monitor,Continue monitoring and regular customer engagement,34.020833333333336,7,5174.13,739.1614285714286,474.93194444444447,147,1,0.0147079852103037
16071,0,0.6849966,High,Medium Priority,Automated re-engagement reminder or promotional campaign,346.96458333333334,3,750.5600000000001,250.1866666666667,474.9180555555556,47,1,0.00630360618804
13340,0,0.2331629,Low,Monitor,Continue monitoring and regular customer engagement,96.04930555555556,6,15042.11,2507.018333333333,474.9138888888889,116,1,0.0126073227532992
17829,1,0.32072136,Medium,Monitor,Continue monitoring and regular customer engagement,118.00277777777778,5,4756.74,951.348,474.8826388888889,121,1,0.0105067922033764
13513,0,0.5639031,High,Medium Priority,Automated re-engagement reminder or promotional campaign,260.85069444444446,2,619.49,309.745,474.8430555555556,24,1,0.0042030664872579
12727,0,0.07642344,Low,Monitor,Continue monitoring and regular customer engagement,6.889583333333333,8,4499.2300000000005,562.4037500000001,474.1222222222222,113,1,0.0168377727368396
17667,0,0.104848236,Low,Monitor,Continue monitoring and regular customer engagement,30.895138888888887,7,3251.86,464.5514285714286,474.1201388888889,135,1,0.0147331157470405
13330,0,0.1698533,Low,Monitor,Continue monitoring and regular customer engagement,5.022222222222222,5,2383.39,476.678,474.1097222222222,66,1,0.0105238848336203
15493,0,0.12548241,Low,Monitor,Continue monitoring and regular customer engagement,69.05694444444444,6,3087.7200000000003,514.62,474.06666666666666,234,1,0.0126298063429694
16416,0,0.33216313,Medium,Monitor,Continue monitoring and regular customer engagement,209.9763888888889,6,1906.48,317.74666666666667,474.03472222222223,92,1,0.0126306556538264
13052,1,0.0969512,Low,Monitor,Continue monitoring and regular customer engagement,31.94305555555556,7,3119.33,445.6185714285714,474.0131944444444,161,1,0.0147364327599087
14726,1,0.9218356,Critical,High Priority,Targeted re-engagement campaign with personalised offer,474.0104166666667,1,116.5,116.5,474.0104166666667,15,0,0.0021052169908554
15295,1,0.8392487,Critical,High Priority,Targeted re-engagement campaign with personalised offer,473.99097222222224,1,207.04,207.04,473.99097222222224,50,0,0.0021053031709666
13772,0,0.11102313,Low,Monitor,Continue monitoring and regular customer engagement,59.01319444444445,6,2205.81,367.635,473.9548611111111,313,1,0.0126327794307938
15241,0,0.050787378,Low,Monitor,Continue monitoring and regular customer engagement,3.1326388888888888,7,2359.08,337.0114285714285,473.95208333333335,101,1,0.0147383288665084
14112,0,0.104247965,Low,Monitor,Continue monitoring and regular customer engagement,23.093055555555555,9,4071.94,452.4377777777778,473.9402777777778,160,1,0.0189497509920838
13490,1,0.92455155,Critical,High Priority,Targeted re-engagement campaign with personalised offer,473.9180555555556,1,154.25,154.25,473.9180555555556,8,0,0.0021056264092343
15955,0,0.04679751,Low,Monitor,Continue monitoring and regular customer engagement,23.16180555555556,11,5115.34,465.0309090909091,473.8430555555556,130,1,0.0231655488509361
14681,0,0.3426642,Medium,Monitor,Continue monitoring and regular customer engagement,31.08680555555556,4,770.1500000000001,192.5375,473.1638888888889,18,1,0.0084359017920433
15290,0,0.032102913,Low,Monitor,Continue monitoring and regular customer engagement,22.92708333333333,16,4585.63,286.601875,473.1076388888889,62,1,0.0337476106428011
16388,1,0.9174136,Critical,High Priority,Targeted re-engagement campaign with personalised offer,473.1041666666667,1,186.05,186.05,473.1041666666667,13,0,0.0021092411126246
12482,1,0.6789798,High,High Priority,Targeted re-engagement campaign with personalised offer,395.8326388888889,29,23691.4,816.944827586207,473.1013888888889,42,1,0.0611683506516714
16406,0,0.4956003,Medium,Monitor,Continue monitoring and regular customer engagement,270.0395833333333,2,374.01,187.005,473.0409722222222,85,1,0.0042190445914924
12998,1,0.6804437,High,Medium Priority,Automated re-engagement reminder or promotional campaign,312.1979166666667,3,920.08,306.6933333333333,473.03819444444446,58,1,0.0063286039714919
15439,1,0.5016324,Medium,Monitor,Continue monitoring and regular customer engagement,224.09166666666667,4,1269.05,317.26250000000005,473.03125,49,1,0.0084382622453688
14284,0,0.79862654,Critical,High Priority,Targeted re-engagement campaign with personalised offer,473.0305555555556,1,704.4,704.4,473.0305555555556,35,0,0.0021095686518098
12909,0,0.13555728,Low,Monitor,Continue monitoring and regular customer engagement,21.040277777777774,6,2452.89,408.815,473.025,98,1,0.0126575602552607
15659,0,0.6424902,High,Medium Priority,Automated re-engagement reminder or promotional campaign,206.08263888888888,2,226.04,113.02,472.97083333333336,8,1,0.0042196689318083
13765,1,0.8773751,Critical,High Priority,Targeted re-engagement campaign with personalised offer,472.9611111111111,1,352.821,352.821,472.9611111111111,17,0,0.0021098777443062
15058,0,0.04213536,Low,Monitor,Continue monitoring and regular customer engagement,2.8569444444444443,11,2285.45,207.7681818181818,472.94652777777776,163,1,0.023209369317624
16208,0,0.16001558,Low,Monitor,Continue monitoring and regular customer engagement,108.96736111111112,9,3273.78,363.7533333333333,472.9347222222222,164,1,0.0189899570088473
13944,1,0.8285112,Critical,High Priority,Targeted re-engagement campaign with personalised offer,472.90833333333336,1,200.43,200.43,472.90833333333336,35,0,0.0021101127151875
14535,0,0.09329544,Low,Monitor,Continue monitoring and regular customer engagement,68.0,7,3971.26,567.3228571428572,472.90763888888887,437,1,0.0147708106508095
13469,1,0.92190385,Critical,High Priority,Targeted re-engagement campaign with personalised offer,472.90763888888887,1,82.4,82.4,472.90763888888887,6,0,0.0021101158072585
13104,0,0.44663435,Medium,Monitor,Continue monitoring and regular customer engagement,86.97430555555556,5,824.34,164.868,472.9055555555556,5,1,0.0105506254176289
17358,1,0.52049106,Medium,Monitor,Continue monitoring and regular customer engagement,122.82847222222222,5,861.01,172.202,472.8388888888889,126,1,0.0105521098357388
16118,1,0.84757453,Critical,Immediate Action,Personalised retention outreach with high-value incentive,472.13194444444446,1,4376.25,4376.25,472.13194444444446,41,0,0.0021135753181371
14006,0,0.19123107,Low,Monitor,Continue monitoring and regular customer engagement,60.85625,6,1896.57,316.095,472.12847222222223,53,1,0.0126815449761854
16471,1,0.43923232,Medium,Monitor,Continue monitoring and regular customer engagement,94.13125,4,1189.98,297.495,472.1131944444445,48,1,0.0084546363258733
14740,1,0.054755636,Low,Monitor,Continue monitoring and regular customer engagement,16.772916666666667,11,4161.06,378.27818181818185,472.0486111111111,173,1,0.0232534241547879
18009,1,0.21178928,Low,Monitor,Continue monitoring and regular customer engagement,54.96805555555556,8,2144.23,268.02875,472.0423611111111,145,1,0.0169118046451677
17863,0,0.10192277,Low,Monitor,Continue monitoring and regular customer engagement,74.04930555555555,9,3572.38,396.9311111111112,472.0340277777778,100,1,0.0190261153986749
13334,0,0.15298249,Low,Monitor,Continue monitoring and regular customer engagement,10.053472222222222,4,5408.07,1352.0175,472.0201388888889,280,1,0.0084562995761573
13771,0,0.09026008,Low,Monitor,Continue monitoring and regular customer engagement,18.99513888888889,7,4559.22,651.3171428571429,472.00902777777776,135,1,0.0147988718796475
13240,0,0.20601535,Low,Monitor,Continue monitoring and regular customer engagement,76.88680555555555,6,1254.55,209.09166666666667,471.98125,147,1,0.0126854922895992
14402,1,0.8646837,Critical,High Priority,Targeted re-engagement campaign with personalised offer,471.9791666666667,1,285.6,285.6,471.9791666666667,8,0,0.0021142580275734
17200,1,0.5948912,High,Medium Priority,Automated re-engagement reminder or promotional campaign,206.99027777777775,4,356.71,89.1775,471.9770833333333,25,1,0.0084570693611829
13935,1,0.8000166,Critical,Immediate Action,Personalised retention outreach with high-value incentive,416.0618055555556,3,6116.92,2038.9733333333331,471.8673611111111,67,1,0.0063442737789108
16677,1,0.6300408,High,Medium Priority,Automated re-engagement reminder or promotional campaign,230.91458333333333,2,880.62,440.31,471.86041666666665,45,1,0.0042295779674234
17534,0,0.51960105,Medium,Monitor,Continue monitoring and regular customer engagement,270.97083333333336,4,1445.47,361.3675,471.8298611111111,69,1,0.0084597025885808
13652,0,0.32957914,Medium,Monitor,Continue monitoring and regular customer engagement,76.1451388888889,4,1805.21,451.3025,471.8006944444445,102,1,0.0084602244603302
14770,1,0.106294684,Low,Monitor,Continue monitoring and regular customer engagement,51.93680555555556,8,3637.64,454.705,471.74444444444447,152,1,0.0169224622182527
17207,1,0.8248303,Critical,High Priority,Targeted re-engagement campaign with personalised offer,471.7375,1,292.62,292.62,471.7375,55,0,0.0021153388508421
17883,0,0.4557225,Medium,Monitor,Continue monitoring and regular customer engagement,65.73194444444445,4,443.43,110.8575,471.69652777777776,46,1,0.0084620888137356
17011,0,0.82950497,Critical,High Priority,Targeted re-engagement campaign with personalised offer,466.9583333333333,2,400.8,200.4,471.12708333333336,12,1,0.0042361475767912
15366,0,0.27674478,Medium,Monitor,Continue monitoring and regular customer engagement,177.86875,6,1892.11,315.35166666666663,471.1111111111111,68,1,0.0127088726759237
16631,1,0.6774837,High,Medium Priority,Automated re-engagement reminder or promotional campaign,301.0625,7,1892.52,270.36,471.0840277777778,46,1,0.0148278687439412
15124,0,0.5676432,High,Medium Priority,Automated re-engagement reminder or promotional campaign,11.155555555555557,3,357.38,119.12666666666668,471.0840277777778,25,1,0.0063548008902605
13598,0,0.6678225,High,Medium Priority,Automated re-engagement reminder or promotional campaign,314.9784722222222,4,601.92,150.48,471.06111111111113,46,1,0.0084734791870167
14177,0,0.343094,Medium,Monitor,Continue monitoring and regular customer engagement,200.93541666666667,9,1660.23,184.47,471.03541666666666,118,1,0.0190663659594751
16913,1,0.7502862,Critical,High Priority,Targeted re-engagement campaign with personalised offer,109.99583333333334,3,423.91,141.3033333333333,471.0305555555556,18,1,0.0063555207701949
14459,0,0.6572454,High,High Priority,Targeted re-engagement campaign with personalised offer,470.975,1,3537.821,3537.821,470.975,76,0,0.0021187562900577
15477,1,0.85094446,Critical,High Priority,Targeted re-engagement campaign with personalised offer,469.09236111111113,1,368.4,368.4,469.09236111111113,2,0,0.0021272415438455
15569,0,0.24577527,Medium,Monitor,Continue monitoring and regular customer engagement,151.975,6,2496.24,416.04,469.0798611111111,108,1,0.0127637886588419
15149,0,0.77961934,Critical,High Priority,Targeted re-engagement campaign with personalised offer,395.8652777777778,4,1033.81,258.4525,469.0673611111111,44,1,0.0085094187151073
14807,1,0.6575049,High,Medium Priority,Automated re-engagement reminder or promotional campaign,210.00208333333333,2,504.14,252.07,469.05347222222224,37,1,0.0042548350734328
18046,1,0.9094881,Critical,High Priority,Targeted re-engagement campaign with personalised offer,469.0513888888889,1,189.63,189.63,469.0513888888889,26,0,0.0021274269657277
17760,0,0.5357854,High,Medium Priority,Automated re-engagement reminder or promotional campaign,192.90416666666667,5,631.34,126.268,469.02430555555554,44,1,0.0106377477524064
15990,0,0.24894187,Medium,Monitor,Continue monitoring and regular customer engagement,106.88541666666669,6,1607.01,267.835,469.0138888888889,95,1,0.0127655802133506
15664,0,0.44348362,Medium,Monitor,Continue monitoring and regular customer engagement,268.7784722222222,3,867.6,289.2,469.0,46,1,0.0063829787234042
16939,1,0.72497255,Critical,High Priority,Targeted re-engagement campaign with personalised offer,308.0180555555556,3,433.85,144.61666666666667,468.97013888888887,38,1,0.0063833842871222
13561,1,0.113780595,Low,Monitor,Continue monitoring and regular customer engagement,35.00763888888889,11,1803.4,163.94545454545457,468.9638888888889,131,1,0.0234060536566048
16283,0,0.1537914,Low,Monitor,Continue monitoring and regular customer engagement,27.96736111111111,4,3057.32,764.33,468.94305555555553,312,1,0.0085116695580729
17373,0,0.4808152,Medium,Monitor,Continue monitoring and regular customer engagement,132.04444444444445,4,665.83,166.4575,468.93958333333336,44,1,0.0085117324478767
18069,0,0.07956906,Low,Monitor,Continue monitoring and regular customer engagement,54.84652777777778,8,3129.69,391.21125,468.85833333333335,465,1,0.0170264086692797
14798,0,0.49341393,Medium,Monitor,Continue monitoring and regular customer engagement,129.89166666666668,6,626.25,104.375,468.175,26,1,0.012788405179304
12598,0,0.20676062,Low,Monitor,Continue monitoring and regular customer engagement,40.11180555555556,6,2796.75,466.125,468.11944444444447,97,1,0.012789919648514
13010,1,0.63148344,High,Medium Priority,Automated re-engagement reminder or promotional campaign,193.90347222222223,2,330.12,165.06,468.05694444444447,10,1,0.004263874618398
15219,0,0.86840445,Critical,High Priority,Targeted re-engagement campaign with personalised offer,468.05347222222224,1,379.7,379.7,468.05347222222224,17,0,0.0021319530911099
14131,1,0.8502661,Critical,High Priority,Targeted re-engagement campaign with personalised offer,468.03541666666666,1,168.22,168.22,468.03541666666666,45,0,0.0021320351608131
16511,0,0.30950847,Medium,Monitor,Continue monitoring and regular customer engagement,86.05972222222222,4,1172.51,293.1275,468.0201388888889,166,1,0.0085284184373746
16037,1,0.3190366,Medium,Monitor,Continue monitoring and regular customer engagement,89.15069444444444,5,1509.34,301.86800000000005,468.0131944444444,62,1,0.0106606808917659
13018,0,0.03333941,Low,Monitor,Continue monitoring and regular customer engagement,15.981944444444444,18,6159.42,342.19,468.0111111111111,285,1,0.0383786216862903
17305,1,0.9004482,Critical,Immediate Action,Personalised retention outreach with high-value incentive,468.00208333333336,1,2135.46,2135.46,468.00208333333336,9,0,0.0021321866907129
16521,1,0.45238906,Medium,Monitor,Continue monitoring and regular customer engagement,234.98680555555555,3,1140.11,380.0366666666666,467.97777777777776,212,1,0.0063968915845337
16519,0,0.55346,High,Medium Priority,Automated re-engagement reminder or promotional campaign,184.94583333333333,3,327.68,109.22666666666667,467.9576388888889,25,1,0.0063971662922646
17359,0,0.9114762,Critical,High Priority,Targeted re-engagement campaign with personalised offer,467.9180555555556,1,156.6,156.6,467.9180555555556,23,0,0.002132568767938
16731,1,0.8543579,Critical,High Priority,Targeted re-engagement campaign with personalised offer,467.90625,1,170.3,170.3,467.90625,40,0,0.0021326224591802
14257,0,0.080923215,Low,Monitor,Continue monitoring and regular customer engagement,4.1194444444444445,6,3885.32,647.5533333333334,467.8847222222222,138,1,0.0127963222422
15603,0,0.88229334,Critical,High Priority,Targeted re-engagement campaign with personalised offer,467.8666666666667,1,40.0,40.0,467.8666666666667,2,0,0.0021328025024882
17116,1,0.8265329,Critical,High Priority,Targeted re-engagement campaign with personalised offer,467.84791666666666,1,389.78,389.78,467.84791666666666,47,0,0.0021328877967713
13911,0,0.03782676,Low,Monitor,Continue monitoring and regular customer engagement,16.73402777777778,17,3357.99,197.5288235294117,467.8465277777778,152,1,0.0362591999573421
17330,0,0.81812507,Critical,High Priority,Targeted re-engagement campaign with personalised offer,364.0111111111111,2,59.900000000000006,29.950000000000003,467.1458333333333,2,1,0.0042721730230074
12731,0,0.047180556,Low,Monitor,Continue monitoring and regular customer engagement,31.90486111111111,11,15109.89,1373.6263636363635,467.14375,106,1,0.0234970561926758
16946,1,0.48960352,Medium,Monitor,Continue monitoring and regular customer engagement,202.94722222222225,5,1222.04,244.408,467.0840277777778,69,1,0.010681842795913
17477,1,0.75625086,Critical,High Priority,Targeted re-engagement campaign with personalised offer,432.1138888888889,2,1144.3,572.15,467.0395833333333,44,1,0.0042731428520557
13797,1,0.5791851,High,Medium Priority,Automated re-engagement reminder or promotional campaign,256.09444444444443,3,1179.45,393.15,467.0229166666667,71,1,0.0064099425330846
13126,0,0.10163892,Low,Monitor,Continue monitoring and regular customer engagement,72.84027777777777,10,2752.59,275.259,467.0180555555556,123,1,0.021366697035074
14818,0,0.37440267,Medium,Monitor,Continue monitoring and regular customer engagement,73.01527777777778,4,614.01,153.5025,467.00138888888887,62,1,0.0085469831820299
15927,1,0.9240751,Critical,High Priority,Targeted re-engagement campaign with personalised offer,466.97569444444446,1,106.54,106.54,466.97569444444446,13,0,0.0021368631146263
16960,0,0.11694282,Low,Monitor,Continue monitoring and regular customer engagement,72.03888888888889,6,1685.36,280.8933333333334,466.9680555555556,301,1,0.0128213879746065
12525,1,0.6406182,High,Medium Priority,Automated re-engagement reminder or promotional campaign,317.8625,3,973.73,324.57666666666665,466.9506944444444,56,1,0.0064109318259728
16177,0,0.54248583,High,Medium Priority,Automated re-engagement reminder or promotional campaign,256.1097222222222,7,1915.36,273.6228571428572,466.9493055555556,66,1,0.0149588853256006
12809,0,0.64837843,High,Medium Priority,Automated re-engagement reminder or promotional campaign,385.0708333333333,2,1266.63,633.315,466.9381944444444,52,1,0.0042740687204951
15606,0,0.078490615,Low,Monitor,Continue monitoring and regular customer engagement,42.08263888888889,14,4137.18,295.5128571428572,466.9180555555556,73,1,0.0299197687154386
13593,0,0.11089508,Low,Monitor,Continue monitoring and regular customer engagement,83.02777777777777,12,4479.16,373.2633333333333,466.8430555555556,190,1,0.0256496272788536
16520,1,0.114436336,Low,Monitor,Continue monitoring and regular customer engagement,5.976388888888889,6,2148.38,358.06333333333333,466.8333333333333,251,1,0.0128250801567509
13793,1,0.92472464,Critical,High Priority,Targeted re-engagement campaign with personalised offer,466.18402777777777,1,96.0,96.0,466.18402777777777,7,0,0.002140484135891
13663,0,0.46534032,Medium,Monitor,Continue monitoring and regular customer engagement,199.95486111111111,4,1858.04,464.51,466.11041666666665,75,1,0.0085632858041237
16947,1,0.364008,Medium,Monitor,Continue monitoring and regular customer engagement,55.13333333333333,5,955.21,191.042,466.0805555555556,50,1,0.0107047915836549
16099,0,0.2981281,Medium,Monitor,Continue monitoring and regular customer engagement,45.17777777777778,5,1159.6,231.92,466.0673611111111,36,1,0.0107050939892384
18148,1,0.9254832,Critical,High Priority,Targeted re-engagement campaign with personalised offer,466.0486111111111,1,112.85,112.85,466.0486111111111,9,0,0.0021411047505761
17020,1,0.68874973,High,Medium Priority,Automated re-engagement reminder or promotional campaign,361.9888888888889,2,935.62,467.81,466.0159722222222,64,1,0.0042825087769125
13873,0,0.32298854,Medium,Monitor,Continue monitoring and regular customer engagement,38.15069444444445,7,879.72,125.67428571428572,466.0131944444444,47,1,0.0149888698719254
13294,1,0.36187953,Medium,Monitor,Continue monitoring and regular customer engagement,9.16388888888889,3,1689.53,563.1766666666666,465.9972222222222,93,1,0.0064240210803062
12594,0,0.0204307,Low,Monitor,Continue monitoring and regular customer engagement,3.114583333333333,12,3559.84,296.65333333333336,465.9576388888889,73,1,0.0256982625416592
16461,0,0.5757076,High,Medium Priority,Automated re-engagement reminder or promotional campaign,410.0388888888889,2,1402.91,701.4549999999999,465.9534722222222,196,1,0.0042830819749172
16636,1,0.58853555,High,High Priority,Targeted re-engagement campaign with personalised offer,257.9840277777778,4,3802.04,950.51,465.9472222222222,62,1,0.008566278606314
13214,1,0.4214209,Medium,Monitor,Continue monitoring and regular customer engagement,237.11805555555557,7,3264.23,466.3185714285714,465.94444444444446,207,1,0.0149910767400356
13722,0,0.14486882,Low,Monitor,Continue monitoring and regular customer engagement,102.04652777777778,8,4723.47,590.4337499999999,465.9423611111111,112,1,0.017132735571396
13595,1,0.62663084,High,Medium Priority,Automated re-engagement reminder or promotional campaign,336.0097222222222,3,784.48,261.49333333333334,465.9222222222222,114,1,0.0064250529471955
14142,1,0.5767755,High,Medium Priority,Automated re-engagement reminder or promotional campaign,192.8451388888889,2,671.34,335.67,465.90069444444447,42,1,0.0042835661282957
18152,1,0.9140565,Critical,High Priority,Targeted re-engagement campaign with personalised offer,465.89166666666665,1,426.69,426.69,465.89166666666665,10,0,0.002141824477484
16285,1,0.88672274,Critical,High Priority,Targeted re-engagement campaign with personalised offer,465.86597222222224,1,176.9,176.9,465.86597222222224,31,0,0.0021419423549763
14157,0,0.41596383,Medium,Monitor,Continue monitoring and regular customer engagement,104.99027777777778,4,822.98,205.745,465.8340277777778,68,1,0.0085683556938657
15875,1,0.9273113,Critical,High Priority,Targeted re-engagement campaign with personalised offer,465.8326388888889,1,108.52,108.52,465.8326388888889,18,0,0.0021420952964645
13835,0,0.35377887,Medium,Monitor,Continue monitoring and regular customer engagement,34.894444444444446,4,589.15,147.2875,465.1833333333333,34,1,0.0085803153265882
13377,1,0.43229836,Medium,Monitor,Continue monitoring and regular customer engagement,216.02083333333331,2,1552.88,776.44,465.1138888888889,71,1,0.0042907968367292
17049,0,0.039571267,Low,Monitor,Continue monitoring and regular customer engagement,34.14861111111111,13,5869.3,451.4846153846154,465.1020833333333,205,1,0.0278908858485042
15622,0,0.028382115,Low,Monitor,Continue monitoring and regular customer engagement,16.945138888888888,13,6745.05,518.85,465.09791666666666,296,1,0.0278911351781412
17930,0,0.114296444,Low,Monitor,Continue monitoring and regular customer engagement,58.87777777777778,9,2925.34,325.0377777777778,465.0895833333333,25,1,0.0193095926659306
15084,1,0.6158294,High,Medium Priority,Automated re-engagement reminder or promotional campaign,199.0361111111111,2,965.2,482.6,465.08680555555554,31,1,0.0042910461659949
14097,1,0.7100067,Critical,High Priority,Targeted re-engagement campaign with personalised offer,300.9375,2,422.86,211.43,465.0861111111111,39,1,0.004291052559434
18151,0,0.29564938,Medium,Monitor,Continue monitoring and regular customer engagement,109.18125,5,1538.64,307.728,465.0854166666667,78,1,0.0107276473822305
13879,1,0.85782236,Critical,High Priority,Targeted re-engagement campaign with personalised offer,465.0840277777778,1,395.5,395.5,465.0840277777778,25,0,0.0021455358699328
17663,0,0.034792677,Low,Monitor,Continue monitoring and regular customer engagement,17.968055555555555,13,4163.7300000000005,320.2869230769232,465.0472222222222,125,1,0.0278941690458167
16859,0,0.24275453,Medium,Monitor,Continue monitoring and regular customer engagement,80.96597222222222,6,1444.44,240.74,465.00902777777776,57,1,0.012875287048862
18272,0,0.20448752,Low,Monitor,Continue monitoring and regular customer engagement,44.77708333333333,5,2287.94,457.588,464.9979166666666,94,1,0.0107296617027078
17847,1,0.7886767,Critical,High Priority,Targeted re-engagement campaign with personalised offer,335.11805555555554,2,129.69,64.845,464.9951388888889,9,1,0.0042918902647112
14018,1,0.8844222,Critical,High Priority,Targeted re-engagement campaign with personalised offer,464.9354166666666,1,367.15,367.15,464.9354166666666,13,0,0.0021462201932492
14426,0,0.1347033,Low,Monitor,Continue monitoring and regular customer engagement,95.89791666666666,10,8741.85,874.1850000000001,464.9263888888889,384,1,0.0214626177835673
13881,0,0.037114028,Low,Monitor,Continue monitoring and regular customer engagement,33.08819444444445,27,31589.04,1169.9644444444446,464.92291666666665,161,1,0.0579494998725647
17159,0,0.6932188,High,Medium Priority,Automated re-engagement reminder or promotional campaign,297.04305555555555,2,560.71,280.355,464.9145833333333,27,1,0.004292632322627
16096,1,0.3785344,Medium,Monitor,Continue monitoring and regular customer engagement,83.96666666666667,4,1584.97,396.2425,464.87916666666666,58,1,0.0085859173068839
14748,0,0.17149968,Low,Monitor,Continue monitoring and regular customer engagement,31.898611111111112,8,2037.28,254.66,464.8208333333333,94,1,0.0171739849906527
15030,0,0.26262927,Medium,Monitor,Continue monitoring and regular customer engagement,87.8861111111111,7,1614.39,230.62714285714287,464.81944444444446,21,1,0.0150272816720832
17448,1,0.59633476,High,High Priority,Targeted re-engagement campaign with personalised offer,316.94652777777776,46,14523.67,315.7319565217391,464.80625,569,1,0.0987535053469119
12371,0,0.5153893,Medium,Monitor,Continue monitoring and regular customer engagement,228.9673611111111,3,2179.42,726.4733333333334,464.76875,91,1,0.006440964534439
17718,1,0.7397352,Critical,High Priority,Targeted re-engagement campaign with personalised offer,51.96597222222222,2,439.18,219.59,464.2006944444444,22,1,0.0042992197214762
12399,0,0.09471302,Low,Monitor,Continue monitoring and regular customer engagement,2.986805555555556,6,1752.68,292.11333333333334,464.1701388888889,58,1,0.0128985063708768
13280,0,0.23002757,Low,Monitor,Continue monitoring and regular customer engagement,135.84791666666666,6,2177.83,362.9716666666666,464.15486111111113,157,1,0.01289893001584
12568,1,0.93434644,Critical,High Priority,Targeted re-engagement campaign with personalised offer,464.14930555555554,1,70.0,70.0,464.14930555555554,5,0,0.0021498473459089
13476,0,0.41996667,Medium,Monitor,Continue monitoring and regular customer engagement,100.92152777777778,4,1550.6,387.65,464.1326388888889,61,1,0.0085996975175838
12497,0,0.6147339,High,High Priority,Targeted re-engagement campaign with personalised offer,220.01319444444445,2,5205.400000000001,2602.7000000000003,464.1326388888889,30,1,0.0042998487587919
18226,0,0.02663256,Low,Monitor,Continue monitoring and regular customer engagement,5.124305555555556,21,9251.17,440.5319047619048,464.1145833333333,254,1,0.0451501646099751
14957,1,0.7313618,Critical,High Priority,Targeted re-engagement campaign with personalised offer,72.78541666666666,2,261.69,130.845,464.0833333333333,27,1,0.0043003046049095
14186,1,0.53925484,High,Medium Priority,Automated re-engagement reminder or promotional campaign,246.97222222222223,5,1550.63,310.12600000000003,464.06458333333336,75,1,0.0107511949505221
13544,0,0.24600422,Medium,Monitor,Continue monitoring and regular customer engagement,60.02847222222222,5,627.15,125.43,464.0548611111111,186,1,0.0107514197100401
13515,0,0.53452635,High,Medium Priority,Automated re-engagement reminder or promotional campaign,67.09513888888888,3,578.1,192.7,464.0361111111111,28,1,0.0064511119208185
15094,1,0.7674734,Critical,High Priority,Targeted re-engagement campaign with personalised offer,282.8298611111111,2,83.0,41.5,463.9958333333333,4,1,0.0043011138092635
17190,0,0.20325857,Low,Monitor,Continue monitoring and regular customer engagement,26.88958333333333,6,1476.83,246.1383333333333,463.9784722222222,144,1,0.0129038232056741
17006,0,0.5559762,High,Medium Priority,Automated re-engagement reminder or promotional campaign,211.96319444444444,4,853.49,213.3725,463.97013888888887,77,1,0.0086027029812249
15630,0,0.6005464,High,Medium Priority,Automated re-engagement reminder or promotional campaign,24.106944444444444,2,691.91,345.95500000000004,463.93055555555554,41,1,0.0043017176997759
15978,0,0.40529877,Medium,Monitor,Continue monitoring and regular customer engagement,251.94583333333333,2,2180.64,1090.32,463.9243055555556,72,1,0.0043017755279757
14852,0,0.06916163,Low,Monitor,Continue monitoring and regular customer engagement,71.97777777777777,13,3786.14,291.2415384615384,463.9159722222222,92,1,0.0279620421252944
15929,1,0.8692296,Critical,High Priority,Targeted re-engagement campaign with personalised offer,463.9125,1,594.0,594.0,463.9125,1,0,0.0021509423816309
14233,0,0.17803055,Low,Monitor,Continue monitoring and regular customer engagement,31.08680555555556,6,2400.65,400.10833333333335,463.84375,30,1,0.01290756302521
13799,0,0.22595024,Low,Monitor,Continue monitoring and regular customer engagement,113.93888888888888,8,2456.41,307.05125,463.8409722222222,52,1,0.0172101868769337
16331,1,0.54860646,High,High Priority,Targeted re-engagement campaign with personalised offer,251.96041666666667,6,2037.7,339.6166666666667,462.0798611111111,33,1,0.0129567284260724
14172,1,0.8432816,Critical,High Priority,Targeted re-engagement campaign with personalised offer,424.975,3,369.02,123.00666666666666,462.0777777777778,38,1,0.0064783933584471
13201,1,0.7009516,High,Medium Priority,Automated re-engagement reminder or promotional campaign,321.93055555555554,4,1233.06,308.265,462.0756944444444,65,1,0.0086378966721603
13508,1,0.7444546,Critical,High Priority,Targeted re-engagement campaign with personalised offer,63.03611111111111,2,287.05,143.52499999999998,462.0361111111111,27,1,0.0043193175478274
16271,0,0.30690303,Medium,Monitor,Continue monitoring and regular customer engagement,177.84305555555557,6,2126.4,354.40000000000003,462.03263888888887,122,1,0.012958049813503
15443,0,0.18396586,Low,Monitor,Continue monitoring and regular customer engagement,139.97569444444446,8,2338.35,292.29375,462.02777777777777,249,1,0.0172775811386405
14205,0,0.16766886,Low,Monitor,Continue monitoring and regular customer engagement,83.90486111111112,8,2170.4,271.3,462.0208333333333,70,1,0.0172778402699662
14877,1,0.67068315,High,Medium Priority,Automated re-engagement reminder or promotional campaign,237.98680555555555,2,425.85,212.925,462.0173611111111,57,1,0.0043194924596359
18253,1,0.8988112,Critical,High Priority,Targeted re-engagement campaign with personalised offer,462.0083333333333,1,317.88,317.88,462.0083333333333,7,0,0.0021597883407426
13764,0,0.3112362,Medium,Monitor,Continue monitoring and regular customer engagement,156.91458333333333,4,1900.09,475.0225,461.9958333333333,196,1,0.0086393866035511
17236,0,0.16259536,Low,Monitor,Continue monitoring and regular customer engagement,61.86875,10,1576.95,157.695,461.99305555555554,81,1,0.021598596091254
17589,0,0.026703948,Low,Monitor,Continue monitoring and regular customer engagement,6.892361111111111,16,12645.19,790.3243749999999,461.95972222222224,553,1,0.0345602419216934
17734,0,0.36676195,Medium,Monitor,Continue monitoring and regular customer engagement,53.11527777777778,4,854.67,213.6675,461.9548611111111,49,1,0.008640151202646
13276,0,0.41775182,Medium,Monitor,Continue monitoring and regular customer engagement,216.93958333333333,3,1300.98,433.66,461.9479166666667,184,1,0.0064802106068447
16466,0,0.029404467,Low,Monitor,Continue monitoring and regular customer engagement,0.04375,11,2691.42,244.67454545454547,461.9298611111111,154,1,0.0237616989614757
12530,0,0.0949082,Low,Monitor,Continue monitoring and regular customer engagement,53.13819444444445,7,2901.98,414.5685714285714,461.9256944444445,76,1,0.0151212172579892
15631,1,0.82444173,Critical,High Priority,Targeted re-engagement campaign with personalised offer,461.91527777777776,1,596.67,596.67,461.91527777777776,39,0,0.0021602225029178
18029,1,0.88772976,Critical,High Priority,Targeted re-engagement campaign with personalised offer,461.8888888888889,1,433.77,433.77,461.8888888888889,18,0,0.0021603456553048
16984,0,0.25267762,Medium,Monitor,Continue monitoring and regular customer engagement,223.85,7,5891.01,841.5728571428572,461.8861111111111,476,1,0.0151225103367158
16310,1,0.6461468,High,Medium Priority,Automated re-engagement reminder or promotional campaign,233.91875,2,460.08,230.04,461.88125,26,1,0.0043207626146014
16534,1,0.81301695,Critical,High Priority,Targeted re-engagement campaign with personalised offer,461.87708333333336,1,635.9,635.9,461.87708333333336,36,0,0.0021604007543399
17158,0,0.29250598,Medium,Monitor,Continue monitoring and regular customer engagement,52.109722222222224,4,1411.58,352.895,461.875,61,1,0.0086416419119632
12369,1,0.5209371,Medium,Monitor,Continue monitoring and regular customer engagement,232.98402777777775,3,1791.15,597.05,461.1951388888889,90,1,0.0064907649336424
14493,0,0.29443634,Medium,Monitor,Continue monitoring and regular customer engagement,209.85694444444445,5,2704.62,540.924,461.17847222222224,204,1,0.0108183316630029
15847,0,0.4151571,Medium,Monitor,Continue monitoring and regular customer engagement,107.83611111111112,4,613.98,153.495,461.16875,28,1,0.0086548473906987
17298,0,0.53773254,High,Medium Priority,Automated re-engagement reminder or promotional campaign,193.78819444444449,3,455.84,151.9466666666667,461.1625,38,1,0.0064912233251291
15791,0,0.15522705,Low,Monitor,Continue monitoring and regular customer engagement,23.89930555555556,4,3218.89,804.7225,461.13125,112,1,0.0086555496950271
12765,1,0.63722855,High,Medium Priority,Automated re-engagement reminder or promotional campaign,291.9576388888889,6,1404.58,234.09666666666664,461.1298611111111,49,1,0.0129833635627311
17682,0,0.05209464,Low,Monitor,Continue monitoring and regular customer engagement,12.166666666666666,8,2698.36,337.295,461.1256944444444,73,1,0.017311307499613
12825,1,0.74388343,Critical,High Priority,Targeted re-engagement campaign with personalised offer,340.95416666666665,2,518.63,259.315,461.10625,20,1,0.0043280089806186
17325,1,0.5108251,Medium,Monitor,Continue monitoring and regular customer engagement,99.98680555555556,3,609.5699999999999,203.19,461.0548611111111,39,1,0.0064927355006845
16754,1,0.51542205,Medium,Monitor,Continue monitoring and regular customer engagement,191.8,29,65500.07,2258.623103448276,461.0541666666667,38,1,0.0627632041697852
13157,0,0.12332628,Low,Monitor,Continue monitoring and regular customer engagement,60.94861111111111,7,4444.08,634.8685714285714,461.03541666666666,128,1,0.0151503537337054
17542,1,0.7753394,Critical,High Priority,Targeted re-engagement campaign with personalised offer,89.04513888888889,3,340.85,113.61666666666667,461.0291666666666,57,1,0.0064930965757933
17857,0,0.057867218,Low,Monitor,Continue monitoring and regular customer engagement,26.06875,10,9251.84,925.184,461.0284722222222,12,1,0.0216436877837915
12514,1,0.68969536,High,Medium Priority,Automated re-engagement reminder or promotional campaign,86.84166666666667,2,1597.76,798.88,461.02222222222224,76,1,0.004328796113703
17960,0,0.81569594,Critical,High Priority,Targeted re-engagement campaign with personalised offer,342.12083333333334,2,61.3,30.65,461.0194444444445,11,1,0.0043288221395203
16628,0,0.3525441,Medium,Monitor,Continue monitoring and regular customer engagement,37.87916666666667,4,842.96,210.74,461.0180555555556,43,1,0.0086576703050926
17289,0,0.41571516,Medium,Monitor,Continue monitoring and regular customer engagement,195.96527777777777,6,1110.78,185.13,460.99861111111113,130,1,0.0129870520293771
17025,0,0.44238737,Medium,Monitor,Continue monitoring and regular customer engagement,192.87777777777777,4,1152.87,288.21750000000003,460.96736111111113,28,1,0.0086586203630908
16537,1,0.92469984,Critical,High Priority,Targeted re-engagement campaign with personalised offer,460.9645833333333,1,23.35,23.35,460.9645833333333,3,0,0.0021646681067722
17488,1,0.9068517,Critical,High Priority,Targeted re-engagement campaign with personalised offer,460.94652777777776,1,336.5,336.5,460.94652777777776,18,0,0.0021647527145848
16681,0,0.2523493,Medium,Monitor,Continue monitoring and regular customer engagement,24.83194444444445,4,1027.34,256.835,460.94444444444446,17,1,0.0086590499098015
13454,1,0.88202256,Critical,High Priority,Targeted re-engagement campaign with personalised offer,460.9236111111111,1,219.87,219.87,460.9236111111111,23,0,0.002164860110949
16275,1,0.3655867,Medium,Monitor,Continue monitoring and regular customer engagement,16.00625,3,2151.11,717.0366666666667,460.92291666666665,105,1,0.0064945900966521
16568,1,0.5863248,High,Medium Priority,Automated re-engagement reminder or promotional campaign,247.08055555555555,2,1020.9,510.4500000000001,460.9159722222222,5,1,0.0043297918242104
18245,0,0.03807069,Low,Monitor,Continue monitoring and regular customer engagement,31.115972222222226,17,5064.21,297.8947058823529,460.89166666666665,275,1,0.0368051671568008
17002,0,0.18401802,Low,Monitor,Continue monitoring and regular customer engagement,35.06180555555556,6,2071.34,345.22333333333336,460.8777777777778,48,1,0.0129904496138949
17438,1,0.3254703,Medium,Monitor,Continue monitoring and regular customer engagement,73.1,5,1422.77,284.554,460.83125,49,1,0.0108264652944121
15250,1,0.9318295,Critical,High Priority,Targeted re-engagement campaign with personalised offer,460.21875,1,60.0,60.0,460.21875,3,0,0.0021681685751067
16182,0,0.104827926,Low,Monitor,Continue monitoring and regular customer engagement,23.074305555555554,7,5871.0,838.7142857142857,460.1361111111111,12,1,0.0151798998849459
17266,0,0.73155373,Critical,High Priority,Targeted re-engagement campaign with personalised offer,318.8409722222222,2,205.14,102.57,460.0888888888889,43,1,0.0043375584365511
15437,1,0.811354,Critical,High Priority,Targeted re-engagement campaign with personalised offer,81.98541666666667,2,393.45,196.725,460.08680555555554,56,1,0.0043375780349867
12495,1,0.88639957,Critical,High Priority,Targeted re-engagement campaign with personalised offer,460.08125,1,357.4,357.4,460.08125,17,0,0.0021688151491738
15921,0,0.6143338,High,Medium Priority,Automated re-engagement reminder or promotional campaign,216.1013888888889,3,452.23,150.74333333333334,460.0743055555556,52,1,0.0065065434439797
18039,1,0.39818588,Medium,Monitor,Continue monitoring and regular customer engagement,193.98819444444445,4,548.22,137.055,460.0631944444444,137,1,0.0086756003259374
17907,1,0.877245,Critical,High Priority,Targeted re-engagement campaign with personalised offer,460.0118055555556,1,291.76,291.76,460.0118055555556,13,0,0.0021691418483197
14147,0,0.25543573,Medium,Monitor,Continue monitoring and regular customer engagement,105.04722222222222,8,2289.6,286.2,459.96319444444447,23,1,0.0173549647703254
13627,0,0.26738343,Medium,Monitor,Continue monitoring and regular customer engagement,24.12708333333333,4,1213.35,303.3375,459.9493055555556,76,1,0.0086777438468619
16854,1,0.51860154,Medium,Monitor,Continue monitoring and regular customer engagement,236.84652777777777,2,1408.96,704.48,459.9291666666667,72,1,0.004339061497157
13283,0,0.5237261,High,Medium Priority,Automated re-engagement reminder or promotional campaign,5.007638888888889,3,305.2,101.73333333333336,459.9263888888889,14,1,0.0065086314698358
15722,0,0.094492026,Low,Monitor,Continue monitoring and regular customer engagement,7.026388888888889,8,3782.09,472.76125,459.90625,83,1,0.0173571089565394
16707,1,0.53067344,High,Medium Priority,Automated re-engagement reminder or promotional campaign,219.92430555555555,4,533.41,133.3525,459.8986111111111,64,1,0.0086786983157901
16756,1,0.20122238,Low,Monitor,Continue monitoring and regular customer engagement,34.136805555555554,7,1312.37,187.48142857142855,459.8708333333333,64,1,0.0151886374526485
12542,1,0.6677485,High,Medium Priority,Automated re-engagement reminder or promotional campaign,303.7347222222222,2,481.88,240.94,459.85,39,1,0.0043398068785939
14676,0,0.04188657,Low,Monitor,Continue monitoring and regular customer engagement,26.89027777777778,9,6957.07,773.0077777777777,459.1388888888889,66,1,0.0195593118019921
13316,0,0.13363399,Low,Monitor,Continue monitoring and regular customer engagement,73.99236111111111,7,8830.37,1261.4814285714288,459.1173611111111,71,1,0.0152135098382206
12638,0,0.9249793,Critical,High Priority,Targeted re-engagement campaign with personalised offer,459.09722222222223,1,249.8,249.8,459.09722222222223,9,0,0.0021734536782684
13484,1,0.5374076,High,Medium Priority,Automated re-engagement reminder or promotional campaign,60.84722222222222,3,790.72,263.5733333333333,459.0444444444444,38,1,0.0065211090715872
16846,0,0.75341856,Critical,High Priority,Targeted re-engagement campaign with personalised offer,396.96180555555554,2,628.09,314.045,459.03263888888887,36,1,0.0043475176127297
17348,0,0.21409114,Low,Monitor,Continue monitoring and regular customer engagement,117.08402777777778,5,1445.84,289.168,459.02569444444447,206,1,0.0108689581046952
13566,0,0.45198858,Medium,Monitor,Continue monitoring and regular customer engagement,254.01597222222225,3,831.76,277.25333333333333,459.0194444444445,159,1,0.0065214634647086
14924,1,0.53338754,High,Medium Priority,Automated re-engagement reminder or promotional campaign,65.14236111111111,3,931.01,310.33666666666664,458.9993055555556,30,1,0.0065217489760703
14403,0,0.27688846,Medium,Monitor,Continue monitoring and regular customer engagement,36.83472222222223,4,1380.71,345.1775,458.9513888888889,20,1,0.0086965711956275
16258,0,0.057406664,Low,Monitor,Continue monitoring and regular customer engagement,38.92847222222223,11,7771.47,706.4972727272727,458.9381944444444,192,1,0.0239162568642224
13305,0,0.11468009,Low,Monitor,Continue monitoring and regular customer engagement,64.93333333333334,10,2255.8,225.58,458.9173611111111,123,1,0.0217430365660497
15558,1,0.9232884,Critical,High Priority,Targeted re-engagement campaign with personalised offer,458.8923611111111,1,202.68,202.68,458.8923611111111,23,0,0.0021744218529396
16611,1,0.13617918,Low,Monitor,Continue monitoring and regular customer engagement,5.877777777777778,6,1785.13,297.5216666666667,458.8631944444445,86,1,0.0130473585894355
17338,0,0.027086966,Low,Monitor,Continue monitoring and regular customer engagement,24.885416666666668,14,9016.64,644.0457142857143,458.8618055555556,478,1,0.0304439286561029
14060,0,0.017136956,Low,Monitor,Continue monitoring and regular customer engagement,3.0861111111111112,22,6152.92,279.6781818181818,458.12708333333336,74,1,0.0479170164397112
12954,1,0.92904055,Critical,High Priority,Targeted re-engagement campaign with personalised offer,458.1069444444444,1,162.45,162.45,458.1069444444444,10,0,0.0021781417425738
16387,1,0.4627789,Medium,Monitor,Continue monitoring and regular customer engagement,142.05277777777778,5,882.46,176.492,458.0194444444445,68,1,0.0108927847404188
13715,1,0.1293228,Low,Monitor,Continue monitoring and regular customer engagement,100.72847222222222,17,8153.04,479.5905882352941,457.8868055555556,277,1,0.0370461730304465
14745,0,0.06241562,Low,Monitor,Continue monitoring and regular customer engagement,4.183333333333334,9,1912.82,212.5355555555556,457.09513888888887,58,1,0.019646573901285
15221,1,0.6311499,High,High Priority,Targeted re-engagement campaign with personalised offer,185.9875,4,2062.2000000000003,515.55,457.09027777777777,21,1,0.0087319032820435
15008,1,0.65676856,High,Medium Priority,Automated re-engagement reminder or promotional campaign,299.9868055555556,2,360.0,180.0,457.0673611111111,6,1,0.0043661700653561
17065,1,0.899734,Critical,High Priority,Targeted re-engagement campaign with personalised offer,457.04791666666665,2,194.7,97.35,457.0486111111111,6,0,0.0043663487924316
17228,0,0.077790745,Low,Monitor,Continue monitoring and regular customer engagement,27.09027777777778,9,1601.52,177.94666666666666,457.0388888888889,132,1,0.0196489866217084
17588,0,0.23330821,Low,Monitor,Continue monitoring and regular customer engagement,52.09652777777778,5,2096.55,419.31000000000006,457.0111111111111,30,1,0.0109167657262075
16347,0,0.3138947,Medium,Monitor,Continue monitoring and regular customer engagement,207.94097222222223,9,2595.51,288.39000000000004,457.00625,167,1,0.0196503868669914
13795,1,0.4676866,Medium,Monitor,Continue monitoring and regular customer engagement,207.80902777777777,4,836.3,209.075,457.00416666666666,23,1,0.0087335450005003
14824,0,0.32287386,Medium,Monitor,Continue monitoring and regular customer engagement,199.00694444444449,6,2895.2000000000003,482.53333333333336,456.9881944444445,76,1,0.0131007743710036
12692,1,0.93308514,Critical,High Priority,Targeted re-engagement campaign with personalised offer,456.95,1,110.95,110.95,456.95,13,0,0.0021836445026749
15941,1,0.9303312,Critical,High Priority,Targeted re-engagement campaign with personalised offer,456.9201388888889,1,405.0,405.0,456.9201388888889,6,0,0.0021837868987951
13824,0,0.05296283,Low,Monitor,Continue monitoring and regular customer engagement,22.948611111111116,10,2848.8,284.88,456.8979166666667,47,1,0.0218389288005423
13724,1,0.85693765,Critical,High Priority,Targeted re-engagement campaign with personalised offer,456.8902777777778,1,213.01,213.01,456.8902777777778,39,0,0.0021839293134878
13573,0,0.36431348,Medium,Monitor,Continue monitoring and regular customer engagement,72.91875,5,646.04,129.208,456.8638888888889,54,1,0.0109202759189715
16586,1,0.5429164,High,Medium Priority,Automated re-engagement reminder or promotional campaign,68.1375,3,1462.78,487.5933333333333,455.0597222222222,27,1,0.0065780858379293
15994,0,0.4334561,Medium,Monitor,Continue monitoring and regular customer engagement,231.025,2,761.4100000000001,380.705,455.03819444444446,69,1,0.0043855975757391
13183,0,0.048518527,Low,Monitor,Continue monitoring and regular customer engagement,28.002777777777776,9,4605.4800000000005,511.72,455.0125,43,1,0.0197363010882377
18149,0,0.17140289,Low,Monitor,Continue monitoring and regular customer engagement,35.00138888888889,6,1491.56,248.59333333333333,455.00625,54,1,0.0131577143953619
13688,1,0.89729816,Critical,High Priority,Targeted re-engagement campaign with personalised offer,454.94375,1,375.5,375.5,454.94375,5,0,0.002193253005442
15665,0,0.21100949,Low,Monitor,Continue monitoring and regular customer engagement,62.90347222222222,4,3221.28,805.3199999999999,454.90486111111113,156,1,0.0087737603636236
17849,1,0.30126873,Medium,Monitor,Continue monitoring and regular customer engagement,37.96111111111111,8,1063.76,132.97,454.8979166666667,24,1,0.0175477880190649
14857,0,0.41472393,Medium,Monitor,Continue monitoring and regular customer engagement,261.9451388888889,5,2478.731,495.7462,454.0763888888889,125,1,0.0109871663792708
14645,0,0.70206743,High,Medium Priority,Automated re-engagement reminder or promotional campaign,95.12361111111112,2,519.9,259.95000000000005,454.05347222222224,26,1,0.0043950878788664
14315,0,0.25576591,Medium,Monitor,Continue monitoring and regular customer engagement,10.922222222222222,4,1572.89,393.2225,454.0006944444444,52,1,0.0087911953736334
15117,0,0.27181828,Medium,Monitor,Continue monitoring and regular customer engagement,35.00833333333333,4,1246.59,311.64750000000004,453.9659722222222,51,1,0.0087918663025775
18135,0,0.36635053,Medium,Monitor,Continue monitoring and regular customer engagement,9.948611111111113,6,677.53,112.92166666666668,453.9548611111111,21,1,0.0131881215322032
13530,1,0.8839292,Critical,High Priority,Targeted re-engagement campaign with personalised offer,453.94444444444446,1,402.98,402.98,453.94444444444446,18,0,0.0021980705824887
14534,0,0.048082855,Low,Monitor,Continue monitoring and regular customer engagement,6.019444444444445,17,3652.56,214.85647058823528,453.9402777777778,289,1,0.0373675421377042
16242,0,0.05061643,Low,Monitor,Continue monitoring and regular customer engagement,33.89791666666667,9,4217.69,468.6322222222223,453.8666666666667,263,1,0.0197860178806976
14195,1,0.29684034,Medium,Monitor,Continue monitoring and regular customer engagement,21.097916666666663,6,2615.6,435.9333333333333,453.81805555555553,10,1,0.0131920884114221
13600,1,0.67838,High,Medium Priority,Automated re-engagement reminder or promotional campaign,131.89097222222222,2,518.42,259.21,453.8152777777778,35,1,0.0043973896606375
15227,0,0.095961,Low,Monitor,Continue monitoring and regular customer engagement,35.110416666666666,7,2145.91,306.5585714285715,453.1854166666666,79,1,0.0154122077528909
15123,0,0.18914379,Low,Monitor,Continue monitoring and regular customer engagement,25.91180555555556,4,3526.33,881.5825,453.1256944444444,113,1,0.0088081340671406
12366,1,0.84773535,Critical,High Priority,Targeted re-engagement campaign with personalised offer,453.0986111111111,1,500.24,500.24,453.0986111111111,3,0,0.0022021648503904
15946,1,0.60354555,High,High Priority,Targeted re-engagement campaign with personalised offer,322.02222222222224,3,2304.18,768.06,453.0840277777778,25,1,0.0066067067249239
14873,1,0.6287601,High,Medium Priority,Automated re-engagement reminder or promotional campaign,29.95694444444445,2,854.13,427.065,453.0826388888889,48,1,0.0044044846217725
14604,1,0.92888254,Critical,High Priority,Targeted re-engagement campaign with personalised offer,452.99305555555554,1,143.86,143.86,452.99305555555554,20,0,0.0022026768642447
18063,1,0.6369516,High,Medium Priority,Automated re-engagement reminder or promotional campaign,210.0861111111111,2,186.6,93.3,452.9895833333333,2,1,0.0044053874217011
14496,1,0.29840016,Medium,Monitor,Continue monitoring and regular customer engagement,131.15902777777777,7,2363.89,337.6985714285714,452.9826388888889,64,1,0.015419091833847
12701,0,0.25941336,Medium,Monitor,Continue monitoring and regular customer engagement,61.99166666666667,5,1985.78,397.156,452.9770833333333,92,1,0.0110137718038263
17478,1,0.5991553,High,Medium Priority,Automated re-engagement reminder or promotional campaign,227.90902777777777,2,1272.8,636.4000000000001,452.9381944444444,40,1,0.0044058861414993
14872,1,0.6703428,High,Medium Priority,Automated re-engagement reminder or promotional campaign,303.0111111111111,3,816.6,272.2,452.92291666666665,34,1,0.0066090516469848
17568,1,0.8428416,Critical,High Priority,Targeted re-engagement campaign with personalised offer,452.83680555555554,1,374.45,374.45,452.83680555555554,61,0,0.0022034352167093
17479,1,0.88499224,Critical,High Priority,Targeted re-engagement campaign with personalised offer,452.14166666666665,1,389.2600000000001,389.2600000000001,452.14166666666665,18,0,0.0022068153815032
16652,0,0.039207526,Low,Monitor,Continue monitoring and regular customer engagement,32.0,12,13831.04,1152.5866666666668,452.10277777777776,108,1,0.0264840574556913
13612,1,0.776776,Critical,High Priority,Targeted re-engagement campaign with personalised offer,452.025,1,818.29,818.29,452.025,50,0,0.0022073836984713
16777,0,0.36433217,Medium,Monitor,Continue monitoring and regular customer engagement,76.92777777777778,4,1243.08,310.77000000000004,452.00555555555553,118,1,0.0088299137857028
13275,1,0.65296507,High,Medium Priority,Automated re-engagement reminder or promotional campaign,203.02847222222223,2,238.86,119.43,451.9479166666667,48,1,0.0044155187084607
18196,0,0.39517158,Medium,Monitor,Continue monitoring and regular customer engagement,109.85902777777778,3,1221.34,407.1133333333333,451.91319444444446,160,1,0.0066237858309247
17933,1,0.93396163,Critical,High Priority,Targeted re-engagement campaign with personalised offer,451.9020833333333,1,114.69,114.69,451.9020833333333,12,0,0.0022079827777343
16917,1,0.7447878,Critical,High Priority,Targeted re-engagement campaign with personalised offer,96.03819444444444,2,1851.88,925.94,451.8930555555556,45,1,0.0044160535814501
13371,1,0.4432966,Medium,Monitor,Continue monitoring and regular customer engagement,324.80347222222224,2,2297.66,1148.83,451.88958333333335,75,1,0.0044160874385312
16254,1,0.5232056,High,Medium Priority,Automated re-engagement reminder or promotional campaign,197.9777777777778,3,967.44,322.48,451.8798611111111,65,1,0.0066242733616807
13406,1,0.57449627,High,Medium Priority,Automated re-engagement reminder or promotional campaign,246.9208333333333,2,568.92,284.46,451.22291666666666,7,1,0.0044225976311461
15775,1,0.8118984,Critical,High Priority,Targeted re-engagement campaign with personalised offer,64.99583333333334,2,150.5,75.25,451.22083333333336,9,1,0.0044226180055835
16336,1,0.498504,Medium,Monitor,Continue monitoring and regular customer engagement,240.0125,4,3517.69,879.4224999999999,451.1979166666667,64,1,0.0088456842735712
18131,1,0.8691221,Critical,High Priority,Targeted re-engagement campaign with personalised offer,451.1680555555556,1,222.96,222.96,451.1680555555556,4,0,0.0022115671103111
16571,0,0.21223444,Low,Monitor,Continue monitoring and regular customer engagement,101.13125,8,3263.73,407.96625,451.1513888888889,118,1,0.0176931890437384
18187,1,0.77203983,Critical,High Priority,Targeted re-engagement campaign with personalised offer,451.1256944444444,1,724.89,724.89,451.1256944444444,48,0,0.0022117743191498
14427,0,0.69044906,High,Medium Priority,Automated re-engagement reminder or promotional campaign,314.05902777777777,2,900.1800000000001,450.09,451.1256944444444,27,1,0.0044235486382996
16977,1,0.54484713,High,Medium Priority,Automated re-engagement reminder or promotional campaign,214.98125,4,496.0,124.0,451.0722222222222,25,1,0.0088481437331793
15819,0,0.07118354,Low,Monitor,Continue monitoring and regular customer engagement,18.925,8,3206.48,400.81,451.0708333333333,162,1,0.0176963418343364
14651,0,0.08267733,Low,Monitor,Continue monitoring and regular customer engagement,30.847916666666663,8,1787.24,223.405,451.0493055555556,185,1,0.0176971845807134
15918,1,0.54157627,High,Medium Priority,Automated re-engagement reminder or promotional campaign,10.047222222222222,3,582.88,194.2933333333333,451.0486111111111,49,1,0.0066364544127813
14400,0,0.5426194,High,Medium Priority,Automated re-engagement reminder or promotional campaign,227.9520833333333,2,1157.77,578.885,451.0270833333333,47,1,0.0044245136491637
13057,1,0.78522563,Critical,High Priority,Targeted re-engagement campaign with personalised offer,349.87916666666666,3,709.59,236.53,451.025,34,1,0.0066368010618881
15461,1,0.7523482,Critical,High Priority,Targeted re-engagement campaign with personalised offer,280.0131944444444,2,429.7,214.85,451.00694444444446,1,1,0.0044247107806234
16385,0,0.5712545,High,Medium Priority,Automated re-engagement reminder or promotional campaign,185.9958333333333,3,473.69,157.89666666666668,451.00347222222223,64,1,0.0066371171558723
13243,1,0.30589488,Medium,Monitor,Continue monitoring and regular customer engagement,22.98333333333333,5,1220.38,244.076,450.9861111111111,165,1,0.0110622868205143
15496,1,0.9143062,Critical,High Priority,Targeted re-engagement campaign with personalised offer,450.9819444444444,1,146.14,146.14,450.9819444444444,22,0,0.0022124777599891
12615,0,0.4048285,Medium,Monitor,Continue monitoring and regular customer engagement,233.12847222222223,4,3449.79,862.4475,450.9451388888889,147,1,0.0088506317599389
16303,0,0.31381348,Medium,Monitor,Continue monitoring and regular customer engagement,152.94027777777777,5,3394.82,678.964,450.94305555555553,82,1,0.0110633406986499
16108,0,0.46525612,Medium,Monitor,Continue monitoring and regular customer engagement,253.90277777777777,3,1393.42,464.47333333333336,450.94166666666666,79,1,0.0066380248188372
17349,0,0.45834845,Medium,Monitor,Continue monitoring and regular customer engagement,199.90347222222223,4,674.16,168.54,450.9333333333333,66,1,0.0088508629591385
13128,1,0.9148938,Critical,High Priority,Targeted re-engagement campaign with personalised offer,450.9041666666666,1,263.5,263.5,450.9041666666666,1,0,0.0022128585522372
18247,1,0.56739074,High,Medium Priority,Automated re-engagement reminder or promotional campaign,234.12569444444443,3,839.73,279.91,450.87361111111113,28,1,0.0066390245551699
16668,0,0.22517061,Low,Monitor,Continue monitoring and regular customer engagement,2.042361111111111,10,752.4399999999999,75.244,450.7673611111111,27,1,0.0221352865674165
16199,1,0.60870266,High,Medium Priority,Automated re-engagement reminder or promotional campaign,211.99652777777777,7,942.75,134.67857142857142,450.75208333333336,2,1,0.0154952246115817
13230,0,0.04806577,Low,Monitor,Continue monitoring and regular customer engagement,21.056944444444444,25,5128.01,205.1204,450.7,542,1,0.0553464688952844
13150,1,0.70216316,High,Medium Priority,Automated re-engagement reminder or promotional campaign,303.99375,3,449.97,149.98999999999998,450.15763888888887,7,1,0.0066495604671316
17838,0,0.15362613,Low,Monitor,Continue monitoring and regular customer engagement,111.95694444444445,11,4538.84,412.6218181818182,450.1229166666666,111,1,0.0243835983356346
17738,0,0.14993823,Low,Monitor,Continue monitoring and regular customer engagement,101.85,10,3084.43,308.443,450.1131944444445,139,1,0.0221673853107205
16716,1,0.57705325,High,High Priority,Targeted re-engagement campaign with personalised offer,86.11597222222223,3,2149.6800000000003,716.5600000000001,450.0729166666667,7,1,0.0066508094127427
16008,0,0.035890438,Low,Monitor,Continue monitoring and regular customer engagement,24.08055555555556,13,4999.5,384.5769230769231,450.07152777777776,58,1,0.0288202628617351
14292,0,0.092685655,Low,Monitor,Continue monitoring and regular customer engagement,23.80902777777778,9,5479.53,608.8366666666666,450.06944444444446,98,1,0.0199525818271392
15760,1,0.93851906,Critical,Immediate Action,Personalised retention outreach with high-value incentive,450.0451388888889,2,13916.34,6958.17,450.0520833333333,1,0,0.0044340777349252
14851,0,0.6476464,High,Medium Priority,Automated re-engagement reminder or promotional campaign,75.91041666666666,2,524.19,262.095,450.04027777777776,24,1,0.0044341937927445
16508,1,0.86163193,Critical,High Priority,Targeted re-engagement campaign with personalised offer,449.9645833333333,1,240.95,240.95,449.9645833333333,42,0,0.0022174690362787
17673,0,0.04116289,Low,Monitor,Continue monitoring and regular customer engagement,5.943055555555556,10,3612.01,361.201,449.95,183,1,0.0221754074731123
12418,0,0.5798376,High,Medium Priority,Automated re-engagement reminder or promotional campaign,233.09791666666663,3,1352.62,450.8733333333334,449.91875,61,1,0.0066530832882864
14832,1,0.93466187,Critical,High Priority,Targeted re-engagement campaign with personalised offer,449.9,1,322.69,322.69,449.9,1,0,0.0022177866489243
14316,1,0.52288926,High,Medium Priority,Automated re-engagement reminder or promotional campaign,241.84652777777777,5,1370.34,274.068,449.89722222222224,21,1,0.0110890015586207
12908,0,0.46394047,Medium,Monitor,Continue monitoring and regular customer engagement,132.0090277777778,4,1344.0,336.0,449.86875,1,1,0.0088717614605137
15650,1,0.732551,Critical,High Priority,Targeted re-engagement campaign with personalised offer,341.08958333333334,2,553.88,276.94,448.0444444444444,33,1,0.0044539021131291
18085,1,0.47961515,Medium,Monitor,Continue monitoring and regular customer engagement,149.89791666666667,4,1341.85,335.4625,448.03680555555553,42,1,0.0089079557633391
17133,0,0.087355785,Low,Monitor,Continue monitoring and regular customer engagement,9.919444444444444,8,12208.88,1526.11,448.0131944444444,21,1,0.0178168483665569
17472,1,0.27652058,Medium,Monitor,Continue monitoring and regular customer engagement,10.911805555555556,4,922.35,230.5875,447.97430555555553,183,1,0.0089091958058723
13466,1,0.28678533,Medium,Monitor,Continue monitoring and regular customer engagement,3.8409722222222222,5,1013.35,202.67,447.9583333333333,49,1,0.0111368909512761
17587,1,0.88827944,Critical,High Priority,Targeted re-engagement campaign with personalised offer,447.9402777777778,1,176.71,176.71,447.9402777777778,42,0,0.0022274677713256
17051,1,0.37820333,Medium,Monitor,Continue monitoring and regular customer engagement,13.942361111111111,4,706.49,176.6225,447.91319444444446,107,1,0.0089104086257705
16039,1,0.61842775,High,Medium Priority,Automated re-engagement reminder or promotional campaign,243.0875,2,456.4,228.2,447.8979166666667,27,1,0.0044553559411707
16397,1,0.9347629,Critical,High Priority,Targeted re-engagement campaign with personalised offer,447.8847222222222,1,123.13,123.13,447.8847222222222,9,0,0.0022277434505889
12796,1,0.8756844,Critical,High Priority,Targeted re-engagement campaign with personalised offer,447.8756944444444,1,381.0,381.0,447.8756944444444,7,0,0.0022277882549146
18078,1,0.36479416,Medium,Monitor,Continue monitoring and regular customer engagement,36.92916666666667,4,725.53,181.3825,447.875,65,1,0.0089111668059036
12368,1,0.8897358,Critical,High Priority,Targeted re-engagement campaign with personalised offer,447.8708333333333,1,917.7,917.7,447.8708333333333,18,0,0.0022278123810673
13451,0,0.036625914,Low,Monitor,Continue monitoring and regular customer engagement,30.750694444444445,9,5781.28,642.3644444444444,447.8590277777778,490,1,0.0200508387779508
12639,1,0.4959263,Medium,Monitor,Continue monitoring and regular customer engagement,58.00138888888889,3,1312.37,437.45666666666665,447.15625,58,1,0.0066940938567742
14928,1,0.8581852,Critical,High Priority,Targeted re-engagement campaign with personalised offer,447.15,1,223.91000000000005,223.91000000000005,447.15,21,0,0.0022313957380341
17552,0,0.31698394,Medium,Monitor,Continue monitoring and regular customer engagement,191.75277777777777,10,2154.88,215.488,447.1465277777778,64,1,0.0223141302680329
16132,1,0.74524,Critical,High Priority,Targeted re-engagement campaign with personalised offer,363.9590277777778,2,664.1999999999999,332.1,447.10069444444446,14,1,0.0044632825273337
13151,1,0.4786271,Medium,Monitor,Continue monitoring and regular customer engagement,115.01458333333332,3,2465.21,821.7366666666667,447.1,131,1,0.0066949341664806
13482,1,0.7565388,Critical,High Priority,Targeted re-engagement campaign with personalised offer,51.824305555555554,2,336.09,168.045,447.0965277777778,20,1,0.0044633240295757
14175,0,0.22578986,Low,Monitor,Continue monitoring and regular customer engagement,149.01944444444445,6,4779.16,796.5266666666666,447.08819444444447,136,1,0.0133902211091256
14817,1,0.10377982,Low,Monitor,Continue monitoring and regular customer engagement,19.96875,7,3959.86,565.6942857142857,447.02777777777777,142,1,0.0156240312480624
13357,1,0.18336582,Low,Monitor,Continue monitoring and regular customer engagement,76.95416666666667,5,3805.51,761.1020000000001,446.93055555555554,284,1,0.011162444575362
14355,1,0.51353997,Medium,Monitor,Continue monitoring and regular customer engagement,185.0236111111111,3,840.0500000000001,280.0166666666667,446.9041666666666,57,1,0.0066978613356651
14464,1,0.8753481,Critical,High Priority,Targeted re-engagement campaign with personalised offer,387.78472222222223,2,111.0,55.5,446.8958333333333,4,1,0.0044653239685566
16441,0,0.42888078,Medium,Monitor,Continue monitoring and regular customer engagement,110.80208333333331,4,848.93,212.2325,446.78472222222223,60,1,0.0089328639444177
17640,0,0.36564696,Medium,Monitor,Continue monitoring and regular customer engagement,198.9326388888889,5,2547.28,509.456,446.14930555555554,47,1,0.0111819473671949
13706,1,0.69684005,High,Medium Priority,Automated re-engagement reminder or promotional campaign,122.1451388888889,2,631.17,315.58500000000004,446.14722222222224,38,1,0.0044727997862995
15614,1,0.51972425,Medium,Monitor,Continue monitoring and regular customer engagement,257.0861111111111,4,3147.36,786.84,446.0673611111111,73,1,0.0089471975544326
14596,1,0.8742222,Critical,High Priority,Targeted re-engagement campaign with personalised offer,446.02569444444447,1,222.22000000000003,222.22000000000003,446.02569444444447,50,0,0.0022370078776853
15105,0,0.6069884,High,Medium Priority,Automated re-engagement reminder or promotional campaign,249.9430555555556,2,795.98,397.99,446.02222222222224,50,1,0.004474050507059
16970,1,0.9297636,Critical,High Priority,Targeted re-engagement campaign with personalised offer,445.9583333333333,1,71.4,71.4,445.9583333333333,2,0,0.0022373450172462
14166,1,0.78412604,Critical,High Priority,Targeted re-engagement campaign with personalised offer,324.7138888888889,2,251.15,125.575,445.90277777777777,39,1,0.0044752462939366
16578,1,0.90983564,Critical,High Priority,Targeted re-engagement campaign with personalised offer,445.9020833333333,1,156.6,156.6,445.9020833333333,9,0,0.0022376266240274
16615,1,0.8610726,Critical,High Priority,Targeted re-engagement campaign with personalised offer,445.90069444444447,1,291.5,291.5,445.90069444444447,19,0,0.0022376335781781
12918,1,0.9456287,Critical,Immediate Action,Personalised retention outreach with high-value incentive,445.8944444444445,1,10953.5,10953.5,445.8944444444445,1,0,0.0022376648723909
13445,1,0.8821658,Critical,High Priority,Targeted re-engagement campaign with personalised offer,445.8861111111111,1,241.9,241.9,445.8861111111111,7,0,0.0022377065993697
14762,1,0.7617891,Critical,High Priority,Targeted re-engagement campaign with personalised offer,83.1875,2,417.57,208.785,445.8847222222222,28,1,0.0044754271080349
14344,0,0.07031791,Low,Monitor,Continue monitoring and regular customer engagement,26.131944444444443,18,2749.0,152.72222222222223,445.87708333333336,124,1,0.0402795324963519
15869,1,0.759908,Critical,High Priority,Targeted re-engagement campaign with personalised offer,96.81041666666668,3,321.11,107.03666666666668,445.8333333333333,29,1,0.0067139127191346
13896,1,0.88860375,Critical,High Priority,Targeted re-engagement campaign with personalised offer,445.16319444444446,1,388.55,388.55,445.16319444444446,21,0,0.0022413323475621
18189,0,0.67674965,High,Medium Priority,Automated re-engagement reminder or promotional campaign,87.12569444444445,2,946.59,473.295,445.1201388888889,54,1,0.0044830973221276
13252,1,0.6459695,High,Medium Priority,Automated re-engagement reminder or promotional campaign,213.86805555555557,2,399.3,199.65,445.09722222222223,19,1,0.004483327625393
16077,1,0.9259245,Critical,Immediate Action,Personalised retention outreach with high-value incentive,445.0888888888889,1,2300.4,2300.4,445.0888888888889,8,0,0.0022417056889508
13988,0,0.24802165,Medium,Monitor,Continue monitoring and regular customer engagement,20.12986111111111,4,1965.92,491.48,445.0729166666667,110,1,0.0089671438245802
12742,1,0.70452994,High,Medium Priority,Automated re-engagement reminder or promotional campaign,445.0048611111111,1,1201.52,1201.52,445.0048611111111,67,0,0.0022421280286245
16002,1,0.8792405,Critical,High Priority,Targeted re-engagement campaign with personalised offer,444.9875,1,169.21,169.21,444.9875,42,0,0.002242215308725
14729,1,0.5295283,High,Medium Priority,Automated re-engagement reminder or promotional campaign,193.0048611111111,3,586.24,195.41333333333333,444.97222222222223,126,1,0.0067268763625038
15086,1,0.8565565,Critical,High Priority,Targeted re-engagement campaign with personalised offer,384.0159722222222,2,218.53,109.265,444.95416666666665,10,1,0.0044847658111353
16444,0,0.04422732,Low,Monitor,Continue monitoring and regular customer engagement,14.074305555555556,15,3211.29,214.086,444.9472222222222,188,1,0.0336362673709519
14026,1,0.6706942,High,Medium Priority,Automated re-engagement reminder or promotional campaign,290.0965277777778,2,713.11,356.555,444.94444444444446,43,1,0.0044848635853992
15447,1,0.5304309,High,Medium Priority,Automated re-engagement reminder or promotional campaign,150.05833333333334,5,492.88,98.576,444.9236111111111,27,1,0.0112126827900892
16741,1,0.9302571,Critical,High Priority,Targeted re-engagement campaign with personalised offer,444.89930555555554,1,173.06,173.06,444.89930555555554,11,0,0.0022426587965955
17072,1,0.8807905,Critical,High Priority,Targeted re-engagement campaign with personalised offer,444.84513888888887,1,273.35,273.35,444.84513888888887,20,0,0.0022429312619447
14202,1,0.57499164,High,Medium Priority,Automated re-engagement reminder or promotional campaign,200.8173611111111,3,847.76,282.58666666666664,444.0930555555556,27,1,0.0067401635737845
14947,0,0.49458566,Medium,Monitor,Continue monitoring and regular customer engagement,207.76388888888889,4,758.97,189.7425,444.05625,37,1,0.0089876279683747
15374,0,0.8749893,Critical,High Priority,Targeted re-engagement campaign with personalised offer,444.03263888888887,1,139.32,139.32,444.03263888888887,6,0,0.0022470262012617
13849,0,0.38220334,Medium,Monitor,Continue monitoring and regular customer engagement,217.02569444444444,3,1931.35,643.7833333333333,444.03263888888887,108,1,0.0067410786037853
17001,0,0.032235235,Low,Monitor,Continue monitoring and regular customer engagement,27.15833333333333,13,4453.17,342.5515384615385,444.00625,86,1,0.0292130728501004
17353,0,0.5865117,High,Medium Priority,Automated re-engagement reminder or promotional campaign,311.1638888888889,2,1502.0,751.0,443.99861111111113,6,1,0.0044943960499252
16090,1,0.92990625,Critical,High Priority,Targeted re-engagement campaign with personalised offer,443.9895833333333,1,180.56,180.56,443.9895833333333,18,0,0.0022472436152531
13969,0,0.021230305,Low,Monitor,Continue monitoring and regular customer engagement,2.75625,24,5941.77,247.57375,443.9826388888889,329,1,0.0539346884631891
17301,0,0.8679154,Critical,High Priority,Targeted re-engagement campaign with personalised offer,443.9819444444444,1,131.15,131.15,443.9819444444444,52,0,0.0022472821930977
16943,1,0.39162913,Medium,Monitor,Continue monitoring and regular customer engagement,31.03680555555556,5,1299.49,259.898,443.9694444444444,24,1,0.011236726616684
13900,1,0.092013516,Low,Monitor,Continue monitoring and regular customer engagement,2.725,6,1610.59,268.4316666666667,443.9611111111111,80,1,0.0134843244728003
13285,0,0.26467437,Medium,Monitor,Continue monitoring and regular customer engagement,45.99097222222223,4,1828.74,457.185,443.9333333333333,112,1,0.0089901108780341
12870,1,0.45371932,Medium,Monitor,Continue monitoring and regular customer engagement,194.9638888888889,3,1676.95,558.9833333333333,443.9291666666667,85,1,0.0067426463013775
15027,0,0.10058967,Low,Monitor,Continue monitoring and regular customer engagement,38.89236111111112,8,2783.57,347.94625,443.9243055555556,52,1,0.017980586585421
16794,0,0.385032,Medium,Monitor,Continue monitoring and regular customer engagement,200.00347222222223,5,856.1999999999999,171.24,443.8979166666667,151,1,0.0112385331841105
17484,1,0.7905214,Critical,High Priority,Targeted re-engagement campaign with personalised offer,395.88125,2,209.57,104.785,443.85625,14,1,0.0044958343285049
12726,0,0.038383037,Low,Monitor,Continue monitoring and regular customer engagement,4.111111111111111,9,2872.82,319.20222222222225,443.85069444444446,52,1,0.0202315071380066
13187,1,0.6027276,High,Medium Priority,Automated re-engagement reminder or promotional campaign,156.7451388888889,4,341.36,85.34,443.81388888888887,51,1,0.0089925249636239
13705,0,0.43200734,Medium,Monitor,Continue monitoring and regular customer engagement,193.09791666666663,5,1323.47,264.694,443.8131944444444,43,1,0.0112406737534951
14704,0,0.64658064,High,Medium Priority,Automated re-engagement reminder or promotional campaign,244.03958333333333,2,258.96,129.48,443.8118055555556,53,1,0.0044962835406359
12791,1,0.63296956,High,Medium Priority,Automated re-engagement reminder or promotional campaign,193.0576388888889,6,863.51,143.91833333333332,443.80625,17,1,0.0134890190953926
15698,1,0.9200666,Critical,High Priority,Targeted re-engagement campaign with personalised offer,443.8,1,46.2,46.2,443.8,2,0,0.0022482014388489
14330,1,0.8993603,Critical,High Priority,Targeted re-engagement campaign with personalised offer,443.15277777777777,1,200.63,200.63,443.15277777777777,13,0,0.0022514775321304
16286,1,0.67934966,High,Medium Priority,Automated re-engagement reminder or promotional campaign,296.91805555555555,2,328.95,164.475,443.11944444444447,17,1,0.0045032930330304
14013,0,0.49824214,Medium,Monitor,Continue monitoring and regular customer engagement,95.16041666666666,3,730.05,243.35,443.1166666666667,35,1,0.0067549817990768
15789,1,0.27883786,Medium,Monitor,Continue monitoring and regular customer engagement,177.92708333333334,6,1962.01,327.00166666666667,443.0618055555556,110,1,0.0135116326712529
18188,0,0.35308957,Medium,Monitor,Continue monitoring and regular customer engagement,109.92152777777778,4,1706.15,426.5375,443.0506944444445,65,1,0.009007980507731
17582,1,0.26541805,Medium,Monitor,Continue monitoring and regular customer engagement,55.980555555555554,5,1446.95,289.39,443.01875,92,1,0.0112607857213237
18166,1,0.91661155,Critical,High Priority,Targeted re-engagement campaign with personalised offer,443.01666666666665,1,175.5,175.5,443.01666666666665,10,0,0.0022521677114222
18215,0,0.57737565,High,Medium Priority,Automated re-engagement reminder or promotional campaign,256.85555555555555,4,1933.15,483.2875,442.99097222222224,49,1,0.0090091921914077
16493,0,0.37060347,Medium,Monitor,Continue monitoring and regular customer engagement,104.88055555555556,5,1148.26,229.652,442.9895833333333,54,1,0.0112615254674706
16601,0,0.64409953,High,Medium Priority,Automated re-engagement reminder or promotional campaign,210.05555555555557,2,434.3,217.15,442.9659722222222,38,1,0.0045048497523114
14537,0,0.82482517,Critical,High Priority,Targeted re-engagement campaign with personalised offer,442.9625,1,285.84000000000003,285.84000000000003,442.9625,13,0,0.0022524424923276
13117,0,0.108835615,Low,Monitor,Continue monitoring and regular customer engagement,37.08680555555556,16,2022.12,126.3825,442.9583333333333,113,1,0.0360394181135617
14074,1,0.8499932,Critical,High Priority,Targeted re-engagement campaign with personalised offer,442.9548611111111,1,219.4,219.4,442.9548611111111,6,0,0.0022524812488757
12477,0,0.1626016,Low,Monitor,Continue monitoring and regular customer engagement,58.95208333333333,5,11633.6,2326.7200000000003,442.9506944444444,249,1,0.0112625119468659
14994,1,0.43174207,Medium,Monitor,Continue monitoring and regular customer engagement,201.99375,5,946.72,189.344,442.9402777777778,233,1,0.0112627762117652
16807,0,0.18554714,Low,Monitor,Continue monitoring and regular customer engagement,35.05277777777778,5,1654.12,330.824,442.925,94,1,0.0112631638227178
15249,0,0.042497214,Low,Monitor,Continue monitoring and regular customer engagement,16.104166666666668,10,5418.91,541.891,442.9159722222222,214,1,0.0225267857561882
14253,1,0.7444827,Critical,High Priority,Targeted re-engagement campaign with personalised offer,312.91319444444446,2,363.4,181.7,442.9041666666666,11,1,0.0045054769704421
16833,0,0.24704862,Medium,Monitor,Continue monitoring and regular customer engagement,79.16458333333334,5,1973.8,394.76,442.8881944444444,74,1,0.0112640977223055
15552,1,0.72538185,Critical,High Priority,Targeted re-engagement campaign with personalised offer,36.91875,2,252.52,126.26,442.85625,29,1,0.0045059633608854
15848,1,0.86392075,Critical,High Priority,Targeted re-engagement campaign with personalised offer,441.0805555555556,1,137.99,137.99,441.0805555555556,34,0,0.0022620311783297
13053,1,0.9216573,Critical,High Priority,Targeted re-engagement campaign with personalised offer,441.05694444444447,1,127.65,127.65,441.05694444444447,17,0,0.0022621519977629
15289,0,0.39647785,Medium,Monitor,Continue monitoring and regular customer engagement,69.00416666666666,3,1028.76,342.92,441.0451388888889,45,1,0.0067866372369588
17827,0,0.19158274,Low,Monitor,Continue monitoring and regular customer engagement,61.829166666666666,5,1969.31,393.862,441.0208333333333,191,1,0.0113116840269595
14378,1,0.92049974,Critical,High Priority,Targeted re-engagement campaign with personalised offer,441.0194444444445,1,131.25,131.25,441.0194444444445,9,0,0.0022623439139806
14805,0,0.44218814,Medium,Monitor,Continue monitoring and regular customer engagement,133.08819444444444,4,645.4,161.35,441.0111111111111,82,1,0.0090495462658052
16934,0,0.4482573,Medium,Monitor,Continue monitoring and regular customer engagement,203.04930555555555,4,1152.11,288.02750000000003,441.0048611111111,77,1,0.009049674227439
16784,0,0.36728764,Medium,Monitor,Continue monitoring and regular customer engagement,196.0368055555556,4,784.73,196.1825,440.99652777777777,137,1,0.00904984484858
12910,0,0.09707532,Low,Monitor,Continue monitoring and regular customer engagement,17.10902777777778,8,3863.98,482.9975,440.9861111111111,53,1,0.0181001162681079
15068,0,0.35521397,Medium,Monitor,Continue monitoring and regular customer engagement,75.93263888888889,3,861.5,287.1666666666667,440.9805555555556,139,1,0.0067876289178131
17518,1,0.57565373,High,Medium Priority,Automated re-engagement reminder or promotional campaign,245.00694444444449,2,329.42,164.71,440.9715277777778,71,1,0.0045251783753038
14101,0,0.047480598,Low,Monitor,Continue monitoring and regular customer engagement,17.10763888888889,11,8144.53,740.4118181818181,440.9680555555556,19,1,0.0248886765949022
15423,0,0.87427324,Critical,High Priority,Targeted re-engagement campaign with personalised offer,401.1451388888889,2,223.39,111.695,440.9638888888889,12,1,0.0045252565883336
14572,0,0.09243905,Low,Monitor,Continue monitoring and regular customer engagement,73.84444444444445,7,3795.67,542.2385714285714,440.9604166666667,251,1,0.015838522492116
15570,0,0.033451114,Low,Monitor,Continue monitoring and regular customer engagement,25.919444444444444,21,7096.39,337.92333333333335,440.9486111111111,392,1,0.0475168367362972
17068,0,0.059105072,Low,Monitor,Continue monitoring and regular customer engagement,8.922222222222222,37,7084.39,191.47,440.9333333333333,226,1,0.0837230351485895
13684,1,0.41392127,Medium,Monitor,Continue monitoring and regular customer engagement,105.10902777777778,4,594.88,148.72,440.9180555555556,81,1,0.0090514518465904
14078,0,0.093767956,Low,Monitor,Continue monitoring and regular customer engagement,4.000694444444444,8,1332.01,166.50125,440.90625,98,1,0.0181033873134856
15231,1,0.81387407,Critical,High Priority,Targeted re-engagement campaign with personalised offer,440.9013888888889,1,250.26,250.26,440.9013888888889,14,0,0.002262948307346
16666,0,0.8959326,Critical,High Priority,Targeted re-engagement campaign with personalised offer,440.90069444444447,1,98.73,98.73,440.90069444444447,15,0,0.0022629518635565
14583,0,0.21848552,Low,Monitor,Continue monitoring and regular customer engagement,5.002083333333333,5,948.94,189.788,440.8986111111111,216,1,0.0113148126612753
14809,1,0.8465393,Critical,High Priority,Targeted re-engagement campaign with personalised offer,440.87916666666666,2,686.76,343.38,440.88055555555553,18,0,0.0045261099970454
16549,0,0.20598987,Low,Monitor,Continue monitoring and regular customer engagement,153.94930555555555,25,8866.39,354.6556,440.87847222222223,647,1,0.0565766417048428
15141,1,0.59352005,High,Medium Priority,Automated re-engagement reminder or promotional campaign,277.05347222222224,7,1388.47,198.35285714285715,440.86944444444447,44,1,0.0158417833321808
13113,0,0.0741707,Low,Monitor,Continue monitoring and regular customer engagement,12.07013888888889,29,14840.27,511.7334482758621,440.8590277777778,155,1,0.0656317924425996
15981,0,0.033418756,Low,Monitor,Continue monitoring and regular customer engagement,30.16111111111111,17,7576.49,445.6758823529412,440.1131944444445,124,1,0.0385388608051284
16532,0,0.46343106,Medium,Monitor,Continue monitoring and regular customer engagement,158.0090277777778,3,3918.24,1306.08,440.1,1,1,0.0068011788710043
17994,0,0.05359785,Low,Monitor,Continue monitoring and regular customer engagement,9.125,10,2149.32,214.932,440.09236111111113,226,1,0.0226709888487073
16456,0,0.07493523,Low,Monitor,Continue monitoring and regular customer engagement,47.12916666666667,11,5419.18,492.6527272727273,440.0652777777778,217,1,0.0249396190410212
16502,1,0.85235727,Critical,High Priority,Targeted re-engagement campaign with personalised offer,439.9625,2,258.55,129.275,439.9659722222222,41,0,0.0045354973535057
17046,0,0.46230218,Medium,Monitor,Continue monitoring and regular customer engagement,263.96527777777777,4,1264.05,316.01250000000005,439.9611111111111,57,1,0.0090710947047484
12496,1,0.9049044,Critical,High Priority,Targeted re-engagement campaign with personalised offer,439.9472222222222,2,45.34,22.67,439.9534722222222,10,0,0.0045356259242518
16036,0,0.41429263,Medium,Monitor,Continue monitoring and regular customer engagement,82.99236111111111,3,1986.65,662.2166666666667,439.91875,88,1,0.0068039746551944
16176,1,0.5793832,High,High Priority,Targeted re-engagement campaign with personalised offer,240.95555555555555,4,2052.69,513.1725,439.91527777777776,53,1,0.0090720376489562
13412,1,0.80090463,Critical,High Priority,Targeted re-engagement campaign with personalised offer,439.8486111111111,1,487.35,487.35,439.8486111111111,33,0,0.0022683523885435
17664,0,0.36237437,Medium,Monitor,Continue monitoring and regular customer engagement,31.93958333333333,3,887.78,295.9266666666667,439.81458333333336,51,1,0.0068055824680633
16570,0,0.036517758,Low,Monitor,Continue monitoring and regular customer engagement,24.84236111111111,13,5169.14,397.6261538461538,439.1375,97,1,0.029536224475306
16455,0,0.041044224,Low,Monitor,Continue monitoring and regular customer engagement,24.056944444444444,9,3288.17,365.3522222222222,439.0965277777778,92,1,0.0204500590937278
17676,0,0.38705632,Medium,Monitor,Continue monitoring and regular customer engagement,185.95902777777775,5,1378.16,275.63199999999995,439.0840277777778,57,1,0.0113614666391045
13051,1,0.8665454,Critical,High Priority,Targeted re-engagement campaign with personalised offer,398.15,2,155.8,77.9,439.06875,4,1,0.0045447444291374
12990,0,0.38074213,Medium,Monitor,Continue monitoring and regular customer engagement,4.932638888888889,6,809.9,134.98333333333332,439.0513888888889,6,1,0.0136347711914959
12861,1,0.9205437,Critical,High Priority,Targeted re-engagement campaign with personalised offer,439.0493055555556,1,68.25,68.25,439.0493055555556,4,0,0.0022724726238063
14935,1,0.6160298,High,High Priority,Targeted re-engagement campaign with personalised offer,116.92083333333332,2,2849.83,1424.915,439.0430555555556,25,1,0.0045450098001773
15029,1,0.80010384,Critical,High Priority,Targeted re-engagement campaign with personalised offer,439.0236111111111,1,365.1,365.1,439.0236111111111,10,0,0.0022726053210528
15715,1,0.79100364,Critical,High Priority,Targeted re-engagement campaign with personalised offer,375.1208333333333,5,658.02,131.60399999999998,439.0229166666667,33,1,0.0113630445383999
15575,1,0.9141012,Critical,High Priority,Targeted re-engagement campaign with personalised offer,439.0,1,30.1,30.1,439.0,3,0,0.0022727272727272
17586,1,0.921595,Critical,High Priority,Targeted re-engagement campaign with personalised offer,438.9847222222222,1,167.4,167.4,438.9847222222222,8,0,0.0022728061896088
17464,0,0.7175621,Critical,High Priority,Targeted re-engagement campaign with personalised offer,341.9763888888889,2,617.1800000000001,308.59000000000003,438.9826388888889,28,1,0.0045456339028528
17217,1,0.7405677,Critical,High Priority,Targeted re-engagement campaign with personalised offer,53.81319444444444,2,210.1,105.05,438.96875,27,1,0.0045457773989629
14235,0,0.12413147,Low,Monitor,Continue monitoring and regular customer engagement,45.99513888888889,6,2837.68,472.9466666666667,438.9680555555556,89,1,0.0136373537220189
15122,0,0.042346958,Low,Monitor,Continue monitoring and regular customer engagement,23.72083333333333,10,3784.1,378.41,438.9479166666667,139,1,0.02272996330058
14492,1,0.60496545,High,Medium Priority,Automated re-engagement reminder or promotional campaign,249.97847222222225,7,1921.91,274.55857142857144,438.9354166666666,70,1,0.0159114263930785
14882,0,0.4114499,Medium,Monitor,Continue monitoring and regular customer engagement,209.99027777777775,12,2956.9500000000003,246.4125,438.90833333333336,31,1,0.0272784102748678
15742,1,0.8502197,Critical,High Priority,Targeted re-engagement campaign with personalised offer,438.8923611111111,1,156.87,156.87,438.8923611111111,41,0,0.0022732833947698
13856,0,0.17911966,Low,Monitor,Continue monitoring and regular customer engagement,3.170138888888889,10,972.53,97.253,438.88194444444446,31,1,0.022733372274758
16658,1,0.5576756,High,Medium Priority,Automated re-engagement reminder or promotional campaign,187.96041666666667,6,690.83,115.13833333333334,438.8513888888889,49,1,0.0136409709087349
13676,1,0.83996224,Critical,High Priority,Targeted re-engagement campaign with personalised offer,358.80555555555554,2,243.9,121.95000000000002,438.83125,13,1,0.0045471984994244
17602,0,0.2005162,Low,Monitor,Continue monitoring and regular customer engagement,143.85486111111112,9,3067.06,340.78444444444443,438.80902777777777,270,1,0.0204634271503572
18025,1,0.42923462,Medium,Monitor,Continue monitoring and regular customer engagement,199.0090277777778,6,1177.72,196.28666666666663,438.80347222222224,83,1,0.0136424570949461
15792,1,0.5758929,High,Medium Priority,Automated re-engagement reminder or promotional campaign,219.1868055555556,2,933.84,466.92,438.13055555555553,57,1,0.0045544541929443
15216,0,0.8291655,Critical,High Priority,Targeted re-engagement campaign with personalised offer,438.12361111111113,1,389.49,389.49,438.12361111111113,22,0,0.0022772631092864
13803,1,0.40484262,Medium,Monitor,Continue monitoring and regular customer engagement,74.99513888888889,3,1338.91,446.3033333333333,438.11805555555554,73,1,0.0068318757610741
18093,0,0.26456484,Medium,Monitor,Continue monitoring and regular customer engagement,117.08194444444445,6,3463.71,577.2850000000001,438.09930555555553,36,1,0.0136643349786415
17889,1,0.24134718,Medium,Monitor,Continue monitoring and regular customer engagement,31.85,7,746.42,106.63142857142856,438.0805555555556,97,1,0.0159424048991263
14706,1,0.82949686,Critical,High Priority,Targeted re-engagement campaign with personalised offer,438.0701388888889,1,367.54,367.54,438.0701388888889,25,0,0.0022775404461132
13179,1,0.7649086,Critical,High Priority,Targeted re-engagement campaign with personalised offer,438.0486111111111,1,572.3100000000001,572.3100000000001,438.0486111111111,34,0,0.0022776521202726
15741,1,0.7317982,Critical,High Priority,Targeted re-engagement campaign with personalised offer,277.8534722222222,2,208.62,104.31,438.03819444444446,11,1,0.0045554123201758
16133,0,0.02902983,Low,Monitor,Continue monitoring and regular customer engagement,5.034027777777778,35,15194.59,434.1311428571428,438.0201388888889,191,1,0.0797229942311555
13059,1,0.14999129,Low,Monitor,Continue monitoring and regular customer engagement,69.09027777777777,10,2291.77,229.177,438.01875,155,1,0.0227780704127101
18056,1,0.6328925,High,Medium Priority,Automated re-engagement reminder or promotional campaign,107.93263888888887,2,554.6,277.29999999999995,438.01458333333335,28,1,0.00455565731966
17531,1,0.4261913,Medium,Monitor,Continue monitoring and regular customer engagement,9.73125,3,1266.82,422.2733333333333,437.9951388888889,54,1,0.0068337886555944
16845,1,0.8604279,Critical,High Priority,Targeted re-engagement campaign with personalised offer,437.9868055555556,1,253.88,253.88,437.9868055555556,20,0,0.0022779727940443
15796,0,0.053507544,Low,Monitor,Continue monitoring and regular customer engagement,7.05625,13,3709.99,285.3838461538461,437.9861111111111,132,1,0.0296136931692346
15454,1,0.6683757,High,Medium Priority,Automated re-engagement reminder or promotional campaign,181.9368055555556,2,305.99,152.995,437.9826388888889,35,1,0.0045559888314996
15800,0,0.30754122,Medium,Monitor,Continue monitoring and regular customer engagement,66.00763888888889,6,774.68,129.11333333333332,437.98125,110,1,0.0136680097384569
15125,0,0.03631664,Low,Monitor,Continue monitoring and regular customer engagement,27.02083333333333,13,12807.11,985.1623076923078,437.97291666666666,127,1,0.0296145832838965
16847,0,0.8148073,Critical,High Priority,Targeted re-engagement campaign with personalised offer,437.97083333333336,1,421.4500000000001,421.4500000000001,437.97083333333336,25,0,0.0022780556794775
13219,1,0.91965264,Critical,High Priority,Targeted re-engagement campaign with personalised offer,437.93888888888887,1,76.23,76.23,437.93888888888887,11,0,0.0022782214684403
13464,0,0.32223234,Medium,Monitor,Continue monitoring and regular customer engagement,214.01805555555555,5,2422.96,484.592,437.8944444444445,95,1,0.0113922608574575
13361,1,0.6428922,High,Medium Priority,Automated re-engagement reminder or promotional campaign,291.9125,2,1450.5,725.25,437.2090277777778,29,1,0.0045640319418846
14893,0,0.7034693,High,Medium Priority,Automated re-engagement reminder or promotional campaign,437.15763888888887,1,571.76,571.76,437.15763888888887,33,0,0.002282283614947
12662,0,0.033794545,Low,Monitor,Continue monitoring and regular customer engagement,6.961805555555555,14,4714.84,336.7742857142857,437.125,125,1,0.0319543509272467
15689,0,0.67140573,High,Medium Priority,Automated re-engagement reminder or promotional campaign,181.1201388888889,2,370.43,185.215,437.1229166666666,19,1,0.0045649289820683
16377,1,0.6476333,High,Medium Priority,Automated re-engagement reminder or promotional campaign,86.88125,2,1308.48,654.24,437.0930555555556,6,1,0.0045652401348013
14916,0,0.34087017,Medium,Monitor,Continue monitoring and regular customer engagement,143.88888888888889,5,2069.02,413.804,437.0784722222222,62,1,0.0114134802713237
13582,1,0.6236614,High,Medium Priority,Automated re-engagement reminder or promotional campaign,209.05277777777775,2,241.68,120.84,437.05,10,1,0.0045656888483049
18241,0,0.21588232,Low,Monitor,Continue monitoring and regular customer engagement,37.144444444444446,5,1279.73,255.946,437.03819444444446,66,1,0.0114145297451547
15173,1,0.41011584,Medium,Monitor,Continue monitoring and regular customer engagement,200.10347222222225,7,1494.6,213.5142857142857,437.01666666666665,68,1,0.01598112704996
13196,0,0.3343033,Medium,Monitor,Continue monitoring and regular customer engagement,81.93472222222222,4,1783.19,445.7975,436.9972222222222,89,1,0.0091324780091197
14200,1,0.8614977,Critical,High Priority,Targeted re-engagement campaign with personalised offer,436.9923611111111,1,379.2,379.2,436.9923611111111,21,0,0.0022831448417574
16130,1,0.6388014,High,Medium Priority,Automated re-engagement reminder or promotional campaign,241.9,4,987.48,246.87,436.9527777777778,53,1,0.0091334047937689
14692,0,0.15459825,Low,Monitor,Continue monitoring and regular customer engagement,54.9,11,1603.89,145.80818181818182,436.9486111111111,95,1,0.0251171021460534
17993,1,0.8203008,Critical,High Priority,Targeted re-engagement campaign with personalised offer,436.9354166666666,1,225.99,225.99,436.9354166666666,60,0,0.0022834417175287
13750,0,0.20500028,Low,Monitor,Continue monitoring and regular customer engagement,116.15416666666668,8,2643.7200000000003,330.46500000000003,436.9173611111111,39,1,0.0182682869199382
14049,0,0.028988754,Low,Monitor,Continue monitoring and regular customer engagement,20.071527777777774,11,10462.49,951.1354545454544,436.91527777777776,465,1,0.025119014015268
16054,0,0.43337682,Medium,Monitor,Continue monitoring and regular customer engagement,238.05,3,1327.98,442.66,436.75902777777776,49,1,0.0068530853954722
17669,0,0.098040625,Low,Monitor,Continue monitoring and regular customer engagement,29.972916666666663,6,4346.63,724.4383333333334,436.75138888888887,70,1,0.0137064099676059
14835,1,0.79463154,Critical,High Priority,Targeted re-engagement campaign with personalised offer,348.1125,2,297.0,148.5,436.7194444444444,1,1,0.0045691367504553
14694,1,0.8524465,Critical,High Priority,Targeted re-engagement campaign with personalised offer,436.7111111111111,1,244.31,244.31,436.7111111111111,15,0,0.0022846118698278
14489,1,0.26029366,Medium,Monitor,Continue monitoring and regular customer engagement,26.915972222222223,4,1574.93,393.7325,432.12361111111113,65,1,0.0092352388495714
18173,0,0.17579232,Low,Monitor,Continue monitoring and regular customer engagement,18.93402777777778,4,2318.36,579.59,432.08819444444447,31,1,0.0092359940799843
12997,0,0.18020368,Low,Monitor,Continue monitoring and regular customer engagement,55.99166666666667,6,1492.49,248.7483333333333,432.0722222222222,52,1,0.0138545020717611
15215,0,0.48856875,Medium,Monitor,Continue monitoring and regular customer engagement,213.08333333333331,4,1687.49,421.8725,432.0618055555556,59,1,0.0092365568809943
15770,1,0.896178,Critical,High Priority,Targeted re-engagement campaign with personalised offer,432.04375,1,321.45,321.45,432.04375,18,0,0.0023092354987227
14035,0,0.27618834,Medium,Monitor,Continue monitoring and regular customer engagement,87.11736111111111,6,2067.31,344.5516666666667,432.0076388888889,47,1,0.0138565684785519
13939,0,0.42494026,Medium,Monitor,Continue monitoring and regular customer engagement,131.05555555555554,5,1176.91,235.382,432.0048611111111,62,1,0.0115472144750748
13710,0,0.62649107,High,Medium Priority,Automated re-engagement reminder or promotional campaign,243.1027777777778,2,329.04,164.51999999999998,431.9972222222222,7,1,0.0046189672758998
16654,0,0.19300468,Low,Monitor,Continue monitoring and regular customer engagement,6.925,7,1420.05,202.8642857142857,431.97291666666666,61,1,0.0161672929888801
13071,1,0.9138229,Critical,High Priority,Targeted re-engagement campaign with personalised offer,431.96736111111113,1,129.22,129.22,431.96736111111113,12,0,0.0023096429195811
14221,0,0.033036545,Low,Monitor,Continue monitoring and regular customer engagement,9.82638888888889,12,4738.52,394.8766666666667,431.94444444444446,115,1,0.0277171820864878
14825,0,0.0364899,Low,Monitor,Continue monitoring and regular customer engagement,23.829166666666666,17,3534.04,207.88470588235296,431.94166666666666,170,1,0.0392662598887455
14265,0,0.6483737,High,Medium Priority,Automated re-engagement reminder or promotional campaign,284.0208333333333,2,843.17,421.585,431.9243055555556,47,1,0.0046197452402989
13432,1,0.702593,High,Medium Priority,Automated re-engagement reminder or promotional campaign,390.9805555555556,2,439.1,219.55,431.9222222222222,98,1,0.0046197674717039
13207,0,0.562712,High,Medium Priority,Automated re-engagement reminder or promotional campaign,270.87916666666666,2,285.6,142.8,431.84236111111113,4,1,0.0046206198368985
17563,1,0.7969065,Critical,High Priority,Targeted re-engagement campaign with personalised offer,397.9138888888889,2,392.38,196.19,431.1166666666667,27,1,0.0046283796814131
15252,0,0.15373567,Low,Monitor,Continue monitoring and regular customer engagement,2.9409722222222223,4,1663.18,415.795,431.1013888888889,82,1,0.0092570866534024
13632,0,0.20626646,Low,Monitor,Continue monitoring and regular customer engagement,53.045138888888886,5,2137.57,427.514,431.07708333333335,110,1,0.0115720092383207
16941,1,0.9044968,Critical,High Priority,Targeted re-engagement campaign with personalised offer,431.0673611111111,1,33.0,33.0,431.0673611111111,2,0,0.0023144539254906
14264,0,0.28950277,Medium,Monitor,Continue monitoring and regular customer engagement,65.02083333333333,5,1299.09,259.818,430.9784722222222,52,1,0.0115746508715551
12643,0,0.032955077,Low,Monitor,Continue monitoring and regular customer engagement,2.091666666666667,10,6852.1,685.21,430.9402777777778,14,1,0.0231513487268365
15112,1,0.9043484,Critical,High Priority,Targeted re-engagement campaign with personalised offer,430.93958333333336,1,209.4,209.4,430.93958333333336,7,0,0.0023151385948073
13723,1,0.3159461,Medium,Monitor,Continue monitoring and regular customer engagement,36.82361111111111,6,1194.08,199.0133333333333,430.9291666666667,51,1,0.0138911665685924
15201,0,0.22305301,Low,Monitor,Continue monitoring and regular customer engagement,23.86180555555556,4,1208.68,302.17,430.9166666666667,36,1,0.0092610457264132
12821,1,0.7280358,Critical,High Priority,Targeted re-engagement campaign with personalised offer,33.87430555555556,2,220.8,110.4,430.9,13,1,0.004630701551285
13640,1,0.8550515,Critical,High Priority,Targeted re-engagement campaign with personalised offer,430.8868055555556,1,405.0,405.0,430.8868055555556,4,0,0.0023154215112305
16454,0,0.8382118,Critical,High Priority,Targeted re-engagement campaign with personalised offer,426.12361111111113,2,24.05,12.025,430.8722222222222,2,1,0.0046309993953973
16369,0,0.21084851,Low,Monitor,Continue monitoring and regular customer engagement,16.132638888888888,5,1465.6,293.12,430.8319444444445,42,1,0.0115785783435557
17497,1,0.596279,High,Medium Priority,Automated re-engagement reminder or promotional campaign,209.93958333333333,2,287.25,143.625,430.2006944444444,7,1,0.0046382114541276
14758,0,0.121092886,Low,Monitor,Continue monitoring and regular customer engagement,25.02986111111111,6,2587.85,431.3083333333333,430.1826388888889,84,1,0.0139152170306795
13852,1,0.85417956,Critical,High Priority,Targeted re-engagement campaign with personalised offer,430.1555555555556,1,187.35,187.35,430.1555555555556,11,0,0.002319348520771
17553,0,0.60554856,High,High Priority,Targeted re-engagement campaign with personalised offer,292.12569444444443,3,2270.0,756.6666666666666,430.12916666666666,2,1,0.0069584714557702
14145,0,0.24525002,Medium,Monitor,Continue monitoring and regular customer engagement,36.99236111111111,4,4986.45,1246.6125,430.12708333333336,11,1,0.0092780067748778
14855,0,0.41296697,Medium,Monitor,Continue monitoring and regular customer engagement,293.9673611111112,5,5874.65,1174.93,430.09722222222223,156,1,0.0115983118012822
16053,0,0.48247623,Medium,Monitor,Continue monitoring and regular customer engagement,233.04722222222225,4,2122.89,530.7225000000001,430.06875,101,1,0.0092792622986472
13712,1,0.6436096,High,Medium Priority,Automated re-engagement reminder or promotional campaign,66.01180555555555,2,766.42,383.21,430.0652777777778,32,1,0.00463966852146
14918,0,0.38212124,Medium,Monitor,Continue monitoring and regular customer engagement,224.00625,7,4345.66,620.8085714285714,430.06388888888887,64,1,0.0162388921466913
14813,1,0.47316873,Medium,Monitor,Continue monitoring and regular customer engagement,189.0368055555556,4,888.91,222.2275,430.0423611111111,110,1,0.0092798303853224
13278,0,0.50658137,Medium,Monitor,Continue monitoring and regular customer engagement,219.04722222222225,3,893.12,297.70666666666665,430.03541666666666,48,1,0.0069599849200326
14450,1,0.3081809,Medium,Monitor,Continue monitoring and regular customer engagement,0.0861111111111111,7,1128.44,161.2057142857143,430.0284722222222,47,1,0.0162402264609356
14533,0,0.33924463,Medium,Monitor,Continue monitoring and regular customer engagement,172.0715277777778,5,1950.15,390.03,430.02569444444447,32,1,0.0116002365159334
15613,1,0.818716,Critical,High Priority,Targeted re-engagement campaign with personalised offer,429.9993055555556,1,433.72,433.72,429.9993055555556,27,0,0.0023201893532311
17746,1,0.33757687,Medium,Monitor,Continue monitoring and regular customer engagement,59.92986111111111,4,904.18,226.045,429.9972222222222,32,1,0.0092808022737965
17110,0,0.73654836,Critical,High Priority,Targeted re-engagement campaign with personalised offer,340.0201388888889,2,336.6,168.3,429.97083333333336,32,1,0.0046406852745255
17805,0,0.7818761,Critical,High Priority,Targeted re-engagement campaign with personalised offer,429.9263888888889,1,414.72,414.72,429.9263888888889,1,0,0.0023205819503846
15638,1,0.41052324,Medium,Monitor,Continue monitoring and regular customer engagement,198.0402777777778,6,2265.2,377.5333333333333,429.9256944444445,20,1,0.0139235141402632
15062,0,0.08301102,Low,Monitor,Continue monitoring and regular customer engagement,37.10486111111111,7,2411.8,344.54285714285714,429.88125,95,1,0.0162457753731451
13163,1,0.8587491,Critical,High Priority,Targeted re-engagement campaign with personalised offer,429.8534722222222,1,17.65,17.65,429.8534722222222,2,0,0.0023209746804227
15129,0,0.03700312,Low,Monitor,Continue monitoring and regular customer engagement,30.195138888888888,16,4533.16,283.3225,429.81597222222223,68,1,0.0371388273221841
13197,1,0.8439109,Critical,High Priority,Targeted re-engagement campaign with personalised offer,429.15,1,373.0100000000001,373.0100000000001,429.15,19,0,0.0023247704289201
16040,0,0.23600604,Low,Monitor,Continue monitoring and regular customer engagement,88.11944444444444,5,1525.78,305.156,429.1097222222222,69,1,0.0116249406643653
18246,0,0.74199224,Critical,High Priority,Targeted re-engagement campaign with personalised offer,52.95486111111112,2,395.62,197.81,429.1048611111111,2,1,0.0046500288204911
16341,0,0.16465452,Low,Monitor,Continue monitoring and regular customer engagement,20.979166666666668,4,2676.57,669.1425,429.09722222222223,81,1,0.0093002228178383
16944,1,0.91433865,Critical,High Priority,Targeted re-engagement campaign with personalised offer,429.0743055555556,1,101.36,101.36,429.0743055555556,7,0,0.0023251795959031
12786,1,0.81698155,Critical,High Priority,Targeted re-engagement campaign with personalised offer,429.0263888888889,1,728.5,728.5,429.0263888888889,18,0,0.0023254386843184
13080,0,0.62129414,High,Medium Priority,Automated re-engagement reminder or promotional campaign,220.92777777777775,3,222.65,74.21666666666667,428.9881944444445,11,1,0.0069769357362847
15331,1,0.6486435,High,Medium Priority,Automated re-engagement reminder or promotional campaign,319.1305555555556,3,767.91,255.97000000000003,428.9333333333333,41,1,0.0069778260195379
17609,0,0.23664548,Medium,Monitor,Continue monitoring and regular customer engagement,121.78888888888888,8,1313.37,164.17125,428.8305555555556,231,1,0.0186119853430615
16276,0,0.63238484,High,Medium Priority,Automated re-engagement reminder or promotional campaign,298.96527777777777,2,1818.79,909.395,427.03333333333336,16,1,0.0046725332917997
14275,1,0.5870456,High,Medium Priority,Automated re-engagement reminder or promotional campaign,215.1555555555556,6,1189.38,198.23,427.0125,14,1,0.0140182821763383
16814,0,0.037658483,Low,Monitor,Continue monitoring and regular customer engagement,12.088194444444444,27,9606.01,355.77814814814815,427.00347222222223,224,1,0.0630836003731797
12481,0,0.028511,Low,Monitor,Continue monitoring and regular customer engagement,24.18263888888889,12,9689.74,807.4783333333334,426.9861111111111,207,1,0.0280382930391043
17608,0,0.46611157,Medium,Monitor,Continue monitoring and regular customer engagement,268.8576388888889,2,296.07,148.035,426.96736111111113,90,1,0.0046732535743087
13180,1,0.90578884,Critical,High Priority,Targeted re-engagement campaign with personalised offer,426.96736111111113,1,86.10000000000001,86.10000000000001,426.96736111111113,4,0,0.0023366267871543
14011,1,0.66826516,High,Medium Priority,Automated re-engagement reminder or promotional campaign,299.8881944444444,2,457.82,228.91,426.96527777777777,32,1,0.0046732763236892
16372,0,0.37349653,Medium,Monitor,Continue monitoring and regular customer engagement,228.99722222222223,3,934.58,311.52666666666664,426.8958333333333,203,1,0.0070110521447003
17221,0,0.73488104,Critical,High Priority,Targeted re-engagement campaign with personalised offer,411.09930555555553,3,642.14,214.04666666666665,426.8861111111111,58,1,0.0070112114464518
15067,0,0.3153287,Medium,Monitor,Continue monitoring and regular customer engagement,102.02777777777776,3,2966.17,988.7233333333334,426.8722222222222,125,1,0.0070114390329407
14430,1,0.72246176,Critical,High Priority,Targeted re-engagement campaign with personalised offer,331.0520833333333,3,1220.9,406.9666666666667,426.86875,29,1,0.0070114959318716
12935,0,0.037253827,Low,Monitor,Continue monitoring and regular customer engagement,23.008333333333333,10,2949.39,294.939,426.86875,78,1,0.0233716531062387
15524,0,0.9142675,Critical,High Priority,Targeted re-engagement campaign with personalised offer,426.1465277777778,1,151.4,151.4,426.1465277777778,8,0,0.0023411170054512
15590,1,0.3807673,Medium,Monitor,Continue monitoring and regular customer engagement,201.91736111111112,5,1496.6,299.32,426.1118055555556,75,1,0.0117065366373949
14791,1,0.85753876,Critical,High Priority,Targeted re-engagement campaign with personalised offer,426.1013888888889,1,303.63,303.63,426.1013888888889,19,0,0.0023413644301216
14114,1,0.22828545,Low,Monitor,Continue monitoring and regular customer engagement,93.13055555555556,7,1364.09,194.87,426.07152777777776,72,1,0.0163906969786156
14930,0,0.20411593,Low,Monitor,Continue monitoring and regular customer engagement,93.92222222222222,4,3977.9,994.475,426.06111111111113,166,1,0.0093663410128657
15546,1,0.8750173,Critical,High Priority,Targeted re-engagement campaign with personalised offer,426.0409722222222,2,1079.1,539.5500000000001,426.0451388888889,6,0,0.0046833456650594
14844,0,0.11462696,Low,Monitor,Continue monitoring and regular customer engagement,60.98611111111112,7,4387.17,626.7385714285714,426.0,122,1,0.0163934426229508
12982,1,0.11622607,Low,Monitor,Continue monitoring and regular customer engagement,62.04097222222222,8,2744.81,343.10125,425.9583333333333,139,1,0.0187371913730848
12671,1,0.827055,Critical,Immediate Action,Personalised retention outreach with high-value incentive,425.84722222222223,1,2622.481,2622.481,425.84722222222223,45,0,0.0023427585982494
14853,0,0.35992998,Medium,Monitor,Continue monitoring and regular customer engagement,30.897916666666667,4,1115.57,278.89250000000004,425.14166666666665,21,1,0.0093865498562684
12943,1,0.72176063,Critical,High Priority,Targeted re-engagement campaign with personalised offer,377.9569444444445,2,496.5,248.25,425.0743055555556,22,1,0.004694016921279
15268,1,0.6133424,High,Medium Priority,Automated re-engagement reminder or promotional campaign,298.09513888888887,3,961.9,320.6333333333334,425.0576388888889,21,1,0.0070413008151283
15639,0,0.5014467,Medium,Monitor,Continue monitoring and regular customer engagement,271.15625,2,639.76,319.88,424.98541666666665,40,1,0.0046949964053933
12459,1,0.8236439,Critical,High Priority,Targeted re-engagement campaign with personalised offer,424.9145833333333,1,454.36,454.36,424.9145833333333,23,0,0.002347888612251
16809,0,0.21745984,Low,Monitor,Continue monitoring and regular customer engagement,27.997916666666665,6,1155.82,192.63666666666663,424.8861111111111,94,1,0.0140882734690416
15982,1,0.80629086,Critical,High Priority,Targeted re-engagement campaign with personalised offer,424.87708333333336,1,324.51,324.51,424.87708333333336,45,0,0.0023480953522387
14998,0,0.432661,Medium,Monitor,Continue monitoring and regular customer engagement,60.84861111111111,3,521.95,173.98333333333335,424.8631944444445,85,1,0.0070445157955329
17505,0,0.29003873,Medium,Monitor,Continue monitoring and regular customer engagement,25.159027777777776,4,1776.63,444.1575,424.84513888888887,65,1,0.0093930859711977
16259,1,0.56178766,High,Medium Priority,Automated re-engagement reminder or promotional campaign,229.9326388888889,3,340.94,113.64666666666666,424.8284722222222,75,1,0.00704509020814
15890,1,0.5402757,High,Medium Priority,Automated re-engagement reminder or promotional campaign,214.00277777777777,5,535.65,107.13,424.1715277777778,10,1,0.0117599596241386
17594,0,0.387819,Medium,Monitor,Continue monitoring and regular customer engagement,74.09583333333333,3,1819.7,606.5666666666667,424.1645833333333,52,1,0.0070560910235742
14624,0,0.56802607,High,Medium Priority,Automated re-engagement reminder or promotional campaign,234.8986111111111,4,588.22,147.055,424.0875,30,1,0.0094098273884788
17039,1,0.83668476,Critical,High Priority,Targeted re-engagement campaign with personalised offer,423.9958333333333,1,1954.99,1954.99,423.9958333333333,44,0,0.0023529642447474
16105,1,0.18932855,Low,Monitor,Continue monitoring and regular customer engagement,68.10902777777778,5,2386.19,477.238,423.97430555555553,92,1,0.0117654171902549
16292,0,0.44051754,Medium,Monitor,Continue monitoring and regular customer engagement,199.97847222222225,4,951.51,237.8775,423.97291666666666,38,1,0.0094123645134248
13878,0,0.7243445,Critical,High Priority,Targeted re-engagement campaign with personalised offer,367.1076388888889,3,1145.33,381.7766666666666,423.9583333333333,59,1,0.0070595156387881
15572,0,0.11390006,Low,Monitor,Continue monitoring and regular customer engagement,68.08611111111111,6,2305.32,384.22,423.925,174,1,0.014120138848032
13388,0,0.7663002,Critical,High Priority,Targeted re-engagement campaign with personalised offer,423.1055555555556,1,508.55,508.55,423.1055555555556,34,0,0.0023579035617443
14569,0,0.6369842,High,Medium Priority,Automated re-engagement reminder or promotional campaign,272.0826388888889,3,369.94,123.31333333333332,423.0423611111111,21,1,0.007074764870517
14656,0,0.38564253,Medium,Monitor,Continue monitoring and regular customer engagement,102.9798611111111,4,632.0600000000001,158.015,423.02777777777777,112,1,0.0094333442515558
18174,0,0.9102771,Critical,High Priority,Targeted re-engagement campaign with personalised offer,423.0229166666667,1,58.5,58.5,423.0229166666667,1,0,0.0023583630994787
13647,0,0.1884089,Low,Monitor,Continue monitoring and regular customer engagement,54.12569444444444,5,1818.2,363.64,422.99652777777777,68,1,0.0117925494017737
18236,0,0.26738366,Medium,Monitor,Continue monitoring and regular customer engagement,5.942361111111111,8,1217.61,152.20125000000002,422.9659722222222,59,1,0.0188694388798891
17678,1,0.5814235,High,Medium Priority,Automated re-engagement reminder or promotional campaign,83.04027777777777,2,599.76,299.88,422.9555555555556,27,1,0.0047174756263759
15814,0,0.52174747,High,Medium Priority,Automated re-engagement reminder or promotional campaign,212.78819444444449,2,689.11,344.555,422.9298611111111,23,1,0.0047177615531919
17709,0,0.72197354,Critical,High Priority,Targeted re-engagement campaign with personalised offer,289.95,4,533.56,133.39,422.9180555555556,31,1,0.0094357858731869
13661,1,0.86923,Critical,High Priority,Targeted re-engagement campaign with personalised offer,422.9111111111111,1,325.24,325.24,422.9111111111111,17,0,0.0023589851121828
16174,0,0.67404693,High,Medium Priority,Automated re-engagement reminder or promotional campaign,311.01180555555555,4,1237.2,309.3,422.9013888888889,15,1,0.009436156863002
15354,1,0.85723287,Critical,High Priority,Targeted re-engagement campaign with personalised offer,422.8513888888889,3,284.4,94.8,422.85625,1,0,0.0070778713301974
13015,0,0.040808007,Low,Monitor,Continue monitoring and regular customer engagement,16.850694444444443,10,5003.18,500.318,422.84375,202,1,0.023593600235936
13414,0,0.35105577,Medium,Monitor,Continue monitoring and regular customer engagement,116.02569444444444,4,1493.64,373.41,422.8263888888889,27,1,0.0094378266782454
13450,0,0.04885633,Low,Monitor,Continue monitoring and regular customer engagement,24.009722222222223,9,2754.86,306.0955555555555,422.7326388888889,47,1,0.021239808251731
13734,1,0.8629639,Critical,Immediate Action,Personalised retention outreach with high-value incentive,328.03194444444443,4,6695.6900000000005,1673.9225,422.1722222222222,24,1,0.00945241627391
18262,0,0.582355,High,Medium Priority,Automated re-engagement reminder or promotional campaign,212.97222222222223,2,428.06,214.03,422.15625,27,1,0.0047263865297983
12778,0,0.06400043,Low,Monitor,Continue monitoring and regular customer engagement,2.8895833333333334,7,1445.51,206.50142857142856,422.1201388888889,66,1,0.0165437646583827
12395,0,0.049618773,Low,Monitor,Continue monitoring and regular customer engagement,31.10763888888889,9,3272.26,363.5844444444445,422.1069444444444,117,1,0.0212712178757012
12969,1,0.90815216,Critical,High Priority,Targeted re-engagement campaign with personalised offer,422.0833333333333,1,122.45,122.45,422.0833333333333,5,0,0.0023636005515067
15979,1,0.8338108,Critical,High Priority,Targeted re-engagement campaign with personalised offer,422.0520833333333,1,329.22,329.22,422.0520833333333,22,0,0.0023637751458892
17626,1,0.8586613,Critical,High Priority,Targeted re-engagement campaign with personalised offer,422.02430555555554,1,254.0,254.0,422.02430555555554,18,0,0.0023639303625514
14988,1,0.08706364,Low,Monitor,Continue monitoring and regular customer engagement,31.03125,7,2038.65,291.2357142857143,421.9694444444444,171,1,0.0165496588274698
14907,0,0.2892762,Medium,Monitor,Continue monitoring and regular customer engagement,180.07361111111112,12,3007.31,250.6091666666667,421.96527777777777,82,1,0.0283711231878109
16094,0,0.07019702,Low,Monitor,Continue monitoring and regular customer engagement,38.953472222222224,8,2869.43,358.67875,421.9513888888889,81,1,0.018914703226336
17842,1,0.8892182,Critical,High Priority,Targeted re-engagement campaign with personalised offer,421.9354166666666,1,430.69,430.69,421.9354166666666,18,0,0.002364427192883
14623,0,0.089345306,Low,Monitor,Continue monitoring and regular customer engagement,5.961111111111111,7,1528.14,218.3057142857143,421.81805555555553,157,1,0.016555584389135
13262,1,0.4927747,Medium,Monitor,Continue monitoring and regular customer engagement,82.90555555555555,3,573.45,191.15,420.025,48,1,0.0071254676088118
17346,0,0.035762075,Low,Monitor,Continue monitoring and regular customer engagement,6.9375,17,3305.57,194.44529411764708,420.02222222222224,373,1,0.0403779161828354
14395,0,0.05401144,Low,Monitor,Continue monitoring and regular customer engagement,42.00625,16,5947.96,371.7475,419.9847222222222,254,1,0.0380061298080888
17256,0,0.51584727,Medium,Monitor,Continue monitoring and regular customer engagement,131.91458333333333,4,386.83,96.7075,419.96527777777777,18,1,0.0095019713291212
15972,1,0.60174525,High,Medium Priority,Automated re-engagement reminder or promotional campaign,275.9791666666667,5,1769.33,353.866,419.9472222222222,104,1,0.0118779736177008
17041,0,0.4558578,Medium,Monitor,Continue monitoring and regular customer engagement,180.04652777777778,4,888.21,222.0525,419.93402777777777,58,1,0.0095026767522622
16921,0,0.5580833,High,Medium Priority,Automated re-engagement reminder or promotional campaign,261.9458333333333,2,255.03,127.515,419.8861111111111,28,1,0.0047518793022657
13286,1,0.77092373,Critical,High Priority,Targeted re-engagement campaign with personalised offer,419.8854166666667,1,734.91,734.91,419.8854166666667,46,0,0.0023759435713401
14506,0,0.32061145,Medium,Monitor,Continue monitoring and regular customer engagement,103.00277777777778,4,1553.76,388.44,419.1826388888889,133,1,0.0095196698525608
15410,0,0.104588866,Low,Monitor,Continue monitoring and regular customer engagement,22.963194444444444,6,3035.77,505.9616666666666,419.16180555555553,71,1,0.0142802128148381
17540,0,0.39925212,Medium,Monitor,Continue monitoring and regular customer engagement,135.92708333333334,5,1280.5,256.1,419.12708333333336,35,1,0.0119011608590654
14845,1,0.83054554,Critical,High Priority,Targeted re-engagement campaign with personalised offer,419.1048611111111,1,150.0,150.0,419.1048611111111,1,0,0.0023803580785881
17474,1,0.8545574,Critical,High Priority,Targeted re-engagement campaign with personalised offer,419.08819444444447,1,1047.0,1047.0,419.08819444444447,6,0,0.0023804525174111
13145,0,0.5071619,Medium,Monitor,Continue monitoring and regular customer engagement,191.7805555555556,4,805.0,201.25,419.06875,2,1,0.009522250822038
15273,1,0.82448983,Critical,High Priority,Targeted re-engagement campaign with personalised offer,419.0548611111111,1,228.96,228.96,419.0548611111111,1,0,0.0023806414175397
13115,0,0.028243005,Low,Monitor,Continue monitoring and regular customer engagement,3.857638888888889,7,4078.47,582.6385714285715,418.97291666666666,161,1,0.0166677414714242
15451,1,0.6205094,High,Medium Priority,Automated re-engagement reminder or promotional campaign,253.96527777777777,2,226.86,113.43,418.9458333333333,56,1,0.0047625189756615
18095,1,0.34209555,Medium,Monitor,Continue monitoring and regular customer engagement,132.0,5,2303.09,460.61800000000005,418.9451388888889,37,1,0.011906317128064
12516,0,0.20162962,Low,Monitor,Continue monitoring and regular customer engagement,0.0506944444444444,3,1919.76,639.9200000000001,418.94166666666666,42,1,0.0071438493441549
14372,1,0.5473068,High,Medium Priority,Automated re-engagement reminder or promotional campaign,262.85625,2,860.08,430.04,418.8701388888889,36,1,0.004763377565484
16548,1,0.91004753,Critical,High Priority,Targeted re-engagement campaign with personalised offer,418.8576388888889,1,30.15,30.15,418.8576388888889,6,0,0.0023817596903712
12780,1,0.84661275,Critical,High Priority,Targeted re-engagement campaign with personalised offer,418.13194444444446,1,337.4,337.4,418.13194444444446,20,0,0.0023858835224919
14926,1,0.6231698,High,Medium Priority,Automated re-engagement reminder or promotional campaign,201.23402777777775,2,359.4,179.7,418.11875,2,1,0.0047719172668843
14611,1,0.53195167,High,Medium Priority,Automated re-engagement reminder or promotional campaign,263.1465277777778,2,604.3299999999999,302.165,418.1048611111111,37,1,0.0047720754054192
15970,1,0.62278336,High,Medium Priority,Automated re-engagement reminder or promotional campaign,123.02916666666668,2,1017.32,508.66,418.05555555555554,19,1,0.0047726368818772
16864,1,0.6049069,High,Medium Priority,Automated re-engagement reminder or promotional campaign,253.85694444444445,2,409.25,204.625,418.0375,17,1,0.0047728425260269
14812,1,0.83412164,Critical,High Priority,Targeted re-engagement campaign with personalised offer,418.02569444444447,1,178.85,178.85,418.02569444444447,36,0,0.0023864884976226
12983,1,0.7896665,Critical,High Priority,Targeted re-engagement campaign with personalised offer,417.99444444444447,1,490.08,490.08,417.99444444444447,30,0,0.0023866664898765
17622,1,0.783616,Critical,High Priority,Targeted re-engagement campaign with personalised offer,417.0097222222222,2,1130.21,565.105,417.9666666666666,19,1,0.0047736494550083
17185,1,0.8267788,Critical,High Priority,Targeted re-engagement campaign with personalised offer,411.02430555555554,3,229.46,76.48666666666666,417.9590277777778,38,1,0.007160604739591
15886,0,0.52785045,High,Medium Priority,Automated re-engagement reminder or promotional campaign,236.03402777777777,3,871.78,290.5933333333333,417.90763888888887,47,1,0.0071614831564237
18062,0,0.23921031,Medium,Monitor,Continue monitoring and regular customer engagement,40.13611111111111,5,1398.07,279.614,417.16319444444446,43,1,0.0119570542468301
16256,1,0.42617765,Medium,Monitor,Continue monitoring and regular customer engagement,86.02222222222223,3,1629.37,543.1233333333333,417.0944444444444,27,1,0.0071754122540095
16472,1,0.59448546,High,Medium Priority,Automated re-engagement reminder or promotional campaign,253.95416666666668,2,789.6,394.8,417.0430555555556,39,1,0.0047841962052021
16231,1,0.4950998,Medium,Monitor,Continue monitoring and regular customer engagement,198.90972222222223,4,1074.47,268.6175,417.0305555555556,69,1,0.0095686785256261
12588,0,0.49619028,Medium,Monitor,Continue monitoring and regular customer engagement,218.99791666666667,3,743.88,247.96,417.0194444444445,27,1,0.0071766996484746
15455,1,0.90643185,Critical,High Priority,Targeted re-engagement campaign with personalised offer,417.0048611111111,1,38.25,38.25,417.0048611111111,2,0,0.0023923166762746
13461,0,0.46418765,Medium,Monitor,Continue monitoring and regular customer engagement,226.78958333333333,3,2715.0,905.0,416.8673611111111,25,1,0.0071793116170236
13963,1,0.22841512,Low,Monitor,Continue monitoring and regular customer engagement,127.92152777777778,17,2860.57,168.26882352941178,416.8541666666667,129,1,0.0406840504561998
13308,0,0.5675515,High,Medium Priority,Automated re-engagement reminder or promotional campaign,22.98402777777778,2,1099.81,549.905,416.1444444444445,42,1,0.0047945023040247
14917,1,0.7826415,Critical,High Priority,Targeted re-engagement campaign with personalised offer,416.05694444444447,2,1123.75,561.875,416.12916666666666,29,0,0.0047946779075226
12504,0,0.56324685,High,Medium Priority,Automated re-engagement reminder or promotional campaign,236.90347222222223,2,297.0,148.5,416.1013888888889,8,1,0.0047949972195675
13625,1,0.85666066,Critical,High Priority,Targeted re-engagement campaign with personalised offer,416.0833333333333,1,301.26,301.26,416.0833333333333,21,0,0.0023976023976023
12625,1,0.21049008,Low,Monitor,Continue monitoring and regular customer engagement,31.122222222222224,4,5164.88,1291.22,416.05347222222224,144,1,0.0095910962656334
13346,1,0.78381777,Critical,High Priority,Targeted re-engagement campaign with personalised offer,282.04791666666665,6,299.4,49.9,416.0111111111111,4,1,0.0143881058325117
16743,0,0.046281327,Low,Monitor,Continue monitoring and regular customer engagement,30.99513888888889,10,3060.77,306.077,415.9784722222222,85,1,0.0239820534300165
15651,0,0.44217253,Medium,Monitor,Continue monitoring and regular customer engagement,80.1625,3,840.08,280.02666666666664,415.975,44,1,0.0071946759398045
16279,0,0.25223425,Medium,Monitor,Continue monitoring and regular customer engagement,205.04305555555555,6,4195.5,699.25,415.9451388888889,165,1,0.0143903824277441
14655,0,0.18750714,Low,Monitor,Continue monitoring and regular customer engagement,41.91041666666667,4,2756.84,689.21,415.93125,55,1,0.0095939078685035
17729,1,0.82786095,Critical,High Priority,Targeted re-engagement campaign with personalised offer,415.90763888888887,1,438.65,438.65,415.90763888888887,23,0,0.0023986128022626
14182,1,0.6298431,High,Medium Priority,Automated re-engagement reminder or promotional campaign,263.0451388888889,4,678.77,169.6925,415.8847222222222,42,1,0.0095949786278514
17240,1,0.89083457,Critical,High Priority,Targeted re-engagement campaign with personalised offer,415.87916666666666,1,130.6,130.6,415.87916666666666,7,0,0.0023987766239218
14788,0,0.8090887,Critical,High Priority,Targeted re-engagement campaign with personalised offer,415.7736111111111,1,476.88,476.88,415.7736111111111,28,0,0.002399384158066
17057,1,0.8016472,Critical,High Priority,Targeted re-engagement campaign with personalised offer,415.7284722222222,1,294.74,294.74,415.7284722222222,48,0,0.0023996440527988
12672,1,0.677277,High,Medium Priority,Automated re-engagement reminder or promotional campaign,149.14583333333334,2,437.05,218.525,415.1201388888889,22,1,0.0048063042690996
15474,1,0.9115943,Critical,High Priority,Targeted re-engagement campaign with personalised offer,415.06666666666666,1,150.35,150.35,415.06666666666666,19,0,0.0024034609838166
17181,0,0.6167622,High,Medium Priority,Automated re-engagement reminder or promotional campaign,193.00833333333333,2,225.45,112.725,415.0618055555556,7,1,0.0048069781299185
16028,1,0.9118393,Critical,High Priority,Targeted re-engagement campaign with personalised offer,415.0451388888889,1,82.2,82.2,415.0451388888889,5,0,0.0024035853481443
15548,1,0.9037736,Critical,High Priority,Targeted re-engagement campaign with personalised offer,415.0208333333333,1,158.09,158.09,415.0208333333333,23,0,0.0024037257749511
13656,0,0.3768911,Medium,Monitor,Continue monitoring and regular customer engagement,156.88055555555556,3,861.9,287.3,415.0,64,1,0.0072115384615384
15042,1,0.69991684,High,Medium Priority,Automated re-engagement reminder or promotional campaign,18.850694444444443,2,315.45,157.72500000000002,414.9506944444444,9,1,0.0048082621972088
15245,0,0.062771544,Low,Monitor,Continue monitoring and regular customer engagement,6.972916666666666,7,3832.72,547.5314285714286,414.9354166666666,72,1,0.0168295358353911
16538,1,0.7995157,Critical,High Priority,Targeted re-engagement campaign with personalised offer,360.82708333333335,3,395.07,131.69,414.85069444444446,35,1,0.0072141276666805
16868,1,0.57676584,High,Medium Priority,Automated re-engagement reminder or promotional campaign,213.98125,3,384.56,128.18666666666667,413.0548611111111,47,1,0.0072454166869325
15600,1,0.57052696,High,Medium Priority,Automated re-engagement reminder or promotional campaign,247.93055555555557,4,1199.31,299.8275,413.0416666666667,55,1,0.0096608634396699
12844,0,0.5674254,High,Medium Priority,Automated re-engagement reminder or promotional campaign,261.8520833333333,2,322.64,161.32,413.0409722222222,43,1,0.0048304398216091
16068,1,0.85749066,Critical,High Priority,Targeted re-engagement campaign with personalised offer,413.04027777777776,1,115.73,115.73,413.04027777777776,34,0,0.0024152239617052
13863,1,0.3301049,Medium,Monitor,Continue monitoring and regular customer engagement,67.10416666666667,4,1239.55,309.8875,412.9868055555556,59,1,0.0096621436874833
13760,0,0.3824351,Medium,Monitor,Continue monitoring and regular customer engagement,75.99861111111112,4,1211.94,302.985,412.9861111111111,80,1,0.0096621598953266
18091,1,0.834047,Critical,High Priority,Targeted re-engagement campaign with personalised offer,412.9805555555556,1,360.85,360.85,412.9805555555556,25,0,0.0024155723900075
13609,1,0.9160001,Critical,High Priority,Targeted re-engagement campaign with personalised offer,412.975,1,167.35,167.35,412.975,7,0,0.0024156048070535
14677,1,0.87615687,Critical,High Priority,Targeted re-engagement campaign with personalised offer,412.12638888888887,1,184.91,184.91,412.12638888888887,14,0,0.002420566748809
12838,0,0.30007914,Medium,Monitor,Continue monitoring and regular customer engagement,193.0368055555556,9,2694.75,299.4166666666667,412.11875,177,1,0.0217855035628375
17093,1,0.8769609,Critical,High Priority,Targeted re-engagement campaign with personalised offer,412.10277777777776,1,235.88,235.88,412.10277777777776,13,0,0.0024207050976014
14743,1,0.91176945,Critical,High Priority,Targeted re-engagement campaign with personalised offer,412.1,1,50.48,50.48,412.1,3,0,0.0024207213749697
14773,1,0.86749643,Critical,High Priority,Targeted re-engagement campaign with personalised offer,412.09791666666666,1,140.55,140.55,412.09791666666666,10,0,0.0024207335831395
12925,0,0.88356066,Critical,High Priority,Targeted re-engagement campaign with personalised offer,412.09583333333336,1,35.28,35.28,412.09583333333336,5,0,0.0024207457914325
15717,1,0.4267554,Medium,Monitor,Continue monitoring and regular customer engagement,53.97847222222222,5,607.0,121.4,412.0895833333333,17,1,0.0121039120852518
14999,1,0.90867335,Critical,High Priority,Targeted re-engagement campaign with personalised offer,412.0854166666667,1,129.48000000000002,129.48000000000002,412.0854166666667,9,0,0.0024208068347446
14665,0,0.2646655,Medium,Monitor,Continue monitoring and regular customer engagement,116.09444444444443,5,1645.61,329.122,412.06458333333336,78,1,0.0121046446530254
14021,0,0.14615315,Low,Monitor,Continue monitoring and regular customer engagement,30.96736111111111,6,1586.38,264.3966666666667,412.06111111111113,80,1,0.0145256956866753
17715,1,0.5740659,High,Medium Priority,Automated re-engagement reminder or promotional campaign,20.0125,2,489.6,244.8,412.0229166666667,1,1,0.0048423463185557
15384,0,0.42900726,Medium,Monitor,Continue monitoring and regular customer engagement,179.05277777777778,3,1688.95,562.9833333333333,412.0083333333333,77,1,0.0072637759528661
14563,1,0.6241473,High,Medium Priority,Automated re-engagement reminder or promotional campaign,329.0340277777778,2,640.54,320.27,411.9993055555556,95,1,0.0048426231548008
15111,0,0.5348465,High,Medium Priority,Automated re-engagement reminder or promotional campaign,192.04513888888889,3,1163.39,387.7966666666666,411.9847222222222,60,1,0.0072641912365604
13307,0,0.7606489,Critical,High Priority,Targeted re-engagement campaign with personalised offer,306.99583333333334,2,258.34,129.17000000000002,411.9736111111111,14,1,0.0048429244537416
14552,0,0.54019904,High,Medium Priority,Automated re-engagement reminder or promotional campaign,200.00972222222225,2,343.71,171.85500000000002,411.9625,80,1,0.0048430547567878
16623,1,0.40804353,Medium,Monitor,Continue monitoring and regular customer engagement,65.11180555555555,4,1015.24,253.81,411.9486111111111,44,1,0.0096864352909125
17959,1,0.8994559,Critical,High Priority,Targeted re-engagement campaign with personalised offer,411.94305555555553,1,140.75,140.75,411.94305555555553,2,0,0.0024216414019958
13012,0,0.1385856,Low,Monitor,Continue monitoring and regular customer engagement,32.97013888888889,6,2018.38,336.3966666666667,411.94166666666666,67,1,0.0145298972816983
13655,0,0.17770989,Low,Monitor,Continue monitoring and regular customer engagement,61.12291666666667,5,1731.19,346.238,411.11875,73,1,0.0121324254234974
13064,0,0.49421397,Medium,Monitor,Continue monitoring and regular customer engagement,146.96458333333334,3,764.55,254.85,411.1125,21,1,0.0072795656525827
16088,1,0.74309194,Critical,High Priority,Targeted re-engagement campaign with personalised offer,395.1069444444444,2,1437.43,718.7149999999999,411.07916666666665,3,1,0.0048534363340377
16543,1,0.78295666,Critical,High Priority,Targeted re-engagement campaign with personalised offer,411.05,1,292.21,292.21,411.05,18,0,0.0024268899405411
16117,1,0.46845862,Medium,Monitor,Continue monitoring and regular customer engagement,9.047222222222222,3,654.4,218.13333333333333,411.0416666666667,64,1,0.0072808170694711
15402,0,0.15616728,Low,Monitor,Continue monitoring and regular customer engagement,15.970833333333331,5,1644.76,328.952,411.0263888888889,72,1,0.0121351450655466
17991,1,0.4493794,Medium,Monitor,Continue monitoring and regular customer engagement,44.86944444444445,3,300.3,100.1,411.0027777777778,37,1,0.0072815043048523
16354,0,0.4742617,Medium,Monitor,Continue monitoring and regular customer engagement,199.0222222222222,3,723.66,241.22,410.97013888888887,87,1,0.0072820811918339
12849,0,0.21508333,Low,Monitor,Continue monitoring and regular customer engagement,88.01666666666667,5,2701.03,540.2059999999999,410.9625,110,1,0.0121370270352277
12392,1,0.90242356,Critical,High Priority,Targeted re-engagement campaign with personalised offer,410.9486111111111,1,234.75000000000003,234.75000000000003,410.9486111111111,7,0,0.0024274872472631
16408,1,0.81304836,Critical,High Priority,Targeted re-engagement campaign with personalised offer,410.9458333333333,1,231.93,231.93,410.9458333333333,45,0,0.0024275036159689
16267,1,0.8479881,Critical,High Priority,Targeted re-engagement campaign with personalised offer,410.94444444444446,1,186.66,186.66,410.94444444444446,7,0,0.0024275118004045
12744,0,0.12382493,Low,Monitor,Continue monitoring and regular customer engagement,68.07777777777778,8,14300.42,1787.5525,410.8548611111111,173,1,0.019424318504867
16138,1,0.5218305,High,Medium Priority,Automated re-engagement reminder or promotional campaign,198.02569444444444,3,910.35,303.45000000000005,410.1243055555556,35,1,0.0072970631010153
14237,1,0.6451977,High,Medium Priority,Automated re-engagement reminder or promotional campaign,192.97916666666663,2,471.14,235.57,410.1152777777778,26,1,0.0048648155593017
14978,0,0.1260317,Low,Monitor,Continue monitoring and regular customer engagement,55.07986111111112,9,2718.05,302.0055555555556,410.0833333333333,159,1,0.0218933711737279
17635,1,0.5648314,High,Medium Priority,Automated re-engagement reminder or promotional campaign,243.9013888888889,3,1265.58,421.86,410.0826388888889,60,1,0.007297802719445
17491,0,0.020780087,Low,Monitor,Continue monitoring and regular customer engagement,3.89375,11,3419.66,310.8781818181818,410.03680555555553,73,1,0.0267615937340026
13539,0,0.20768797,Low,Monitor,Continue monitoring and regular customer engagement,59.96180555555556,6,1253.67,208.945,410.0319444444444,58,1,0.0145974055814802
13775,1,0.78586894,Critical,High Priority,Targeted re-engagement campaign with personalised offer,410.02430555555554,1,1049.66,1049.66,410.02430555555554,63,0,0.0024329461457233
18273,0,0.6654991,High,Medium Priority,Automated re-engagement reminder or promotional campaign,77.06111111111112,2,204.0,102.0,410.0180555555556,1,1,0.0048659662829086
18049,1,0.52946657,High,Medium Priority,Automated re-engagement reminder or promotional campaign,256.93333333333334,2,500.92,250.46,409.9763888888889,82,1,0.0048664596168338
14724,1,0.8045902,Critical,High Priority,Targeted re-engagement campaign with personalised offer,409.975,1,341.9,341.9,409.975,40,0,0.0024332380315104
12876,0,0.22310688,Low,Monitor,Continue monitoring and regular customer engagement,15.969444444444443,3,2590.2000000000003,863.4,409.975,92,1,0.0072997140945312
16384,0,0.45172405,Medium,Monitor,Continue monitoring and regular customer engagement,83.10902777777778,3,1183.55,394.51666666666665,409.9506944444444,71,1,0.0073001458339318
12717,0,0.6189062,High,Medium Priority,Automated re-engagement reminder or promotional campaign,65.09583333333333,2,887.6700000000001,443.835,409.9277777777778,43,1,0.0048670352995254
17605,1,0.9102305,Critical,High Priority,Targeted re-engagement campaign with personalised offer,409.9201388888889,1,160.75,160.75,409.9201388888889,13,0,0.0024335628881659
14389,0,0.27283603,Medium,Monitor,Continue monitoring and regular customer engagement,10.031944444444443,4,1165.69,291.4225,409.91180555555553,40,1,0.0097344489642782
16648,0,0.64265865,High,Medium Priority,Automated re-engagement reminder or promotional campaign,275.03541666666666,2,382.14,191.07,409.9111111111111,18,1,0.0048672327078037
15445,1,0.6659157,High,Medium Priority,Automated re-engagement reminder or promotional campaign,83.90555555555555,2,284.5,142.25,409.90972222222223,12,1,0.0048672491592165
15101,0,0.41819647,Medium,Monitor,Continue monitoring and regular customer engagement,178.99722222222223,5,1262.69,252.538,409.90972222222223,48,1,0.0121681228980412
13238,0,0.58773357,High,Medium Priority,Automated re-engagement reminder or promotional campaign,179.92569444444445,3,397.05,132.35,409.90833333333336,13,1,0.0073008984161106
12698,1,0.8747699,Critical,High Priority,Targeted re-engagement campaign with personalised offer,409.8743055555556,1,339.75,339.75,409.8743055555556,16,0,0.0024338343539099
16767,0,0.024027646,Low,Monitor,Continue monitoring and regular customer engagement,2.0840277777777776,8,5524.4,690.55,409.8340277777778,152,1,0.0194725837177421
13041,1,0.65799594,High,Medium Priority,Automated re-engagement reminder or promotional campaign,270.0458333333333,4,799.13,199.7825,409.1715277777778,23,1,0.009752017702621
17886,0,0.25163206,Medium,Monitor,Continue monitoring and regular customer engagement,30.102777777777774,5,1080.98,216.196,409.06944444444446,91,1,0.0121930567315834
17730,0,0.030985812,Low,Monitor,Continue monitoring and regular customer engagement,5.1506944444444445,12,4506.72,375.56,409.0430555555556,121,1,0.0292652194383381
18111,1,0.7715645,Critical,High Priority,Targeted re-engagement campaign with personalised offer,408.99444444444447,1,405.85,405.85,408.99444444444447,27,0,0.0024390574398027
12349,0,0.3973215,Medium,Monitor,Continue monitoring and regular customer engagement,227.18541666666667,3,2671.14,890.38,408.9791666666667,90,1,0.0073174449921235
17771,0,0.5144976,Medium,Monitor,Continue monitoring and regular customer engagement,142.9423611111111,3,257.4,85.8,408.9784722222222,36,1,0.0073174573868207
15954,1,0.87830824,Critical,High Priority,Targeted re-engagement campaign with personalised offer,408.96875,1,190.75,190.75,408.96875,20,0,0.0024392103056635
16332,0,0.47781947,Medium,Monitor,Continue monitoring and regular customer engagement,124.94027777777778,5,539.51,107.902,408.9645833333333,49,1,0.0121961754826382
12863,0,0.42479366,Medium,Monitor,Continue monitoring and regular customer engagement,198.79375,5,2271.35,454.27,408.9555555555556,23,1,0.0121964440589765
16607,0,0.034627102,Low,Monitor,Continue monitoring and regular customer engagement,27.119444444444444,18,4076.22,226.45666666666665,408.9506944444444,148,1,0.0439077192548561
15180,1,0.5007717,Medium,Monitor,Continue monitoring and regular customer engagement,186.9118055555556,3,816.9300000000001,272.31,408.8909722222222,46,1,0.0073190194546991
18141,1,0.51960176,Medium,Monitor,Continue monitoring and regular customer engagement,221.0458333333333,2,882.47,441.235,408.8875,38,1,0.0048793876368515
12377,1,0.3865324,Medium,Monitor,Continue monitoring and regular customer engagement,134.87847222222223,4,3426.32,856.58,408.8861111111111,129,1,0.0097588083410703
17463,0,0.19080818,Low,Monitor,Continue monitoring and regular customer engagement,53.013888888888886,4,1585.11,396.2775,408.78680555555553,169,1,0.0097611732387945
15709,1,0.6965506,High,Medium Priority,Automated re-engagement reminder or promotional campaign,103.09166666666668,2,327.85,163.925,408.7631944444444,26,1,0.0048808678454188
16827,1,0.6694058,High,Medium Priority,Automated re-engagement reminder or promotional campaign,212.94861111111112,5,392.13,78.426,408.7381944444445,10,1,0.0122029141236867
12915,0,0.45227966,Medium,Monitor,Continue monitoring and regular customer engagement,192.01180555555555,3,811.1,270.3666666666667,408.7180555555556,40,1,0.007322108360424
17021,1,0.58837366,High,Medium Priority,Automated re-engagement reminder or promotional campaign,261.7006944444444,6,1182.22,197.03666666666663,408.6979166666667,35,1,0.0146449365640334
14650,1,0.913794,Critical,High Priority,Targeted re-engagement campaign with personalised offer,408.6826388888889,1,62.5,62.5,408.6826388888889,4,0,0.002440913783196
12806,1,0.52014136,Medium,Monitor,Continue monitoring and regular customer engagement,254.96944444444443,4,2878.96,719.74,408.0875,58,1,0.0097778592599382
17005,1,0.67163706,High,Medium Priority,Automated re-engagement reminder or promotional campaign,290.0784722222222,2,622.36,311.18,408.0798611111111,14,1,0.0048890209226329
15818,1,0.83772135,Critical,High Priority,Targeted re-engagement campaign with personalised offer,407.99444444444447,1,340.5,340.5,407.99444444444447,11,0,0.0024450209864301
14201,0,0.25864664,Medium,Monitor,Continue monitoring and regular customer engagement,5.927083333333333,7,857.2,122.45714285714288,407.99305555555554,32,1,0.0171152050258935
16374,0,0.23963211,Medium,Monitor,Continue monitoring and regular customer engagement,81.96111111111111,4,1410.87,352.7175,407.9861111111111,227,1,0.0097802832207016
12374,0,0.49740157,Medium,Monitor,Continue monitoring and regular customer engagement,240.97152777777777,3,2246.29,748.7633333333333,407.9506944444444,47,1,0.0073358476724815
14683,1,0.86786765,Critical,High Priority,Targeted re-engagement campaign with personalised offer,407.81388888888887,1,146.56,146.56,407.81388888888887,21,0,0.0024461008473021
15253,0,0.40116435,Medium,Monitor,Continue monitoring and regular customer engagement,222.9611111111111,3,1136.89,378.9633333333333,406.06458333333336,58,1,0.0073698379147453
15418,1,0.58585674,High,Medium Priority,Automated re-engagement reminder or promotional campaign,244.96666666666667,2,449.42,224.71,406.0548611111111,64,1,0.0049133426254651
16651,1,0.90511435,Critical,High Priority,Targeted re-engagement campaign with personalised offer,406.0444444444444,1,136.2,136.2,406.0444444444444,6,0,0.0024567341813615
17565,1,0.8896768,Critical,High Priority,Targeted re-engagement campaign with personalised offer,406.0388888888889,1,131.83,131.83,406.0388888888889,30,0,0.0024567677126127
15373,0,0.08435163,Low,Monitor,Continue monitoring and regular customer engagement,29.997916666666665,11,1860.38,169.12545454545457,406.03680555555553,91,1,0.0270245831577474
15229,1,0.8930785,Critical,High Priority,Targeted re-engagement campaign with personalised offer,405.9583333333333,1,160.5,160.5,405.9583333333333,9,0,0.0024572540186341
15426,0,0.13262513,Low,Monitor,Continue monitoring and regular customer engagement,76.86458333333333,6,1386.41,231.0683333333333,405.90277777777777,218,1,0.0147455370857084
13465,1,0.5502268,High,Medium Priority,Automated re-engagement reminder or promotional campaign,265.90069444444447,2,931.12,465.56,405.8888888888889,34,1,0.0049153468050245
17555,0,0.30316576,Medium,Monitor,Continue monitoring and regular customer engagement,154.01319444444445,4,760.88,190.22,405.8666666666667,174,1,0.0098312305423562
12507,0,0.6381591,High,Medium Priority,Automated re-engagement reminder or promotional campaign,118.14305555555556,2,985.41,492.705,404.14375,40,1,0.0049365194452586
16317,0,0.44535485,Medium,Monitor,Continue monitoring and regular customer engagement,116.93055555555556,3,1421.62,473.8733333333333,404.10625,69,1,0.0074054646157643
15183,1,0.7912519,Critical,High Priority,Targeted re-engagement campaign with personalised offer,367.08819444444447,3,639.93,213.31000000000003,404.0548611111111,33,1,0.0074064041393569
13143,1,0.7715871,Critical,High Priority,Targeted re-engagement campaign with personalised offer,404.0194444444445,1,405.1,405.1,404.0194444444445,23,0,0.0024690172625456
16145,0,0.05713422,Low,Monitor,Continue monitoring and regular customer engagement,45.91111111111111,12,4322.2300000000005,360.1858333333334,403.9715277777778,154,1,0.02963171279188
12725,1,0.41769883,Medium,Monitor,Continue monitoring and regular customer engagement,190.87847222222223,4,2266.76,566.6899999999999,403.95208333333335,92,1,0.0098777118692026
12503,1,0.85262644,Critical,High Priority,Targeted re-engagement campaign with personalised offer,403.95208333333335,1,1126.0,1126.0,403.95208333333335,2,0,0.0024694279673006
18163,1,0.7571865,Critical,High Priority,Targeted re-engagement campaign with personalised offer,403.9159722222222,1,728.84,728.84,403.9159722222222,33,0,0.0024696481951845
14962,1,0.5660013,High,Medium Priority,Automated re-engagement reminder or promotional campaign,90.13055555555556,4,366.91,91.7275,403.91180555555553,14,1,0.0098786944344876
15391,1,0.80058426,Critical,High Priority,Targeted re-engagement campaign with personalised offer,403.9069444444444,1,289.87,289.87,403.9069444444444,12,0,0.0024697032582932
16526,0,0.83560264,Critical,High Priority,Targeted re-engagement campaign with personalised offer,403.8444444444444,1,426.85,426.85,403.8444444444444,20,0,0.0024700845317817
15396,0,0.7705994,Critical,High Priority,Targeted re-engagement campaign with personalised offer,403.1569444444444,1,508.2000000000001,508.2000000000001,403.1569444444444,2,0,0.0024742863230386
16135,1,0.6541734,High,Medium Priority,Automated re-engagement reminder or promotional campaign,82.01388888888889,2,819.45,409.725,403.1354166666667,35,1,0.0049488362502255
14025,1,0.6118416,High,High Priority,Targeted re-engagement campaign with personalised offer,284.11041666666665,8,4057.9,507.2375,403.1208333333333,60,1,0.0197960593469362
17759,0,0.6158676,High,Medium Priority,Automated re-engagement reminder or promotional campaign,212.90347222222223,2,441.92,220.96,403.0486111111111,41,1,0.0049498994551673
14437,1,0.5359461,High,Medium Priority,Automated re-engagement reminder or promotional campaign,185.14097222222225,5,873.34,174.668,403.0208333333333,34,1,0.012375599443098
14936,0,0.14667691,Low,Monitor,Continue monitoring and regular customer engagement,95.03958333333334,5,5850.15,1170.03,403.01666666666665,186,1,0.0123757270739655
15488,0,0.74748117,Critical,High Priority,Targeted re-engagement campaign with personalised offer,276.03541666666666,4,340.6,85.15,402.99097222222224,8,1,0.0099012113513262
13512,1,0.42255595,Medium,Monitor,Continue monitoring and regular customer engagement,80.11597222222223,4,713.39,178.3475,402.97777777777776,31,1,0.0099015347378843
18028,1,0.8351945,Critical,High Priority,Targeted re-engagement campaign with personalised offer,402.9736111111111,1,192.05,192.05,402.9736111111111,4,0,0.002475409216086
15868,1,0.8928541,Critical,High Priority,Targeted re-engagement campaign with personalised offer,402.94375,1,94.53,94.53,402.94375,4,0,0.0024755922080735
15097,0,0.79129386,Critical,High Priority,Targeted re-engagement campaign with personalised offer,402.92847222222224,2,660.27,330.135,402.93611111111113,39,0,0.0049512780486463
15381,1,0.20329136,Low,Monitor,Continue monitoring and regular customer engagement,33.03819444444444,5,1890.57,378.114,402.9270833333333,20,1,0.0123784717745055
15704,0,0.19450332,Low,Monitor,Continue monitoring and regular customer engagement,6.948611111111111,4,2948.36,737.09,402.9159722222222,110,1,0.0099030498298772
17597,1,0.12552992,Low,Monitor,Continue monitoring and regular customer engagement,33.03888888888889,5,3484.09,696.818,402.8868055555556,109,1,0.0123797062226937
12958,1,0.614035,High,Medium Priority,Automated re-engagement reminder or promotional campaign,219.85694444444445,2,467.34,233.67,402.85277777777776,45,1,0.0049522997241844
13713,1,0.5545006,High,Medium Priority,Automated re-engagement reminder or promotional campaign,227.85555555555555,3,740.76,246.92,402.83472222222224,70,1,0.0074287817141913
13400,1,0.7509243,Critical,High Priority,Targeted re-engagement campaign with personalised offer,402.15972222222223,1,310.83,310.83,402.15972222222223,23,0,0.002480406511067
16844,1,0.77392864,Critical,High Priority,Targeted re-engagement campaign with personalised offer,382.09791666666666,2,614.34,307.17,402.1486111111111,26,1,0.004960949746268
12388,0,0.2714397,Medium,Monitor,Continue monitoring and regular customer engagement,94.87708333333332,5,1886.7,377.34,401.9972222222222,52,1,0.0124070334093838
13102,0,0.02905252,Low,Monitor,Continue monitoring and regular customer engagement,18.134027777777774,28,8725.17,311.61321428571426,401.9847222222222,168,1,0.0694815422420894
17199,1,0.83887315,Critical,High Priority,Targeted re-engagement campaign with personalised offer,401.95625,1,135.04000000000002,135.04000000000002,401.95625,8,0,0.0024816589890341
14272,0,0.436124,Medium,Monitor,Continue monitoring and regular customer engagement,73.95347222222222,3,614.94,204.98,401.9506944444444,38,1,0.0074450796123733
13024,1,0.73011,Critical,High Priority,Targeted re-engagement campaign with personalised offer,290.1305555555556,2,555.87,277.935,401.93402777777777,26,1,0.0049635917101124
13891,1,0.45248467,Medium,Monitor,Continue monitoring and regular customer engagement,197.8701388888889,3,859.21,286.40333333333336,401.8666666666667,97,1,0.0074466324673175
16890,1,0.7785939,Critical,High Priority,Targeted re-engagement campaign with personalised offer,296.06041666666664,3,285.41,95.13666666666666,401.84930555555553,17,1,0.0074469533858642
13974,0,0.7773023,Critical,High Priority,Targeted re-engagement campaign with personalised offer,401.78819444444446,1,264.13,264.13,401.78819444444446,15,0,0.0024826944130755
17225,1,0.89725804,Critical,High Priority,Targeted re-engagement campaign with personalised offer,401.05,1,131.15,131.15,401.05,5,0,0.00248725282925
17798,1,0.8216617,Critical,High Priority,Targeted re-engagement campaign with personalised offer,401.0472222222222,1,178.07,178.07,401.0472222222222,43,0,0.0024872700138872
13830,1,0.8503505,Critical,High Priority,Targeted re-engagement campaign with personalised offer,401.0180555555556,1,156.85000000000002,156.85000000000002,401.0180555555556,11,0,0.0024874504669151
14814,1,0.86299944,Critical,High Priority,Targeted re-engagement campaign with personalised offer,400.94444444444446,1,154.21,154.21,400.94444444444446,28,0,0.0024879060124395
18254,1,0.8189338,Critical,High Priority,Targeted re-engagement campaign with personalised offer,400.9256944444445,1,267.9,267.9,400.9256944444445,16,0,0.0024880220742847
17031,0,0.39098498,Medium,Monitor,Continue monitoring and regular customer engagement,197.89791666666667,4,2393.5,598.375,400.91527777777776,22,1,0.0099523462310672
17808,1,0.8230421,Critical,High Priority,Targeted re-engagement campaign with personalised offer,368.0875,4,262.64,65.66,400.85,29,1,0.0099539629214881
16632,1,0.7472437,Critical,High Priority,Targeted re-engagement campaign with personalised offer,305.0493055555556,2,406.4,203.2,400.8361111111111,22,1,0.0049771534829705
13007,1,0.9072735,Critical,High Priority,Targeted re-engagement campaign with personalised offer,399.0916666666666,1,175.25,175.25,399.0916666666666,11,0,0.0024994272145966
13838,0,0.2258954,Low,Monitor,Continue monitoring and regular customer engagement,189.08680555555557,7,1245.91,177.98714285714286,399.0486111111111,242,1,0.0174978735223149
14474,0,0.64045227,High,Medium Priority,Automated re-engagement reminder or promotional campaign,399.0263888888889,1,711.23,711.23,399.0263888888889,97,0,0.0024998350803245
17926,0,0.33784643,Medium,Monitor,Continue monitoring and regular customer engagement,23.14305555555556,4,849.9300000000001,212.4825,398.94652777777776,21,1,0.0100013369842843
14678,1,0.7371854,Critical,High Priority,Targeted re-engagement campaign with personalised offer,398.9291666666667,1,403.39,403.39,398.9291666666667,24,0,0.0025004427867434
13425,0,0.2571229,Medium,Monitor,Continue monitoring and regular customer engagement,114.17777777777778,3,2167.79,722.5966666666667,398.9270833333333,96,1,0.0075013674367723
17292,1,0.7475933,Critical,High Priority,Targeted re-engagement campaign with personalised offer,291.81666666666666,2,271.75,135.875,398.91527777777776,14,1,0.0050010592521332
14129,0,0.24466592,Medium,Monitor,Continue monitoring and regular customer engagement,80.17083333333333,5,1826.38,365.276,398.9138888888889,37,1,0.0125026915516534
17135,0,0.29738435,Medium,Monitor,Continue monitoring and regular customer engagement,109.09930555555556,5,1083.0,216.6,398.86597222222224,85,1,0.0125041897719201
16092,0,0.19350283,Low,Monitor,Continue monitoring and regular customer engagement,16.88888888888889,5,1363.81,272.762,398.8611111111111,55,1,0.0125043417853421
15661,1,0.4991759,Medium,Monitor,Continue monitoring and regular customer engagement,136.95416666666668,8,1215.95,151.99374999999998,398.20208333333335,27,1,0.0200399755762797
17720,0,0.09766,Low,Monitor,Continue monitoring and regular customer engagement,45.00069444444444,8,2003.35,250.41875,398.11944444444447,69,1,0.0200441249138729
17003,1,0.47956136,Medium,Monitor,Continue monitoring and regular customer engagement,221.98263888888889,4,828.21,207.0525,398.0625,90,1,0.0100234925606891
14941,1,0.8887999,Critical,High Priority,Targeted re-engagement campaign with personalised offer,398.05555555555554,1,182.1,182.1,398.05555555555554,7,0,0.0025059167478769
14361,1,0.8178215,Critical,High Priority,Targeted re-engagement campaign with personalised offer,398.01458333333335,1,214.71,214.71,398.01458333333335,14,0,0.0025061740642311
17169,0,0.5122262,Medium,Monitor,Continue monitoring and regular customer engagement,2.9819444444444443,2,629.63,314.815,397.99305555555554,31,1,0.0050126185710556
17482,1,0.6936808,High,Medium Priority,Automated re-engagement reminder or promotional campaign,306.88680555555555,2,775.64,387.8200000000001,397.94444444444446,50,1,0.005013229355243
17579,0,0.766536,Critical,High Priority,Targeted re-engagement campaign with personalised offer,397.93194444444447,1,304.38,304.38,397.93194444444447,43,0,0.0025066932190466
14588,1,0.89514196,Critical,High Priority,Targeted re-engagement campaign with personalised offer,397.9041666666666,1,135.39,135.39,397.9041666666666,16,0,0.0025068677731702
16614,1,0.3407182,Medium,Monitor,Continue monitoring and regular customer engagement,2.051388888888889,3,1179.79,393.2633333333333,397.89722222222224,37,1,0.007520734246499
17077,1,0.8608652,Critical,High Priority,Targeted re-engagement campaign with personalised offer,397.8430555555556,1,306.0,306.0,397.8430555555556,1,0,0.0025072518778271
12675,1,0.510236,Medium,Monitor,Continue monitoring and regular customer engagement,373.1256944444444,2,957.25,478.625,397.8375,111,1,0.0050145736045381
16323,1,0.7534618,Critical,High Priority,Targeted re-engagement campaign with personalised offer,15.918055555555556,2,353.66,176.83,397.12638888888887,4,1,0.0050235303557287
16737,0,0.7558396,Critical,High Priority,Targeted re-engagement campaign with personalised offer,397.1229166666666,1,417.6,417.6,397.1229166666666,1,0,0.0025117870841814
12582,1,0.32928652,Medium,Monitor,Continue monitoring and regular customer engagement,58.170138888888886,4,1980.4,495.1,397.12152777777777,88,1,0.0100471833872613
17545,0,0.43785238,Medium,Monitor,Continue monitoring and regular customer engagement,209.88888888888889,3,767.54,255.84666666666664,397.1152777777778,112,1,0.0075355058382726
12599,0,0.06734453,Low,Monitor,Continue monitoring and regular customer engagement,27.96180555555556,9,1728.0,192.0,397.0888888888889,39,1,0.0226080160768114
18281,1,0.6965672,High,Medium Priority,Automated re-engagement reminder or promotional campaign,0.08125,2,201.14,100.57,397.0840277777778,17,1,0.0050240649220833
13695,0,0.36920974,Medium,Monitor,Continue monitoring and regular customer engagement,8.933333333333334,6,892.52,148.75333333333333,397.07152777777776,19,1,0.0150726680541429
13943,1,0.8607121,Critical,High Priority,Targeted re-engagement campaign with personalised offer,397.05555555555554,1,246.54,246.54,397.05555555555554,15,0,0.0025122121423586
17321,0,0.33082741,Medium,Monitor,Continue monitoring and regular customer engagement,213.9958333333333,4,1008.05,252.0125,397.02777777777777,159,1,0.0100495498639123
15034,0,0.06099044,Low,Monitor,Continue monitoring and regular customer engagement,52.074305555555554,11,6597.42,599.7654545454545,396.97222222222223,308,1,0.0276401200530466
13222,1,0.8898793,Critical,High Priority,Targeted re-engagement campaign with personalised offer,396.9555555555556,1,88.5,88.5,396.9555555555556,1,0,0.0025128434219343
13296,0,0.62351876,High,Medium Priority,Automated re-engagement reminder or promotional campaign,243.00625,5,705.11,141.022,396.93125,46,1,0.0125649845293628
16307,1,0.55389506,High,Medium Priority,Automated re-engagement reminder or promotional campaign,248.9298611111111,3,1194.92,398.3066666666667,396.9236111111111,69,1,0.0075391354426624
13103,0,0.6009973,High,Medium Priority,Automated re-engagement reminder or promotional campaign,257.04305555555555,2,465.7000000000001,232.85,396.92291666666665,21,1,0.0050260990665068
14014,0,0.54351383,High,Medium Priority,Automated re-engagement reminder or promotional campaign,195.9125,2,1443.03,721.5149999999999,396.1569444444444,37,1,0.0050357925952866
13295,1,0.42058644,Medium,Monitor,Continue monitoring and regular customer engagement,179.06180555555557,4,1101.97,275.4925,396.15069444444447,56,1,0.0100717436881116
14391,1,0.84342915,Critical,High Priority,Targeted re-engagement campaign with personalised offer,396.13055555555553,1,135.6,135.6,396.13055555555553,14,0,0.0025180636090846
17705,0,0.31024185,Medium,Monitor,Continue monitoring and regular customer engagement,34.97986111111111,5,617.68,123.53600000000002,396.12708333333336,37,1,0.0125904281270164
14707,1,0.73742694,Critical,High Priority,Targeted re-engagement campaign with personalised offer,255.05069444444445,2,139.2,69.6,396.07152777777776,1,1,0.0050368758777368
12580,1,0.6136687,High,Medium Priority,Automated re-engagement reminder or promotional campaign,66.10138888888889,2,1052.9,526.45,396.0451388888889,52,1,0.0050372106446055
15012,0,0.5422561,High,Medium Priority,Automated re-engagement reminder or promotional campaign,193.00069444444443,2,429.78,214.89,396.0423611111111,107,1,0.0050372458858119
16898,0,0.43495354,Medium,Monitor,Continue monitoring and regular customer engagement,188.01875,3,496.26,165.42,396.02222222222224,110,1,0.0075562520989589
17016,1,0.72741175,Critical,High Priority,Targeted re-engagement campaign with personalised offer,396.0125,1,552.4,552.4,396.0125,41,0,0.0025188123799628
17845,1,0.79690486,Critical,High Priority,Targeted re-engagement campaign with personalised offer,374.8958333333333,4,596.09,149.02249999999998,395.9902777777778,42,1,0.0100758134994909
13998,1,0.62436885,High,Medium Priority,Automated re-engagement reminder or promotional campaign,266.1041666666667,3,566.7,188.9,395.9805555555556,30,1,0.0075570451953286
12494,0,0.18035139,Low,Monitor,Continue monitoring and regular customer engagement,15.959027777777775,6,1284.81,214.135,395.9569444444445,54,1,0.0151149893810201
16993,1,0.79916364,Critical,High Priority,Targeted re-engagement campaign with personalised offer,283.0236111111111,2,1950.95,975.475,395.9548611111111,19,1,0.0050383562362779
15405,1,0.6246843,High,Medium Priority,Automated re-engagement reminder or promotional campaign,8.920833333333333,2,659.84,329.92,395.8708333333333,29,1,0.005039422986068
17897,0,0.2781374,Medium,Monitor,Continue monitoring and regular customer engagement,186.87222222222223,8,1968.75,246.09375,395.86597222222224,175,1,0.0201579388507525
15470,1,0.828118,Critical,High Priority,Targeted re-engagement campaign with personalised offer,395.1354166666667,1,63.42,63.42,395.1354166666667,4,0,0.0025243892818638
15199,0,0.1812273,Low,Monitor,Continue monitoring and regular customer engagement,55.00347222222222,8,2510.85,313.85625,395.10833333333335,17,1,0.0201964950665853
14039,0,0.8617743,Critical,High Priority,Targeted re-engagement campaign with personalised offer,395.1076388888889,1,115.08,115.08,395.1076388888889,4,0,0.0025245663093119
13892,0,0.3816753,Medium,Monitor,Continue monitoring and regular customer engagement,66.03194444444445,3,689.1999999999999,229.73333333333332,395.09583333333336,11,1,0.0075739246604883
13220,0,0.28512186,Medium,Monitor,Continue monitoring and regular customer engagement,5.069444444444445,4,1243.29,310.8225,395.09375,43,1,0.0100986193293885
18197,1,0.7509447,Critical,High Priority,Targeted re-engagement campaign with personalised offer,395.0861111111111,1,230.1,230.1,395.0861111111111,9,0,0.0025247035226627
13888,0,0.17137784,Low,Monitor,Continue monitoring and regular customer engagement,37.922916666666666,6,1635.48,272.58,395.03680555555553,110,1,0.0151501070502355
15597,0,0.8556231,Critical,High Priority,Targeted re-engagement campaign with personalised offer,394.9861111111111,1,238.8,238.8,394.9861111111111,15,0,0.0025253410964189
16906,0,0.16805571,Low,Monitor,Continue monitoring and regular customer engagement,6.156944444444444,6,1244.32,207.38666666666663,394.9770833333333,141,1,0.0151523920260536
15210,1,0.40957567,Medium,Monitor,Continue monitoring and regular customer engagement,44.860416666666666,3,1176.19,392.0633333333333,394.9222222222222,66,1,0.0075772458114668
12894,1,0.90073055,Critical,High Priority,Targeted re-engagement campaign with personalised offer,394.91875,1,157.35,157.35,394.91875,21,0,0.0025257707547318
12923,0,0.5705213,High,Medium Priority,Automated re-engagement reminder or promotional campaign,209.98194444444445,2,597.6,298.8,394.91319444444446,28,1,0.0050516123939906
15478,0,0.7600755,Critical,High Priority,Targeted re-engagement campaign with personalised offer,394.7506944444444,1,583.56,583.56,394.7506944444444,24,0,0.0025268433234306
12880,1,0.56281364,High,Medium Priority,Automated re-engagement reminder or promotional campaign,201.08333333333331,2,640.13,320.065,394.03680555555553,32,1,0.0050628193927077
16115,0,0.08400465,Low,Monitor,Continue monitoring and regular customer engagement,32.01875,7,1399.22,199.88857142857145,394.03541666666666,158,1,0.017719930175037
16836,0,0.53857493,High,Medium Priority,Automated re-engagement reminder or promotional campaign,226.0013888888889,2,530.5,265.25,393.99861111111113,31,1,0.0050633089427178
15723,1,0.4865621,Medium,Monitor,Continue monitoring and regular customer engagement,184.0680555555556,4,930.7,232.675,393.99652777777777,108,1,0.0101266712963369
16588,1,0.4721347,Medium,Monitor,Continue monitoring and regular customer engagement,205.7875,4,1361.28,340.32,393.96319444444447,64,1,0.0101275259473896
14296,1,0.6045529,High,Medium Priority,Automated re-engagement reminder or promotional campaign,240.94166666666663,2,456.4,228.2,393.9277777777778,27,1,0.0050642170861057
13300,0,0.559517,High,Medium Priority,Automated re-engagement reminder or promotional campaign,207.81944444444449,2,913.62,456.81,393.8708333333333,29,1,0.0050649473984108
16922,1,0.64619076,High,Medium Priority,Automated re-engagement reminder or promotional campaign,392.0597222222222,1,611.08,611.08,392.0597222222222,122,0,0.0025441426415974
18258,1,0.6478593,High,High Priority,Targeted re-engagement campaign with personalised offer,283.9375,6,2059.67,343.27833333333336,392.0520833333333,30,1,0.0152651525190151
17123,0,0.51736885,Medium,Monitor,Continue monitoring and regular customer engagement,259.0305555555556,2,631.87,315.935,392.04027777777776,31,1,0.0050885370102724
16507,1,0.80618703,Critical,High Priority,Targeted re-engagement campaign with personalised offer,391.9958333333333,1,142.71,142.71,391.9958333333333,37,0,0.002544556239994
14982,1,0.7897276,Critical,High Priority,Targeted re-engagement campaign with personalised offer,391.87361111111113,1,237.78,237.78,391.87361111111113,39,0,0.0025453478465296
18287,0,0.10142356,Low,Monitor,Continue monitoring and regular customer engagement,21.090972222222224,5,3110.99,622.198,391.03819444444446,93,1,0.0127538593709867
18157,1,0.8310508,Critical,High Priority,Targeted re-engagement campaign with personalised offer,390.9451388888889,1,213.9,213.9,390.9451388888889,25,0,0.0025513774780696
16932,0,0.48779258,Medium,Monitor,Continue monitoring and regular customer engagement,242.94166666666663,2,262.32,131.16,390.94097222222223,77,1,0.0051028092027746
15280,0,0.7067781,High,Medium Priority,Automated re-engagement reminder or promotional campaign,308.0201388888889,2,284.4,142.2,390.93958333333336,39,1,0.0051028272852427
13857,1,0.4408522,Medium,Monitor,Continue monitoring and regular customer engagement,212.99722222222223,6,1001.01,166.835,390.9368055555556,99,1,0.01530859035169
13719,0,0.06342101,Low,Monitor,Continue monitoring and regular customer engagement,24.99861111111111,8,2080.14,260.0175,390.9263888888889,159,1,0.0204119963003256
14017,1,0.88334537,Critical,High Priority,Targeted re-engagement campaign with personalised offer,390.91527777777776,1,229.75,229.75,390.91527777777776,14,0,0.0025515718745902
17928,0,0.6333503,High,Medium Priority,Automated re-engagement reminder or promotional campaign,65.78263888888888,2,206.96,103.48,390.8888888888889,21,1,0.005103487383045
13605,1,0.55696785,High,Medium Priority,Automated re-engagement reminder or promotional campaign,206.81527777777777,2,522.67,261.33500000000004,390.8777777777778,50,1,0.0051036320848337
14304,1,0.5310278,High,Medium Priority,Automated re-engagement reminder or promotional campaign,42.04166666666666,3,1725.01,575.0033333333333,390.0833333333333,69,1,0.00767099936075
16884,0,0.7620269,Critical,High Priority,Targeted re-engagement campaign with personalised offer,376.00347222222223,2,641.13,320.565,390.03472222222223,39,1,0.0051146353158464
15071,0,0.48546523,Medium,Monitor,Continue monitoring and regular customer engagement,95.1048611111111,3,1062.16,354.05333333333334,390.00347222222223,31,1,0.0076725661359216
13501,1,0.40077725,Medium,Monitor,Continue monitoring and regular customer engagement,107.74375,3,2885.11,961.7033333333331,389.9763888888889,90,1,0.0076730976224054
14744,0,0.16582151,Low,Monitor,Continue monitoring and regular customer engagement,117.05347222222224,12,3488.13,290.6775,389.9472222222222,53,1,0.0306946802992731
13541,1,0.6042155,High,Medium Priority,Automated re-engagement reminder or promotional campaign,246.8423611111111,2,785.25,392.625,389.8576388888889,10,1,0.0051169525704691
15282,1,0.813564,Critical,High Priority,Targeted re-engagement campaign with personalised offer,389.84930555555553,1,348.59,348.59,389.84930555555553,27,0,0.0025585308347384
16835,0,0.42109212,Medium,Monitor,Continue monitoring and regular customer engagement,192.81597222222223,5,1357.56,271.512,389.17291666666665,54,1,0.0128148310311133
14325,1,0.83035517,Critical,High Priority,Targeted re-engagement campaign with personalised offer,389.1458333333333,1,245.48,245.48,389.1458333333333,18,0,0.0025631441234581
17413,1,0.53795016,High,Medium Priority,Automated re-engagement reminder or promotional campaign,224.01180555555555,2,560.14,280.07,389.06875,10,1,0.0051273012770184
17382,0,0.6657293,High,Medium Priority,Automated re-engagement reminder or promotional campaign,255.08125,7,836.88,119.55428571428573,389.05347222222224,14,1,0.0179462573685587
15636,0,0.47116476,Medium,Monitor,Continue monitoring and regular customer engagement,101.91666666666669,3,1026.52,342.17333333333335,389.0506944444445,28,1,0.0076913079318393
14283,1,0.7029272,High,Medium Priority,Automated re-engagement reminder or promotional campaign,282.9194444444444,4,628.4399999999999,157.11,389.0194444444445,36,1,0.0102558989224183
17490,0,0.5646152,High,Medium Priority,Automated re-engagement reminder or promotional campaign,207.75208333333333,2,658.18,329.09000000000003,389.00694444444446,37,1,0.0051281138156371
16059,0,0.10482775,Low,Monitor,Continue monitoring and regular customer engagement,74.02638888888889,9,2241.41,249.04555555555555,388.9902777777778,192,1,0.0230774983706858
14598,0,0.7808806,Critical,High Priority,Targeted re-engagement campaign with personalised offer,388.9881944444445,1,162.07,162.07,388.9881944444445,40,0,0.0025641801835169
14220,1,0.39523536,Medium,Monitor,Continue monitoring and regular customer engagement,66.97708333333334,4,1515.0,378.75,388.975,26,1,0.0102570677607538
16915,0,0.37092927,Medium,Monitor,Continue monitoring and regular customer engagement,67.95972222222223,7,1088.29,155.47,388.97083333333336,35,1,0.0179500603677625
16564,1,0.89533734,Critical,High Priority,Targeted re-engagement campaign with personalised offer,388.92291666666665,1,87.8,87.8,388.92291666666665,5,0,0.0025646094580659
12837,0,0.65506315,High,Medium Priority,Automated re-engagement reminder or promotional campaign,388.90277777777777,1,528.5600000000001,528.5600000000001,388.90277777777777,73,0,0.002564741922844
16664,1,0.90440726,Critical,High Priority,Targeted re-engagement campaign with personalised offer,388.81875,1,109.2,109.2,388.81875,8,0,0.0025652947684019
14334,0,0.041183382,Low,Monitor,Continue monitoring and regular customer engagement,23.09236111111111,9,3444.5,382.72222222222223,388.1152777777778,137,1,0.0231293925322044
15777,1,0.21766055,Low,Monitor,Continue monitoring and regular customer engagement,60.83819444444445,7,1762.61,251.80142857142852,388.09236111111113,29,1,0.0179905870678377
15401,1,0.69498235,High,Medium Priority,Automated re-engagement reminder or promotional campaign,271.9638888888889,2,216.95,108.475,388.07916666666665,14,1,0.005140342046927
17758,0,0.07509819,Low,Monitor,Continue monitoring and regular customer engagement,27.888194444444444,7,2607.71,372.53,387.9805555555556,230,1,0.0179957581427235
15025,0,0.6339875,High,Medium Priority,Automated re-engagement reminder or promotional campaign,387.9736111111111,1,617.83,617.83,387.9736111111111,72,0,0.0025708684893648
14850,1,0.27478424,Medium,Monitor,Continue monitoring and regular customer engagement,131.06180555555557,7,1770.96,252.99428571428567,387.9736111111111,129,1,0.0179960794255537
15559,1,0.7527085,Critical,High Priority,Targeted re-engagement campaign with personalised offer,387.9472222222222,1,1109.4,1109.4,387.9472222222222,62,0,0.0025710429149913
13213,0,0.024061877,Low,Monitor,Continue monitoring and regular customer engagement,2.828472222222222,9,2882.4700000000003,320.2744444444445,387.9166666666667,136,1,0.0231412041997
16604,1,0.8460112,Critical,High Priority,Targeted re-engagement campaign with personalised offer,382.15277777777777,2,432.45,216.225,387.8444444444444,10,1,0.0051434449651388
15826,0,0.43697926,Medium,Monitor,Continue monitoring and regular customer engagement,30.0875,2,1663.97,831.985,387.8263888888889,66,1,0.005143683806326
14513,0,0.33816934,Medium,Monitor,Continue monitoring and regular customer engagement,26.020138888888887,5,649.77,129.954,387.78680555555553,15,1,0.0128605187433129
14671,1,0.73576593,Critical,High Priority,Targeted re-engagement campaign with personalised offer,368.9659722222222,2,1127.45,563.725,387.7701388888889,48,1,0.0051444280307022
14311,1,0.6348321,High,Medium Priority,Automated re-engagement reminder or promotional campaign,62.10833333333333,2,516.45,258.225,387.0986111111111,31,1,0.0051533294444782
12355,1,0.6102678,High,Medium Priority,Automated re-engagement reminder or promotional campaign,33.95902777777778,2,947.61,473.805,387.03541666666666,35,1,0.0051541687023843
18011,1,0.5775722,High,Medium Priority,Automated re-engagement reminder or promotional campaign,192.80208333333331,2,410.79,205.395,386.9736111111111,63,1,0.0051549897795167
14409,0,0.3205291,Medium,Monitor,Continue monitoring and regular customer engagement,138.0638888888889,6,2033.94,338.99,386.83680555555554,52,1,0.0154704244518653
17898,0,0.41314334,Medium,Monitor,Continue monitoring and regular customer engagement,26.81736111111111,3,246.96,82.32000000000001,386.81111111111113,41,1,0.0077357247228031
16889,1,0.09627325,Low,Monitor,Continue monitoring and regular customer engagement,14.072916666666666,6,2526.65,421.10833333333335,385.0861111111111,163,1,0.0155405745695764
16121,0,0.26004124,Medium,Monitor,Continue monitoring and regular customer engagement,35.040277777777774,4,881.32,220.33,385.0819444444445,159,1,0.0103604948575252
12974,1,0.7006976,High,Medium Priority,Automated re-engagement reminder or promotional campaign,17.136805555555554,2,408.95,204.475,385.0451388888889,27,1,0.0051807413137136
16290,1,0.6767426,High,Medium Priority,Automated re-engagement reminder or promotional campaign,284.04027777777776,4,1957.7,489.425,385.0444444444444,85,1,0.0103615012664057
18208,1,0.8748803,Critical,High Priority,Targeted re-engagement campaign with personalised offer,385.0388888888889,1,360.08,360.08,385.0388888888889,17,0,0.0025904125951616
14010,1,0.8726546,Critical,High Priority,Targeted re-engagement campaign with personalised offer,384.99305555555554,2,445.15,222.575,385.0027777777778,20,0,0.0051813098639186
17785,0,0.6153146,High,Medium Priority,Automated re-engagement reminder or promotional campaign,264.94166666666666,2,271.44,135.72,384.9923611111111,38,1,0.0051814496904623
13778,0,0.73500943,Critical,High Priority,Targeted re-engagement campaign with personalised offer,310.91527777777776,3,945.79,315.2633333333333,384.9694444444444,27,1,0.0077726360031378
17278,1,0.6404837,High,Medium Priority,Automated re-engagement reminder or promotional campaign,60.98611111111112,2,271.24,135.62,384.9590277777778,17,1,0.0051818971861218
12409,0,0.0866385,Low,Monitor,Continue monitoring and regular customer engagement,2.0215277777777776,5,18553.7,3710.7399999999993,384.8951388888889,165,1,0.0129568877555611
14920,1,0.48899063,Medium,Monitor,Continue monitoring and regular customer engagement,32.09583333333333,3,1607.17,535.7233333333334,384.8923611111111,90,1,0.0077741886140529
18060,1,0.50155723,Medium,Monitor,Continue monitoring and regular customer engagement,227.8395833333333,2,1185.46,592.73,384.1777777777778,74,1,0.0051924075462989
12632,1,0.648229,High,Medium Priority,Automated re-engagement reminder or promotional campaign,340.1326388888889,2,804.88,402.44,384.15486111111113,32,1,0.0051927164939066
16831,1,0.89679223,Critical,High Priority,Targeted re-engagement campaign with personalised offer,384.1541666666666,1,91.8,91.8,384.1541666666666,6,0,0.0025963629282646
14394,1,0.8953556,Critical,High Priority,Targeted re-engagement campaign with personalised offer,384.08819444444447,1,93.8,93.8,384.08819444444447,6,0,0.002596807729831
16974,1,0.8190195,Critical,High Priority,Targeted re-engagement campaign with personalised offer,342.10555555555555,2,365.5,182.75,384.08819444444447,5,1,0.005193615459662
13402,0,0.4978927,Medium,Monitor,Continue monitoring and regular customer engagement,191.8180555555556,3,913.9,304.6333333333334,384.07916666666665,43,1,0.0077906058278059
16185,0,0.635451,High,Medium Priority,Automated re-engagement reminder or promotional campaign,52.03541666666667,2,450.31,225.155,384.0736111111111,28,1,0.0051938121499136
18052,1,0.842721,Critical,Immediate Action,Personalised retention outreach with high-value incentive,384.06875,1,10877.18,10877.18,384.06875,16,0,0.0025969388583207
14168,1,0.6521354,High,Medium Priority,Automated re-engagement reminder or promotional campaign,240.08402777777775,2,370.45,185.225,384.0152777777778,11,1,0.0051945990599218
14847,0,0.56994593,High,Medium Priority,Automated re-engagement reminder or promotional campaign,227.12847222222223,2,1039.55,519.775,384.01458333333335,47,1,0.0051946084293343
16229,0,0.12404941,Low,Monitor,Continue monitoring and regular customer engagement,32.105555555555554,5,2215.46,443.092,383.99375,120,1,0.0129872238185684
15681,0,0.041905656,Low,Monitor,Continue monitoring and regular customer engagement,2.844444444444445,12,2266.76,188.89666666666668,383.93888888888887,40,1,0.0311737793877816
17205,0,0.51638,Medium,Monitor,Continue monitoring and regular customer engagement,235.86041666666668,2,615.27,307.635,383.8847222222222,18,1,0.0051963611037937
16075,1,0.72468793,Critical,High Priority,Targeted re-engagement campaign with personalised offer,322.0548611111111,2,736.9300000000001,368.465,383.8701388888889,41,1,0.0051965580020677
12773,1,0.88299984,Critical,High Priority,Targeted re-engagement campaign with personalised offer,383.80555555555554,1,124.25,124.25,383.80555555555554,6,0,0.0025987150797661
18000,1,0.872369,Critical,High Priority,Targeted re-engagement campaign with personalised offer,383.8027777777778,1,124.25,124.25,383.8027777777778,6,0,0.0025987338391239
12802,1,0.055987686,Low,Monitor,Continue monitoring and regular customer engagement,6.134722222222222,7,2416.42,345.2028571428572,383.1361111111111,108,1,0.0182227075183131
13324,0,0.037938304,Low,Monitor,Continue monitoring and regular customer engagement,22.947222222222223,15,7190.51,479.36733333333336,383.1020833333333,30,1,0.0390521183062228
16175,0,0.18307933,Low,Monitor,Continue monitoring and regular customer engagement,24.100694444444443,5,1265.83,253.166,383.0340277777778,45,1,0.0130196796073843
13989,0,0.2740142,Medium,Monitor,Continue monitoring and regular customer engagement,58.88263888888889,4,1656.65,414.1625,383.02569444444447,53,1,0.0104159697068881
14993,1,0.902724,Critical,High Priority,Targeted re-engagement campaign with personalised offer,383.00208333333336,1,36.13,36.13,383.00208333333336,9,0,0.0026041525382349
15217,1,0.78366345,Critical,High Priority,Targeted re-engagement campaign with personalised offer,382.9576388888889,1,426.24,426.24,382.9576388888889,28,0,0.0026044539780321
16328,1,0.823517,Critical,High Priority,Targeted re-engagement campaign with personalised offer,382.95,1,310.83,310.83,382.95,16,0,0.0026045057950253
17862,1,0.45111996,Medium,Monitor,Continue monitoring and regular customer engagement,143.01875,4,1254.89,313.7225,382.81111111111113,90,1,0.0104217931274064
17694,0,0.6757943,High,Medium Priority,Automated re-engagement reminder or promotional campaign,331.10277777777776,2,1412.85,706.425,382.1826388888889,45,1,0.0052194431506588
12656,0,0.098846234,Low,Monitor,Continue monitoring and regular customer engagement,23.052777777777777,5,4016.26,803.252,382.15972222222223,118,1,0.0130493883099229
17327,1,0.6999543,High,Medium Priority,Automated re-engagement reminder or promotional campaign,229.12222222222223,2,152.35,76.175,382.0625,3,1,0.0052210801109479
17179,0,0.19190751,Low,Monitor,Continue monitoring and regular customer engagement,51.84236111111111,5,1283.78,256.756,382.06111111111113,69,1,0.0130527476033705
15900,0,0.548349,High,Medium Priority,Automated re-engagement reminder or promotional campaign,233.0875,3,549.29,183.09666666666664,382.0576388888889,68,1,0.0078317195519241
17074,1,0.8795016,Critical,High Priority,Targeted re-engagement campaign with personalised offer,382.0319444444444,1,203.05,203.05,382.0319444444444,4,0,0.0026107483057331
14181,1,0.5935855,High,Medium Priority,Automated re-engagement reminder or promotional campaign,230.1826388888889,2,308.35,154.175,382.0125,48,1,0.0052217616918507
16715,0,0.80058426,Critical,High Priority,Targeted re-engagement campaign with personalised offer,382.0104166666667,1,323.8,323.8,382.0104166666667,9,0,0.0026108950474584
16153,0,0.038609445,Low,Monitor,Continue monitoring and regular customer engagement,5.146527777777778,9,4009.36,445.4844444444445,382.00625,129,1,0.0234983110588926
16046,1,0.8216563,Critical,High Priority,Targeted re-engagement campaign with personalised offer,381.9805555555556,1,235.78,235.78,381.9805555555556,22,0,0.0026110986197442
14938,1,0.51565313,Medium,Monitor,Continue monitoring and regular customer engagement,381.9666666666666,2,2322.43,1161.215,381.96875,71,0,0.0052223582211342
12378,0,0.65508753,High,Medium Priority,Automated re-engagement reminder or promotional campaign,381.94652777777776,1,1407.7,1407.7,381.94652777777776,82,0,0.0026113306361672
13880,0,0.041731928,Low,Monitor,Continue monitoring and regular customer engagement,6.111805555555556,10,2413.66,241.366,381.93125,93,1,0.0261143482021903
16458,0,0.05959037,Low,Monitor,Continue monitoring and regular customer engagement,7.023611111111111,19,3513.85,184.93947368421053,381.925,74,1,0.049618071423908
13920,1,0.5825928,High,Medium Priority,Automated re-engagement reminder or promotional campaign,251.0090277777778,4,1774.68,443.67,381.87638888888887,81,1,0.0104472360168461
13169,0,0.57804567,High,Medium Priority,Automated re-engagement reminder or promotional campaign,71.93472222222222,2,632.4000000000001,316.2,381.86944444444447,11,1,0.0052237127538397
17499,1,0.5179487,Medium,Monitor,Continue monitoring and regular customer engagement,109.15,2,1341.39,670.6949999999999,381.11875,66,1,0.0052339750404815
15340,1,0.89792985,Critical,High Priority,Targeted re-engagement campaign with personalised offer,381.09930555555553,1,105.5,105.5,381.09930555555553,7,0,0.0026171206947001
16234,1,0.78513414,Critical,High Priority,Targeted re-engagement campaign with personalised offer,295.92847222222224,3,333.18,111.06,381.0909722222222,13,1,0.0078515333208532
16392,1,0.39473754,Medium,Monitor,Continue monitoring and regular customer engagement,89.02708333333334,3,756.7,252.2333333333333,381.06458333333336,125,1,0.0078520756198504
16391,1,0.39161134,Medium,Monitor,Continue monitoring and regular customer engagement,220.01597222222225,4,1052.26,263.065,381.0576388888889,261,1,0.0104696244567519
15256,0,0.8951577,Critical,High Priority,Targeted re-engagement campaign with personalised offer,381.04791666666665,1,71.95,71.95,381.04791666666665,4,0,0.0026174727210264
17699,1,0.75582695,Critical,High Priority,Targeted re-engagement campaign with personalised offer,296.1326388888889,2,442.0,221.0,381.0395833333333,17,1,0.0052350596306011
16695,1,0.8197061,Critical,High Priority,Targeted re-engagement campaign with personalised offer,381.0097222222222,2,191.9,95.95,381.0180555555556,30,0,0.0052353546407419
14069,1,0.8102718,Critical,High Priority,Targeted re-engagement campaign with personalised offer,334.0263888888889,2,225.81,112.905,381.0138888888889,37,1,0.0052354117433193
16101,0,0.48687088,Medium,Monitor,Continue monitoring and regular customer engagement,254.08680555555557,3,1938.46,646.1533333333333,381.0,94,1,0.0078534031413612
14876,1,0.81819147,Critical,High Priority,Targeted re-engagement campaign with personalised offer,340.9118055555556,2,256.7,128.35,380.9590277777778,12,1,0.0052361637101128
16691,1,0.7067445,High,Medium Priority,Automated re-engagement reminder or promotional campaign,237.9076388888889,2,178.83,89.41499999999999,380.91319444444446,11,1,0.0052367921011719
15985,0,0.15818718,Low,Monitor,Continue monitoring and regular customer engagement,56.07361111111111,6,2472.44,412.0733333333333,380.8743055555556,48,1,0.0157119761992656
16218,0,0.049900156,Low,Monitor,Continue monitoring and regular customer engagement,26.070138888888888,10,2612.75,261.275,380.8618055555556,68,1,0.0261874842011271
15400,0,0.25866282,Medium,Monitor,Continue monitoring and regular customer engagement,3.982638888888889,5,1044.9,208.98,380.17847222222224,15,1,0.0131172150694939
15254,0,0.68638533,High,Medium Priority,Automated re-engagement reminder or promotional campaign,366.09722222222223,2,787.99,393.995,380.1125,46,1,0.0052477942864639
13602,0,0.55735755,High,Medium Priority,Automated re-engagement reminder or promotional campaign,201.025,3,596.28,198.76,380.0423611111111,29,1,0.0078731403806444
17741,1,0.696839,High,Medium Priority,Automated re-engagement reminder or promotional campaign,226.03541666666663,2,101.1,50.55,380.0270833333333,6,1,0.0052489707096499
17822,1,0.379672,Medium,Monitor,Continue monitoring and regular customer engagement,239.96041666666667,5,2162.93,432.586,380.02430555555554,152,1,0.0131225224404246
12619,0,0.3734772,Medium,Monitor,Continue monitoring and regular customer engagement,53.95,3,771.8,257.26666666666665,379.99861111111113,21,1,0.0078740444518972
17583,1,0.8952287,Critical,High Priority,Targeted re-engagement campaign with personalised offer,379.9347222222222,1,135.95,135.95,379.9347222222222,7,0,0.0026251216853281
16035,1,0.8873724,Critical,High Priority,Targeted re-engagement campaign with personalised offer,379.9034722222222,1,217.73,217.73,379.9034722222222,21,0,0.0026253370549916
12499,1,0.79645145,Critical,High Priority,Targeted re-engagement campaign with personalised offer,379.9013888888889,1,393.72,393.72,379.9013888888889,27,0,0.0026253514142257
18044,0,0.069485106,Low,Monitor,Continue monitoring and regular customer engagement,17.877083333333335,14,2300.22,164.30142857142854,379.8881944444444,103,1,0.0367561930356495
14104,0,0.43569484,Medium,Monitor,Continue monitoring and regular customer engagement,208.98402777777775,3,527.3199999999999,175.7733333333333,379.86041666666665,100,1,0.0078769015332607
17617,1,0.8215987,Critical,High Priority,Targeted re-engagement campaign with personalised offer,378.00138888888887,1,385.19,385.19,378.00138888888887,18,0,0.0026385127583085
15938,0,0.25448528,Medium,Monitor,Continue monitoring and regular customer engagement,20.90763888888889,8,665.53,83.19125,376.13055555555553,24,1,0.0212128131283743
16518,0,0.4888104,Medium,Monitor,Continue monitoring and regular customer engagement,103.84305555555557,3,665.75,221.91666666666663,375.9715277777778,39,1,0.0079581607069499
15135,1,0.602587,High,Medium Priority,Automated re-engagement reminder or promotional campaign,58.73194444444445,2,305.68,152.84,375.97013888888887,17,1,0.0053054600183848
15980,0,0.16259247,Low,Monitor,Continue monitoring and regular customer engagement,73.90625,5,4905.0,981.0,375.9236111111111,83,1,0.0132652873224386
15670,1,0.6318339,High,Medium Priority,Automated re-engagement reminder or promotional campaign,116.08333333333331,2,325.2,162.60000000000002,375.8861111111111,19,1,0.0053066428850448
18038,1,0.8845818,Critical,High Priority,Targeted re-engagement campaign with personalised offer,375.86875,1,141.48,141.48,375.86875,25,0,0.002653443672366
17745,1,0.73496306,Critical,High Priority,Targeted re-engagement campaign with personalised offer,297.0138888888889,2,600.34,300.17,375.15763888888887,27,1,0.0053169198049724
13472,1,0.6903457,High,Medium Priority,Automated re-engagement reminder or promotional campaign,283.13125,2,592.24,296.12,375.12638888888887,24,1,0.0053173615547374
15246,1,0.4379237,Medium,Monitor,Continue monitoring and regular customer engagement,57.920138888888886,3,780.4,260.1333333333334,375.05694444444447,45,1,0.0079775152256048
15887,1,0.5185907,Medium,Monitor,Continue monitoring and regular customer engagement,226.17638888888888,3,1027.15,342.3833333333334,375.0395833333333,27,1,0.0079778835339807
15714,0,0.7077715,High,Medium Priority,Automated re-engagement reminder or promotional campaign,272.9361111111112,3,453.93,151.31,375.0291666666666,14,1,0.0079781045353308
16565,1,0.5686764,High,Medium Priority,Automated re-engagement reminder or promotional campaign,183.89513888888888,4,773.05,193.2625,375.00208333333336,7,1,0.0106382389281974
16401,0,0.038339455,Low,Monitor,Continue monitoring and regular customer engagement,30.004166666666663,16,4412.72,275.795,374.9840277777778,87,1,0.0425549991965527
15305,1,0.89533734,Critical,High Priority,Targeted re-engagement campaign with personalised offer,374.9583333333333,1,93.6,93.6,374.9583333333333,5,0,0.0026598692230965
17096,0,0.14896986,Low,Monitor,Continue monitoring and regular customer engagement,81.03125,8,2809.29,351.16125,374.9180555555556,132,1,0.0212812337204104
14033,1,0.8217745,Critical,High Priority,Targeted re-engagement campaign with personalised offer,374.90277777777777,1,109.44,109.44,374.90277777777777,1,0,0.0026602623314243
16896,1,0.904165,Critical,High Priority,Targeted re-engagement campaign with personalised offer,374.88194444444446,1,103.95,103.95,374.88194444444446,18,0,0.0026604097770059
14859,0,0.4819478,Medium,Monitor,Continue monitoring and regular customer engagement,23.92222222222222,2,648.76,324.38,374.1,17,1,0.0053319114902692
15502,0,0.14334175,Low,Monitor,Continue monitoring and regular customer engagement,95.03541666666666,6,5259.4,876.5666666666666,374.06805555555553,154,1,0.0159970968231691
12874,1,0.54424727,High,Medium Priority,Automated re-engagement reminder or promotional campaign,204.89375,2,948.42,474.21,373.9993055555556,44,1,0.0053333432098948
17216,1,0.90931165,Critical,High Priority,Targeted re-engagement campaign with personalised offer,373.99097222222224,1,63.6,63.6,373.99097222222224,13,0,0.002666730865743
13031,1,0.34999895,Medium,Monitor,Continue monitoring and regular customer engagement,226.88611111111112,5,3292.84,658.568,373.91180555555553,275,1,0.0133364698734702
17683,1,0.50646603,Medium,Monitor,Continue monitoring and regular customer engagement,205.11041666666668,3,819.01,273.00333333333333,373.81597222222223,41,1,0.0080039278534836
18214,1,0.78587765,Critical,High Priority,Targeted re-engagement campaign with personalised offer,350.0618055555556,4,1780.34,445.085,373.7104166666667,38,1,0.0106749100694425
15731,1,0.8680527,Critical,High Priority,Targeted re-engagement campaign with personalised offer,373.1111111111111,1,125.3,125.3,373.1111111111111,8,0,0.0026730026730026
14486,1,0.8490566,Critical,High Priority,Targeted re-engagement campaign with personalised offer,331.1305555555556,2,175.5,87.75,373.09722222222223,4,1,0.0053462038240207
14436,0,0.8175603,Critical,High Priority,Targeted re-engagement campaign with personalised offer,373.0541666666667,1,182.64,182.64,373.0541666666667,2,0,0.0026734095997683
14902,0,0.5277564,High,Medium Priority,Automated re-engagement reminder or promotional campaign,215.09791666666663,2,702.96,351.48,373.0104166666667,34,1,0.0053474446455925
18206,1,0.816978,Critical,High Priority,Targeted re-engagement campaign with personalised offer,372.9604166666667,1,314.66,314.66,372.9604166666667,19,0,0.0026740798101403
17235,0,0.4477447,Medium,Monitor,Continue monitoring and regular customer engagement,191.96666666666667,7,1354.82,193.54571428571427,372.8256944444444,41,1,0.018725304611292
14687,0,0.532304,High,Medium Priority,Automated re-engagement reminder or promotional campaign,219.7458333333333,2,773.6800000000001,386.84,371.0930555555556,23,1,0.0053749995334201
14766,0,0.044953685,Low,Monitor,Continue monitoring and regular customer engagement,33.053472222222226,8,5068.57,633.57125,371.06875,203,1,0.0215014026305622
18234,1,0.8756796,Critical,High Priority,Targeted re-engagement campaign with personalised offer,371.06111111111113,1,179.6,179.6,371.06111111111113,30,0,0.0026877305102208
16356,1,0.4260315,Medium,Monitor,Continue monitoring and regular customer engagement,17.040972222222223,6,415.87,69.31166666666667,371.0583333333333,27,1,0.0161265034604788
12911,1,0.59937555,High,Medium Priority,Automated re-engagement reminder or promotional campaign,371.02569444444447,1,1651.72,1651.72,371.02569444444447,220,0,0.002687986380869
18112,0,0.6230953,High,Medium Priority,Automated re-engagement reminder or promotional campaign,237.98194444444445,2,420.67,210.335,371.00694444444446,34,1,0.0053762437230487
13109,0,0.748263,Critical,High Priority,Targeted re-engagement campaign with personalised offer,370.99375,1,347.49,347.49,370.99375,23,0,0.0026882172079504
14208,0,0.787022,Critical,High Priority,Targeted re-engagement campaign with personalised offer,370.98541666666665,1,415.31,415.31,370.98541666666665,25,0,0.0026882774302308
17915,1,0.82865024,Critical,High Priority,Targeted re-engagement campaign with personalised offer,370.97777777777776,1,225.78,225.78,370.97777777777776,27,0,0.0026883326363582
16340,0,0.40360186,Medium,Monitor,Continue monitoring and regular customer engagement,258.9993055555556,2,961.93,480.965,370.975,170,1,0.0053767054237515
13614,0,0.47853523,Medium,Monitor,Continue monitoring and regular customer engagement,150.0090277777778,3,953.03,317.6766666666667,370.9638888888889,73,1,0.0080652990508337
18137,1,0.87629175,Critical,High Priority,Targeted re-engagement campaign with personalised offer,370.93888888888887,2,145.99,72.995,370.96180555555554,26,0,0.0053768961493582
15976,0,0.121346936,Low,Monitor,Continue monitoring and regular customer engagement,39.81805555555555,5,1476.76,295.352,370.9506944444444,240,1,0.0134426419272267
14128,0,0.5177968,Medium,Monitor,Continue monitoring and regular customer engagement,75.08402777777778,2,592.25,296.125,370.9479166666667,34,1,0.0053770969277732
13056,1,0.84130657,Critical,High Priority,Targeted re-engagement campaign with personalised offer,370.94444444444446,1,209.48,209.48,370.94444444444446,18,0,0.0026885735623599
14247,1,0.38046965,Medium,Monitor,Continue monitoring and regular customer engagement,97.8951388888889,5,753.56,150.712,370.90486111111113,82,1,0.0134442985904026
14734,1,0.6395139,High,Medium Priority,Automated re-engagement reminder or promotional campaign,245.03194444444443,4,1056.42,264.105,370.89930555555554,48,1,0.0107555995406462
17009,1,0.81748533,Critical,High Priority,Targeted re-engagement campaign with personalised offer,370.8673611111111,1,242.06,242.06,370.8673611111111,10,0,0.0026891308691681
14309,0,0.029057544,Low,Monitor,Continue monitoring and regular customer engagement,2.8006944444444444,7,2560.84,365.8342857142857,370.1013888888889,106,1,0.0188627696084852
15958,0,0.55392414,High,Medium Priority,Automated re-engagement reminder or promotional campaign,223.01944444444445,3,357.77,119.25666666666666,370.07708333333335,45,1,0.0080845736229556
17987,1,0.27177468,Medium,Monitor,Continue monitoring and regular customer engagement,4.936111111111111,5,965.44,193.088,370.0604166666666,139,1,0.0134748945870225
14028,1,0.86917114,Critical,Immediate Action,Personalised retention outreach with high-value incentive,369.97013888888887,3,10396.5,3465.5,370.03333333333336,3,0,0.0080855269068367
15471,0,0.48858178,Medium,Monitor,Continue monitoring and regular customer engagement,199.92430555555555,2,837.53,418.765,370.0229166666667,67,1,0.0053905026082171
14515,0,0.05246339,Low,Monitor,Continue monitoring and regular customer engagement,10.997222222222222,8,2412.82,301.6025,370.00902777777776,72,1,0.0215628176163727
16382,1,0.6190348,High,Medium Priority,Automated re-engagement reminder or promotional campaign,227.85208333333333,2,353.1,176.55,370.00555555555553,42,1,0.0053907548554229
13699,0,0.78563625,Critical,High Priority,Targeted re-engagement campaign with personalised offer,369.99097222222224,1,455.57,455.57,369.99097222222224,23,0,0.0026954833806602
17515,0,0.094705604,Low,Monitor,Continue monitoring and regular customer engagement,25.949305555555554,8,1534.86,191.8575,369.97291666666666,90,1,0.0215649165763448
14786,1,0.8775907,Critical,High Priority,Targeted re-engagement campaign with personalised offer,369.9638888888889,1,90.96,90.96,369.9638888888889,7,0,0.0026956801725235
16232,0,0.14855431,Low,Monitor,Continue monitoring and regular customer engagement,34.94722222222222,5,2088.56,417.712,369.9486111111111,59,1,0.0134789559799762
18100,1,0.7889077,Critical,High Priority,Targeted re-engagement campaign with personalised offer,369.9381944444444,1,451.56,451.56,369.9381944444444,30,0,0.0026958668990603
15872,0,0.50503147,Medium,Monitor,Continue monitoring and regular customer engagement,198.03125,2,413.0,206.5,369.9145833333333,70,1,0.0053920770168333
12829,1,0.5437309,High,Medium Priority,Automated re-engagement reminder or promotional campaign,156.0673611111111,3,385.3,128.43333333333334,369.9069444444444,17,1,0.0080882821013057
15551,0,0.4094782,Medium,Monitor,Continue monitoring and regular customer engagement,213.94861111111112,6,1243.75,207.29166666666663,369.90625,95,1,0.0161765944898475
17040,0,0.89278656,Critical,High Priority,Targeted re-engagement campaign with personalised offer,369.9041666666666,1,13.52,13.52,369.9041666666666,1,0,0.0026961142253726
17101,0,0.50546914,Medium,Monitor,Continue monitoring and regular customer engagement,214.10763888888889,3,885.3199999999999,295.1066666666666,369.9013888888889,28,1,0.0080884032518376
15720,0,0.8871021,Critical,High Priority,Targeted re-engagement campaign with personalised offer,369.88194444444446,1,140.49,140.49,369.88194444444446,25,0,0.0026962757690939
14498,0,0.059360035,Low,Monitor,Continue monitoring and regular customer engagement,5.927777777777778,7,2256.75,322.3928571428572,369.8645833333333,163,1,0.0188748139201752
17784,1,0.9041686,Critical,High Priority,Targeted re-engagement campaign with personalised offer,369.8625,1,112.86,112.86,369.8625,19,0,0.0026964171357308
13997,1,0.7863621,Critical,High Priority,Targeted re-engagement campaign with personalised offer,338.7805555555556,3,376.46,125.48666666666668,369.80347222222224,36,1,0.0080905391258097
12928,0,0.08560423,Low,Monitor,Continue monitoring and regular customer engagement,61.08680555555556,9,3022.23,335.80333333333334,369.1069444444444,76,1,0.0243172956765499
16048,1,0.5159494,Medium,Monitor,Continue monitoring and regular customer engagement,192.89027777777775,4,818.7900000000001,204.6975,369.0097222222222,30,1,0.0108105267504232
17543,1,0.89912355,Critical,High Priority,Targeted re-engagement campaign with personalised offer,369.00625,1,120.05,120.05,369.00625,13,0,0.0027026570497119
18103,1,0.9034891,Critical,High Priority,Targeted re-engagement campaign with personalised offer,368.9680555555556,1,105.8,105.8,368.9680555555556,10,0,0.0027029360642998
17440,0,0.5607644,High,Medium Priority,Automated re-engagement reminder or promotional campaign,67.02916666666667,3,261.78,87.25999999999999,368.9236111111111,4,1,0.0081097824250502
15532,0,0.20704672,Low,Monitor,Continue monitoring and regular customer engagement,177.83680555555554,7,2527.92,361.13142857142856,368.91527777777776,297,1,0.0189232519458284
14308,1,0.8544882,Critical,High Priority,Targeted re-engagement campaign with personalised offer,368.83472222222224,2,1147.02,573.51,368.8409722222222,1,0,0.0054077296736022
16072,1,0.24344172,Medium,Monitor,Continue monitoring and regular customer engagement,107.92916666666666,4,4180.09,1045.0225,368.8354166666667,414,1,0.0108156218137572
17713,1,0.49202216,Medium,Monitor,Continue monitoring and regular customer engagement,201.83333333333331,4,1198.09,299.52250000000004,368.1368055555556,55,1,0.0108360909554384
14616,1,0.4693603,Medium,Monitor,Continue monitoring and regular customer engagement,62.12222222222222,5,527.78,105.556,368.13055555555553,3,1,0.0135453430358123
17417,1,0.8955141,Critical,High Priority,Targeted re-engagement campaign with personalised offer,368.11805555555554,1,164.18,164.18,368.11805555555554,16,0,0.0027091603484281
13502,0,0.4597843,Medium,Monitor,Continue monitoring and regular customer engagement,94.17361111111111,4,677.66,169.415,368.0819444444445,20,1,0.010837701654631
14260,1,0.64822197,High,Medium Priority,Automated re-engagement reminder or promotional campaign,290.91319444444446,3,824.28,274.76,368.0604166666666,50,1,0.0081287503739789
15352,1,0.837946,Critical,High Priority,Targeted re-engagement campaign with personalised offer,368.05694444444447,1,111.15,111.15,368.05694444444447,34,0,0.0027096089507415
17282,0,0.34024605,Medium,Monitor,Continue monitoring and regular customer engagement,119.0513888888889,3,1346.98,448.9933333333333,368.02986111111113,167,1,0.0081294234319339
17381,0,0.05050475,Low,Monitor,Continue monitoring and regular customer engagement,23.120833333333334,25,29941.17,1197.6468,367.99652777777777,49,1,0.067751315034205
16453,1,0.8374656,Critical,High Priority,Targeted re-engagement campaign with personalised offer,350.0027777777778,2,251.71,125.855,367.9826388888889,15,1,0.0054203092211128
14230,1,0.61197233,High,Medium Priority,Automated re-engagement reminder or promotional campaign,255.1548611111111,3,979.8,326.6,367.95416666666665,27,1,0.0081310912602062
14615,1,0.58619887,High,Medium Priority,Automated re-engagement reminder or promotional campaign,213.9680555555556,5,951.76,190.352,367.95208333333335,40,1,0.0135518952890224
17971,1,0.8995878,Critical,High Priority,Targeted re-engagement campaign with personalised offer,367.9486111111111,1,161.94,161.94,367.9486111111111,21,0,0.0027104045655259
14180,0,0.056759376,Low,Monitor,Continue monitoring and regular customer engagement,4.978472222222222,24,4802.6,200.10833333333332,367.9125,110,1,0.0650560769830244
12424,0,0.44333634,Medium,Monitor,Continue monitoring and regular customer engagement,242.09791666666663,2,1579.07,789.535,367.89930555555554,59,1,0.0054215336539819
12634,1,0.7478141,Critical,High Priority,Targeted re-engagement campaign with personalised offer,355.1145833333333,2,490.0,245.0,367.88125,20,1,0.0054217990206875
17204,0,0.11733382,Low,Monitor,Continue monitoring and regular customer engagement,60.8875,7,5190.29,741.47,367.0506944444445,107,1,0.0190191191204412
13065,1,0.5820073,High,Medium Priority,Automated re-engagement reminder or promotional campaign,192.83194444444445,5,1055.05,211.01000000000005,367.04583333333335,49,1,0.0135852645164211
17869,0,0.28288832,Medium,Monitor,Continue monitoring and regular customer engagement,34.97638888888889,5,696.42,139.284,366.9604166666667,65,1,0.0135884181382734
15757,0,0.12997876,Low,Monitor,Continue monitoring and regular customer engagement,37.04861111111112,5,2487.3,497.46,366.9604166666667,140,1,0.0135884181382734
15734,0,0.36762106,Medium,Monitor,Continue monitoring and regular customer engagement,19.910416666666663,3,1502.5,500.8333333333334,366.93402777777777,22,1,0.0081536356344075
15207,1,0.6029286,High,Medium Priority,Automated re-engagement reminder or promotional campaign,235.97291666666663,3,683.9200000000001,227.97333333333333,366.80625,19,1,0.008156468249248
16679,1,0.55239874,High,Medium Priority,Automated re-engagement reminder or promotional campaign,185.95763888888888,3,663.31,221.10333333333327,366.7604166666667,15,1,0.0081574847755275
13438,1,0.89657485,Critical,High Priority,Targeted re-engagement campaign with personalised offer,366.7527777777778,1,46.5,46.5,366.7527777777778,1,0,0.0027192180737361
14618,0,0.4978806,Medium,Monitor,Continue monitoring and regular customer engagement,157.03541666666666,5,1000.68,200.136,366.11041666666665,35,1,0.0136198804855487
15102,1,0.7365597,Critical,High Priority,Targeted re-engagement campaign with personalised offer,350.0236111111111,2,554.67,277.335,366.1069444444444,26,1,0.0054480037228025
17996,1,0.5255428,High,Medium Priority,Automated re-engagement reminder or promotional campaign,199.07638888888889,3,482.33,160.77666666666667,366.0430555555556,63,1,0.0081734280341013
17691,1,0.562342,High,Medium Priority,Automated re-engagement reminder or promotional campaign,177.8125,4,637.5500000000001,159.3875,366.0416666666667,37,1,0.010897945283233
16209,0,0.10685752,Low,Monitor,Continue monitoring and regular customer engagement,6.051388888888889,6,2452.2200000000003,408.7033333333334,366.0361111111111,42,1,0.0163471653561184
16499,1,0.32246542,Medium,Monitor,Continue monitoring and regular customer engagement,179.97152777777777,8,2578.34,322.2925,366.0194444444445,104,1,0.0217972102598257
17902,1,0.8155222,Critical,High Priority,Targeted re-engagement campaign with personalised offer,366.0173611111111,1,216.4,216.4,366.0173611111111,24,0,0.0027246667486589
14228,1,0.63123816,High,Medium Priority,Automated re-engagement reminder or promotional campaign,257.12847222222223,3,745.5,248.5,366.01458333333335,38,1,0.0081740621115191
13794,1,0.8986592,Critical,High Priority,Targeted re-engagement campaign with personalised offer,366.0138888888889,1,126.03,126.03,366.0138888888889,9,0,0.002724692526017
16547,1,0.86880547,Critical,High Priority,Targeted re-engagement campaign with personalised offer,365.9916666666667,1,104.26,104.26,365.9916666666667,25,0,0.0027248575126592
14727,1,0.6423381,High,Medium Priority,Automated re-engagement reminder or promotional campaign,93.92013888888889,3,463.73,154.57666666666668,365.9770833333333,43,1,0.0081748973880067
13337,1,0.5621007,High,Medium Priority,Automated re-engagement reminder or promotional campaign,365.97430555555553,1,1575.26,1575.26,365.97430555555553,87,0,0.0027249864223766
12429,0,0.12668799,Low,Monitor,Continue monitoring and regular customer engagement,47.04583333333333,6,4173.49,695.5816666666666,365.9736111111111,86,1,0.0163499494741144
18022,0,0.35795346,Medium,Monitor,Continue monitoring and regular customer engagement,204.98194444444445,4,894.53,223.6325,365.95208333333335,203,1,0.0109006057784565
17749,0,0.5632068,High,Medium Priority,Automated re-engagement reminder or promotional campaign,75.96597222222222,2,720.67,360.335,365.9125,41,1,0.0054508908799781
13601,0,0.28519744,Medium,Monitor,Continue monitoring and regular customer engagement,30.83194444444445,3,839.87,279.95666666666665,365.90763888888887,114,1,0.0081764446471731
14255,1,0.90427154,Critical,High Priority,Targeted re-engagement campaign with personalised offer,365.8722222222222,1,1000.63,1000.63,365.8722222222222,1,0,0.0027257446582976
13745,0,0.67138064,High,Medium Priority,Automated re-engagement reminder or promotional campaign,365.8131944444444,1,477.32,477.32,365.8131944444444,31,0,0.0027261832866032
16021,1,0.4911586,Medium,Monitor,Continue monitoring and regular customer engagement,214.91805555555555,2,487.03,243.515,364.0729166666667,117,1,0.0054783576340342
13545,1,0.6003066,High,Medium Priority,Automated re-engagement reminder or promotional campaign,210.0576388888889,2,364.93,182.465,364.0423611111111,54,1,0.0054788161952284
17790,0,0.10988826,Low,Monitor,Continue monitoring and regular customer engagement,18.007638888888888,15,1712.12,114.14133333333332,363.97222222222223,120,1,0.041099018190121
14224,0,0.08948846,Low,Monitor,Continue monitoring and regular customer engagement,34.94583333333333,7,1324.05,189.15,363.9611111111111,167,1,0.0191801257363798
17923,1,0.50131553,Medium,Monitor,Continue monitoring and regular customer engagement,101.89930555555556,3,497.0,165.66666666666666,363.9527777777778,2,1,0.0082202415837665
14581,0,0.79029036,Critical,High Priority,Targeted re-engagement campaign with personalised offer,363.87638888888887,1,271.05,271.05,363.87638888888887,43,0,0.0027406541789266
16647,0,0.43415368,Medium,Monitor,Continue monitoring and regular customer engagement,24.138194444444444,3,455.59,151.86333333333334,363.87361111111113,25,1,0.0082220251304675
16622,1,0.8309579,Critical,High Priority,Targeted re-engagement campaign with personalised offer,363.0875,1,225.4,225.4,363.0875,12,0,0.0027465925086689
13383,1,0.77869725,Critical,High Priority,Targeted re-engagement campaign with personalised offer,363.0451388888889,1,305.28000000000003,305.28000000000003,363.0451388888889,1,0,0.0027469121083504
13559,1,0.72547185,Critical,High Priority,Targeted re-engagement campaign with personalised offer,332.1236111111112,2,990.0,495.0,363.04027777777776,1,1,0.0054938975769622
16625,1,0.23346198,Low,Monitor,Continue monitoring and regular customer engagement,94.0,5,1654.03,330.806,363.0375,82,1,0.0137348487449781
12897,1,0.36304483,Medium,Monitor,Continue monitoring and regular customer engagement,24.025694444444444,4,514.25,128.5625,363.0361111111111,10,1,0.0109879209174913
15150,0,0.07715317,Low,Monitor,Continue monitoring and regular customer engagement,5.999305555555556,5,5004.68,1000.936,363.0340277777778,318,1,0.013734979750443
18020,1,0.883008,Critical,High Priority,Targeted re-engagement campaign with personalised offer,363.0131944444444,1,190.48,190.48,363.0131944444444,12,0,0.0027471531671432
15901,0,0.6636691,High,Medium Priority,Automated re-engagement reminder or promotional campaign,270.9402777777778,4,335.99,83.9975,363.0076388888889,49,1,0.0109887803789221
15016,0,0.47647786,Medium,Monitor,Continue monitoring and regular customer engagement,212.84722222222223,4,450.85,112.7125,362.9888888888889,77,1,0.0109893464391464
16007,0,0.059918746,Low,Monitor,Continue monitoring and regular customer engagement,0.0340277777777777,5,2086.92,417.384,362.9805555555556,269,1,0.0137369975502354
15361,1,0.59160453,High,Medium Priority,Automated re-engagement reminder or promotional campaign,181.1236111111111,4,689.07,172.2675,362.97430555555553,10,1,0.0109897867485304
15817,1,0.5099277,Medium,Monitor,Continue monitoring and regular customer engagement,240.0715277777778,3,2766.4,922.1333333333332,362.9715277777778,133,1,0.0082424029657386
12637,0,0.08147056,Low,Monitor,Continue monitoring and regular customer engagement,58.94097222222222,8,4668.06,583.5075,362.9680555555556,228,1,0.0219799509267067
13069,0,0.017757928,Low,Monitor,Continue monitoring and regular customer engagement,0.0111111111111111,30,7758.26,258.6086666666667,362.9326388888889,528,1,0.0824328372733812
16500,0,0.5722317,High,Medium Priority,Automated re-engagement reminder or promotional campaign,150.0986111111111,4,608.05,152.0125,362.9138888888889,20,1,0.0109916112633483
15905,1,0.8923734,Critical,High Priority,Targeted re-engagement campaign with personalised offer,362.86805555555554,1,114.69,114.69,362.86805555555554,22,0,0.0027482489455503
17922,1,0.90432566,Critical,High Priority,Targeted re-engagement campaign with personalised offer,362.84583333333336,1,170.4,170.4,362.84583333333336,8,0,0.0027484167974073
14139,0,0.71280134,Critical,High Priority,Targeted re-engagement campaign with personalised offer,309.9513888888889,3,670.98,223.66,362.1479166666667,29,1,0.008261096545829
16205,0,0.44224507,Medium,Monitor,Continue monitoring and regular customer engagement,216.02291666666667,3,1062.48,354.16,362.0361111111111,89,1,0.00826364074587
13297,0,0.39603218,Medium,Monitor,Continue monitoring and regular customer engagement,204.95902777777775,3,2278.77,759.59,362.0104166666667,58,1,0.0082642256592728
17571,0,0.38189366,Medium,Monitor,Continue monitoring and regular customer engagement,97.04583333333332,3,563.54,187.84666666666664,362.0,95,1,0.0082644628099173
15816,1,0.8856079,Critical,High Priority,Targeted re-engagement campaign with personalised offer,361.9680555555556,2,144.14999999999998,72.07499999999999,361.9972222222222,11,0,0.0055096840349252
13168,0,0.20180097,Low,Monitor,Continue monitoring and regular customer engagement,18.954166666666666,4,1494.2,373.55,361.90972222222223,119,1,0.0110220249143688
15625,0,0.115942925,Low,Monitor,Continue monitoring and regular customer engagement,54.95069444444445,6,2397.47,399.5783333333333,361.89375,101,1,0.0165337650483095
15926,1,0.8433256,Critical,High Priority,Targeted re-engagement campaign with personalised offer,361.89375,1,134.44,134.44,361.89375,7,0,0.0027556275080515
14634,1,0.6112512,High,High Priority,Targeted re-engagement campaign with personalised offer,257.09027777777777,4,2124.46,531.115,361.12638888888887,105,1,0.0110458671964591
18042,0,0.9023132,Critical,High Priority,Targeted re-engagement campaign with personalised offer,361.08125,1,116.1,116.1,361.08125,9,0,0.002761811057601
15040,1,0.89278656,Critical,High Priority,Targeted re-engagement campaign with personalised offer,361.0486111111111,1,7.49,7.49,361.0486111111111,1,0,0.0027620600364438
17952,1,0.4596289,Medium,Monitor,Continue monitoring and regular customer engagement,197.95555555555555,4,788.46,197.115,361.0388888888889,85,1,0.0110485368361287
13567,1,0.43485904,Medium,Monitor,Continue monitoring and regular customer engagement,247.9993055555556,4,1079.29,269.8225,361.00138888888887,180,1,0.0110496813624871
13586,1,0.900603,Critical,High Priority,Targeted re-engagement campaign with personalised offer,360.9604166666667,1,127.28,127.28,360.9604166666667,20,0,0.0027627330336535
14374,1,0.90277076,Critical,High Priority,Targeted re-engagement campaign with personalised offer,360.93402777777777,1,108.0,108.0,360.93402777777777,7,0,0.0027629344666481
15432,0,0.83756673,Critical,High Priority,Targeted re-engagement campaign with personalised offer,360.9277777777778,1,149.57,149.57,360.9277777777778,6,0,0.0027629821787649
14375,1,0.25332034,Medium,Monitor,Continue monitoring and regular customer engagement,4.9625,3,1106.82,368.94,360.9277777777778,176,1,0.0082889465362948
14619,1,0.4721147,Medium,Monitor,Continue monitoring and regular customer engagement,65.21736111111112,2,1291.24,645.62,360.92291666666665,58,1,0.0055260385786568
14075,0,0.3782005,Medium,Monitor,Continue monitoring and regular customer engagement,80.84375,4,1100.53,275.1325,360.91875,48,1,0.011052204396705
17401,1,0.9023132,Critical,High Priority,Targeted re-engagement campaign with personalised offer,360.8305555555556,1,114.85,114.85,360.8305555555556,11,0,0.0027637245794916
13112,1,0.8578032,Critical,High Priority,Targeted re-engagement campaign with personalised offer,360.8243055555556,1,20.6,20.6,360.8243055555556,2,0,0.0027637723189009
16492,1,0.78765494,Critical,High Priority,Targeted re-engagement campaign with personalised offer,360.1875,1,385.56,385.56,360.1875,23,0,0.0027686450943069
13919,0,0.6207356,High,Medium Priority,Automated re-engagement reminder or promotional campaign,244.03958333333333,2,975.87,487.935,360.1388888888889,45,1,0.005538035535728
16134,0,0.37792337,Medium,Monitor,Continue monitoring and regular customer engagement,178.95138888888889,4,1810.78,452.695,360.12638888888887,71,1,0.011076454457696
17098,1,0.554767,High,Medium Priority,Automated re-engagement reminder or promotional campaign,201.02569444444444,3,591.0699999999999,197.0233333333333,360.09722222222223,10,1,0.0083080118466094
12746,1,0.8168546,Critical,High Priority,Targeted re-engagement campaign with personalised offer,360.08958333333334,1,254.55,254.55,360.08958333333334,17,0,0.0027693958678305
17692,0,0.063784085,Low,Monitor,Continue monitoring and regular customer engagement,46.16041666666667,11,2858.32,259.8472727272727,360.06666666666666,88,1,0.0304652880354505
16515,0,0.120913655,Low,Monitor,Continue monitoring and regular customer engagement,66.06805555555556,7,2174.26,310.60857142857145,360.0229166666667,150,1,0.0193893508606909
13608,1,0.8072895,Critical,High Priority,Targeted re-engagement campaign with personalised offer,360.0152777777778,1,232.05,232.05,360.0152777777778,31,0,0.0027699658755592
14508,0,0.38915917,Medium,Monitor,Continue monitoring and regular customer engagement,195.97847222222225,3,554.87,184.95666666666668,359.9916666666667,100,1,0.0083104411459174
16925,1,0.8735933,Critical,High Priority,Targeted re-engagement campaign with personalised offer,359.90763888888887,1,125.65,125.65,359.90763888888887,18,0,0.002770792003956
17953,1,0.8838298,Critical,High Priority,Targeted re-engagement campaign with personalised offer,359.90416666666664,1,159.17000000000002,159.17000000000002,359.90416666666664,20,0,0.0027708186614636
15718,1,0.85432553,Critical,High Priority,Targeted re-engagement campaign with personalised offer,359.8541666666667,1,293.79,293.79,359.8541666666667,18,0,0.0027712025864557
17341,0,0.35018075,Medium,Monitor,Continue monitoring and regular customer engagement,186.00277777777777,3,1006.53,335.51,359.7729166666667,180,1,0.0083154800746083
13277,0,0.5659676,High,Medium Priority,Automated re-engagement reminder or promotional campaign,199.88611111111112,3,264.9,88.3,359.1701388888889,7,1,0.0083293967935678
16155,1,0.55187273,High,Medium Priority,Automated re-engagement reminder or promotional campaign,201.0326388888889,5,796.9,159.38,359.06041666666664,45,1,0.0138865583900849
14919,1,0.83583975,Critical,High Priority,Targeted re-engagement campaign with personalised offer,358.9888888888889,1,359.35,359.35,358.9888888888889,13,0,0.0027778635143059
12412,0,0.5152689,Medium,Monitor,Continue monitoring and regular customer engagement,221.825,3,1370.05,456.6833333333333,358.97777777777776,50,1,0.0083338477683807
14840,1,0.67714524,High,Medium Priority,Automated re-engagement reminder or promotional campaign,87.03472222222223,2,362.71,181.355,358.8805555555556,20,1,0.0055573994458037
16486,1,0.89886844,Critical,High Priority,Targeted re-engagement campaign with personalised offer,357.0236111111111,1,134.36,134.36,357.0236111111111,7,0,0.0027931118757685
18128,1,0.7482644,Critical,High Priority,Targeted re-engagement campaign with personalised offer,356.9798611111111,1,399.29,399.29,356.9798611111111,42,0,0.0027934532319671
15247,0,0.6859104,High,Medium Priority,Automated re-engagement reminder or promotional campaign,297.1090277777778,2,620.06,310.03,356.9458333333333,10,1,0.0055874375778458
16739,0,0.7372928,Critical,High Priority,Targeted re-engagement campaign with personalised offer,356.1333333333333,1,463.43,463.43,356.1333333333333,25,0,0.0028000746686578
15786,0,0.32275116,Medium,Monitor,Continue monitoring and regular customer engagement,237.19375,2,3582.62,1791.31,356.1090277777778,166,1,0.005600530494694
12469,1,0.67450863,High,High Priority,Targeted re-engagement campaign with personalised offer,342.00694444444446,2,3070.54,1535.27,356.09722222222223,76,1,0.0056007156469993
14338,0,0.46115533,Medium,Monitor,Continue monitoring and regular customer engagement,15.97222222222222,2,919.85,459.925,356.09583333333336,43,1,0.0056007374304283
13707,1,0.18087825,Low,Monitor,Continue monitoring and regular customer engagement,86.78263888888888,5,3365.86,673.1719999999999,356.0368055555556,142,1,0.0140041584570529
16815,1,0.5841243,High,Medium Priority,Automated re-engagement reminder or promotional campaign,273.0770833333333,2,406.02,203.01,356.03125,66,1,0.0056017505470459
16062,0,0.13208678,Low,Monitor,Continue monitoring and regular customer engagement,60.90416666666667,6,2288.01,381.335,355.97083333333336,115,1,0.0168080958995249
16315,1,0.63121533,High,Medium Priority,Automated re-engagement reminder or promotional campaign,150.03680555555556,2,402.71,201.355,355.95625,21,1,0.0056029275296342
16503,0,0.042068068,Low,Monitor,Continue monitoring and regular customer engagement,33.87638888888889,10,3275.8,327.58,355.94652777777776,157,1,0.0280154006883228
17192,1,0.9061662,Critical,High Priority,Targeted re-engagement campaign with personalised offer,355.86319444444445,1,75.28,75.28,355.86319444444445,20,0,0.0028021942737938
15081,0,0.09056316,Low,Monitor,Continue monitoring and regular customer engagement,27.971527777777776,9,1597.82,177.53555555555556,355.10069444444446,65,1,0.0252737502072018
12774,1,0.8953556,Critical,High Priority,Targeted re-engagement campaign with personalised offer,355.09166666666664,1,98.7,98.7,355.09166666666664,6,0,0.0028082656619316
16227,1,0.37904945,Medium,Monitor,Continue monitoring and regular customer engagement,44.97013888888889,3,1027.22,342.4066666666667,354.9736111111111,28,1,0.0084275909965236
12724,0,0.41326553,Medium,Monitor,Continue monitoring and regular customer engagement,151.90972222222223,4,1441.01,360.2525,354.9513888888889,69,1,0.0112374895136274
16894,1,0.5861688,High,Medium Priority,Automated re-engagement reminder or promotional campaign,321.8798611111111,3,1306.96,435.65333333333336,354.9368055555556,186,1,0.0084284624494438
15809,0,0.17085692,Low,Monitor,Continue monitoring and regular customer engagement,3.888194444444444,6,1157.88,192.98,354.93541666666664,45,1,0.016856990675977
14874,1,0.8482988,Critical,High Priority,Targeted re-engagement campaign with personalised offer,354.9111111111111,1,116.18,116.18,354.9111111111111,6,0,0.0028096903096903
14793,0,0.78912044,Critical,High Priority,Targeted re-engagement campaign with personalised offer,354.8305555555556,1,396.91,396.91,354.8305555555556,25,0,0.0028103263881841
16680,0,0.6944376,High,Medium Priority,Automated re-engagement reminder or promotional campaign,347.91527777777776,2,637.75,318.875,354.1388888888889,16,1,0.0056315995307
17422,0,0.08604903,Low,Monitor,Continue monitoring and regular customer engagement,40.08402777777778,7,2243.46,320.4942857142857,354.1048611111111,95,1,0.0197124871174594
12792,1,0.54580456,High,Medium Priority,Automated re-engagement reminder or promotional campaign,76.0513888888889,2,827.01,413.505,354.0840277777778,39,1,0.0056324696228005
17380,1,0.6780987,High,Medium Priority,Automated re-engagement reminder or promotional campaign,253.8388888888889,3,645.0,215.0,354.0597222222222,5,1,0.0084492827888891
14725,0,0.48934007,Medium,Monitor,Continue monitoring and regular customer engagement,214.04375,3,597.16,199.05333333333337,354.0527777777778,41,1,0.0084494480476298
17310,1,0.5561766,High,Medium Priority,Automated re-engagement reminder or promotional campaign,206.86805555555557,2,1025.1,512.55,354.05,1,1,0.0056330094352908
13942,1,0.77846617,Critical,High Priority,Targeted re-engagement campaign with personalised offer,354.0104166666667,1,320.0,320.0,354.0104166666667,1,0,0.0028168187553182
12379,0,0.59879965,High,Medium Priority,Automated re-engagement reminder or promotional campaign,241.91944444444445,2,767.98,383.99,354.00069444444443,37,1,0.0056337917961819
16825,0,0.22301999,Low,Monitor,Continue monitoring and regular customer engagement,5.129166666666666,4,1370.41,342.6025,353.9833333333333,35,1,0.0112681346542091
16180,0,0.042555112,Low,Monitor,Continue monitoring and regular customer engagement,30.038888888888888,9,8741.12,971.2355555555556,353.9798611111111,162,1,0.0253535509643543
14509,1,0.8914035,Critical,High Priority,Targeted re-engagement campaign with personalised offer,353.9784722222222,1,110.95,110.95,353.9784722222222,25,0,0.0028170722402962
15248,1,0.4674066,Medium,Monitor,Continue monitoring and regular customer engagement,230.98680555555555,3,1893.93,631.3100000000001,353.9277777777778,103,1,0.0084524238107909
15991,1,0.8926786,Critical,High Priority,Targeted re-engagement campaign with personalised offer,353.875,1,150.55,150.55,353.875,6,0,0.0028178936245156
17304,1,0.8962778,Critical,High Priority,Targeted re-engagement campaign with personalised offer,353.8520833333333,1,111.5,111.5,353.8520833333333,5,0,0.0028180756066201
15913,1,0.89405495,Critical,High Priority,Targeted re-engagement campaign with personalised offer,353.8465277777778,1,6.300000000000001,6.300000000000001,353.8465277777778,1,0,0.0028181197270337
17686,0,0.08163787,Low,Monitor,Continue monitoring and regular customer engagement,19.940277777777776,6,5594.1,932.35,353.12569444444443,209,1,0.0169431365589352
12705,0,0.036455736,Low,Monitor,Continue monitoring and regular customer engagement,20.949305555555554,8,8057.91,1007.23875,353.1243055555556,251,1,0.0225909373474082
14566,0,0.5100909,Medium,Monitor,Continue monitoring and regular customer engagement,236.9118055555556,3,2660.0,886.6666666666666,353.09444444444443,8,1,0.008472315923247
16683,1,0.7647659,Critical,High Priority,Targeted re-engagement campaign with personalised offer,353.0930555555556,1,320.25,320.25,353.0930555555556,18,0,0.0028241163849741
15043,0,0.60725385,High,High Priority,Targeted re-engagement campaign with personalised offer,282.9034722222222,5,2333.32,466.66399999999993,352.875,39,1,0.0141292829388908
12741,1,0.80130154,Critical,High Priority,Targeted re-engagement campaign with personalised offer,348.9263888888889,2,406.07,203.035,352.8513888888889,16,1,0.0056520902921424
17099,1,0.72913533,Critical,High Priority,Targeted re-engagement campaign with personalised offer,352.85069444444446,1,582.17,582.17,352.85069444444446,40,0,0.0028260506922842
15629,1,0.5721624,High,High Priority,Targeted re-engagement campaign with personalised offer,269.9611111111111,4,2240.9,560.225,352.0493055555556,39,1,0.0113298622516921
14326,1,0.40889204,Medium,Monitor,Continue monitoring and regular customer engagement,61.90694444444444,3,940.98,313.66,352.02777777777777,54,1,0.0084979148634825
16961,0,0.41995004,Medium,Monitor,Continue monitoring and regular customer engagement,207.8423611111111,2,560.39,280.195,351.9263888888889,38,1,0.0056669040994541
15824,1,0.6198425,High,Medium Priority,Automated re-engagement reminder or promotional campaign,272.9791666666667,2,890.94,445.47,351.90277777777777,24,1,0.0056672832460939
16539,0,0.088898376,Low,Monitor,Continue monitoring and regular customer engagement,39.12361111111111,9,2954.46,328.2733333333333,351.8930555555556,81,1,0.0255034772102029
15779,1,0.8359385,Critical,High Priority,Targeted re-engagement campaign with personalised offer,282.84027777777777,2,124.08,62.04,351.87152777777777,8,1,0.0056677851358398
14058,1,0.75612974,Critical,High Priority,Targeted re-engagement campaign with personalised offer,282.1381944444444,2,469.19,234.59500000000003,350.05625,23,1,0.0056970927023803
13861,1,0.6424117,High,Medium Priority,Automated re-engagement reminder or promotional campaign,248.9375,2,273.26,136.63,350.05069444444445,21,1,0.0056971828617661
14199,1,0.45632938,Medium,Monitor,Continue monitoring and regular customer engagement,37.9625,4,1091.7,272.92499999999995,350.02569444444447,15,1,0.0113951772286375
17194,1,0.45283437,Medium,Monitor,Continue monitoring and regular customer engagement,93.03125,3,812.5,270.8333333333333,349.9819444444444,57,1,0.0085474482305595
16529,1,0.25122735,Medium,Monitor,Continue monitoring and regular customer engagement,9.810416666666669,4,1986.8,496.7,349.97291666666666,87,1,0.0113968907857325
15264,0,0.6699758,High,Medium Priority,Automated re-engagement reminder or promotional campaign,349.97291666666666,1,454.66,454.66,349.97291666666666,32,0,0.0028492226964331
17812,0,0.49495277,Medium,Monitor,Continue monitoring and regular customer engagement,187.89097222222225,4,405.48,101.37,349.96944444444443,79,1,0.0113970035378198
16733,1,0.8387438,Critical,High Priority,Targeted re-engagement campaign with personalised offer,349.1097222222222,1,259.68,259.68,349.1097222222222,12,0,0.002856247446237
17437,1,0.758775,Critical,High Priority,Targeted re-engagement campaign with personalised offer,349.06875,1,369.68,369.68,349.06875,52,0,0.0028565817428719
16012,0,0.42391282,Medium,Monitor,Continue monitoring and regular customer engagement,220.96041666666667,2,1563.3,781.6500000000001,349.0493055555556,138,1,0.0057134808390087
13129,1,0.6460681,High,Medium Priority,Automated re-engagement reminder or promotional campaign,271.9604166666667,2,233.25,116.625,349.0388888888889,10,1,0.0057136508641896
17578,1,0.34120333,Medium,Monitor,Continue monitoring and regular customer engagement,37.75833333333333,7,1047.33,149.6185714285714,349.03819444444446,57,1,0.0199978176984654
13123,1,0.7078532,High,Medium Priority,Automated re-engagement reminder or promotional campaign,292.10555555555555,2,506.75,253.375,349.0048611111111,36,1,0.0057142063503086
12451,0,0.092509165,Low,Monitor,Continue monitoring and regular customer engagement,37.80277777777778,5,8942.18,1788.436,348.99444444444447,259,1,0.0142859410466832
12784,0,0.6775307,High,Medium Priority,Automated re-engagement reminder or promotional campaign,348.9888888888889,1,1230.33,1230.33,348.9888888888889,72,0,0.0028572335629702
17326,1,0.5231965,High,Medium Priority,Automated re-engagement reminder or promotional campaign,227.88333333333333,2,312.35,156.175,348.9479166666667,82,1,0.0057151361809793
12485,1,0.72339195,Critical,High Priority,Targeted re-engagement campaign with personalised offer,348.89444444444445,1,708.1,708.1,348.89444444444445,34,0,0.0028580047950969
14020,0,0.7220251,Critical,High Priority,Targeted re-engagement campaign with personalised offer,295.9868055555556,2,606.21,303.105,348.8895833333333,29,1,0.0057160890042692
13859,1,0.6193091,High,Medium Priority,Automated re-engagement reminder or promotional campaign,145.85833333333332,2,515.86,257.93,348.8847222222222,34,1,0.0057161684205512
12527,0,0.4575954,Medium,Monitor,Continue monitoring and regular customer engagement,114.13125,4,671.72,167.93,348.88402777777776,24,1,0.0114323595318289
12799,1,0.8407921,Critical,High Priority,Targeted re-engagement campaign with personalised offer,348.8701388888889,1,219.35,219.35,348.8701388888889,15,0,0.0028582033413191
13023,0,0.72898173,Critical,High Priority,Targeted re-engagement campaign with personalised offer,348.1236111111112,1,759.13,759.13,348.1243055555556,36,0,0.0028643093135802
13299,1,0.5142185,Medium,Monitor,Continue monitoring and regular customer engagement,87.99652777777777,3,1218.7,406.23333333333335,348.05555555555554,56,1,0.0085946204042654
14774,1,0.8605824,Critical,High Priority,Targeted re-engagement campaign with personalised offer,348.01666666666665,1,241.45,241.45,348.01666666666665,13,0,0.002865192684208
12788,1,0.7794637,Critical,High Priority,Targeted re-engagement campaign with personalised offer,282.9368055555556,4,444.9,111.225,347.9895833333333,20,1,0.0114616601498373
12529,1,0.74002093,Critical,High Priority,Targeted re-engagement campaign with personalised offer,347.9861111111111,1,316.48,316.48,347.9861111111111,21,0,0.0028654435467823
13620,1,0.8810547,Critical,High Priority,Targeted re-engagement campaign with personalised offer,347.90833333333336,1,112.34,112.34,347.90833333333336,5,0,0.0028660823043301
15430,1,0.7105359,Critical,High Priority,Targeted re-engagement campaign with personalised offer,287.0888888888889,2,954.75,477.375,347.90694444444443,36,1,0.0057321874266061
12415,0,0.03725728,Low,Monitor,Continue monitoring and regular customer engagement,22.94236111111111,14,70427.74,5030.552857142858,347.18055555555554,295,1,0.0402090230962543
15842,1,0.52146775,Medium,Monitor,Continue monitoring and regular customer engagement,212.94583333333333,2,548.8,274.4,347.1555555555556,24,1,0.0057445586264122
13752,0,0.09469186,Low,Monitor,Continue monitoring and regular customer engagement,4.084027777777778,5,1295.98,259.196,347.1020833333333,69,1,0.0143636026309332
13739,0,0.88353527,Critical,High Priority,Targeted re-engagement campaign with personalised offer,347.10069444444446,1,75.3,75.3,347.10069444444446,3,0,0.0028727319880701
14398,1,0.56484187,High,Medium Priority,Automated re-engagement reminder or promotional campaign,220.9611111111111,2,707.79,353.895,347.0368055555556,50,1,0.0057465186672067
17666,0,0.6793706,High,Medium Priority,Automated re-engagement reminder or promotional campaign,297.01875,3,1319.64,439.88,347.03263888888887,17,1,0.0086198811972855
18053,0,0.7592531,Critical,High Priority,Targeted re-engagement campaign with personalised offer,345.0472222222222,2,271.05,135.525,347.0097222222222,12,1,0.005746965881381
14217,0,0.06252489,Low,Monitor,Continue monitoring and regular customer engagement,4.169444444444444,14,2282.86,163.0614285714286,346.9972222222222,95,1,0.0402302061798066
15486,1,0.8830259,Critical,High Priority,Targeted re-engagement campaign with personalised offer,346.9826388888889,1,102.0,102.0,346.9826388888889,1,0,0.0028737065825841
17748,1,0.8270698,Critical,High Priority,Targeted re-engagement campaign with personalised offer,346.9590277777778,1,358.15,358.15,346.9590277777778,17,0,0.0028739015808454
13814,0,0.65642124,High,Medium Priority,Automated re-engagement reminder or promotional campaign,346.9430555555556,1,678.2,678.2,346.9430555555556,22,0,0.0028740335064406
13649,1,0.18340984,Low,Monitor,Continue monitoring and regular customer engagement,76.04097222222222,6,1453.68,242.28,346.84375,97,1,0.0172491240679184
12575,1,0.6578199,High,Medium Priority,Automated re-engagement reminder or promotional campaign,276.9868055555556,2,622.8199999999999,311.41,346.14930555555554,34,1,0.0057612098540693
12653,0,0.53691065,High,High Priority,Targeted re-engagement campaign with personalised offer,116.08125,2,2730.08,1365.04,346.12083333333334,55,1,0.005761682411264
15852,1,0.44020084,Medium,Monitor,Continue monitoring and regular customer engagement,6.061111111111111,3,257.26,85.75333333333333,346.1069444444444,31,1,0.0086428694326516
17239,1,0.46533737,Medium,Monitor,Continue monitoring and regular customer engagement,132.13125,4,1189.45,297.3625,346.08125,18,1,0.0115246790196819
15888,0,0.5800911,High,Medium Priority,Automated re-engagement reminder or promotional campaign,220.11875,2,260.85,130.425,346.0409722222222,24,1,0.0057630082903275
18109,0,0.049638703,Low,Monitor,Continue monitoring and regular customer engagement,0.0326388888888888,24,4439.8,184.99166666666667,346.02569444444447,186,1,0.0691591440755467
17651,0,0.6387624,High,Medium Priority,Automated re-engagement reminder or promotional campaign,318.0152777777778,6,1758.52,293.0866666666667,346.0229166666667,84,1,0.0172899244166151
13302,0,0.8776322,Critical,High Priority,Targeted re-engagement campaign with personalised offer,346.0125,1,95.45,95.45,346.0125,2,0,0.002881740571305
15851,1,0.88512653,Critical,High Priority,Targeted re-engagement campaign with personalised offer,346.0111111111111,1,109.73,109.73,346.0111111111111,8,0,0.00288175210528
16926,1,0.55419075,High,Medium Priority,Automated re-engagement reminder or promotional campaign,190.9638888888889,5,1169.61,233.922,345.9951388888889,63,1,0.014409423763141
12576,0,0.14928713,Low,Monitor,Continue monitoring and regular customer engagement,37.90416666666667,5,1248.54,249.708,345.9611111111111,74,1,0.0144108369493859
13292,0,0.4341117,Medium,Monitor,Continue monitoring and regular customer engagement,103.90972222222224,4,665.14,166.285,345.9263888888889,41,1,0.0115298234095449
13439,1,0.3610524,Medium,Monitor,Continue monitoring and regular customer engagement,74.9375,3,986.61,328.87,345.9263888888889,132,1,0.0086473675571586
17187,1,0.51320094,Medium,Monitor,Continue monitoring and regular customer engagement,46.00763888888889,2,467.71,233.855,345.925,21,1,0.0057649347841752
18217,0,0.695327,High,Medium Priority,Automated re-engagement reminder or promotional campaign,333.0159722222222,2,323.29,161.645,345.8826388888889,7,1,0.0057656387947412
17080,0,0.47499794,Medium,Monitor,Continue monitoring and regular customer engagement,89.03125,6,746.23,124.37166666666668,345.86597222222224,19,1,0.0172977474889236
16907,0,0.28739762,Medium,Monitor,Continue monitoring and regular customer engagement,53.9125,7,1073.24,153.32,345.80555555555554,88,1,0.0201842210652783
14693,1,0.45520437,Medium,Monitor,Continue monitoring and regular customer engagement,84.0,7,1165.36,166.48000000000002,345.18194444444447,43,1,0.0202205808602573
18230,0,0.12958845,Low,Monitor,Continue monitoring and regular customer engagement,26.87638888888889,5,2735.1600000000003,547.032,345.1173611111111,42,1,0.0144459670672078
12633,0,0.11142901,Low,Monitor,Continue monitoring and regular customer engagement,16.097916666666666,5,5243.73,1048.746,345.0458333333333,209,1,0.0144489530529433
14699,1,0.33113256,Medium,Monitor,Continue monitoring and regular customer engagement,33.91388888888889,4,702.6,175.65,345.03194444444443,45,1,0.0115596263992967
14963,0,0.03006454,Low,Monitor,Continue monitoring and regular customer engagement,3.013888888888889,8,1945.43,243.17875,345.0048611111111,215,1,0.0231210624449319
13246,0,0.034763463,Low,Monitor,Continue monitoring and regular customer engagement,26.008333333333333,9,3016.27,335.1411111111111,344.9680555555556,207,1,0.0260139624323054
14366,1,0.8835968,Critical,High Priority,Targeted re-engagement campaign with personalised offer,344.81041666666664,1,136.0,136.0,344.81041666666664,1,0,0.0028917578875708
13125,1,0.8812498,Critical,High Priority,Targeted re-engagement campaign with personalised offer,343.0361111111111,1,148.62,148.62,343.0361111111111,20,0,0.0029066716187738
14647,1,0.5569149,High,Medium Priority,Automated re-engagement reminder or promotional campaign,20.96527777777778,2,506.04,253.02,342.9743055555556,42,1,0.0058143877833252
16032,1,0.556271,High,High Priority,Targeted re-engagement campaign with personalised offer,275.78472222222223,6,1965.72,327.62,342.9715277777778,130,1,0.0174433042140519
13029,0,0.54232776,High,Medium Priority,Automated re-engagement reminder or promotional campaign,172.95625,3,1062.3,354.1,342.9611111111111,6,1,0.0087219162373007
17376,0,0.5376859,High,Medium Priority,Automated re-engagement reminder or promotional campaign,130.94305555555556,3,356.29,118.76333333333332,342.06875,37,1,0.0087446029403727
15627,1,0.66553134,High,Medium Priority,Automated re-engagement reminder or promotional campaign,276.94166666666666,2,566.9,283.45000000000005,342.0375,23,1,0.0058302663702947
15678,0,0.48712817,Medium,Monitor,Continue monitoring and regular customer engagement,214.925,2,1473.24,736.62,342.00069444444443,67,1,0.0058308919847505
16110,0,0.3086621,Medium,Monitor,Continue monitoring and regular customer engagement,81.95555555555555,3,1138.82,379.6066666666666,341.9902777777778,235,1,0.0087466036047345
15969,0,0.34720802,Medium,Monitor,Continue monitoring and regular customer engagement,5.021527777777778,3,769.65,256.55,341.9861111111111,23,1,0.0087467098602956
12953,0,0.71980876,Critical,High Priority,Targeted re-engagement campaign with personalised offer,341.9673611111112,1,498.96,498.96,341.9673611111112,31,0,0.0029157293474233
12693,0,0.12069362,Low,Monitor,Continue monitoring and regular customer engagement,31.165277777777774,6,1477.88,246.31333333333336,341.95416666666665,59,1,0.017495049144079
15076,0,0.58816576,High,Medium Priority,Automated re-engagement reminder or promotional campaign,311.9673611111112,2,566.89,283.44500000000005,341.94375,30,1,0.0058318601811521
14900,1,0.8821359,Critical,High Priority,Targeted re-engagement campaign with personalised offer,341.9034722222222,1,13.919999999999998,13.919999999999998,341.9034722222222,1,0,0.0029162725985811
16576,1,0.52631086,High,Medium Priority,Automated re-engagement reminder or promotional campaign,239.9673611111111,2,540.87,270.435,341.0888888888889,32,1,0.0058464336754579
17901,0,0.8545415,Critical,High Priority,Targeted re-engagement campaign with personalised offer,341.0729166666667,2,149.7,74.85,341.0805555555556,3,0,0.005846576098872
12403,0,0.7260128,Critical,High Priority,Targeted re-engagement campaign with personalised offer,341.0493055555556,1,591.6600000000001,591.6600000000001,341.0493055555556,4,0,0.0029235551242409
12730,1,0.7297511,Critical,High Priority,Targeted re-engagement campaign with personalised offer,341.0215277777778,1,829.25,829.25,341.0215277777778,47,0,0.0029237925650391
14452,0,0.53059274,High,Medium Priority,Automated re-engagement reminder or promotional campaign,214.9423611111111,2,399.9,199.95,340.9840277777778,62,1,0.0058482263426045
12749,0,0.11029074,Low,Monitor,Continue monitoring and regular customer engagement,32.892361111111114,5,3665.58,733.116,340.90625,157,1,0.0146238917832008
13909,1,0.60440826,High,Medium Priority,Automated re-engagement reminder or promotional campaign,242.8111111111111,2,282.85,141.42499999999998,340.83194444444445,35,1,0.0058508282578752
16443,1,0.8547982,Critical,High Priority,Targeted re-engagement campaign with personalised offer,340.0368055555556,1,162.24,162.24,340.0368055555556,1,0,0.0029322348312845
15133,0,0.2810147,Medium,Monitor,Continue monitoring and regular customer engagement,77.07916666666667,4,1482.38,370.595,340.0131944444444,34,1,0.0117297514147994
17129,1,0.8765586,Critical,High Priority,Targeted re-engagement campaign with personalised offer,339.9611111111111,1,31.85,31.85,339.9611111111111,2,0,0.0029328857966858
13534,0,0.056506313,Low,Monitor,Continue monitoring and regular customer engagement,6.157638888888889,27,4803.9,177.92222222222222,339.90972222222223,132,1,0.0791998533336049
16649,1,0.8449089,Critical,High Priority,Targeted re-engagement campaign with personalised offer,339.88125,1,306.58000000000004,306.58000000000004,339.88125,20,0,0.0029335729084541
15056,1,0.8792231,Critical,High Priority,Targeted re-engagement campaign with personalised offer,339.86944444444447,1,113.65,113.65,339.86944444444447,6,0,0.0029336745088132
13677,1,0.51393116,Medium,Monitor,Continue monitoring and regular customer engagement,224.05416666666667,2,551.24,275.62,339.80902777777777,98,1,0.0058683891475553
15127,0,0.76789325,Critical,High Priority,Targeted re-engagement campaign with personalised offer,339.11319444444445,1,304.97,304.97,339.11319444444445,12,0,0.0029401976057807
12782,0,0.09611191,Low,Monitor,Continue monitoring and regular customer engagement,73.00972222222222,9,3850.27,427.8077777777778,338.9715277777778,121,1,0.0264728051164415
12592,0,0.30956203,Medium,Monitor,Continue monitoring and regular customer engagement,32.9625,4,2376.86,594.215,338.9472222222222,40,1,0.0117665323865632
16650,0,0.5449778,High,Medium Priority,Automated re-engagement reminder or promotional campaign,239.89027777777775,6,1397.69,232.94833333333332,338.93888888888887,53,1,0.017650231250715
12963,0,0.28628892,Medium,Monitor,Continue monitoring and regular customer engagement,185.15,5,1744.96,348.992,338.9201388888889,74,1,0.0147093373647813
18279,1,0.787175,Critical,High Priority,Targeted re-engagement campaign with personalised offer,338.91805555555555,1,231.34,231.34,338.91805555555555,13,0,0.0029418855034505
12841,0,0.03519436,Low,Monitor,Continue monitoring and regular customer engagement,0.0208333333333333,28,5106.08,182.36,338.8833333333333,226,1,0.0823812092384641
13399,1,0.7846014,Critical,High Priority,Targeted re-engagement campaign with personalised offer,283.9520833333333,3,275.4,91.8,338.79375,10,1,0.0088288851693122
17492,1,0.41554844,Medium,Monitor,Continue monitoring and regular customer engagement,67.8951388888889,3,1122.42,374.14,337.9743055555556,32,1,0.0088502283235987
14580,1,0.88343745,Critical,High Priority,Targeted re-engagement campaign with personalised offer,337.8958333333333,1,14.85,14.85,337.8958333333333,1,0,0.0029507592057539
15283,1,0.7290455,Critical,High Priority,Targeted re-engagement campaign with personalised offer,209.9138888888889,3,148.33,49.443333333333335,337.8777777777778,9,1,0.0088527492704678
16049,0,0.32979855,Medium,Monitor,Continue monitoring and regular customer engagement,194.92638888888888,3,777.34,259.11333333333334,335.95625,175,1,0.0089032329864782
14516,1,0.81543654,Critical,High Priority,Targeted re-engagement campaign with personalised offer,335.94652777777776,1,151.17,151.17,335.94652777777776,35,0,0.0029678299598312
13779,1,0.87579876,Critical,High Priority,Targeted re-engagement campaign with personalised offer,335.0597222222222,1,161.13,161.13,335.0597222222222,27,0,0.0029756615680909
18238,1,0.8066928,Critical,High Priority,Targeted re-engagement campaign with personalised offer,334.9993055555556,1,270.92,270.92,334.9993055555556,14,0,0.0029761966273905
17143,1,0.54814976,High,Medium Priority,Automated re-engagement reminder or promotional campaign,236.89097222222225,2,880.97,440.485,334.975,82,1,0.0059528238708237
14248,1,0.473374,Medium,Monitor,Continue monitoring and regular customer engagement,137.92013888888889,3,1032.95,344.31666666666666,334.9326388888889,41,1,0.0089303617830128
16469,0,0.51671165,Medium,Monitor,Continue monitoring and regular customer engagement,65.98194444444445,3,446.78,148.92666666666668,333.98125,73,1,0.0089557251338694
13428,0,0.6686392,High,Medium Priority,Automated re-engagement reminder or promotional campaign,333.97013888888887,2,276.76,138.38,333.9791666666667,66,0,0.0059705205547608
16435,1,0.639404,High,Medium Priority,Automated re-engagement reminder or promotional campaign,331.76944444444445,3,1003.07,334.3566666666667,333.97291666666666,119,1,0.0089559479311138
17408,0,0.7971556,Critical,High Priority,Targeted re-engagement campaign with personalised offer,319.98125,2,283.44000000000005,141.72000000000003,333.95,6,1,0.005971040453799
14610,1,0.7389854,Critical,High Priority,Targeted re-engagement campaign with personalised offer,215.07777777777775,2,24.35,12.175,333.8638888888889,10,1,0.0059725759222237
17714,1,0.2556163,Medium,Monitor,Continue monitoring and regular customer engagement,140.09583333333333,5,1410.18,282.036,333.08958333333334,69,1,0.0149660457836283
18123,0,0.8796558,Critical,High Priority,Targeted re-engagement campaign with personalised offer,333.00208333333336,1,92.2,92.2,333.00208333333336,22,0,0.0029939933009399
17034,0,0.47872066,Medium,Monitor,Continue monitoring and regular customer engagement,107.11111111111111,3,672.7,224.23333333333332,332.99652777777777,31,1,0.0089821293052364
15332,1,0.28469867,Medium,Monitor,Continue monitoring and regular customer engagement,185.92152777777775,6,4892.68,815.4466666666667,332.9923611111111,113,1,0.0179644827206211
18096,0,0.4548287,Medium,Monitor,Continue monitoring and regular customer engagement,261.9555555555556,3,808.81,269.6033333333333,332.93055555555554,154,1,0.0089839038389552
16172,0,0.34375578,Medium,Monitor,Continue monitoring and regular customer engagement,61.03333333333333,4,943.72,235.93,332.8861111111111,54,1,0.0119801329461975
14007,1,0.88701904,Critical,High Priority,Targeted re-engagement campaign with personalised offer,332.1555555555556,1,79.48,79.48,332.1555555555556,5,0,0.0030016008537886
15530,0,0.45665783,Medium,Monitor,Continue monitoring and regular customer engagement,66.06527777777778,2,859.46,429.73,332.06944444444446,71,1,0.006004753763396
17559,1,0.825294,Critical,High Priority,Targeted re-engagement campaign with personalised offer,332.03333333333336,1,167.62,167.62,332.03333333333336,12,0,0.0030027024321889
17783,0,0.6059582,High,Medium Priority,Automated re-engagement reminder or promotional campaign,67.11319444444445,2,205.9,102.95,332.0,54,1,0.006006006006006
13255,0,0.5232693,High,Medium Priority,Automated re-engagement reminder or promotional campaign,193.0361111111111,2,504.95,252.475,331.9791666666667,19,1,0.0060063817806419
14084,1,0.80991334,Critical,High Priority,Targeted re-engagement campaign with personalised offer,331.9263888888889,1,150.5,150.5,331.9263888888889,7,0,0.0030036669767674
16251,1,0.88624823,Critical,High Priority,Targeted re-engagement campaign with personalised offer,331.91319444444446,1,128.31,128.31,331.91319444444446,20,0,0.0030037860219651
17968,1,0.48821387,Medium,Monitor,Continue monitoring and regular customer engagement,193.01875,4,590.4399999999999,147.61,331.9090277777778,106,1,0.0120152944685839
18021,1,0.7802578,Critical,High Priority,Targeted re-engagement campaign with personalised offer,329.08194444444445,2,216.41,108.205,331.75208333333336,32,1,0.0060104807758528
15908,1,0.77788794,Critical,High Priority,Targeted re-engagement campaign with personalised offer,310.0375,2,758.62,379.31,331.7284722222222,37,1,0.0060109072921906
17921,0,0.18813251,Low,Monitor,Continue monitoring and regular customer engagement,85.9798611111111,7,1852.2,264.6,331.6979166666667,172,1,0.0210401077053132
15452,0,0.21068087,Low,Monitor,Continue monitoring and regular customer engagement,83.8951388888889,4,1493.63,373.4075,330.93541666666664,148,1,0.0120505369392891
13959,0,0.31541502,Medium,Monitor,Continue monitoring and regular customer engagement,100.77361111111112,5,808.17,161.634,330.90208333333334,75,1,0.0150646839868686
17680,0,0.5900908,High,Medium Priority,Automated re-engagement reminder or promotional campaign,202.97152777777777,2,313.05,156.525,330.86319444444445,9,1,0.0060265797276739
12977,0,0.7778839,Critical,High Priority,Targeted re-engagement campaign with personalised offer,321.0111111111111,3,474.64,158.21333333333334,330.85069444444446,45,1,0.0090402101011792
16128,0,0.17999825,Low,Monitor,Continue monitoring and regular customer engagement,102.0201388888889,7,2309.13,329.8757142857143,330.84722222222223,102,1,0.0210940442807516
17541,1,0.83513653,Critical,High Priority,Targeted re-engagement campaign with personalised offer,329.0513888888889,1,119.86,119.86,329.0513888888889,31,0,0.0030298312131528
17261,1,0.78196096,Critical,High Priority,Targeted re-engagement campaign with personalised offer,329.0423611111111,1,221.59,221.59,329.0423611111111,43,0,0.0030299140893109
14553,0,0.13513355,Low,Monitor,Continue monitoring and regular customer engagement,38.07083333333333,6,1271.65,211.9416666666667,329.0298611111112,169,1,0.0181801730903979
15151,1,0.6522565,High,High Priority,Targeted re-engagement campaign with personalised offer,242.8423611111111,2,2085.61,1042.805,329.0215277777778,56,1,0.0060602107185768
17339,0,0.7256082,Critical,High Priority,Targeted re-engagement campaign with personalised offer,184.9208333333333,2,119.0,59.5,328.9875,5,1,0.0060608356377135
15189,0,0.030206779,Low,Monitor,Continue monitoring and regular customer engagement,3.9472222222222224,22,6829.2,310.41818181818184,328.9673611111112,55,1,0.0666732610338143
16496,0,0.13203745,Low,Monitor,Continue monitoring and regular customer engagement,27.084722222222226,5,1916.29,383.258,328.9638888888889,101,1,0.0151531733270475
14674,1,0.86330664,Critical,High Priority,Targeted re-engagement campaign with personalised offer,328.93402777777777,1,173.66,173.66,328.93402777777777,14,0,0.0030309089569674
16089,1,0.62752634,High,Medium Priority,Automated re-engagement reminder or promotional campaign,205.95763888888888,2,263.49,131.745,328.8743055555556,42,1,0.0060629153781217
14599,1,0.5333393,High,Medium Priority,Automated re-engagement reminder or promotional campaign,209.91736111111112,2,457.89,228.945,328.8722222222222,77,1,0.006062953668929
12696,1,0.60645896,High,Medium Priority,Automated re-engagement reminder or promotional campaign,254.08819444444444,2,851.91,425.955,328.1166666666667,43,1,0.0060768724363194
16861,0,0.5043128,Medium,Monitor,Continue monitoring and regular customer engagement,209.95555555555555,3,772.83,257.61,328.0458333333333,38,1,0.0091172708969115
15788,1,0.7681847,Critical,High Priority,Targeted re-engagement campaign with personalised offer,328.00138888888887,1,221.83,221.83,328.00138888888887,14,0,0.0030395008464165
17395,1,0.8801701,Critical,High Priority,Targeted re-engagement campaign with personalised offer,327.8861111111111,1,97.5,97.5,327.8861111111111,3,0,0.0030405662209984
17090,0,0.14944522,Low,Monitor,Continue monitoring and regular customer engagement,47.10208333333333,9,1754.58,194.95333333333332,327.8666666666667,23,1,0.0273667139671599
17470,0,0.0738189,Low,Monitor,Continue monitoring and regular customer engagement,37.09236111111111,9,2124.51,236.05666666666664,327.8569444444444,89,1,0.0273675230279968
12864,0,0.79765505,Critical,High Priority,Targeted re-engagement campaign with personalised offer,327.8111111111112,1,152.45,152.45,327.8111111111112,4,0,0.003041259757375
14922,1,0.5700645,High,Medium Priority,Automated re-engagement reminder or promotional campaign,213.06666666666663,2,843.74,421.87,327.12847222222223,49,1,0.0060951735960466
13509,0,0.36359718,Medium,Monitor,Continue monitoring and regular customer engagement,73.99236111111111,4,785.02,196.255,327.02777777777777,23,1,0.0121940892539588
16129,1,0.50553185,Medium,Monitor,Continue monitoring and regular customer engagement,226.93125,3,1396.05,465.35,327.0125,91,1,0.0091459929118554
15617,1,0.5159864,Medium,Monitor,Continue monitoring and regular customer engagement,215.86319444444445,3,828.5500000000001,276.18333333333334,326.9819444444444,41,1,0.0091468449736816
12480,0,0.1712878,Low,Monitor,Continue monitoring and regular customer engagement,86.97708333333334,5,3770.49,754.098,326.9784722222222,120,1,0.0152449030148913
14797,1,0.8284172,Critical,High Priority,Targeted re-engagement campaign with personalised offer,326.94652777777776,1,300.31,300.31,326.94652777777776,16,0,0.0030492775964916
12720,0,0.041526962,Low,Monitor,Continue monitoring and regular customer engagement,11.98263888888889,15,4347.32,289.8213333333333,326.1277777777778,188,1,0.0458536419679703
13913,1,0.8882894,Critical,High Priority,Targeted re-engagement campaign with personalised offer,326.11041666666665,1,42.22,42.22,326.11041666666665,3,0,0.0030570717074382
13444,1,0.54437375,High,Medium Priority,Automated re-engagement reminder or promotional campaign,193.99166666666667,2,619.08,309.54,325.9277777777778,51,1,0.0061175590939215
18074,1,0.57050234,High,Medium Priority,Automated re-engagement reminder or promotional campaign,193.12291666666667,2,1019.44,509.72,325.0965277777778,37,1,0.0061331533139258
14858,1,0.86578375,Critical,High Priority,Targeted re-engagement campaign with personalised offer,325.0826388888889,1,180.75,180.75,325.0826388888889,11,0,0.0030667072721425
16975,1,0.6003699,High,Medium Priority,Automated re-engagement reminder or promotional campaign,242.78958333333333,3,926.12,308.70666666666665,325.05,44,1,0.0092010427848489
17643,1,0.589721,High,Medium Priority,Automated re-engagement reminder or promotional campaign,192.925,2,439.7,219.85,324.98819444444445,30,1,0.0061351915010555
16555,0,0.6835829,High,Medium Priority,Automated re-engagement reminder or promotional campaign,324.96319444444447,4,1629.79,407.4475,324.9659722222222,46,0,0.012271219516352
12421,0,0.5821679,High,Medium Priority,Automated re-engagement reminder or promotional campaign,138.90347222222223,3,449.01,149.67,324.9534722222222,27,1,0.0092037675793026
16165,1,0.8923836,Critical,High Priority,Targeted re-engagement campaign with personalised offer,324.93958333333336,1,79.9,79.9,324.93958333333336,1,0,0.0030680532562911
17918,1,0.74802846,Critical,High Priority,Targeted re-engagement campaign with personalised offer,320.0409722222222,3,396.39,132.13,324.9375,34,1,0.0092042186001917
14236,0,0.4573671,Medium,Monitor,Continue monitoring and regular customer engagement,191.75069444444443,4,1253.78,313.445,324.9326388888889,29,1,0.0122724745015905
17177,1,0.87103164,Critical,High Priority,Targeted re-engagement campaign with personalised offer,324.9145833333333,1,119.5,119.5,324.9145833333333,29,0,0.0030682885981117
13788,1,0.8907412,Critical,High Priority,Targeted re-engagement campaign with personalised offer,324.875,1,3.75,3.75,324.875,1,0,0.0030686612965093
18026,1,0.7826765,Critical,Immediate Action,Personalised retention outreach with high-value incentive,320.0923611111112,2,2074.07,1037.035,324.8534722222222,12,1,0.0061377280602861
12595,1,0.79106116,Critical,High Priority,Targeted re-engagement campaign with personalised offer,324.15277777777777,1,299.02,299.02,324.15277777777777,19,0,0.0030754773397121
16203,0,0.3944035,Medium,Monitor,Continue monitoring and regular customer engagement,46.90833333333333,4,669.24,167.31,323.9868055555556,47,1,0.0123081919992478
13665,1,0.44005802,Medium,Monitor,Continue monitoring and regular customer engagement,205.98888888888888,3,1711.66,570.5533333333333,323.97291666666666,97,1,0.0092315385256463
14312,0,0.039060015,Low,Monitor,Continue monitoring and regular customer engagement,6.159027777777778,9,2333.29,259.25444444444446,323.90625,120,1,0.0277002981629316
18132,1,0.76001006,Critical,High Priority,Targeted re-engagement campaign with personalised offer,323.8305555555556,1,220.13,220.13,323.8305555555556,60,0,0.0030785281214992
18244,1,0.57444584,High,Medium Priority,Automated re-engagement reminder or promotional campaign,250.06597222222223,2,568.64,284.32,322.09722222222223,19,1,0.0061900872630357
17112,1,0.77906317,Critical,High Priority,Targeted re-engagement campaign with personalised offer,322.06666666666666,1,197.57,197.57,322.06666666666666,44,0,0.0030953363598844
12866,1,0.47446567,Medium,Monitor,Continue monitoring and regular customer engagement,102.94375,3,1227.35,409.1166666666666,322.05069444444445,58,1,0.0092864681970708
15431,1,0.8743975,Critical,High Priority,Targeted re-engagement campaign with personalised offer,322.00416666666666,1,153.24,153.24,322.00416666666666,2,0,0.0030959352949523
12410,1,0.5444506,High,Medium Priority,Automated re-engagement reminder or promotional campaign,128.09097222222223,3,1013.71,337.9033333333333,321.975,36,1,0.0092886446319374
13239,1,0.20222741,Low,Monitor,Continue monitoring and regular customer engagement,81.10069444444444,5,1594.69,318.938,321.96944444444443,87,1,0.0154813406841032
13250,1,0.81390136,Critical,High Priority,Targeted re-engagement campaign with personalised offer,280.05347222222224,2,253.09,126.545,321.9506944444444,17,1,0.0061928958023778
12889,1,0.6478923,High,Medium Priority,Automated re-engagement reminder or promotional campaign,200.8625,4,385.46,96.365,321.9291666666667,25,1,0.0123866172922338
13137,0,0.07493993,Low,Monitor,Continue monitoring and regular customer engagement,72.05277777777778,10,4831.09,483.109,321.88194444444446,482,1,0.0309710721582965
15378,1,0.8097512,Critical,High Priority,Targeted re-engagement campaign with personalised offer,282.05555555555554,2,246.5,123.25,321.16875,8,1,0.0062079267464643
12476,0,0.0660875,Low,Monitor,Continue monitoring and regular customer engagement,37.81736111111111,17,9712.59,571.3288235294118,321.15694444444443,273,1,0.0527693110242161
15080,1,0.58134717,High,Medium Priority,Automated re-engagement reminder or promotional campaign,247.0402777777778,2,546.25,273.125,321.11597222222224,31,1,0.0062089438974489
17494,1,0.89381135,Critical,High Priority,Targeted re-engagement campaign with personalised offer,321.1138888888889,1,54.7,54.7,321.1138888888889,3,0,0.003104492027492
14435,1,0.80492824,Critical,High Priority,Targeted re-engagement campaign with personalised offer,321.01180555555555,1,90.42,90.42,321.01180555555555,3,0,0.0031054762053668
17224,1,0.8916167,Critical,High Priority,Targeted re-engagement campaign with personalised offer,320.97222222222223,1,100.86,100.86,320.97222222222223,8,0,0.0031058579932706
15142,0,0.498832,Medium,Monitor,Continue monitoring and regular customer engagement,229.88472222222225,5,2121.18,424.236,320.15625,97,1,0.015568745742921
12801,1,0.7084757,Critical,High Priority,Targeted re-engagement campaign with personalised offer,320.1333333333333,1,1071.82,1071.82,320.1333333333333,50,0,0.0031139713514635
14384,1,0.8913732,Critical,High Priority,Targeted re-engagement campaign with personalised offer,320.12291666666664,1,58.5,58.5,320.12291666666664,3,0,0.0031140723632565
16219,1,0.8926868,Critical,High Priority,Targeted re-engagement campaign with personalised offer,320.0458333333333,1,40.8,40.8,320.0458333333333,1,0,0.0031148200542497
15873,1,0.7412799,Critical,High Priority,Targeted re-engagement campaign with personalised offer,319.00625,4,313.92,78.48,320.0361111111111,3,1,0.0124596575324686
13384,0,0.33024916,Medium,Monitor,Continue monitoring and regular customer engagement,209.98402777777775,4,2528.9,632.225,320.01944444444445,81,1,0.0124603044121591
13161,1,0.5931512,High,Medium Priority,Automated re-engagement reminder or promotional campaign,132.94930555555555,2,472.13,236.065,320.00416666666666,30,1,0.006230448722109
15284,1,0.8907412,Critical,High Priority,Targeted re-engagement campaign with personalised offer,319.97569444444446,1,24.75,24.75,319.97569444444446,1,0,0.0031155006977423
12804,1,0.7086158,Critical,High Priority,Targeted re-engagement campaign with personalised offer,285.0361111111111,2,325.37,162.685,319.95694444444445,60,1,0.0062313654046709
12547,1,0.506141,Medium,Monitor,Continue monitoring and regular customer engagement,17.008333333333333,3,383.58,127.86,319.9548611111111,13,1,0.0093471087791421
13435,0,0.33409122,Medium,Monitor,Continue monitoring and regular customer engagement,8.821527777777778,3,1081.16,360.3866666666667,319.82916666666665,56,1,0.009350770789231
17122,0,0.6176224,High,Medium Priority,Automated re-engagement reminder or promotional campaign,207.925,3,432.18,144.06,319.1361111111111,19,1,0.0093710140651979
15228,0,0.3213016,Medium,Monitor,Continue monitoring and regular customer engagement,114.15694444444443,3,3098.41,1032.8033333333333,319.1034722222222,119,1,0.0093719695671321
14463,0,0.5597716,High,Medium Priority,Automated re-engagement reminder or promotional campaign,24.92222222222222,2,372.87,186.435,319.0520833333333,4,1,0.0062489829129373
15596,0,0.03991744,Low,Monitor,Continue monitoring and regular customer engagement,34.11666666666667,8,2710.82,338.8525,319.0444444444444,82,1,0.0249965282599638
18207,1,0.7017359,High,Medium Priority,Automated re-engagement reminder or promotional campaign,318.93333333333334,1,544.47,544.47,318.93333333333334,31,0,0.0031256511773286
13796,1,0.775943,Critical,High Priority,Targeted re-engagement campaign with personalised offer,318.9201388888889,1,289.7,289.7,318.9201388888889,22,0,0.0031257800883467
16278,0,0.65043026,High,Medium Priority,Automated re-engagement reminder or promotional campaign,299.96666666666664,2,551.46,275.73,318.88194444444446,30,1,0.0062523066235373
16937,1,0.7763348,Critical,High Priority,Targeted re-engagement campaign with personalised offer,318.7875,1,196.25,196.25,318.7875,49,0,0.0031270765742876
18264,1,0.7103057,Critical,High Priority,Targeted re-engagement campaign with personalised offer,318.1166666666667,1,603.25,603.25,318.1166666666667,36,0,0.0031336501801848
14833,1,0.8897878,Critical,High Priority,Targeted re-engagement campaign with personalised offer,318.1138888888889,1,94.8,94.8,318.1138888888889,7,0,0.003133677457543
14901,0,0.48725,Medium,Monitor,Continue monitoring and regular customer engagement,180.05625,6,994.76,165.79333333333332,318.06875,61,1,0.0188047246870776
18075,0,0.04352773,Low,Monitor,Continue monitoring and regular customer engagement,23.99375,16,4442.26,277.64125,318.04375,139,1,0.0501498618919819
12737,1,0.8690459,Critical,Immediate Action,Personalised retention outreach with high-value incentive,318.0145833333333,2,3710.5,1855.25,318.0159722222222,2,0,0.0062692785758288
17168,1,0.78431046,Critical,High Priority,Targeted re-engagement campaign with personalised offer,318.01180555555555,1,400.2,400.2,318.01180555555555,21,0,0.0031346802299636
16045,0,0.13524918,Low,Monitor,Continue monitoring and regular customer engagement,65.09583333333333,6,2955.48,492.58,318.0,103,1,0.018808777429467
12408,0,0.15321168,Low,Monitor,Continue monitoring and regular customer engagement,79.91875,5,2289.81,457.962,317.9743055555556,66,1,0.0156752437826975
15021,0,0.09882858,Low,Monitor,Continue monitoring and regular customer engagement,38.019444444444446,6,1293.58,215.59666666666664,317.84375,231,1,0.0188179947074389
14346,0,0.26441026,Medium,Monitor,Continue monitoring and regular customer engagement,116.95694444444445,4,1556.61,389.1525,317.0875,88,1,0.0125751562070185
16428,1,0.48650923,Medium,Monitor,Continue monitoring and regular customer engagement,233.01944444444445,3,638.49,212.83,317.02777777777777,121,1,0.0094331382653506
17109,0,0.3041145,Medium,Monitor,Continue monitoring and regular customer engagement,51.87430555555556,4,875.01,218.7525,317.0055555555556,70,1,0.0125783966038329
17735,0,0.030927766,Low,Monitor,Continue monitoring and regular customer engagement,6.986805555555556,17,9801.47,576.5570588235294,316.97569444444446,306,1,0.0534632058267905
15459,1,0.68326247,High,Medium Priority,Automated re-engagement reminder or promotional campaign,236.89236111111111,2,202.83,101.415,316.9298611111111,6,1,0.0062906956679386
14455,1,0.5920086,High,Medium Priority,Automated re-engagement reminder or promotional campaign,251.8763888888889,4,617.72,154.43,314.975,65,1,0.0126592293694121
13766,1,0.8292126,Critical,High Priority,Targeted re-engagement campaign with personalised offer,314.93402777777777,1,190.35,190.35,314.93402777777777,16,0,0.003165217773577
13474,1,0.35930037,Medium,Monitor,Continue monitoring and regular customer engagement,55.95625,3,646.59,215.53,314.9236111111111,116,1,0.009495966412415
12862,1,0.5670448,High,Medium Priority,Automated re-engagement reminder or promotional campaign,245.04375,2,984.62,492.31,314.8958333333333,119,1,0.0063312009496801
13617,0,0.61414295,High,Medium Priority,Automated re-engagement reminder or promotional campaign,227.95138888888889,5,734.57,146.914,314.89375,31,1,0.0158281067605801
15666,1,0.66365683,High,Medium Priority,Automated re-engagement reminder or promotional campaign,291.8583333333333,2,632.9399999999999,316.47,314.88125,62,1,0.0063314932431095
15200,1,0.75294775,Critical,High Priority,Targeted re-engagement campaign with personalised offer,314.1333333333333,1,549.05,549.05,314.1333333333333,30,0,0.0031732599957689
18277,0,0.51221293,Medium,Monitor,Continue monitoring and regular customer engagement,216.8736111111111,4,1069.67,267.4175,314.1,48,1,0.0126943827356394
13090,0,0.123691395,Low,Monitor,Continue monitoring and regular customer engagement,58.09930555555555,17,7292.519999999999,428.9717647058823,313.9527777777778,112,1,0.0539763456602841
12907,1,0.63958365,High,Medium Priority,Automated re-engagement reminder or promotional campaign,215.02916666666667,2,508.91,254.455,313.92847222222224,23,1,0.0063506484056123
16060,1,0.62215716,High,Medium Priority,Automated re-engagement reminder or promotional campaign,220.02777777777777,3,541.95,180.65,313.89166666666665,22,1,0.0095270860348797
16440,0,0.49534452,Medium,Monitor,Continue monitoring and regular customer engagement,34.017361111111114,2,488.76,244.38,313.0541666666667,58,1,0.0063683281811789
14001,0,0.11147031,Low,Monitor,Continue monitoring and regular customer engagement,52.141666666666666,8,3494.91,436.86375,313.00069444444443,48,1,0.0254776506598313
18048,1,0.52341115,High,Medium Priority,Automated re-engagement reminder or promotional campaign,22.91111111111111,3,394.93,131.64333333333337,312.99097222222224,56,1,0.009554414825267
17665,1,0.7592161,Critical,High Priority,Targeted re-engagement campaign with personalised offer,312.9847222222222,1,563.1,563.1,312.9847222222222,19,0,0.0031848683366582
16880,0,0.522275,High,Medium Priority,Automated re-engagement reminder or promotional campaign,8.836805555555555,2,591.66,295.83,312.9555555555556,36,1,0.006370328425821
16316,0,0.03541414,Low,Monitor,Continue monitoring and regular customer engagement,26.07847222222222,10,4635.11,463.511,312.925,172,1,0.031854742374771
14219,0,0.5804606,High,Medium Priority,Automated re-engagement reminder or promotional campaign,229.09444444444443,2,543.89,271.945,312.9222222222222,32,1,0.0063710048490425
15363,1,0.57360196,High,Medium Priority,Automated re-engagement reminder or promotional campaign,192.01527777777775,2,678.11,339.055,312.17291666666665,32,1,0.0063862482787065
16417,1,0.8907412,Critical,High Priority,Targeted re-engagement campaign with personalised offer,312.15416666666664,1,35.7,35.7,312.15416666666664,1,0,0.003193315326583
15387,1,0.785098,Critical,High Priority,Targeted re-engagement campaign with personalised offer,311.8645833333333,1,468.65,468.65,311.8645833333333,20,0,0.0031962710171466
16334,1,0.74289167,Critical,High Priority,Targeted re-engagement campaign with personalised offer,311.84166666666664,1,263.73,263.73,311.84166666666664,54,0,0.0031965051543645
15587,0,0.55818325,High,Medium Priority,Automated re-engagement reminder or promotional campaign,171.11875,4,953.28,238.32,311.1708333333333,3,1,0.0128134968833838
13084,1,0.76040417,Critical,High Priority,Targeted re-engagement campaign with personalised offer,311.1673611111111,1,122.4,122.4,311.1673611111111,2,0,0.00320340985182
13155,0,0.3809848,Medium,Monitor,Continue monitoring and regular customer engagement,146.06180555555557,4,967.92,241.98,311.1388888888889,68,1,0.0128148082228352
17156,1,0.61545694,High,Medium Priority,Automated re-engagement reminder or promotional campaign,311.05555555555554,1,591.87,591.87,311.05555555555554,39,0,0.0032045575930211
18079,0,0.46090403,Medium,Monitor,Continue monitoring and regular customer engagement,58.025,2,2203.61,1101.8049999999998,311.0215277777778,38,1,0.0064098141376463
15271,0,0.038766515,Low,Monitor,Continue monitoring and regular customer engagement,23.81388888888889,14,2770.81,197.915,310.9118055555556,274,1,0.0448844825705272
14521,1,0.78490025,Critical,High Priority,Targeted re-engagement campaign with personalised offer,310.84375,1,199.45,199.45,310.84375,17,0,0.0032067341416975
13135,1,0.39373818,Medium,Monitor,Continue monitoring and regular customer engagement,16.081944444444446,2,3371.45,1685.725,310.80694444444447,18,1,0.0064142253263905
13140,0,0.45147058,Medium,Monitor,Continue monitoring and regular customer engagement,185.9013888888889,3,790.71,263.57,310.7395833333333,68,1,0.0096234169813212
18154,0,0.548403,High,Medium Priority,Automated re-engagement reminder or promotional campaign,208.00694444444449,3,533.41,177.8033333333333,310.14722222222224,22,1,0.0096417380125521
17975,0,0.05312126,Low,Monitor,Continue monitoring and regular customer engagement,12.005555555555556,18,4993.24,277.40222222222224,310.0597222222222,154,1,0.0578667011961797
16196,1,0.8844355,Critical,High Priority,Targeted re-engagement campaign with personalised offer,308.0486111111111,1,93.3,93.3,308.0486111111111,4,0,0.0032357369166123
17132,1,0.6236944,High,Medium Priority,Automated re-engagement reminder or promotional campaign,271.8465277777778,2,1220.91,610.4549999999999,307.9590277777778,62,1,0.0064733502509547
14575,1,0.6685277,High,Medium Priority,Automated re-engagement reminder or promotional campaign,307.9159722222222,1,420.22,420.22,307.9159722222222,71,0,0.0032371262411793
17393,1,0.6397463,High,Medium Priority,Automated re-engagement reminder or promotional campaign,230.06944444444449,2,381.15,190.575,307.87291666666664,45,1,0.0064751549652972
15262,1,0.5754266,High,Medium Priority,Automated re-engagement reminder or promotional campaign,143.0236111111111,3,418.82,139.60666666666663,307.87152777777777,22,1,0.0097127761227586
13653,1,0.8816009,Critical,High Priority,Targeted re-engagement campaign with personalised offer,307.18819444444443,1,152.2,152.2,307.18819444444443,9,0,0.0032447706240099
17732,1,0.35381034,Medium,Monitor,Continue monitoring and regular customer engagement,192.1395833333333,8,2166.42,270.8025,307.17291666666665,90,1,0.02595945187699
12458,0,0.4408891,Medium,Monitor,Continue monitoring and regular customer engagement,104.07986111111111,3,1272.01,424.0033333333333,307.09513888888887,58,1,0.0097372519761888
15595,1,0.7680584,Critical,High Priority,Targeted re-engagement campaign with personalised offer,307.0159722222222,1,357.6,357.6,307.0159722222222,4,0,0.0032465848857946
14631,0,0.16739964,Low,Monitor,Continue monitoring and regular customer engagement,54.83402777777778,5,1648.79,329.758,306.9201388888889,55,1,0.0162379765676977
14794,0,0.13301031,Low,Monitor,Continue monitoring and regular customer engagement,23.039583333333333,7,1313.53,187.64714285714285,306.87916666666666,57,1,0.0227361924997631
17212,1,0.41881832,Medium,Monitor,Continue monitoring and regular customer engagement,72.71388888888889,3,794.41,264.80333333333334,306.14444444444445,29,1,0.0097673913829902
14022,1,0.47376692,Medium,Monitor,Continue monitoring and regular customer engagement,44.92430555555556,2,792.15,396.0750000000001,306.1333333333333,45,1,0.0065118298241805
14053,0,0.6009998,High,Medium Priority,Automated re-engagement reminder or promotional campaign,216.91666666666663,2,312.05,156.025,306.075,3,1,0.0065130668403484
13045,0,0.6160066,High,Medium Priority,Automated re-engagement reminder or promotional campaign,221.00069444444443,2,503.64,251.82,305.9916666666667,25,1,0.0065148348217921
14722,0,0.75492704,Critical,High Priority,Targeted re-engagement campaign with personalised offer,296.9277777777778,2,309.1,154.55,305.9736111111111,53,1,0.0065152180109582
16221,0,0.19200511,Low,Monitor,Continue monitoring and regular customer engagement,95.0826388888889,8,1474.43,184.30375,305.97083333333336,117,1,0.0260611078685542
13839,1,0.8816548,Critical,High Priority,Targeted re-engagement campaign with personalised offer,305.95694444444445,1,139.95000000000002,139.95000000000002,305.95694444444445,7,0,0.0032577858820229
14144,1,0.8868836,Critical,High Priority,Targeted re-engagement campaign with personalised offer,305.8979166666667,1,30.6,30.6,305.8979166666667,1,0,0.003258412474289
14913,0,0.028135302,Low,Monitor,Continue monitoring and regular customer engagement,2.941666666666667,7,3762.85,537.5500000000001,305.1736111111111,161,1,0.0228628456077479
13717,0,0.2767522,Medium,Monitor,Continue monitoring and regular customer engagement,60.13263888888889,4,888.88,222.22000000000003,305.13194444444446,54,1,0.0130662613705963
15837,0,0.7515236,Critical,High Priority,Targeted re-engagement campaign with personalised offer,305.1069444444444,1,385.03,385.03,305.1069444444444,28,0,0.0032668321256641
13594,0,0.82916903,Critical,High Priority,Targeted re-engagement campaign with personalised offer,305.1020833333333,1,136.35000000000002,136.35000000000002,305.1020833333333,7,0,0.0032668840051997
12771,1,0.71650445,Critical,High Priority,Targeted re-engagement campaign with personalised offer,305.0409722222222,1,282.3,282.3,305.0409722222222,15,0,0.003267536345669
14700,0,0.12524424,Low,Monitor,Continue monitoring and regular customer engagement,9.035416666666666,4,2422.06,605.515,305.0215277777778,88,1,0.0130709758527336
14822,1,0.8594338,Critical,High Priority,Targeted re-engagement campaign with personalised offer,304.9986111111112,1,157.70000000000002,157.70000000000002,304.9986111111112,9,0,0.003267988689128
17615,0,0.25289285,Medium,Monitor,Continue monitoring and regular customer engagement,23.18055555555556,5,664.5,132.9,304.9972222222222,44,1,0.0163400176109078
14736,1,0.69551045,High,Medium Priority,Automated re-engagement reminder or promotional campaign,304.8951388888889,2,374.05,187.025,304.90069444444447,70,0,0.0065380694987707
15110,0,0.5372106,High,Medium Priority,Automated re-engagement reminder or promotional campaign,138.04791666666668,3,679.4,226.4666666666667,304.87569444444443,17,1,0.0098079058077786
16033,0,0.05276804,Low,Monitor,Continue monitoring and regular customer engagement,20.0125,18,5095.36,283.0755555555555,304.8375,328,1,0.0588547839947684
15652,0,0.44636846,Medium,Monitor,Continue monitoring and regular customer engagement,206.9,4,1068.2,267.05,304.8277777777778,76,1,0.0130792566622463
16477,0,0.046882167,Low,Monitor,Continue monitoring and regular customer engagement,33.923611111111114,9,3152.42,350.2688888888889,304.1298611111111,152,1,0.0294956382414591
14630,1,0.82253987,Critical,High Priority,Targeted re-engagement campaign with personalised offer,303.84166666666664,1,338.65,338.65,303.84166666666664,21,0,0.0032803914600475
18227,1,0.68315244,High,Medium Priority,Automated re-engagement reminder or promotional campaign,37.01875,2,388.75,194.375,303.83680555555554,6,1,0.0065608875422869
12959,1,0.784671,Critical,High Priority,Targeted re-engagement campaign with personalised offer,303.8125,1,150.95,150.95,303.8125,8,0,0.0032807053516506
17639,1,0.37421453,Medium,Monitor,Continue monitoring and regular customer engagement,95.89444444444445,6,615.17,102.52833333333332,303.03541666666666,59,1,0.0197345429877275
14550,0,0.563737,High,Medium Priority,Automated re-engagement reminder or promotional campaign,207.94791666666663,2,587.69,293.845,303.03125,46,1,0.0065782711481138
12676,0,0.04555332,Low,Monitor,Continue monitoring and regular customer engagement,9.780555555555557,8,2340.65,292.58125,302.97291666666666,57,1,0.0263181341539473
14153,1,0.7989953,Critical,High Priority,Targeted re-engagement campaign with personalised offer,302.9270833333333,1,233.4,233.4,302.9270833333333,17,0,0.0032902628782945
16345,0,0.6377134,High,Medium Priority,Automated re-engagement reminder or promotional campaign,302.8173611111111,1,613.33,613.33,302.8173611111111,68,0,0.0032914511413792
17300,1,0.6009161,High,Medium Priority,Automated re-engagement reminder or promotional campaign,210.07916666666668,2,393.64,196.82,301.075,37,1,0.0066208722999255
15893,1,0.7577044,Critical,High Priority,Targeted re-engagement campaign with personalised offer,301.0680555555556,1,305.28000000000003,305.28000000000003,301.0680555555556,1,0,0.0033105122557922
16043,0,0.10021005,Low,Monitor,Continue monitoring and regular customer engagement,30.963194444444444,7,1759.09,251.29857142857145,301.05833333333334,48,1,0.0231743316688277
17248,0,0.80101186,Critical,High Priority,Targeted re-engagement campaign with personalised offer,301.03819444444446,1,181.89,181.89,301.03819444444446,34,0,0.0033108395507374
16468,0,0.685467,High,Medium Priority,Automated re-engagement reminder or promotional campaign,289.8430555555556,2,712.62,356.31,300.9861111111111,37,1,0.0066228211378374
14996,1,0.7350842,Critical,High Priority,Targeted re-engagement campaign with personalised offer,300.9625,2,442.29,221.145,300.96458333333334,37,0,0.0066232932946054
14183,1,0.6684053,High,Medium Priority,Automated re-engagement reminder or promotional campaign,230.92013888888889,2,278.34000000000003,139.17000000000002,300.8847222222222,27,1,0.0066250454321691
17299,0,0.626842,High,Medium Priority,Automated re-engagement reminder or promotional campaign,258.96527777777777,2,336.62,168.31,300.86805555555554,52,1,0.0066254112125882
15050,0,0.6042003,High,High Priority,Targeted re-engagement campaign with personalised offer,240.9388888888889,2,2349.5,1174.75,300.03472222222223,58,1,0.0066437518743223
12687,1,0.6319924,High,High Priority,Targeted re-engagement campaign with personalised offer,300.0263888888889,2,2138.91,1069.455,300.02777777777777,126,0,0.0066439051397988
13063,1,0.8269763,Critical,High Priority,Targeted re-engagement campaign with personalised offer,300.0159722222222,1,188.4,188.4,300.0159722222222,12,0,0.0033220828536691
14379,0,0.41409126,Medium,Monitor,Continue monitoring and regular customer engagement,114.90763888888888,3,1028.04,342.68,299.8881944444444,75,1,0.0099704809141453
13945,1,0.55949205,High,Medium Priority,Automated re-engagement reminder or promotional campaign,214.11805555555557,2,854.15,427.075,299.11875,49,1,0.0066640288219246
14531,1,0.757533,Critical,High Priority,Targeted re-engagement campaign with personalised offer,299.1069444444444,1,376.34,376.34,299.1069444444444,29,0,0.0033321454851742
17430,0,0.5916981,High,Medium Priority,Automated re-engagement reminder or promotional campaign,184.98958333333331,3,469.41,156.47,299.04027777777776,24,1,0.0099986575876386
14749,1,0.7773499,Critical,High Priority,Targeted re-engagement campaign with personalised offer,299.0097222222222,1,310.15,310.15,299.0097222222222,18,0,0.0033332253121426
17513,0,0.61372614,High,Medium Priority,Automated re-engagement reminder or promotional campaign,228.0673611111111,2,645.6,322.8,298.90416666666664,12,1,0.006668796976812
15072,1,0.7955319,Critical,High Priority,Targeted re-engagement campaign with personalised offer,298.8777777777778,1,187.52,187.52,298.8777777777778,13,0,0.0033346919115195
13320,0,0.24123509,Medium,Monitor,Continue monitoring and regular customer engagement,33.09722222222222,4,1188.01,297.0025,298.09791666666666,62,1,0.0133735468457235
17627,1,0.6785454,High,Medium Priority,Automated re-engagement reminder or promotional campaign,298.0576388888889,1,296.36,296.36,298.0576388888889,10,0,0.0033438370065228
15310,1,0.75142837,Critical,High Priority,Targeted re-engagement campaign with personalised offer,298.05,1,1634.64,1634.64,298.05,45,0,0.0033439224209998
17792,1,0.7666974,Critical,High Priority,Targeted re-engagement campaign with personalised offer,286.93055555555554,2,368.35,184.175,297.9875,45,1,0.0066892428613236
16675,1,0.6212239,High,Medium Priority,Automated re-engagement reminder or promotional campaign,261.02430555555554,2,608.86,304.42999999999995,297.98541666666665,21,1,0.0066892894720338
16638,0,0.14474423,Low,Monitor,Continue monitoring and regular customer engagement,76.88125,11,1910.85,173.71363636363637,297.97013888888887,99,1,0.0367929721706692
15764,0,0.053571615,Low,Monitor,Continue monitoring and regular customer engagement,3.9972222222222222,5,2917.63,583.5260000000001,297.9527777777778,123,1,0.0167250494782713
17585,0,0.14129996,Low,Monitor,Continue monitoring and regular customer engagement,82.84583333333333,5,1469.56,293.912,297.8409722222222,206,1,0.0167313068312531
15154,0,0.6400768,High,Medium Priority,Automated re-engagement reminder or promotional campaign,297.7965277777778,2,1089.44,544.72,297.79791666666665,101,0,0.0066934870976063
15506,0,0.47862694,Medium,Monitor,Continue monitoring and regular customer engagement,201.0013888888889,3,1058.25,352.75,297.0083333333333,82,1,0.0100668325829814
17599,1,0.8357042,Critical,High Priority,Targeted re-engagement campaign with personalised offer,297.0,1,52.05,52.05,297.0,3,0,0.0033557046979865
12851,0,0.85586345,Critical,High Priority,Targeted re-engagement campaign with personalised offer,296.90069444444447,1,148.95,148.95,296.90069444444447,30,0,0.0033568233261923
16919,0,0.06576123,Low,Monitor,Continue monitoring and regular customer engagement,11.89861111111111,22,4372.76,198.7618181818182,296.8902777777778,215,1,0.0738526955767643
13479,1,0.25052932,Medium,Monitor,Continue monitoring and regular customer engagement,20.08680555555556,4,851.37,212.8425,296.85555555555555,45,1,0.013429328160555
18191,1,0.497406,Medium,Monitor,Continue monitoring and regular customer engagement,81.02916666666667,2,529.4,264.7,296.7972222222222,15,1,0.0067159793670189
16299,1,0.75899994,Critical,High Priority,Targeted re-engagement campaign with personalised offer,296.7944444444444,1,193.65,193.65,296.7944444444444,12,0,0.0033580210062869
12519,0,0.7155551,Critical,High Priority,Targeted re-engagement campaign with personalised offer,296.1868055555556,1,385.7,385.7,296.1868055555556,22,0,0.0033648869374621
12433,0,0.19978942,Low,Monitor,Continue monitoring and regular customer engagement,185.83402777777775,5,7205.39,1441.078,296.14375,163,1,0.0168268725154071
16562,1,0.75361633,Critical,High Priority,Targeted re-engagement campaign with personalised offer,296.0451388888889,1,223.86,223.86,296.0451388888889,34,0,0.0033664917181965
16294,1,0.8806209,Critical,High Priority,Targeted re-engagement campaign with personalised offer,296.0340277777778,1,126.05,126.05,296.0340277777778,8,0,0.0033666176480902
12865,0,0.3927954,Medium,Monitor,Continue monitoring and regular customer engagement,197.8840277777778,2,1755.24,877.6200000000001,296.0208333333333,93,1,0.0067335344041523
15322,0,0.68628,High,Medium Priority,Automated re-engagement reminder or promotional campaign,295.9861111111111,1,711.18,711.18,295.9861111111111,41,0,0.0033671608286956
14243,0,0.0737809,Low,Monitor,Continue monitoring and regular customer engagement,65.1048611111111,12,6142.05,511.8375,295.96458333333334,214,1,0.0404088590811193
16396,1,0.861484,Critical,High Priority,Targeted re-engagement campaign with personalised offer,295.93958333333336,1,137.8,137.8,295.93958333333336,8,0,0.0033676884326918
15855,0,0.22581291,Low,Monitor,Continue monitoring and regular customer engagement,3.111805555555556,5,815.1700000000001,163.03400000000002,295.81597222222223,64,1,0.0168454546518021
17471,1,0.7901878,Critical,High Priority,Targeted re-engagement campaign with personalised offer,294.0395833333333,1,321.65000000000003,321.65000000000003,294.0395833333333,19,0,0.0033893757193596
12450,0,0.5937093,High,Medium Priority,Automated re-engagement reminder or promotional campaign,218.8493055555556,3,490.32,163.44000000000003,293.98541666666665,25,1,0.0101699942793782
17689,1,0.58548605,High,Medium Priority,Automated re-engagement reminder or promotional campaign,207.9777777777778,2,317.08,158.54000000000002,293.9555555555556,17,1,0.0067806825887139
14767,1,0.8088925,Critical,High Priority,Targeted re-engagement campaign with personalised offer,293.9138888888889,1,382.81,382.81,293.9138888888889,18,0,0.0033908202959432
16770,0,0.093518674,Low,Monitor,Continue monitoring and regular customer engagement,56.00069444444444,8,1671.21,208.90125,293.8625,174,1,0.0271312900080546
14565,0,0.17248987,Low,Monitor,Continue monitoring and regular customer engagement,24.98680555555556,3,2637.65,879.2166666666667,293.12638888888887,104,1,0.0101996968423438
18140,1,0.699833,High,Medium Priority,Automated re-engagement reminder or promotional campaign,293.0361111111111,1,536.41,536.41,293.0361111111111,49,0,0.0034009428169253
15683,0,0.7710156,Critical,High Priority,Targeted re-engagement campaign with personalised offer,293.0340277777778,1,330.79,330.79,293.0340277777778,16,0,0.0034009669137878
14187,1,0.88326055,Critical,High Priority,Targeted re-engagement campaign with personalised offer,293.0305555555556,1,123.5,123.5,293.0305555555556,8,0,0.0034010070759841
14321,0,0.39238113,Medium,Monitor,Continue monitoring and regular customer engagement,153.05208333333334,3,1014.13,338.0433333333333,292.99583333333334,84,1,0.010204226250372
13452,1,0.51382154,Medium,Monitor,Continue monitoring and regular customer engagement,78.93819444444445,3,729.8,243.26666666666665,292.12291666666664,2,1,0.0102346143185097
16314,1,0.53064114,High,Medium Priority,Automated re-engagement reminder or promotional campaign,209.0305555555556,3,1491.4,497.1333333333334,292.04027777777776,58,1,0.0102375005332031
17649,0,0.64991075,High,Medium Priority,Automated re-engagement reminder or promotional campaign,289.1020833333333,2,710.4,355.2,291.9923611111111,45,1,0.0068261165322379
14342,0,0.43307567,Medium,Monitor,Continue monitoring and regular customer engagement,29.95833333333333,3,559.48,186.4933333333333,291.99097222222224,18,1,0.0102392233359484
17336,1,0.88866204,Critical,High Priority,Targeted re-engagement campaign with personalised offer,291.88402777777776,1,81.12,81.12,291.88402777777776,1,0,0.0034143207042984
18124,1,0.88493496,Critical,High Priority,Targeted re-engagement campaign with personalised offer,291.8118055555556,1,102.65,102.65,291.8118055555556,20,0,0.0034151628487201
12721,0,0.029430063,Low,Monitor,Continue monitoring and regular customer engagement,2.7895833333333333,6,3055.86,509.31,291.07152777777776,146,1,0.0205429130516449
14229,0,0.3181667,Medium,Monitor,Continue monitoring and regular customer engagement,111.12847222222224,6,1808.97,301.495,291.04375,37,1,0.0205448669933871
13548,0,0.41271323,Medium,Monitor,Continue monitoring and regular customer engagement,63.052083333333336,2,504.29,252.145,290.9625,117,1,0.0068501948024146
14787,1,0.8798344,Critical,High Priority,Targeted re-engagement campaign with personalised offer,290.925,1,110.65,110.65,290.925,14,0,0.0034255373811766
16448,1,0.58618104,High,Medium Priority,Automated re-engagement reminder or promotional campaign,17.84861111111111,2,361.12,180.56,290.8277777777778,45,1,0.0068533571931694
14268,1,0.7978918,Critical,High Priority,Targeted re-engagement campaign with personalised offer,290.08680555555554,1,354.85,354.85,290.08680555555554,19,0,0.0034354013336037
14866,0,0.32743347,Medium,Monitor,Continue monitoring and regular customer engagement,185.9111111111111,8,6460.32,807.54,290.0388888888889,13,1,0.0274877355069005
16235,0,0.07972079,Low,Monitor,Continue monitoring and regular customer engagement,6.058333333333334,7,1851.69,264.52714285714285,290.02777777777777,75,1,0.0240526868378352
16375,1,0.85916793,Critical,High Priority,Targeted re-engagement campaign with personalised offer,289.93402777777777,2,104.0,52.0,289.9430555555556,11,0,0.0068741974135832
14482,0,0.10786657,Low,Monitor,Continue monitoring and regular customer engagement,58.83958333333333,7,2522.01,360.2871428571429,289.9423611111111,99,1,0.0240597483751315
16288,1,0.88431567,Critical,High Priority,Targeted re-engagement campaign with personalised offer,289.9201388888889,1,129.85,129.85,289.9201388888889,7,0,0.0034373694575401
14544,0,0.41545138,Medium,Monitor,Continue monitoring and regular customer engagement,181.0,2,2036.0,1018.0,289.86805555555554,111,1,0.0068759699176316
13884,0,0.29131123,Medium,Monitor,Continue monitoring and regular customer engagement,96.99791666666668,8,1233.68,154.21,289.7034722222222,87,1,0.0275194511398356
14499,0,0.22680049,Low,Monitor,Continue monitoring and regular customer engagement,98.03819444444444,5,1416.22,283.244,289.0368055555556,119,1,0.0172391913861507
16421,1,0.6136206,High,Medium Priority,Automated re-engagement reminder or promotional campaign,195.97152777777777,3,526.27,175.42333333333332,289.03333333333336,35,1,0.0103436386622227
16870,1,0.76081455,Critical,High Priority,Targeted re-engagement campaign with personalised offer,288.95625,1,450.16,450.16,288.95625,28,0,0.0034487961545922
17894,0,0.22405384,Low,Monitor,Continue monitoring and regular customer engagement,104.9173611111111,16,2052.62,128.28875,288.9423611111111,187,1,0.0551833817545153
15936,1,0.6180791,High,Medium Priority,Automated re-engagement reminder or promotional campaign,198.84097222222223,2,282.79,141.395,287.0472222222222,16,1,0.0069433059779935
15074,0,0.6023647,High,Medium Priority,Automated re-engagement reminder or promotional campaign,248.87569444444443,2,817.46,408.73,287.04375,31,1,0.0069433896760474
15166,1,0.84061813,Critical,High Priority,Targeted re-engagement campaign with personalised offer,287.0131944444444,1,167.16,167.16,287.0131944444444,12,0,0.0034720631529709
13922,1,0.5205785,Medium,Monitor,Continue monitoring and regular customer engagement,171.09166666666667,3,865.2,288.40000000000003,286.9263888888889,30,1,0.010419329786259
17384,0,0.51767313,Medium,Monitor,Continue monitoring and regular customer engagement,38.863194444444446,2,398.8,199.4,286.8673611111111,7,1,0.0069476441937717
12423,0,0.0484063,Low,Monitor,Continue monitoring and regular customer engagement,11.141666666666667,8,2214.77,276.84625,285.1381944444444,113,1,0.0279585184897546
14885,0,0.6011491,High,Medium Priority,Automated re-engagement reminder or promotional campaign,247.02916666666667,2,832.8,416.4,285.11041666666665,16,1,0.0069903082289034
14433,1,0.67498255,High,Medium Priority,Automated re-engagement reminder or promotional campaign,285.0104166666667,1,280.7,280.7,285.0104166666667,72,0,0.0034963761518009
17126,0,0.17201078,Low,Monitor,Continue monitoring and regular customer engagement,119.03125,6,1528.65,254.775,284.96458333333334,221,1,0.0209816192273227
13714,1,0.85751665,Critical,High Priority,Targeted re-engagement campaign with personalised offer,284.9534722222222,1,161.35,161.35,284.9534722222222,30,0,0.0034970724161127
12651,1,0.6010062,High,Medium Priority,Automated re-engagement reminder or promotional campaign,154.00277777777777,4,377.75,94.4375,284.8951388888889,30,1,0.0139911438002958
12573,1,0.28039622,Medium,Monitor,Continue monitoring and regular customer engagement,46.87361111111111,5,717.41,143.48200000000003,284.80902777777777,107,1,0.0174941989722158
16819,1,0.7871686,Critical,High Priority,Targeted re-engagement campaign with personalised offer,284.80069444444445,2,182.59,91.295,284.8048611111111,17,0,0.0069977816060394
12761,1,0.6797923,High,Medium Priority,Automated re-engagement reminder or promotional campaign,277.0229166666667,2,782.95,391.475,284.0854166666667,27,1,0.0070154412785641
17215,1,0.8401909,Critical,High Priority,Targeted re-engagement campaign with personalised offer,283.9659722222222,1,186.15,186.15,283.9659722222222,11,0,0.0035091909121703
15574,0,0.26956302,Medium,Monitor,Continue monitoring and regular customer engagement,178.0013888888889,5,989.34,197.868,283.92569444444445,186,1,0.0175484348989624
15677,0,0.6045552,High,Medium Priority,Automated re-engagement reminder or promotional campaign,240.89652777777775,2,648.4,324.2,283.02916666666664,32,1,0.0070415303592647
12414,1,0.4766247,Medium,Monitor,Continue monitoring and regular customer engagement,36.91597222222222,6,952.41,158.735,283.01944444444445,21,1,0.0211253141901473
16065,1,0.18379599,Low,Monitor,Continue monitoring and regular customer engagement,184.9909722222222,8,1992.13,249.01625,282.9743055555556,214,1,0.0281715628614678
18182,1,0.76922613,Critical,High Priority,Targeted re-engagement campaign with personalised offer,282.93402777777777,1,291.13,291.13,282.93402777777777,10,0,0.0035219448962371
12831,1,0.5575536,High,Medium Priority,Automated re-engagement reminder or promotional campaign,81.99166666666666,3,451.11,150.37,282.86944444444447,16,1,0.0105682385290577
14908,0,0.8765413,Critical,High Priority,Targeted re-engagement campaign with personalised offer,282.8409722222222,1,104.1,104.1,282.8409722222222,5,0,0.0035230995446883
13992,0,0.7226176,Critical,High Priority,Targeted re-engagement campaign with personalised offer,199.8805555555556,2,142.7,71.35,282.8236111111111,5,1,0.0070466300959614
15424,1,0.4525543,Medium,Monitor,Continue monitoring and regular customer engagement,73.99166666666666,3,597.78,199.26,282.81458333333336,33,1,0.0105702813603364
16872,0,0.17153388,Low,Monitor,Continue monitoring and regular customer engagement,3.9291666666666663,4,921.47,230.3675,282.8013888888889,10,1,0.0140943637226738
16239,0,0.13850082,Low,Monitor,Continue monitoring and regular customer engagement,9.13888888888889,5,1425.9,285.18,282.73125,21,1,0.0176223098442628
12808,0,0.2964049,Medium,Monitor,Continue monitoring and regular customer engagement,4.020138888888889,4,574.4,143.60000000000002,282.1013888888889,35,1,0.0141292136209544
14086,1,0.8925676,Critical,High Priority,Targeted re-engagement campaign with personalised offer,282.08194444444445,1,39.95,39.95,282.08194444444445,1,0,0.0035325460334904
16100,1,0.7017536,High,Medium Priority,Automated re-engagement reminder or promotional campaign,282.0493055555556,1,582.64,582.64,282.0493055555556,37,0,0.0035329533772826
14009,1,0.31359252,Medium,Monitor,Continue monitoring and regular customer engagement,17.877083333333335,3,1099.91,366.6366666666667,282.02916666666664,71,1,0.0105996142918132
15092,1,0.40130514,Medium,Monitor,Continue monitoring and regular customer engagement,34.94444444444444,3,776.46,258.82,282.01180555555555,39,1,0.0106002645158599
16289,1,0.8356766,Critical,High Priority,Targeted re-engagement campaign with personalised offer,281.95,1,136.31,136.31,281.95,21,0,0.0035341933203746
14163,0,0.35700658,Medium,Monitor,Continue monitoring and regular customer engagement,18.905555555555555,3,898.5,299.5,281.81597222222223,26,1,0.010607604572074
14753,0,0.77131563,Critical,High Priority,Targeted re-engagement campaign with personalised offer,280.0736111111111,1,306.36,306.36,280.0736111111111,18,0,0.0035577868589189
13809,1,0.532196,High,Medium Priority,Automated re-engagement reminder or promotional campaign,124.98263888888889,3,679.7,226.5666666666667,280.0472222222222,23,1,0.0106743627504274
13506,1,0.3757522,Medium,Monitor,Continue monitoring and regular customer engagement,135.95625,5,1338.08,267.616,280.01180555555555,55,1,0.0177928467813481
13032,0,0.40057635,Medium,Monitor,Continue monitoring and regular customer engagement,212.00069444444443,7,1805.78,257.9685714285714,279.9506944444444,110,1,0.0249154038000934
14318,1,0.82521456,Critical,High Priority,Targeted re-engagement campaign with personalised offer,279.8875,1,158.02,158.02,279.8875,9,0,0.0035601441858395
13785,1,0.70762545,High,Medium Priority,Automated re-engagement reminder or promotional campaign,248.14236111111111,4,542.49,135.6225,279.8673611111111,26,1,0.0142415978281563
15543,1,0.58005416,High,Medium Priority,Automated re-engagement reminder or promotional campaign,107.89166666666668,2,242.26,121.13,279.05694444444447,50,1,0.0071414047738307
13133,1,0.61307997,High,Medium Priority,Automated re-engagement reminder or promotional campaign,93.09652777777778,3,200.45,66.81666666666668,278.8888888888889,12,1,0.0107185391028185
12859,1,0.7536689,Critical,High Priority,Targeted re-engagement campaign with personalised offer,278.0208333333333,1,575.1,575.1,278.0208333333333,21,0,0.0035839617710744
16832,1,0.3191768,Medium,Monitor,Continue monitoring and regular customer engagement,3.8847222222222224,5,417.61,83.522,278.0104166666667,19,1,0.0179204778794101
14968,0,0.73980075,Critical,High Priority,Targeted re-engagement campaign with personalised offer,277.9736111111111,1,353.65,353.65,277.9736111111111,47,0,0.0035845684328963
12605,1,0.47575563,Medium,Monitor,Continue monitoring and regular customer engagement,195.9388888888889,4,1232.95,308.2375,277.9368055555556,63,1,0.0143401656587887
12819,1,0.74980146,Critical,High Priority,Targeted re-engagement campaign with personalised offer,277.8958333333333,1,540.52,540.52,277.8958333333333,19,0,0.003585568088444
13683,1,0.74402416,Critical,High Priority,Targeted re-engagement campaign with personalised offer,277.11805555555554,1,258.6,258.6,277.11805555555554,10,0,0.0035955953956403
13076,1,0.8637234,Critical,High Priority,Targeted re-engagement campaign with personalised offer,277.0993055555556,1,135.4,135.4,277.0993055555556,9,0,0.0035958378177259
12777,1,0.7331198,Critical,High Priority,Targeted re-engagement campaign with personalised offer,277.0520833333333,1,519.45,519.45,277.0520833333333,26,0,0.0035964485070992
15752,0,0.09692607,Low,Monitor,Continue monitoring and regular customer engagement,69.00555555555556,5,2340.99,468.198,277.0375,266,1,0.0179831857213505
13005,0,0.42986944,Medium,Monitor,Continue monitoring and regular customer engagement,65.97083333333333,3,807.63,269.21,276.9986111111112,38,1,0.0107914208204477
12635,0,0.48102182,Medium,Monitor,Continue monitoring and regular customer engagement,211.87777777777777,2,1241.23,620.615,276.0833333333333,77,1,0.0072180451127819
16972,1,0.5804529,High,Medium Priority,Automated re-engagement reminder or promotional campaign,202.0770833333333,2,749.0,374.5,276.0625,54,1,0.0072185878637491
12770,1,0.50908023,Medium,Monitor,Continue monitoring and regular customer engagement,30.136805555555554,2,3246.45,1623.225,276.0465277777778,19,1,0.0072190040281039
14688,0,0.03403798,Low,Monitor,Continue monitoring and regular customer engagement,18.03611111111111,17,4397.75,258.69117647058823,276.0104166666667,152,1,0.0613695333358402
13046,0,0.48895678,Medium,Monitor,Continue monitoring and regular customer engagement,85.87986111111111,2,517.66,258.83,275.9868055555556,31,1,0.0072205605461551
12460,1,0.7520178,Critical,High Priority,Targeted re-engagement campaign with personalised offer,275.9576388888889,1,326.65,326.65,275.9576388888889,18,0,0.0036106604750525
16886,1,0.87458205,Critical,High Priority,Targeted re-engagement campaign with personalised offer,275.90416666666664,1,134.0,134.0,275.90416666666664,8,0,0.0036113577200294
17456,1,0.5287688,High,Medium Priority,Automated re-engagement reminder or promotional campaign,184.89375,2,975.56,487.78,275.8902777777778,59,1,0.007223077733358
18255,0,0.77534723,Critical,High Priority,Targeted re-engagement campaign with personalised offer,275.8465277777778,1,199.85,199.85,275.8465277777778,13,0,0.0036121095974253
16095,1,0.7298609,Critical,High Priority,Targeted re-engagement campaign with personalised offer,275.8305555555556,1,447.05,447.05,275.8305555555556,30,0,0.0036123180043949
17762,1,0.8219902,Critical,High Priority,Targeted re-engagement campaign with personalised offer,275.7986111111111,1,129.75,129.75,275.7986111111111,16,0,0.0036127348904889
14444,1,0.7918939,Critical,High Priority,Targeted re-engagement campaign with personalised offer,275.74583333333334,1,120.44,120.44,275.74583333333334,11,0,0.0036134238696758
17473,1,0.5976837,High,Medium Priority,Automated re-engagement reminder or promotional campaign,228.04513888888889,2,607.0,303.5,275.74097222222224,33,1,0.0072269746830043
17366,1,0.5737472,High,Medium Priority,Automated re-engagement reminder or promotional campaign,251.86527777777775,2,1077.24,538.62,275.7111111111111,120,1,0.0072277545775778
12760,1,0.73407775,Critical,High Priority,Targeted re-engagement campaign with personalised offer,275.1666666666667,1,347.8,347.8,275.1666666666667,21,0,0.0036210018105009
17369,1,0.7483404,Critical,High Priority,Targeted re-engagement campaign with personalised offer,275.12569444444443,1,979.2,979.2,275.12569444444443,1,0,0.0036215391038199
14708,0,0.46873495,Medium,Monitor,Continue monitoring and regular customer engagement,188.01875,3,1085.91,361.97,275.1,14,1,0.0108656283955088
14445,1,0.73458344,Critical,High Priority,Targeted re-engagement campaign with personalised offer,275.0701388888889,1,221.65,221.65,275.0701388888889,32,0,0.0036222678918652
14635,1,0.75092286,Critical,High Priority,Targeted re-engagement campaign with personalised offer,273.0854166666667,1,215.22,215.22,273.0854166666667,15,0,0.0036484976550801
15992,0,0.56432706,High,Medium Priority,Automated re-engagement reminder or promotional campaign,215.91597222222225,2,854.61,427.305,273.04027777777776,51,1,0.0072981972439169
16042,0,0.4097546,Medium,Monitor,Continue monitoring and regular customer engagement,151.97569444444446,4,1092.8,273.2,273.03472222222223,50,1,0.0145966904031828
16799,1,0.63479036,High,Medium Priority,Automated re-engagement reminder or promotional campaign,251.93194444444444,2,452.78,226.39,273.0027777777778,81,1,0.0072991960746545
15006,0,0.6554435,High,Medium Priority,Automated re-engagement reminder or promotional campaign,272.99097222222224,1,277.4,277.4,272.99097222222224,47,0,0.0036497552889769
15406,0,0.38357905,Medium,Monitor,Continue monitoring and regular customer engagement,120.85416666666669,3,717.45,239.15,272.9888888888889,101,1,0.0109493491220244
17383,0,0.8510417,Critical,High Priority,Targeted re-engagement campaign with personalised offer,272.9138888888889,1,110.7,110.7,272.9138888888889,2,0,0.0036507823829467
17728,0,0.48407882,Medium,Monitor,Continue monitoring and regular customer engagement,223.875,2,1362.75,681.375,272.9111111111111,79,1,0.0073016388122667
17308,1,0.62608534,High,High Priority,Targeted re-engagement campaign with personalised offer,212.97986111111112,2,4511.76,2255.88,272.1354166666667,5,1,0.007322375195454
13440,1,0.64498633,High,Medium Priority,Automated re-engagement reminder or promotional campaign,242.98541666666668,7,1295.25,185.03571428571428,271.09444444444443,49,1,0.0257263613532882
13537,1,0.63244426,High,Medium Priority,Automated re-engagement reminder or promotional campaign,245.00347222222223,2,717.85,358.925,271.08958333333334,38,1,0.0073505202790134
17616,0,0.5412993,High,Medium Priority,Automated re-engagement reminder or promotional campaign,74.13819444444445,3,571.1999999999999,190.4,271.08819444444447,1,1,0.011025836700212
15107,1,0.5728193,High,Medium Priority,Automated re-engagement reminder or promotional campaign,130.91944444444445,9,824.35,91.59444444444443,271.0854166666667,32,1,0.0330778477959586
13312,1,0.8317802,Critical,High Priority,Targeted re-engagement campaign with personalised offer,270.9263888888889,1,124.75,124.75,270.9263888888889,5,0,0.0036774658174444
14363,1,0.71662724,Critical,High Priority,Targeted re-engagement campaign with personalised offer,221.82569444444445,2,227.47000000000003,113.735,270.9243055555556,8,1,0.0073549879842991
17149,1,0.8333033,Critical,High Priority,Targeted re-engagement campaign with personalised offer,270.9125,1,143.10000000000002,143.10000000000002,270.9125,6,0,0.0036776536569668
16690,0,0.4496476,Medium,Monitor,Continue monitoring and regular customer engagement,21.08125,3,213.95,71.31666666666666,270.90972222222223,7,1,0.0110330736815221
18136,0,0.151832,Low,Monitor,Continue monitoring and regular customer engagement,31.035416666666663,4,1447.88,361.97,270.875,73,1,0.0147126436781609
14381,0,0.62227243,High,Medium Priority,Automated re-engagement reminder or promotional campaign,270.8576388888889,1,423.26,423.26,270.8576388888889,56,0,0.0036783958107158
14231,1,0.097363286,Low,Monitor,Continue monitoring and regular customer engagement,3.0729166666666665,4,1235.62,308.905,270.1236111111112,66,1,0.0147534181313361
15966,1,0.65177363,High,Medium Priority,Automated re-engagement reminder or promotional campaign,270.0875,1,426.53,426.53,270.0875,27,0,0.0036888458523539
12768,1,0.81831825,Critical,High Priority,Targeted re-engagement campaign with personalised offer,270.02916666666664,1,168.69000000000003,168.69000000000003,270.02916666666664,10,0,0.0036896397989146
15906,0,0.14192586,Low,Monitor,Continue monitoring and regular customer engagement,39.04166666666666,6,1645.66,274.27666666666664,270.0229166666667,84,1,0.0221383493093296
13784,0,0.07592553,Low,Monitor,Continue monitoring and regular customer engagement,5.035416666666666,9,1475.87,163.98555555555555,270.0159722222222,12,1,0.033208374865155
17403,0,0.8232993,Critical,High Priority,Targeted re-engagement campaign with personalised offer,270.0145833333333,1,118.95,118.95,270.0145833333333,13,0,0.0036898383389577
16005,0,0.027086342,Low,Monitor,Continue monitoring and regular customer engagement,2.0340277777777778,8,2062.19,257.77375,269.9784722222222,232,1,0.0295226404311535
16522,1,0.6960685,High,Medium Priority,Automated re-engagement reminder or promotional campaign,255.08055555555555,2,433.36,216.68,269.97083333333336,16,1,0.007380868174619
15685,1,0.8439643,Critical,High Priority,Targeted re-engagement campaign with personalised offer,269.96319444444447,1,55.98,55.98,269.96319444444447,17,0,0.0036905381265905
16080,0,0.56152165,High,Medium Priority,Automated re-engagement reminder or promotional campaign,93.92083333333332,3,515.66,171.88666666666668,269.93819444444443,24,1,0.0110726359794028
16979,0,0.31758922,Medium,Monitor,Continue monitoring and regular customer engagement,117.14583333333331,4,1354.89,338.7225,269.93055555555554,41,1,0.0147639308966012
16589,0,0.7563506,Critical,High Priority,Targeted re-engagement campaign with personalised offer,269.9125,1,153.12,153.12,269.9125,11,0,0.0036912287177594
15301,0,0.03357063,Low,Monitor,Continue monitoring and regular customer engagement,6.872222222222222,11,4635.63,421.4209090909091,269.88125,181,1,0.0406082000876767
17392,1,0.46376166,Medium,Monitor,Continue monitoring and regular customer engagement,126.00138888888888,3,585.92,195.30666666666664,269.85625,66,1,0.011075985878118
13374,1,0.7291331,Critical,High Priority,Targeted re-engagement campaign with personalised offer,234.11527777777775,2,422.8,211.4,269.09791666666666,17,1,0.0074047220529591
13424,1,0.53096324,High,Medium Priority,Automated re-engagement reminder or promotional campaign,269.0840277777778,1,572.77,572.77,269.0840277777778,40,0,0.0037025514178972
16646,1,0.5529643,High,Medium Priority,Automated re-engagement reminder or promotional campaign,268.9736111111111,1,678.8,678.8,268.9736111111111,29,0,0.0037040657265885
15962,1,0.6129962,High,Medium Priority,Automated re-engagement reminder or promotional campaign,268.95972222222224,1,289.48,289.48,268.95972222222224,43,0,0.003704256293377
15341,0,0.5848322,High,Medium Priority,Automated re-engagement reminder or promotional campaign,268.83958333333334,1,382.2,382.2,268.83958333333334,7,0,0.0037059055148506
15748,0,0.68150777,High,Medium Priority,Automated re-engagement reminder or promotional campaign,268.8298611111111,2,465.4500000000001,232.725,268.83194444444445,16,0,0.0074120208566031
15535,0,0.26101354,Medium,Monitor,Continue monitoring and regular customer engagement,55.92638888888889,5,919.36,183.872,268.6986111111111,75,1,0.0185392130104077
13398,1,0.43074852,Medium,Monitor,Continue monitoring and regular customer engagement,11.98125,2,670.34,335.17,268.1361111111111,37,1,0.0074311841385502
16146,0,0.32153586,Medium,Monitor,Continue monitoring and regular customer engagement,23.17430555555556,3,871.38,290.46,268.0861111111111,34,1,0.0111488474362812
16371,1,0.7864166,Critical,High Priority,Targeted re-engagement campaign with personalised offer,268.0284722222222,1,157.2,157.2,268.0284722222222,11,0,0.0037170786859094
12554,1,0.6934024,High,Medium Priority,Automated re-engagement reminder or promotional campaign,268.0145833333333,1,468.5,468.5,268.0145833333333,26,0,0.0037172705940663
17765,0,0.3984305,Medium,Monitor,Continue monitoring and regular customer engagement,30.011111111111116,3,414.67,138.22333333333333,268.00347222222223,60,1,0.0111522724045796
15026,0,0.24976276,Medium,Monitor,Continue monitoring and regular customer engagement,59.93402777777778,4,810.67,202.6675,267.95694444444445,83,1,0.014872268898884
12425,0,0.59302616,High,Medium Priority,Automated re-engagement reminder or promotional campaign,267.94444444444446,1,964.21,964.21,267.94444444444446,55,0,0.003718240033051
17743,1,0.6477935,High,Medium Priority,Automated re-engagement reminder or promotional campaign,267.9138888888889,1,229.2,229.2,267.9138888888889,3,0,0.0037186625210465
15876,1,0.604353,High,Medium Priority,Automated re-engagement reminder or promotional campaign,228.74444444444444,2,1449.14,724.5699999999999,267.89166666666665,11,1,0.0074379396907056
12543,1,0.67607796,High,Medium Priority,Automated re-engagement reminder or promotional campaign,267.8743055555556,1,980.25,980.25,267.8743055555556,43,0,0.0037192099778138
18089,1,0.7302859,Critical,High Priority,Targeted re-engagement campaign with personalised offer,266.0368055555556,1,428.45,428.45,266.0368055555556,9,0,0.0037448021366176
16983,0,0.020100927,Low,Monitor,Continue monitoring and regular customer engagement,0.0,8,2469.88,308.735,266.0083333333333,103,1,0.0299616116850285
13701,1,0.75690943,Critical,High Priority,Targeted re-engagement campaign with personalised offer,266.0076388888889,1,161.0,161.0,266.0076388888889,9,0,0.0037452112013025
13554,1,0.46182767,Medium,Monitor,Continue monitoring and regular customer engagement,199.90625,7,1629.35,232.7642857142857,266.0076388888889,156,1,0.0262164784091175
13067,0,0.7356029,Critical,High Priority,Targeted re-engagement campaign with personalised offer,229.02430555555557,2,393.05,196.525,265.96319444444447,13,1,0.0074916694196817
15519,1,0.66898197,High,Medium Priority,Automated re-engagement reminder or promotional campaign,202.92708333333331,2,344.61,172.305,265.9534722222222,34,1,0.0074919422600172
14776,0,0.08459159,Low,Monitor,Continue monitoring and regular customer engagement,37.75972222222222,7,2244.6,320.65714285714284,265.9430555555556,62,1,0.0262228211385074
17255,0,0.35862797,Medium,Monitor,Continue monitoring and regular customer engagement,118.89722222222224,3,598.48,199.4933333333333,265.87291666666664,131,1,0.0112413055527365
16264,1,0.59808385,High,Medium Priority,Automated re-engagement reminder or promotional campaign,257.90972222222223,2,823.53,411.765,265.8583333333333,62,1,0.0074946132467289
15870,0,0.56409186,High,Medium Priority,Automated re-engagement reminder or promotional campaign,216.07847222222225,3,506.02,168.67333333333332,265.85277777777776,61,1,0.0112421539134145
15599,0,0.3359353,Medium,Monitor,Continue monitoring and regular customer engagement,23.98958333333333,2,937.15,468.575,265.1076388888889,58,1,0.0075157556857474
15462,0,0.3671203,Medium,Monitor,Continue monitoring and regular customer engagement,6.884722222222222,2,607.45,303.725,265.1020833333333,32,1,0.0075159125961997
17811,0,0.045293912,Low,Monitor,Continue monitoring and regular customer engagement,6.981944444444444,26,5793.66,222.83307692307693,265.0597222222222,435,1,0.0977224203003711
13702,1,0.81890994,Critical,High Priority,Targeted re-engagement campaign with personalised offer,265.0486111111111,1,135.18,135.18,265.0486111111111,5,0,0.0037587115971914
14212,0,0.6976831,High,Medium Priority,Automated re-engagement reminder or promotional campaign,265.04305555555555,1,1119.66,1119.66,265.04305555555555,12,0,0.0037587900872352
17055,1,0.7695361,Critical,High Priority,Targeted re-engagement campaign with personalised offer,265.0201388888889,1,232.85,232.85,265.0201388888889,24,0,0.0037591138933194
12850,1,0.6424247,High,Medium Priority,Automated re-engagement reminder or promotional campaign,265.01666666666665,1,330.0,330.0,265.01666666666665,2,0,0.0037591629597143
17167,1,0.5129379,Medium,Monitor,Continue monitoring and regular customer engagement,199.11458333333331,3,867.11,289.0366666666667,264.95,64,1,0.0112803158488437
14668,1,0.82844067,Critical,High Priority,Targeted re-engagement campaign with personalised offer,264.90763888888887,1,111.63,111.63,264.90763888888887,10,0,0.0037607042963434
17834,1,0.6160669,High,Medium Priority,Automated re-engagement reminder or promotional campaign,234.02847222222223,2,689.6700000000001,344.83500000000004,264.8875,54,1,0.0075219782802877
17284,0,0.12044643,Low,Monitor,Continue monitoring and regular customer engagement,55.03958333333333,4,2063.93,515.9825000000001,264.85555555555555,225,1,0.0150457641994399
14906,1,0.8675188,Critical,High Priority,Targeted re-engagement campaign with personalised offer,264.84722222222223,1,68.44,68.44,264.84722222222223,1,0,0.0037615589572122
13375,0,0.67073447,High,Medium Priority,Automated re-engagement reminder or promotional campaign,264.1930555555556,1,1013.58,1013.58,264.1930555555556,34,0,0.0037708378068388
15473,0,0.67880255,High,Medium Priority,Automated re-engagement reminder or promotional campaign,264.15,1,274.8,274.8,264.15,3,0,0.0037714501225721
13689,0,0.6317051,High,Medium Priority,Automated re-engagement reminder or promotional campaign,264.0993055555556,1,349.5,349.5,264.0993055555556,3,0,0.0037721713299261
16465,1,0.60841906,High,Medium Priority,Automated re-engagement reminder or promotional campaign,240.14097222222225,2,746.24,373.12,264.0861111111111,45,1,0.0075447181733399
14716,0,0.65602154,High,Medium Priority,Automated re-engagement reminder or promotional campaign,264.0298611111112,1,235.77,235.77,264.0298611111112,44,0,0.0037731597330489
17480,0,0.6690309,High,Medium Priority,Automated re-engagement reminder or promotional campaign,264.0131944444444,1,370.41,370.41,264.0131944444444,24,0,0.0037733970268775
12751,1,0.6008008,High,Medium Priority,Automated re-engagement reminder or promotional campaign,264.00069444444443,1,268.27,268.27,264.00069444444443,61,0,0.0037735750168369
15041,0,0.7246719,Critical,High Priority,Targeted re-engagement campaign with personalised offer,263.9819444444444,1,109.47,109.47,263.9819444444444,35,0,0.0037738420332622
14169,1,0.631315,High,Medium Priority,Automated re-engagement reminder or promotional campaign,250.17013888888889,2,621.51,310.755,263.9659722222222,50,1,0.0075481390430112
14761,0,0.6202359,High,Medium Priority,Automated re-engagement reminder or promotional campaign,154.0326388888889,2,289.52,144.76,263.9361111111112,20,1,0.007548989798379
16998,0,0.40160108,Medium,Monitor,Continue monitoring and regular customer engagement,23.93055555555556,4,394.1,98.525,263.9243055555556,2,1,0.015098652392848
15728,1,0.64353395,High,Medium Priority,Automated re-engagement reminder or promotional campaign,199.09097222222223,2,544.6,272.3,263.9194444444444,10,1,0.0075494647219804
14126,0,0.665806,High,Medium Priority,Automated re-engagement reminder or promotional campaign,263.9159722222222,1,466.33,466.33,263.9159722222222,28,0,0.0037747818359595
17161,1,0.634384,High,Medium Priority,Automated re-engagement reminder or promotional campaign,263.8375,1,856.01,856.01,263.8375,52,0,0.0037759003162316
14933,1,0.68071353,High,Medium Priority,Automated re-engagement reminder or promotional campaign,263.0854166666667,4,1770.0,442.5,263.80625,1,1,0.0151053836531426
12578,0,0.27154988,Medium,Monitor,Continue monitoring and regular customer engagement,149.88611111111112,3,3456.6,1152.2,263.06319444444443,109,1,0.0113609168680687
17840,1,0.725499,Critical,High Priority,Targeted re-engagement campaign with personalised offer,263.0180555555556,1,175.9,175.9,263.0180555555556,44,0,0.00378761974402
14570,1,0.4493743,Medium,Monitor,Continue monitoring and regular customer engagement,100.07777777777778,3,613.75,204.58333333333331,262.98819444444445,64,1,0.0113641445456052
13205,1,0.7504831,Critical,Immediate Action,Personalised retention outreach with high-value incentive,262.85,1,2803.2,2803.2,262.85,1,0,0.0037900322152738
15761,1,0.8206566,Critical,High Priority,Targeted re-engagement campaign with personalised offer,262.13680555555555,1,143.05,143.05,262.13680555555555,5,0,0.0038003045521842
16857,1,0.6719744,High,Medium Priority,Automated re-engagement reminder or promotional campaign,262.0840277777778,1,352.8,352.8,262.0840277777778,11,0,0.0038010669383725
13519,0,0.7215215,Critical,High Priority,Targeted re-engagement campaign with personalised offer,262.0451388888889,1,220.46,220.46,262.0451388888889,11,0,0.0038016288923795
13264,1,0.62485814,High,Medium Priority,Automated re-engagement reminder or promotional campaign,262.0055555555556,1,722.5600000000001,722.5600000000001,262.0055555555556,38,0,0.0038022010519422
18107,1,0.7590773,Critical,High Priority,Targeted re-engagement campaign with personalised offer,261.99097222222224,1,165.88,165.88,261.99097222222224,38,0,0.0038024118909869
15140,0,0.14979286,Low,Monitor,Continue monitoring and regular customer engagement,18.075694444444444,4,2016.89,504.2225,261.98819444444445,67,1,0.0152098082138245
16856,0,0.7163169,Critical,High Priority,Targeted re-engagement campaign with personalised offer,237.0388888888889,2,323.09000000000003,161.54500000000002,261.98541666666665,15,1,0.0076049844335474
18193,0,0.5613815,High,Medium Priority,Automated re-engagement reminder or promotional campaign,200.01736111111111,2,963.59,481.795,261.97013888888887,50,1,0.0076054262603749
15476,1,0.4197064,Medium,Monitor,Continue monitoring and regular customer engagement,199.89791666666667,4,2209.98,552.4949999999999,261.9513888888889,67,1,0.0152119371451208
16298,0,0.29472026,Medium,Monitor,Continue monitoring and regular customer engagement,6.113888888888889,5,601.8,120.36,261.89375,20,1,0.019019090412001
16546,1,0.23675504,Medium,Monitor,Continue monitoring and regular customer engagement,110.0625,5,5307.07,1061.414,261.8798611111111,75,1,0.019020095258977
16261,0,0.387752,Medium,Monitor,Continue monitoring and regular customer engagement,65.73958333333333,3,565.14,188.38,261.84027777777777,83,1,0.0114137757932838
16775,0,0.077727005,Low,Monitor,Continue monitoring and regular customer engagement,25.066666666666663,9,1821.13,202.34777777777776,261.8027777777778,92,1,0.0342462133623651
14992,1,0.71519685,Critical,High Priority,Targeted re-engagement campaign with personalised offer,261.79305555555555,1,210.5,210.5,261.79305555555555,27,0,0.0038052755917996
17134,0,0.4937217,Medium,Monitor,Continue monitoring and regular customer engagement,84.0375,2,530.8,265.4,261.7625,29,1,0.0076114361828647
16531,0,0.18462016,Low,Monitor,Continue monitoring and regular customer engagement,113.93680555555557,7,1538.57,219.79571428571427,261.12569444444443,80,1,0.0267047456558425
14875,0,0.35953915,Medium,Monitor,Continue monitoring and regular customer engagement,82.03958333333334,2,1759.08,879.54,261.0986111111111,47,1,0.0076307157505391
17567,0,0.1103253,Low,Monitor,Continue monitoring and regular customer engagement,52.982638888888886,5,2380.57,476.114,261.08472222222224,99,1,0.0190778003296219
16692,1,0.24540912,Medium,Monitor,Continue monitoring and regular customer engagement,75.91944444444445,4,1914.7,478.675,261.0548611111111,3,1,0.0152639793936278
16140,0,0.5285587,High,Medium Priority,Automated re-engagement reminder or promotional campaign,190.92361111111111,2,832.4200000000001,416.21,261.03263888888887,33,1,0.0076326369435529
14934,0,0.22141796,Low,Monitor,Continue monitoring and regular customer engagement,102.04305555555555,4,2441.4,610.35,261.02916666666664,89,1,0.0152654761715457
17396,0,0.5150373,Medium,Monitor,Continue monitoring and regular customer engagement,191.12847222222223,7,1476.3,210.9,260.9902777777778,11,1,0.0267185487162903
14226,0,0.164912,Low,Monitor,Continue monitoring and regular customer engagement,29.940277777777776,3,2462.34,820.7800000000001,260.9291666666667,66,1,0.0114534781986224
12871,0,0.37046012,Medium,Monitor,Continue monitoring and regular customer engagement,26.97083333333333,2,495.38,247.69,259.09444444444443,9,1,0.0076895144925988
17062,1,0.421361,Medium,Monitor,Continue monitoring and regular customer engagement,133.07569444444445,6,889.75,148.29166666666666,259.0368055555556,82,1,0.0230736567740143
14094,1,0.509264,Medium,Monitor,Continue monitoring and regular customer engagement,259.0361111111111,1,311.77,311.77,259.0361111111111,41,0,0.0038456197323021
14269,1,0.63919854,High,Medium Priority,Automated re-engagement reminder or promotional campaign,258.99791666666664,1,295.73,295.73,258.99791666666664,16,0,0.0038461846649412
13118,0,0.07414515,Low,Monitor,Continue monitoring and regular customer engagement,27.977777777777774,7,2017.3,288.18571428571425,258.8777777777778,85,1,0.0269357390226174
14806,0,0.7957619,Critical,High Priority,Targeted re-engagement campaign with personalised offer,258.875,1,110.04,110.04,258.875,9,0,0.0038480038480038
13281,1,0.67894393,High,Medium Priority,Automated re-engagement reminder or promotional campaign,258.86597222222224,1,350.85,350.85,258.86597222222224,22,0,0.0038481375281595
12449,0,0.23480153,Low,Monitor,Continue monitoring and regular customer engagement,6.884027777777778,3,1627.53,542.5100000000001,258.13402777777776,57,1,0.0115770206858848
15469,0,0.6093618,High,Medium Priority,Automated re-engagement reminder or promotional campaign,258.1118055555556,1,335.7,335.7,258.1118055555556,19,0,0.0038593378555482
17919,0,0.63515955,High,Medium Priority,Automated re-engagement reminder or promotional campaign,258.09027777777777,1,536.28,536.28,258.09027777777777,17,0,0.003859658527433
17315,0,0.04691547,Low,Monitor,Continue monitoring and regular customer engagement,11.03125,25,6219.8,248.792,258.00347222222223,316,1,0.0965238025015752
15616,1,0.69418484,High,Medium Priority,Automated re-engagement reminder or promotional campaign,257.9861111111111,1,317.11,317.11,257.9861111111111,13,0,0.0038612109186464
12348,0,0.2113083,Low,Monitor,Continue monitoring and regular customer engagement,68.08541666666666,4,1709.4,427.35,257.91041666666666,25,1,0.0154493590929938
16211,0,0.608029,High,Medium Priority,Automated re-engagement reminder or promotional campaign,240.97916666666663,2,543.5699999999999,271.785,257.8930555555556,12,1,0.0077251975558333
14328,1,0.849532,Critical,High Priority,Targeted re-engagement campaign with personalised offer,257.8673611111111,1,445.05,445.05,257.8673611111111,1,0,0.0038629821685816
17524,1,0.5039445,Medium,Monitor,Continue monitoring and regular customer engagement,180.92916666666667,3,539.14,179.71333333333334,257.8541666666667,37,1,0.01158953722334
13290,1,0.8505357,Critical,High Priority,Targeted re-engagement campaign with personalised offer,257.84791666666666,1,208.63,208.63,257.84791666666666,1,0,0.0038632723526523
13687,1,0.7146134,Critical,Immediate Action,Personalised retention outreach with high-value incentive,257.84722222222223,1,11880.84,11880.84,257.84722222222223,45,0,0.0038632827171755
14802,1,0.80096585,Critical,High Priority,Targeted re-engagement campaign with personalised offer,257.84444444444443,2,1502.98,751.49,257.84583333333336,1,0,0.0077266068927772
17280,1,0.8368953,Critical,High Priority,Targeted re-engagement campaign with personalised offer,257.8361111111111,1,118.86,118.86,257.8361111111111,6,0,0.0038634485571092
17450,0,0.043105517,Low,Monitor,Continue monitoring and regular customer engagement,12.091666666666669,19,106153.72,5587.037894736842,257.8270833333333,96,1,0.0734080829382551
13139,0,0.17422372,Low,Monitor,Continue monitoring and regular customer engagement,34.865972222222226,3,4308.06,1436.0199999999998,257.1513888888889,123,1,0.0116210879705599
16362,0,0.63059497,High,Medium Priority,Automated re-engagement reminder or promotional campaign,257.1430555555556,1,212.17,212.17,257.1430555555556,13,0,0.0038738210402285
13073,1,0.68403494,High,Medium Priority,Automated re-engagement reminder or promotional campaign,230.94722222222225,2,418.08,209.04,257.1409722222222,25,1,0.0077477046080011
16269,1,0.5218634,High,Medium Priority,Automated re-engagement reminder or promotional campaign,257.0416666666667,1,717.57,717.57,257.0416666666667,53,0,0.0038753431293395
13970,1,0.5467334,High,Medium Priority,Automated re-engagement reminder or promotional campaign,205.97847222222225,2,846.55,423.275,257.0395833333333,10,1,0.0077507488353692
15347,1,0.5008654,Medium,Monitor,Continue monitoring and regular customer engagement,185.89236111111111,4,1162.0,290.5,257.0,29,1,0.0155038759689922
13386,1,0.61809814,High,Medium Priority,Automated re-engagement reminder or promotional campaign,233.9986111111111,2,835.46,417.73,256.9868055555556,24,1,0.0077523344486286
14597,0,0.1537831,Low,Monitor,Continue monitoring and regular customer engagement,11.011805555555556,5,1483.49,296.698,256.98125,44,1,0.0193812534825689
17007,0,0.3001133,Medium,Monitor,Continue monitoring and regular customer engagement,21.058333333333334,5,692.9,138.58,256.9576388888889,40,1,0.0193830274673651
16198,0,0.66694546,High,Medium Priority,Automated re-engagement reminder or promotional campaign,256.9520833333333,1,629.36,629.36,256.9520833333333,18,0,0.0038766889845497
15871,1,0.8378971,Critical,High Priority,Targeted re-engagement campaign with personalised offer,256.9402777777778,1,33.099999999999994,33.099999999999994,256.9402777777778,5,0,0.0038768664150293
13754,0,0.6160359,High,Medium Priority,Automated re-engagement reminder or promotional campaign,136.9111111111111,2,320.45,160.22500000000002,256.8895833333333,16,1,0.0077552570140644
14410,0,0.029397283,Low,Monitor,Continue monitoring and regular customer engagement,26.000694444444445,8,2305.63,288.20375,256.8777777777778,251,1,0.0310224481882028
13927,0,0.626663,High,Medium Priority,Automated re-engagement reminder or promotional campaign,256.8597222222222,1,359.27,359.27,256.8597222222222,20,0,0.0038780775507785
16237,1,0.82956046,Critical,High Priority,Targeted re-engagement campaign with personalised offer,256.825,1,136.65,136.65,256.825,7,0,0.003878599825463
12964,1,0.8334728,Critical,High Priority,Targeted re-engagement campaign with personalised offer,256.79375,1,132.24,132.24,256.79375,26,0,0.0038790699929691
13639,0,0.6852667,High,Medium Priority,Automated re-engagement reminder or promotional campaign,256.1145833333333,1,312.93,312.93,256.1145833333333,19,0,0.0038893165336466
16148,1,0.45209825,Medium,Monitor,Continue monitoring and regular customer engagement,115.95069444444444,2,386.62,193.31,256.1097222222222,9,1,0.0077787801360206
12946,1,0.69815856,High,Medium Priority,Automated re-engagement reminder or promotional campaign,256.1083333333333,1,324.45,324.45,256.1083333333333,20,0,0.0038894110783392
13804,0,0.33694586,Medium,Monitor,Continue monitoring and regular customer engagement,109.15347222222222,3,1296.36,432.12000000000006,256.1,69,1,0.0116686114352392
16783,1,0.7021684,High,Medium Priority,Automated re-engagement reminder or promotional campaign,256.0395833333333,1,391.95,391.95,256.0395833333333,25,0,0.0038904513734103
14843,1,0.7206478,Critical,High Priority,Targeted re-engagement campaign with personalised offer,256.0076388888889,1,211.8,211.8,256.0076388888889,9,0,0.0038909349322193
14891,0,0.31878385,Medium,Monitor,Continue monitoring and regular customer engagement,7.0777777777777775,3,1001.73,333.91,256.00625,52,1,0.0116728678777267
17257,1,0.72542447,Critical,High Priority,Targeted re-engagement campaign with personalised offer,255.9993055555556,2,189.78,94.89,256.00069444444443,14,0,0.0077820801392127
14829,0,0.050623994,Low,Monitor,Continue monitoring and regular customer engagement,3.93125,6,1289.95,214.99166666666667,255.9833333333333,72,1,0.0233478176276023
14449,0,0.10866582,Low,Monitor,Continue monitoring and regular customer engagement,66.02361111111111,6,1745.07,290.845,255.98263888888889,211,1,0.0233478807204334
14510,1,0.45458785,Medium,Monitor,Continue monitoring and regular customer engagement,195.00277777777777,3,979.85,326.6166666666667,255.96875,67,1,0.0116745713243341
13105,1,0.81974566,Critical,High Priority,Targeted re-engagement campaign with personalised offer,255.9645833333333,1,72.0,72.0,255.9645833333333,1,0,0.0038915868756232
13257,1,0.81682163,Critical,High Priority,Targeted re-engagement campaign with personalised offer,255.9111111111111,1,149.75,149.75,255.9111111111111,7,0,0.0038923968514834
16489,1,0.70012736,High,Medium Priority,Automated re-engagement reminder or promotional campaign,199.92361111111111,2,303.7,151.85,255.90833333333333,4,1,0.0077848778747283
16490,1,0.7112659,Critical,High Priority,Targeted re-engagement campaign with personalised offer,255.84722222222223,1,205.41000000000005,205.41000000000005,255.84722222222223,13,0,0.0038933650570486
12661,1,0.76033795,Critical,High Priority,Targeted re-engagement campaign with personalised offer,255.8361111111111,1,162.0,162.0,255.8361111111111,11,0,0.0038935334897956
13556,1,0.73345053,Critical,High Priority,Targeted re-engagement campaign with personalised offer,248.8375,2,200.82,100.41,255.15902777777777,8,1,0.0078076498702791
14004,0,0.17493212,Low,Monitor,Continue monitoring and regular customer engagement,108.14027777777778,5,2575.83,515.1659999999999,255.1326388888889,69,1,0.0195211356962945
13962,0,0.5136184,Medium,Monitor,Continue monitoring and regular customer engagement,65.06180555555555,2,310.85,155.425,255.09375,19,1,0.0078096400244051
16368,0,0.83035934,Critical,High Priority,Targeted re-engagement campaign with personalised offer,255.05555555555557,1,141.53,141.53,255.05555555555557,20,0,0.0039054024734215
14953,0,0.44448552,Medium,Monitor,Continue monitoring and regular customer engagement,237.9986111111111,3,685.65,228.55,255.0236111111111,153,1,0.0117176692687848
13966,1,0.6698893,High,Medium Priority,Automated re-engagement reminder or promotional campaign,254.9875,1,384.26,384.26,254.9875,21,0,0.0039064407441769
12562,0,0.26233727,Medium,Monitor,Continue monitoring and regular customer engagement,18.004166666666666,3,1630.14,543.38,254.98402777777775,43,1,0.0117194811959296
16214,0,0.27470264,Medium,Monitor,Continue monitoring and regular customer engagement,72.1125,3,1725.17,575.0566666666667,254.95347222222225,78,1,0.0117208802598128
14742,1,0.6306849,High,Medium Priority,Automated re-engagement reminder or promotional campaign,254.9465277777778,1,579.85,579.85,254.9465277777778,34,0,0.0039070660918214
15736,1,0.5948362,High,Medium Priority,Automated re-engagement reminder or promotional campaign,254.9375,2,1767.12,883.56,254.93819444444443,95,0,0.0078143866113509
16958,1,0.6019182,High,Medium Priority,Automated re-engagement reminder or promotional campaign,254.93402777777777,1,778.49,778.49,254.93402777777777,69,0,0.003907256915709
14800,0,0.029120015,Low,Monitor,Continue monitoring and regular customer engagement,10.943055555555556,12,6245.65,520.4708333333333,254.925,286,1,0.0468887369346488
15960,1,0.64333445,High,Medium Priority,Automated re-engagement reminder or promotional campaign,193.8701388888889,4,410.95,102.7375,254.875,24,1,0.0156326331216414
13108,1,0.5660532,High,Medium Priority,Automated re-engagement reminder or promotional campaign,192.09375,2,748.46,374.23,254.8201388888889,27,1,0.0078179927846441
14568,1,0.5613889,High,Medium Priority,Automated re-engagement reminder or promotional campaign,254.81597222222223,1,919.7,919.7,254.81597222222223,47,0,0.003909060061079
15243,0,0.62682116,High,Medium Priority,Automated re-engagement reminder or promotional campaign,254.80694444444444,1,610.6,610.6,254.80694444444444,39,0,0.0039091980171678
13763,0,0.69382155,High,High Priority,Targeted re-engagement campaign with personalised offer,236.97569444444449,2,3502.48,1751.24,254.79930555555555,35,1,0.0078186295136975
12457,0,0.23130776,Low,Monitor,Continue monitoring and regular customer engagement,53.11111111111112,4,1699.93,424.9825,254.78541666666663,37,1,0.015638108114712
16044,1,0.6975225,High,Medium Priority,Automated re-engagement reminder or promotional campaign,254.7763888888889,1,340.84000000000003,340.84000000000003,254.7763888888889,19,0,0.0039096650177292
14657,0,0.3007617,Medium,Monitor,Continue monitoring and regular customer engagement,101.85625,4,1126.37,281.59250000000003,254.70347222222225,120,1,0.0156431196074011
12817,1,0.5130157,Medium,Monitor,Continue monitoring and regular customer engagement,100.84861111111113,3,690.98,230.32666666666668,254.1618055555556,16,1,0.0117572455386424
17533,1,0.8554182,Critical,High Priority,Targeted re-engagement campaign with personalised offer,254.15,1,34.8,34.8,254.15,1,0,0.0039192631785224
16306,1,0.19044124,Low,Monitor,Continue monitoring and regular customer engagement,33.02638888888889,7,1124.72,160.67428571428573,254.13472222222225,55,1,0.0274364850814112
14303,1,0.6677787,High,Medium Priority,Automated re-engagement reminder or promotional campaign,226.8840277777778,2,277.94,138.97,254.09652777777777,21,1,0.0078401694347727
17521,0,0.3372635,Medium,Monitor,Continue monitoring and regular customer engagement,18.9,3,714.41,238.13666666666668,254.04236111111112,37,1,0.0117627518304421
13002,1,0.62002665,High,Medium Priority,Automated re-engagement reminder or promotional campaign,137.8972222222222,3,414.13,138.04333333333332,254.0361111111111,19,1,0.0117630400923616
15261,0,0.42092675,Medium,Monitor,Continue monitoring and regular customer engagement,201.15069444444444,3,1253.18,417.7266666666667,254.03541666666663,70,1,0.0117630721223359
17360,0,0.13706021,Low,Monitor,Continue monitoring and regular customer engagement,3.8201388888888888,4,953.17,238.2925,254.0298611111111,137,1,0.0156844378245466
15276,0,0.41947106,Medium,Monitor,Continue monitoring and regular customer engagement,213.86319444444445,3,491.17,163.72333333333333,254.01805555555555,115,1,0.0117638729283874
15190,1,0.63628614,High,Medium Priority,Automated re-engagement reminder or promotional campaign,253.98680555555555,1,834.4399999999999,834.4399999999999,253.98680555555555,40,0,0.0039217715513602
16606,1,0.72293574,Critical,High Priority,Targeted re-engagement campaign with personalised offer,223.95347222222225,2,357.66,178.83,253.97847222222225,16,1,0.0078437994492999
13198,0,0.09590736,Low,Monitor,Continue monitoring and regular customer engagement,69.12152777777777,5,3660.74,732.1479999999999,253.9743055555556,207,1,0.0196098190721831
12652,1,0.54590124,High,Medium Priority,Automated re-engagement reminder or promotional campaign,150.90972222222223,2,1017.03,508.515,253.8986111111111,51,1,0.0078462569540176
18266,1,0.71016794,Critical,High Priority,Targeted re-engagement campaign with personalised offer,253.88680555555555,1,251.1,251.1,253.88680555555555,14,0,0.0039233101839869
13380,1,0.8456859,Critical,High Priority,Targeted re-engagement campaign with personalised offer,252.10555555555555,1,62.4,62.4,252.10555555555555,3,0,0.0039509207840382
17022,0,0.7880434,Critical,High Priority,Targeted re-engagement campaign with personalised offer,252.0993055555556,1,189.0,189.0,252.0993055555556,9,0,0.0039510183475414
13674,1,0.66662365,High,Medium Priority,Automated re-engagement reminder or promotional campaign,252.0895833333333,1,240.68,240.68,252.0895833333333,14,0,0.0039511701225685
18270,0,0.5712377,High,Medium Priority,Automated re-engagement reminder or promotional campaign,86.00625,2,273.35,136.675,252.08402777777775,11,1,0.007902513712782
16848,0,0.48513955,Medium,Monitor,Continue monitoring and regular customer engagement,196.00833333333333,3,1130.2,376.73333333333335,252.07569444444445,64,1,0.0118541608927939
13014,0,0.09830068,Low,Monitor,Continue monitoring and regular customer engagement,39.94027777777778,4,3242.83,810.7075,252.05208333333331,124,1,0.0158070225991026
14254,1,0.6735255,High,Medium Priority,Automated re-engagement reminder or promotional campaign,252.0402777777778,1,601.03,601.03,252.0402777777778,23,0,0.0039519400183326
15351,0,0.31403112,Medium,Monitor,Continue monitoring and regular customer engagement,189.04236111111112,4,1770.23,442.5575,252.0222222222222,103,1,0.015808888108203
13642,1,0.3355774,Medium,Monitor,Continue monitoring and regular customer engagement,35.01111111111111,4,472.2,118.04999999999998,252.01875,93,1,0.0158091050564434
14310,1,0.68649566,High,Medium Priority,Automated re-engagement reminder or promotional campaign,252.01111111111112,1,492.1,492.1,252.01111111111112,22,0,0.0039523955908831
15859,1,0.7094069,Critical,High Priority,Targeted re-engagement campaign with personalised offer,251.9986111111111,1,438.46,438.46,251.9986111111111,22,0,0.0039525908684171
14392,1,0.7008105,High,Medium Priority,Automated re-engagement reminder or promotional campaign,251.9958333333333,1,266.4,266.4,251.9958333333333,14,0,0.0039526342660452
14008,1,0.58205783,High,Medium Priority,Automated re-engagement reminder or promotional campaign,251.98680555555555,1,509.04,509.04,251.98680555555555,32,0,0.0039527753149181
16407,0,0.09213735,Low,Monitor,Continue monitoring and regular customer engagement,13.931944444444444,9,1471.76,163.5288888888889,251.95416666666668,71,1,0.035579568103576
15143,1,0.39560187,Medium,Monitor,Continue monitoring and regular customer engagement,45.03263888888889,2,563.63,281.815,251.95277777777775,27,1,0.0079066141023247
13245,0,0.6686631,High,Medium Priority,Automated re-engagement reminder or promotional campaign,251.94930555555555,1,558.72,558.72,251.94930555555555,29,0,0.0039533613180067
14462,0,0.07590298,Low,Monitor,Continue monitoring and regular customer engagement,5.086111111111111,8,1379.51,172.43875,251.9423611111111,139,1,0.0316277588493206
16312,1,0.83896214,Critical,High Priority,Targeted re-engagement campaign with personalised offer,251.94097222222223,1,171.15,171.15,251.94097222222223,10,0,0.0039534915645119
14579,1,0.8376519,Critical,High Priority,Targeted re-engagement campaign with personalised offer,251.92638888888888,1,105.56,105.56,251.92638888888888,24,0,0.0039537195165479
15579,0,0.3327675,Medium,Monitor,Continue monitoring and regular customer engagement,133.02847222222223,4,1118.38,279.595,251.92569444444445,125,1,0.01581492148825
13326,1,0.675657,High,Medium Priority,Automated re-engagement reminder or promotional campaign,251.86805555555557,1,281.76,281.76,251.86805555555557,13,0,0.0039546315876198
16817,0,0.058655575,Low,Monitor,Continue monitoring and regular customer engagement,5.114583333333333,11,2135.38,194.12545454545452,251.1555555555556,90,1,0.043623865338856
17375,1,0.23697022,Medium,Monitor,Continue monitoring and regular customer engagement,18.87847222222222,4,660.55,165.1375,251.15,77,1,0.015863573269879
15159,0,0.017798346,Low,Monitor,Continue monitoring and regular customer engagement,4.009027777777778,18,9151.59,508.4216666666667,251.13819444444445,203,1,0.0713894221367801
17621,0,0.33364266,Medium,Monitor,Continue monitoring and regular customer engagement,131.98819444444445,5,2697.0,539.4,251.1340277777778,52,1,0.0198307227472161
13367,1,0.68375415,High,Medium Priority,Automated re-engagement reminder or promotional campaign,251.11805555555557,1,510.2000000000001,510.2000000000001,251.11805555555557,20,0,0.0039663958132488
16476,1,0.6556412,High,Medium Priority,Automated re-engagement reminder or promotional campaign,251.09791666666663,1,350.35,350.35,251.09791666666663,24,0,0.0039667126695149
13441,0,0.68253577,High,Medium Priority,Automated re-engagement reminder or promotional campaign,251.09166666666667,1,424.26,424.26,251.09166666666667,25,0,0.0039668110145119
18284,1,0.64375216,High,Medium Priority,Automated re-engagement reminder or promotional campaign,251.0534722222222,1,461.68,461.68,251.0534722222222,28,0,0.0039674121176888
14065,1,0.5190449,Medium,Monitor,Continue monitoring and regular customer engagement,208.85902777777775,3,891.02,297.00666666666666,251.0326388888889,42,1,0.0119032202068184
12486,1,0.7009977,High,Medium Priority,Automated re-engagement reminder or promotional campaign,251.025,1,1037.28,1037.28,251.025,49,0,0.0039678603313163
14353,1,0.4550615,Medium,Monitor,Continue monitoring and regular customer engagement,34.86388888888889,3,376.5,125.5,251.00833333333333,18,1,0.0119043682417909
15392,0,0.38220453,Medium,Monitor,Continue monitoring and regular customer engagement,179.875,4,1715.07,428.7675,251.0,54,1,0.0158730158730158
13144,1,0.7183987,Critical,High Priority,Targeted re-engagement campaign with personalised offer,152.06597222222223,2,135.35,67.675,250.94166666666663,6,1,0.0079383455164886
15730,0,0.2668409,Medium,Monitor,Continue monitoring and regular customer engagement,26.00486111111111,3,1073.13,357.71000000000004,250.94097222222223,65,1,0.0119075510963491
15778,1,0.7159938,Critical,High Priority,Targeted re-engagement campaign with personalised offer,250.90277777777777,1,307.95,307.95,250.90277777777777,17,0,0.00396978552131
18017,0,0.6261628,High,Medium Priority,Automated re-engagement reminder or promotional campaign,129.95347222222222,2,330.0,165.0,250.9020833333333,1,1,0.0079395929304541
15346,1,0.5685109,High,Medium Priority,Automated re-engagement reminder or promotional campaign,152.0638888888889,3,596.12,198.70666666666668,250.9020833333333,36,1,0.0119093893956811
16061,1,0.8360426,Critical,High Priority,Targeted re-engagement campaign with personalised offer,250.8895833333333,1,89.65,89.65,250.8895833333333,3,0,0.0039699934660524
13035,0,0.43226165,Medium,Monitor,Continue monitoring and regular customer engagement,80.1451388888889,2,775.32,387.66,250.88125,22,1,0.0079402496215974
14314,0,0.7779789,Critical,High Priority,Targeted re-engagement campaign with personalised offer,250.20138888888889,1,109.8,109.8,250.20138888888889,2,0,0.0039808697094518
13177,0,0.76409405,Critical,High Priority,Targeted re-engagement campaign with personalised offer,250.09375,1,229.75,229.75,250.09375,13,0,0.0039825762289981
13964,1,0.6516046,High,Medium Priority,Automated re-engagement reminder or promotional campaign,206.95625,2,438.9,219.45,250.00833333333333,22,1,0.0079678629527572
14470,0,0.5027696,Medium,Monitor,Continue monitoring and regular customer engagement,107.0375,2,548.49,274.245,250.0076388888889,48,1,0.0079678849968598
14991,1,0.6918038,High,Medium Priority,Automated re-engagement reminder or promotional campaign,249.9923611111111,1,314.67,314.67,249.9923611111111,21,0,0.0039841849989901
15490,1,0.7621043,Critical,High Priority,Targeted re-engagement campaign with personalised offer,249.98541666666668,1,210.85,210.85,249.98541666666668,22,0,0.003984295236277
14663,1,0.6120441,High,Medium Priority,Automated re-engagement reminder or promotional campaign,249.97847222222225,2,490.6,245.3,249.98472222222225,60,0,0.0079686125206824
16348,0,0.25032902,Medium,Monitor,Continue monitoring and regular customer engagement,10.797222222222222,4,887.84,221.96,249.95347222222225,116,1,0.0159392096255115
17097,0,0.42654952,Medium,Monitor,Continue monitoring and regular customer engagement,143.97083333333333,3,476.58,158.86,249.9451388888889,97,1,0.0119548041985715
17657,1,0.83018243,Critical,High Priority,Targeted re-engagement campaign with personalised offer,249.9152777777778,1,126.0,126.0,249.9152777777778,7,0,0.0039854089749196
13306,1,0.8414896,Critical,High Priority,Targeted re-engagement campaign with personalised offer,249.91319444444449,1,53.65,53.65,249.91319444444449,4,0,0.0039854420657874
15782,0,0.65074813,High,Medium Priority,Automated re-engagement reminder or promotional campaign,249.8798611111111,1,1399.36,1399.36,249.8798611111111,18,0,0.0039859715944163
14350,1,0.42051128,Medium,Monitor,Continue monitoring and regular customer engagement,93.94166666666666,3,972.03,324.01,249.8736111111111,55,1,0.0119582126900995
16760,1,0.7101163,Critical,High Priority,Targeted re-engagement campaign with personalised offer,249.87152777777777,1,228.0,228.0,249.87152777777777,17,0,0.0039861039985605
15857,0,0.64967394,High,Medium Priority,Automated re-engagement reminder or promotional campaign,249.83819444444444,1,273.48,273.48,249.83819444444444,10,0,0.003986633703112
15128,0,0.32075685,Medium,Monitor,Continue monitoring and regular customer engagement,39.0125,2,796.38,398.19,249.8361111111111,47,1,0.0079733336286419
13055,0,0.24947117,Medium,Monitor,Continue monitoring and regular customer engagement,33.16111111111111,2,1451.56,725.78,249.18958333333333,99,1,0.0079939379304027
13033,1,0.6458901,High,Medium Priority,Automated re-engagement reminder or promotional campaign,176.93541666666667,2,220.55,110.275,249.1340277777778,12,1,0.0079957134092
13022,1,0.84434915,Critical,High Priority,Targeted re-engagement campaign with personalised offer,249.08333333333331,1,65.3,65.3,249.08333333333331,5,0,0.003998667110963
15934,1,0.68731254,High,High Priority,Targeted re-engagement campaign with personalised offer,237.10902777777775,2,2190.66,1095.33,249.02916666666667,29,1,0.0079990667755428
17429,0,0.1656213,Low,Monitor,Continue monitoring and regular customer engagement,4.966666666666667,4,1208.68,302.17,249.01388888888889,70,1,0.015999111160491
16437,1,0.6651947,High,Medium Priority,Automated re-engagement reminder or promotional campaign,200.8270833333333,2,301.25,150.625,249.01111111111112,17,1,0.0079996444602462
13818,1,0.84078366,Critical,High Priority,Targeted re-engagement campaign with personalised offer,249.01041666666663,1,61.28,61.28,249.01041666666663,5,0,0.0039998333402774
14810,0,0.098928966,Low,Monitor,Continue monitoring and regular customer engagement,18.035416666666663,10,1544.85,154.485,248.98472222222225,100,1,0.0400024445938362
17045,0,0.4664119,Medium,Monitor,Continue monitoring and regular customer engagement,67.02916666666667,3,528.19,176.0633333333333,248.9152777777778,29,1,0.012004068045282
15973,1,0.67375124,High,Medium Priority,Automated re-engagement reminder or promotional campaign,186.04722222222225,3,680.62,226.87333333333336,248.90972222222223,8,1,0.0120043348987134
17008,1,0.85392344,Critical,High Priority,Targeted re-engagement campaign with personalised offer,248.89652777777775,1,81.36,81.36,248.89652777777775,1,0,0.0040016562410553
16149,0,0.7431136,Critical,High Priority,Targeted re-engagement campaign with personalised offer,248.87222222222223,1,141.70000000000002,141.70000000000002,248.87222222222223,12,0,0.004002045489917
14339,1,0.33768123,Medium,Monitor,Continue monitoring and regular customer engagement,62.07222222222222,2,620.27,310.135,248.16666666666663,21,1,0.0080267558528428
13423,1,0.70715564,High,Medium Priority,Automated re-engagement reminder or promotional campaign,248.15833333333333,1,217.03,217.03,248.15833333333333,12,0,0.0040135121575972
17525,1,0.56675965,High,Medium Priority,Automated re-engagement reminder or promotional campaign,179.03125,3,1161.9,387.3,248.1513888888889,19,1,0.0120408720713087
12511,1,0.44001094,Medium,Monitor,Continue monitoring and regular customer engagement,248.09097222222223,1,3084.02,3084.02,248.09097222222223,190,0,0.0040145975226587
17249,1,0.8423711,Critical,High Priority,Targeted re-engagement campaign with personalised offer,248.0534722222222,1,68.03,68.03,248.0534722222222,27,0,0.0040152020009089
14490,1,0.53409207,High,Medium Priority,Automated re-engagement reminder or promotional campaign,225.90694444444443,2,1273.47,636.735,248.05138888888888,72,1,0.0080304711767428
14118,1,0.7432096,Critical,High Priority,Targeted re-engagement campaign with personalised offer,248.03541666666663,1,458.45,458.45,248.03541666666663,15,0,0.0040154931109196
12903,1,0.64930874,High,Medium Priority,Automated re-engagement reminder or promotional campaign,248.0076388888889,1,833.53,833.53,248.0076388888889,41,0,0.0040159410549096
13569,0,0.39904472,Medium,Monitor,Continue monitoring and regular customer engagement,187.0145833333333,3,497.74,165.91333333333333,247.98958333333331,103,1,0.0120486968162992
17354,0,0.5245451,High,Medium Priority,Automated re-engagement reminder or promotional campaign,247.9638888888889,3,1740.9,580.3,247.9777777777778,73,0,0.012049268118529
14266,1,0.856796,Critical,High Priority,Targeted re-engagement campaign with personalised offer,247.97083333333333,1,40.56,40.56,247.97083333333333,1,0,0.0040165347346576
12393,0,0.17152826,Low,Monitor,Continue monitoring and regular customer engagement,65.12847222222223,5,1877.95,375.59,247.95902777777775,53,1,0.0200836259870962
16980,1,0.27943808,Medium,Monitor,Continue monitoring and regular customer engagement,74.84305555555555,3,1422.8300000000002,474.2766666666666,247.94791666666663,91,1,0.0120507134189715
16411,0,0.40357685,Medium,Monitor,Continue monitoring and regular customer engagement,188.975,3,673.24,224.41333333333333,247.90347222222223,119,1,0.0120528652060007
15314,1,0.28313896,Medium,Monitor,Continue monitoring and regular customer engagement,18.92430555555556,3,820.4499999999999,273.4833333333333,247.88125,49,1,0.01205394138771
13776,1,0.7883392,Critical,High Priority,Targeted re-engagement campaign with personalised offer,247.86041666666668,2,623.98,311.99,247.86319444444445,1,0,0.0080365439512449
16350,0,0.36289123,Medium,Monitor,Continue monitoring and regular customer engagement,153.12916666666666,6,1514.12,252.35333333333327,247.8451388888889,59,1,0.0241113811858669
15931,1,0.71677333,Critical,High Priority,Targeted re-engagement campaign with personalised offer,247.8361111111111,1,239.9,239.9,247.8361111111111,14,0,0.0040187093245219
14358,1,0.61999655,High,Medium Priority,Automated re-engagement reminder or promotional campaign,208.8743055555556,2,400.06,200.03,247.8083333333333,21,1,0.0080383159728036
16111,1,0.5977364,High,Medium Priority,Automated re-engagement reminder or promotional campaign,247.70763888888888,1,549.33,549.33,247.70763888888888,72,0,0.004020785225848
15598,0,0.6716387,High,Medium Priority,Automated re-engagement reminder or promotional campaign,247.14583333333331,1,307.34,307.34,247.14583333333331,22,0,0.0040298883385106
17196,1,0.5899532,High,Medium Priority,Automated re-engagement reminder or promotional campaign,247.0548611111111,1,327.75,327.75,247.0548611111111,84,0,0.0040313662692224
17864,0,0.42536354,Medium,Monitor,Continue monitoring and regular customer engagement,95.04583333333332,3,522.57,174.18999999999997,247.04236111111112,57,1,0.0120947082851551
15281,0,0.025156656,Low,Monitor,Continue monitoring and regular customer engagement,17.115972222222222,13,8138.83,626.0638461538462,247.025,414,1,0.0524140711621812
12811,1,0.40226525,Medium,Monitor,Continue monitoring and regular customer engagement,80.13055555555556,5,1033.9,206.78000000000003,247.02083333333331,47,1,0.0201595968080638
14904,0,0.5352868,High,Medium Priority,Automated re-engagement reminder or promotional campaign,227.88194444444449,2,605.05,302.525,247.0013888888889,62,1,0.0080644709651043
14846,1,0.66864663,High,Medium Priority,Automated re-engagement reminder or promotional campaign,246.8215277777778,1,437.4,437.4,246.8215277777778,12,0,0.0040351619529062
15708,0,0.075145505,Low,Monitor,Continue monitoring and regular customer engagement,42.05138888888889,7,2609.11,372.73,245.0534722222222,98,1,0.0284491006640945
14127,0,0.16975465,Low,Monitor,Continue monitoring and regular customer engagement,76.01736111111111,5,1642.6,328.52000000000004,245.03958333333333,88,1,0.0203219332932539
16579,1,0.65596104,High,Medium Priority,Automated re-engagement reminder or promotional campaign,245.0361111111111,1,295.05,295.05,245.0361111111111,14,0,0.0040644440179287
17152,1,0.35812917,Medium,Monitor,Continue monitoring and regular customer engagement,14.021527777777775,4,2016.5,504.125,245.00694444444449,9,1,0.0162597035991531
15177,1,0.7408222,Critical,High Priority,Targeted re-engagement campaign with personalised offer,245.0013888888889,1,948.93,948.93,245.0013888888889,26,0,0.0040650176997645
15645,0,0.73115796,Critical,High Priority,Targeted re-engagement campaign with personalised offer,233.75972222222225,2,443.16,221.58,244.9993055555556,16,1,0.0081301042516493
13083,0,0.77109253,Critical,High Priority,Targeted re-engagement campaign with personalised offer,244.96666666666667,1,91.68,91.68,244.96666666666667,4,0,0.0040655915435695
14390,0,0.046510104,Low,Monitor,Continue monitoring and regular customer engagement,30.824305555555554,7,2541.59,363.0842857142857,244.93055555555557,150,1,0.0284633195911221
15038,0,0.1719378,Low,Monitor,Continue monitoring and regular customer engagement,7.066666666666666,7,958.49,136.92714285714283,244.92708333333331,176,1,0.0284637214621542
14571,1,0.8093251,Critical,High Priority,Targeted re-engagement campaign with personalised offer,244.9055555555556,1,160.0,160.0,244.9055555555556,30,0,0.004066601902266
17111,0,0.7051365,High,Medium Priority,Automated re-engagement reminder or promotional campaign,244.89513888888888,1,227.97,227.97,244.89513888888888,19,0,0.004066774172595
16122,0,0.5012199,Medium,Monitor,Continue monitoring and regular customer engagement,152.10486111111112,4,461.04,115.26,244.89166666666668,20,1,0.0162673263971261
13362,0,0.09055543,Low,Monitor,Continue monitoring and regular customer engagement,65.18680555555555,5,3884.86,776.972,244.89097222222225,161,1,0.0203342154240672
15277,0,0.6913916,High,Medium Priority,Automated re-engagement reminder or promotional campaign,244.86666666666667,1,220.44,220.44,244.86666666666667,14,0,0.0040672451193058
13747,1,0.76787364,Critical,High Priority,Targeted re-engagement campaign with personalised offer,193.0923611111111,2,169.79999999999998,84.89999999999999,244.14930555555557,4,1,0.008158293556931
12356,0,0.13262284,Low,Monitor,Continue monitoring and regular customer engagement,65.01180555555555,5,6313.38,1262.676,244.1305555555556,104,1,0.0203972939590014
14756,0,0.4804474,Medium,Monitor,Continue monitoring and regular customer engagement,202.14444444444445,2,1914.8,957.4,244.04166666666663,68,1,0.0081618772317633
15948,0,0.6319996,High,Medium Priority,Automated re-engagement reminder or promotional campaign,244.0236111111111,1,553.85,553.85,244.0236111111111,35,0,0.0040812393363451
14412,0,0.6037756,High,Medium Priority,Automated re-engagement reminder or promotional campaign,244.01180555555555,1,656.16,656.16,244.01180555555555,41,0,0.0040814359852274
17264,1,0.5910431,High,Medium Priority,Automated re-engagement reminder or promotional campaign,243.9986111111111,1,268.28,268.28,243.9986111111111,70,0,0.0040816557916994
12797,1,0.56922835,High,Medium Priority,Automated re-engagement reminder or promotional campaign,185.07986111111111,2,552.08,276.04,243.99791666666667,27,1,0.008163334722234
16527,0,0.6514244,High,Medium Priority,Automated re-engagement reminder or promotional campaign,243.97569444444449,1,1004.88,1004.88,243.97569444444449,58,0,0.0040820376171105
14319,1,0.6241861,High,Medium Priority,Automated re-engagement reminder or promotional campaign,243.96666666666667,1,494.85,494.85,243.96666666666667,26,0,0.0040821880527962
15834,0,0.11624792,Low,Monitor,Continue monitoring and regular customer engagement,96.78819444444444,5,2812.01,562.402,243.94791666666663,245,1,0.0204125026578779
17004,0,0.5905652,High,Medium Priority,Automated re-engagement reminder or promotional campaign,211.98125,2,1012.22,506.11,243.8798611111111,21,1,0.0081672702317179
17273,1,0.77517325,Critical,High Priority,Targeted re-engagement campaign with personalised offer,243.8701388888889,1,141.12,141.12,243.8701388888889,12,0,0.0040837972508103
15024,0,0.18788208,Low,Monitor,Continue monitoring and regular customer engagement,116.03333333333332,9,2603.55,289.28333333333336,243.8583333333333,124,1,0.0367559473164755
13546,0,0.32591107,Medium,Monitor,Continue monitoring and regular customer engagement,20.025,3,647.41,215.8033333333333,243.81041666666667,58,1,0.0122543805155349
17710,1,0.6812773,High,Medium Priority,Automated re-engagement reminder or promotional campaign,243.20902777777775,1,293.5,293.5,243.20902777777775,20,0,0.0040948527132664
13912,1,0.831837,Critical,High Priority,Targeted re-engagement campaign with personalised offer,243.17152777777775,1,124.95,124.95,243.17152777777775,7,0,0.0040954816030397
12655,1,0.73883677,Critical,High Priority,Targeted re-engagement campaign with personalised offer,243.14791666666667,1,261.35,261.35,243.14791666666667,16,0,0.0040958776697869
13368,1,0.29427272,Medium,Monitor,Continue monitoring and regular customer engagement,76.11875,4,1121.5,280.375,243.08819444444444,45,1,0.0163875193108137
17094,1,0.61648434,High,Medium Priority,Automated re-engagement reminder or promotional campaign,141.98680555555555,2,402.2000000000001,201.1,243.0847222222222,18,1,0.0081938762155672
14981,1,0.55137384,High,Medium Priority,Automated re-engagement reminder or promotional campaign,65.96180555555556,2,372.92,186.46,243.07361111111112,20,1,0.0081942492303665
14746,1,0.6355238,High,Medium Priority,Automated re-engagement reminder or promotional campaign,225.9208333333333,4,593.5,148.375,243.07222222222225,7,1,0.0163885917192087
17708,1,0.28925627,Medium,Monitor,Continue monitoring and regular customer engagement,7.109722222222223,4,884.1800000000001,221.045,243.02569444444444,57,1,0.0163917164916035
15208,0,0.70115954,High,Medium Priority,Automated re-engagement reminder or promotional campaign,172.9909722222222,2,165.8,82.9,243.02291666666667,8,1,0.0081959515414365
17104,1,0.7112757,Critical,High Priority,Targeted re-engagement campaign with personalised offer,243.02013888888888,1,474.03,474.03,243.02013888888888,19,0,0.0040980224195976
14240,0,0.39488864,Medium,Monitor,Continue monitoring and regular customer engagement,45.04861111111112,2,584.0,292.0,243.0013888888889,26,1,0.0081966746546296
13968,1,0.75854754,Critical,High Priority,Targeted re-engagement campaign with personalised offer,242.9777777777778,1,123.66,123.66,242.9777777777778,8,0,0.0040987339466253
12553,0,0.04954433,Low,Monitor,Continue monitoring and regular customer engagement,24.01458333333333,7,2651.09,378.7271428571429,242.96875,91,1,0.028692199308313
14263,1,0.67636985,High,Medium Priority,Automated re-engagement reminder or promotional campaign,242.9451388888889,1,322.93,322.93,242.9451388888889,16,0,0.0040992823409179
16263,1,0.69711965,High,Medium Priority,Automated re-engagement reminder or promotional campaign,242.9152777777778,1,348.16,348.16,242.9152777777778,19,0,0.0040997841919154
12467,1,0.7940837,Critical,High Priority,Targeted re-engagement campaign with personalised offer,242.88125,1,132.8,132.8,242.88125,9,0,0.0041003562184464
17944,1,0.8353791,Critical,High Priority,Targeted re-engagement campaign with personalised offer,242.85069444444449,1,74.99,74.99,242.85069444444449,24,0,0.0041008700109641
12629,1,0.5531725,High,Medium Priority,Automated re-engagement reminder or promotional campaign,205.1472222222222,2,1558.22,779.11,242.84027777777777,40,1,0.0082020903938712
16643,1,0.44671103,Medium,Monitor,Continue monitoring and regular customer engagement,65.18472222222222,2,923.11,461.555,242.12708333333333,48,1,0.0082261505899692
18239,1,0.109226435,Low,Monitor,Continue monitoring and regular customer engagement,38.00833333333333,6,1712.26,285.37666666666667,242.11041666666668,85,1,0.0246801436247247
13792,0,0.53051114,High,Medium Priority,Automated re-engagement reminder or promotional campaign,106.94930555555555,2,263.0,131.5,242.07291666666663,14,1,0.0082279837154488
16990,1,0.54964155,High,Medium Priority,Automated re-engagement reminder or promotional campaign,38.18055555555556,2,344.0,172.0,242.04722222222225,1,1,0.0082288535606935
16418,0,0.35447332,Medium,Monitor,Continue monitoring and regular customer engagement,45.83055555555556,3,543.53,181.17666666666665,242.01319444444445,71,1,0.0123450087015165
16238,1,0.836205,Critical,High Priority,Targeted re-engagement campaign with personalised offer,242.00972222222225,1,63.66,63.66,242.00972222222225,6,0,0.0041150616973486
15134,0,0.3060166,Medium,Monitor,Continue monitoring and regular customer engagement,32.980555555555554,4,447.75,111.9375,242.00416666666663,20,1,0.0164606231031703
15356,0,0.068205394,Low,Monitor,Continue monitoring and regular customer engagement,37.98333333333333,8,1683.2,210.4,241.98472222222225,232,1,0.0329238806737963
17814,1,0.44701475,Medium,Monitor,Continue monitoring and regular customer engagement,194.9368055555556,2,1609.37,804.685,241.94930555555555,112,1,0.0082321700629132
17580,1,0.31796342,Medium,Monitor,Continue monitoring and regular customer engagement,72.00625,5,541.02,108.204,241.93194444444444,78,1,0.0205818959356472
13832,0,0.6272805,High,Medium Priority,Automated re-engagement reminder or promotional campaign,241.92291666666668,1,557.6899999999999,557.6899999999999,241.92291666666668,51,0,0.0041165321646955
16120,0,0.5811058,High,Medium Priority,Automated re-engagement reminder or promotional campaign,241.89444444444445,2,1658.37,829.1850000000001,241.9048611111111,60,0,0.0082336763078823
17817,0,0.3791095,Medium,Monitor,Continue monitoring and regular customer engagement,96.79722222222222,5,670.17,134.03400000000002,241.9048611111111,97,1,0.0205841907697057
12900,1,0.6962884,High,Medium Priority,Automated re-engagement reminder or promotional campaign,241.89791666666667,1,340.33,340.33,241.89791666666667,13,0,0.0041169558542254
15242,1,0.6410836,High,Medium Priority,Automated re-engagement reminder or promotional campaign,241.88680555555555,1,302.04,302.04,241.88680555555555,4,0,0.0041171441886795
15304,0,0.38655794,Medium,Monitor,Continue monitoring and regular customer engagement,38.13958333333333,6,483.6,80.60000000000001,241.1013888888889,5,1,0.024783005283599
14696,0,0.08034779,Low,Monitor,Continue monitoring and regular customer engagement,6.970833333333333,5,1565.72,313.144,241.04652777777775,88,1,0.020657185401108
13194,0,0.64308107,High,Medium Priority,Automated re-engagement reminder or promotional campaign,241.0388888888889,1,412.08,412.08,241.0388888888889,7,0,0.0041315674707921
14929,0,0.65759087,High,Medium Priority,Automated re-engagement reminder or promotional campaign,241.01944444444445,1,612.8100000000001,612.8100000000001,241.01944444444445,23,0,0.0041318994112043
12798,0,0.73337704,Critical,High Priority,Targeted re-engagement campaign with personalised offer,241.01597222222225,1,1533.89,1533.89,241.01597222222225,25,0,0.0041319586918907
18090,1,0.63489085,High,Medium Priority,Automated re-engagement reminder or promotional campaign,241.0125,1,321.9,321.9,241.0125,47,0,0.0041320179742781
17717,1,0.68959725,High,Medium Priority,Automated re-engagement reminder or promotional campaign,240.99722222222223,1,376.92,376.92,240.99722222222223,26,0,0.004132278836993
13395,1,0.2494845,Medium,Monitor,Continue monitoring and regular customer engagement,4.906944444444444,3,1180.23,393.41,240.99305555555557,77,1,0.0123970499612592
16935,1,0.5590638,High,Medium Priority,Automated re-engagement reminder or promotional campaign,201.1486111111111,3,530.86,176.95333333333335,240.98680555555555,55,1,0.0123973701504616
17629,0,0.09055309,Low,Monitor,Continue monitoring and regular customer engagement,34.015277777777776,5,1247.59,249.518,240.96875,78,1,0.0206638253906754
17796,0,0.39428452,Medium,Monitor,Continue monitoring and regular customer engagement,133.00555555555556,6,1160.49,193.415,240.9673611111111,147,1,0.0247967328008541
15735,1,0.67926127,High,Medium Priority,Automated re-engagement reminder or promotional campaign,240.96666666666667,1,327.68,327.68,240.96666666666667,19,0,0.0041328006612481
17751,1,0.7326493,Critical,High Priority,Targeted re-engagement campaign with personalised offer,240.95347222222225,1,157.86,157.86,240.95347222222225,31,0,0.0041330260351938
16991,1,0.603382,High,Medium Priority,Automated re-engagement reminder or promotional campaign,240.94583333333333,1,1041.21,1041.21,240.94583333333333,74,0,0.0041331565260819
14975,0,0.7092689,Critical,High Priority,Targeted re-engagement campaign with personalised offer,240.94375,1,192.45,192.45,240.94375,15,0,0.004133192115936
15160,1,0.57551223,High,Medium Priority,Automated re-engagement reminder or promotional campaign,176.94097222222223,4,589.27,147.3175,240.89166666666668,17,1,0.0165363282461156
17823,1,0.55853283,High,Medium Priority,Automated re-engagement reminder or promotional campaign,240.8513888888889,2,449.25,224.625,240.8583333333333,88,0,0.0082693036557213
14956,1,0.6996812,High,Medium Priority,Automated re-engagement reminder or promotional campaign,240.84027777777777,1,1325.0,1325.0,240.84027777777777,4,0,0.00413496051687
15114,0,0.03831672,Low,Monitor,Continue monitoring and regular customer engagement,2.129166666666667,6,1666.81,277.8016666666667,240.8375,79,1,0.0248100480694681
15626,0,0.48004678,Medium,Monitor,Continue monitoring and regular customer engagement,149.11111111111111,2,673.6,336.8,240.81527777777777,50,1,0.0082707760170469
12454,0,0.5805287,High,High Priority,Targeted re-engagement campaign with personalised offer,215.11180555555555,4,13151.44,3287.86,240.8034722222222,9,1,0.0165423596412375
13829,1,0.86492825,Critical,High Priority,Targeted re-engagement campaign with personalised offer,240.77152777777775,1,102.0,102.0,240.77152777777775,1,0,0.0041361363316491
12694,0,0.15838662,Low,Monitor,Continue monitoring and regular customer engagement,2.793055555555556,2,1413.18,706.5899999999999,240.71597222222223,62,1,0.0082741739472693
14088,0,0.103178665,Low,Monitor,Continue monitoring and regular customer engagement,9.790972222222225,6,28899.83,4816.638333333333,240.7111111111111,240,1,0.0248230210535993
17510,0,0.68255055,High,Medium Priority,Automated re-engagement reminder or promotional campaign,240.10416666666663,1,206.08,206.08,240.10416666666663,15,0,0.0041475848958783
18018,0,0.5743321,High,Medium Priority,Automated re-engagement reminder or promotional campaign,18.977777777777774,3,213.3,71.10000000000001,240.07291666666663,16,1,0.0124443676273603
17202,1,0.8252169,Critical,High Priority,Targeted re-engagement campaign with personalised offer,240.05902777777777,1,160.65,160.65,240.05902777777777,8,0,0.0041483615412315
17390,1,0.827531,Critical,High Priority,Targeted re-engagement campaign with personalised offer,240.05625,1,149.3,149.3,240.05625,12,0,0.004148409344292
12691,0,0.57668185,High,Medium Priority,Automated re-engagement reminder or promotional campaign,137.86875,4,540.8,135.2,240.03472222222223,17,1,0.0165951194214756
15957,0,0.53088695,High,Medium Priority,Automated re-engagement reminder or promotional campaign,240.01944444444445,2,492.36,246.18,240.0270833333333,88,0,0.0082978226859014
12445,0,0.5944588,High,Medium Priority,Automated re-engagement reminder or promotional campaign,240.01527777777775,1,301.58000000000004,301.58000000000004,240.01527777777775,20,0,0.0041491145674259
17687,1,0.69899434,High,Medium Priority,Automated re-engagement reminder or promotional campaign,240.01388888888889,1,432.68,432.68,240.01388888888889,26,0,0.0041491384774966
15202,1,0.83920527,Critical,Immediate Action,Personalised retention outreach with high-value incentive,239.98958333333331,3,6001.49,2000.496666666667,240.0076388888889,1,0,0.0124477382286753
13692,0,0.09180315,Low,Monitor,Continue monitoring and regular customer engagement,33.110416666666666,4,2497.66,624.415,239.9736111111111,69,1,0.0165993279577639
15686,1,0.8467164,Critical,High Priority,Targeted re-engagement campaign with personalised offer,239.95833333333331,1,90.0,90.0,239.95833333333331,1,0,0.0041500951063461
17938,1,0.80376613,Critical,High Priority,Targeted re-engagement campaign with personalised offer,239.9326388888889,1,144.29,144.29,239.9326388888889,29,0,0.0041505376963939
17316,1,0.76138294,Critical,High Priority,Targeted re-engagement campaign with personalised offer,239.92708333333331,1,124.45,124.45,239.92708333333331,35,0,0.0041506334039517
14868,0,0.14762744,Low,Monitor,Continue monitoring and regular customer engagement,52.96805555555556,5,1669.75,333.95,239.9152777777778,80,1,0.020754183985841
16810,1,0.38254774,Medium,Monitor,Continue monitoring and regular customer engagement,11.8875,2,842.0400000000001,421.02,239.8875,34,1,0.0083026308961652
15688,1,0.75144345,Critical,High Priority,Targeted re-engagement campaign with personalised offer,238.0305555555556,1,190.57,190.57,238.0305555555556,26,0,0.0041835655599586
16381,1,0.6370894,High,Medium Priority,Automated re-engagement reminder or promotional campaign,215.1208333333333,2,247.85,123.925,237.98888888888888,60,1,0.008368589892603
16676,0,0.08717976,Low,Monitor,Continue monitoring and regular customer engagement,32.90277777777778,5,1868.28,373.656,237.98819444444445,90,1,0.0209215355244767
15772,1,0.69709957,High,Medium Priority,Automated re-engagement reminder or promotional campaign,237.9701388888889,1,280.88,280.88,237.9701388888889,16,0,0.0041846232531377
15799,0,0.22660656,Low,Monitor,Continue monitoring and regular customer engagement,4.8902777777777775,3,1018.44,339.48,237.9333333333333,91,1,0.0125558035714285
14712,0,0.7172203,Critical,High Priority,Targeted re-engagement campaign with personalised offer,237.91736111111112,1,411.0,411.0,237.91736111111112,7,0,0.0041855476527506
17703,0,0.666193,High,Medium Priority,Automated re-engagement reminder or promotional campaign,237.85694444444445,1,296.1,296.1,237.85694444444445,23,0,0.0041866063485233
12376,1,0.59863365,High,Medium Priority,Automated re-engagement reminder or promotional campaign,209.02430555555557,2,503.15,251.575,237.17222222222225,11,1,0.0083972848778894
13516,0,0.5275184,High,Medium Priority,Automated re-engagement reminder or promotional campaign,58.07222222222222,2,441.85,220.925,237.1652777777778,22,1,0.008397529726672
14741,0,0.48110586,Medium,Monitor,Continue monitoring and regular customer engagement,181.0458333333333,3,808.05,269.35,237.13680555555555,26,1,0.0125978006339726
16069,1,0.7179027,Critical,High Priority,Targeted re-engagement campaign with personalised offer,237.09583333333333,1,457.7,457.7,237.09583333333333,25,0,0.0041999895000262
12699,1,0.6178764,High,Medium Priority,Automated re-engagement reminder or promotional campaign,237.0298611111111,1,638.11,638.11,237.0298611111111,41,0,0.0042011535667502
16996,0,0.20112418,Low,Monitor,Continue monitoring and regular customer engagement,64.99583333333334,7,1367.5300000000002,195.3614285714286,237.01805555555555,30,1,0.0294095335904722
13387,1,0.62128586,High,Medium Priority,Automated re-engagement reminder or promotional campaign,236.9465277777778,1,186.94,186.94,236.9465277777778,71,0,0.0042026248894622
16141,0,0.68587565,High,Medium Priority,Automated re-engagement reminder or promotional campaign,236.9430555555556,1,335.54,335.54,236.9430555555556,20,0,0.0042026862169403
13079,0,0.73583895,Critical,High Priority,Targeted re-engagement campaign with personalised offer,236.94097222222223,1,199.08,199.08,236.94097222222223,11,0,0.0042027230142863
17026,1,0.6164371,High,Medium Priority,Automated re-engagement reminder or promotional campaign,4.9319444444444445,3,175.82999999999998,58.60999999999999,236.89444444444445,4,1,0.0126106349688237
13088,1,0.7696307,Critical,High Priority,Targeted re-engagement campaign with personalised offer,236.88541666666663,1,236.11,236.11,236.88541666666663,19,0,0.0042037045146034
15710,1,0.5903973,High,Medium Priority,Automated re-engagement reminder or promotional campaign,236.82291666666663,1,898.87,898.87,236.82291666666663,110,0,0.0042048092505803
17655,0,0.07740322,Low,Monitor,Continue monitoring and regular customer engagement,29.85833333333333,6,1940.14,323.3566666666667,236.10416666666663,57,1,0.0253053334504876
17219,0,0.7989876,Critical,High Priority,Targeted re-engagement campaign with personalised offer,236.05625,1,144.9,144.9,236.05625,24,0,0.0042184080782514
14524,0,0.09133998,Low,Monitor,Continue monitoring and regular customer engagement,55.99791666666667,8,1819.76,227.47,236.0458333333333,193,1,0.0337487476050693
15011,1,0.61387664,High,Medium Priority,Automated re-engagement reminder or promotional campaign,215.06944444444449,2,416.6,208.3,236.03125,17,1,0.0084377059986816
14585,0,0.49342164,Medium,Monitor,Continue monitoring and regular customer engagement,202.00416666666663,4,986.22,246.555,236.02291666666667,64,1,0.01687600530891
14332,0,0.5571682,High,Medium Priority,Automated re-engagement reminder or promotional campaign,200.89305555555555,2,1077.2,538.6,235.9923611111111,31,1,0.0084390905707814
17967,1,0.61753255,High,Medium Priority,Automated re-engagement reminder or promotional campaign,191.06319444444443,2,223.42,111.71,235.97986111111112,59,1,0.0084395357083202
17397,0,0.63286597,High,Medium Priority,Automated re-engagement reminder or promotional campaign,235.97916666666663,1,516.87,516.87,235.97916666666663,44,0,0.0042197802197802
13134,0,0.056957006,Low,Monitor,Continue monitoring and regular customer engagement,3.0506944444444444,5,1567.39,313.47799999999995,235.97847222222225,61,1,0.0210989629273638
13840,1,0.61993074,High,Medium Priority,Automated re-engagement reminder or promotional campaign,235.96944444444443,1,651.4,651.4,235.96944444444443,40,0,0.0042199533460713
13981,1,0.6209038,High,Medium Priority,Automated re-engagement reminder or promotional campaign,235.1159722222222,1,331.14,331.14,235.1159722222222,22,0,0.0042352069222104
15608,0,0.6123559,High,Medium Priority,Automated re-engagement reminder or promotional campaign,235.11111111111111,1,692.3,692.3,235.11111111111111,45,0,0.004235294117647
14617,1,0.71813107,Critical,High Priority,Targeted re-engagement campaign with personalised offer,222.04791666666668,2,190.47000000000003,95.235,235.09027777777777,7,1,0.0084713357060917
18066,0,0.57485193,High,Medium Priority,Automated re-engagement reminder or promotional campaign,206.1125,2,1122.4,561.2,235.04722222222225,35,1,0.0084728808971839
15377,1,0.6098099,High,Medium Priority,Automated re-engagement reminder or promotional campaign,202.16319444444449,4,1211.75,302.9375,235.04722222222225,15,1,0.0169457617943678
16201,0,0.6989249,High,Medium Priority,Automated re-engagement reminder or promotional campaign,235.03472222222223,1,248.65,248.65,235.03472222222223,13,0,0.0042366648033187
16776,0,0.65146464,High,Medium Priority,Automated re-engagement reminder or promotional campaign,235.02569444444444,1,220.97,220.97,235.02569444444444,48,0,0.004236826852067
15501,1,0.58667403,High,Medium Priority,Automated re-engagement reminder or promotional campaign,224.06597222222223,2,399.95,199.975,235.00208333333333,64,1,0.0084745014609687
16916,0,0.3990374,Medium,Monitor,Continue monitoring and regular customer engagement,191.9833333333333,3,536.04,178.67999999999998,234.9958333333333,100,1,0.0127120888433764
13703,1,0.6358881,High,Medium Priority,Automated re-engagement reminder or promotional campaign,137.98611111111111,2,425.56,212.78,234.98541666666668,36,1,0.008475099979695
16642,0,0.29030123,Medium,Monitor,Continue monitoring and regular customer engagement,27.010416666666668,2,696.85,348.425,234.9361111111111,33,1,0.0084768710926922
16903,0,0.4392848,Medium,Monitor,Continue monitoring and regular customer engagement,199.91319444444449,2,678.55,339.275,234.92222222222225,107,1,0.0084773701313992
15647,1,0.77933204,Critical,High Priority,Targeted re-engagement campaign with personalised offer,234.90347222222223,1,169.0,169.0,234.90347222222223,11,0,0.0042390219634325
14612,1,0.70356995,High,Medium Priority,Automated re-engagement reminder or promotional campaign,234.8673611111111,1,877.7,877.7,234.8673611111111,14,0,0.0042396709544264
17038,0,0.6178764,High,Medium Priority,Automated re-engagement reminder or promotional campaign,234.86527777777775,1,630.77,630.77,234.86527777777775,41,0,0.0042397084022776
12387,1,0.767076,Critical,High Priority,Targeted re-engagement campaign with personalised offer,234.8493055555556,1,143.94,143.94,234.8493055555556,9,0,0.0042399955244491
16590,1,0.61113465,High,Medium Priority,Automated re-engagement reminder or promotional campaign,220.1555555555556,2,605.9,302.95,234.02847222222223,26,1,0.0085096072875331
17924,0,0.5262924,High,Medium Priority,Automated re-engagement reminder or promotional campaign,121.05,3,797.4000000000001,265.8,234.02291666666667,3,1,0.0127647126609993
17483,0,0.45206332,Medium,Monitor,Continue monitoring and regular customer engagement,2.7152777777777777,2,332.79,166.395,234.0048611111111,14,1,0.0085104622540313
13195,1,0.74003065,Critical,High Priority,Targeted re-engagement campaign with personalised offer,233.98819444444445,1,136.73,136.73,233.98819444444445,43,0,0.0042555329316189
13836,1,0.5705054,High,Medium Priority,Automated re-engagement reminder or promotional campaign,218.97152777777777,2,620.37,310.185,233.9743055555556,29,1,0.0085115689363198
12400,1,0.7489664,Critical,High Priority,Targeted re-engagement campaign with personalised offer,233.96180555555557,1,205.25,205.25,233.96180555555557,11,0,0.0042560108764722
15995,1,0.56582946,High,Medium Priority,Automated re-engagement reminder or promotional campaign,233.95347222222225,1,694.54,694.54,233.95347222222225,108,0,0.0042561618287308
15257,1,0.53960156,High,Medium Priority,Automated re-engagement reminder or promotional campaign,102.99444444444444,2,685.9,342.95,233.94930555555555,11,1,0.0085124746177514
14148,1,0.5030509,Medium,Monitor,Continue monitoring and regular customer engagement,53.03333333333333,2,466.29,233.145,233.94583333333333,15,1,0.0085126004220831
13936,0,0.5451415,High,Medium Priority,Automated re-engagement reminder or promotional campaign,202.09444444444443,2,563.08,281.54,233.9368055555556,31,1,0.0085129275307485
18243,1,0.6886349,High,Medium Priority,Automated re-engagement reminder or promotional campaign,233.93125,1,515.78,515.78,233.93125,26,0,0.0042565644204421
13166,1,0.48333445,Medium,Monitor,Continue monitoring and regular customer engagement,102.89861111111112,2,875.93,437.965,233.93125,55,1,0.0085131288408843
14216,0,0.61518675,High,Medium Priority,Automated re-engagement reminder or promotional campaign,233.9048611111111,1,310.74,310.74,233.9048611111111,18,0,0.0042570425970324
13581,1,0.5537034,High,Medium Priority,Automated re-engagement reminder or promotional campaign,128.92291666666668,2,280.53000000000003,140.265,233.84722222222223,32,1,0.0085161748181441
16540,1,0.73766327,Critical,High Priority,Targeted re-engagement campaign with personalised offer,233.8111111111111,1,205.75,205.75,233.8111111111111,25,0,0.004258742251455
12899,1,0.7255094,Critical,High Priority,Targeted re-engagement campaign with personalised offer,233.12291666666667,1,366.4,366.4,233.12291666666667,17,0,0.0042712606447823
12973,1,0.7659629,Critical,High Priority,Targeted re-engagement campaign with personalised offer,233.1083333333333,1,385.55,385.55,233.1083333333333,6,0,0.0042715267148399
12419,1,0.6112491,High,Medium Priority,Automated re-engagement reminder or promotional campaign,205.11527777777775,2,503.01,251.505,233.09027777777777,23,1,0.0085437123616838
16226,1,0.25134808,Medium,Monitor,Continue monitoring and regular customer engagement,22.922916666666666,5,672.1700000000001,134.43400000000003,233.06319444444443,23,1,0.0213617523757532
14945,1,0.76837444,Critical,High Priority,Targeted re-engagement campaign with personalised offer,233.0583333333333,1,179.4,179.4,233.0583333333333,11,0,0.0042724392067504
13746,1,0.82372755,Critical,High Priority,Targeted re-engagement campaign with personalised offer,233.03819444444449,1,176.69,176.69,233.03819444444449,9,0,0.0042728068483598
13106,0,0.6543189,High,Medium Priority,Automated re-engagement reminder or promotional campaign,232.98611111111111,1,526.96,526.96,232.98611111111111,15,0,0.0042737579390989
18055,0,0.030535497,Low,Monitor,Continue monitoring and regular customer engagement,23.09236111111111,10,6743.83,674.383,232.9743055555556,227,1,0.0427397357853278
12787,0,0.36754644,Medium,Monitor,Continue monitoring and regular customer engagement,12.134722222222225,2,556.62,278.31,232.9118055555556,28,1,0.008550231123435
16491,0,0.5053772,Medium,Monitor,Continue monitoring and regular customer engagement,232.8805555555556,1,801.66,801.66,232.8805555555556,48,0,0.0042756867821893
14728,1,0.7660029,Critical,High Priority,Targeted re-engagement campaign with personalised offer,232.8701388888889,1,190.58,190.58,232.8701388888889,14,0,0.0042758772229365
13165,0,0.50409126,Medium,Monitor,Continue monitoring and regular customer engagement,170.94722222222222,2,784.32,392.16,232.82361111111112,20,1,0.0085534561308678
13263,0,0.04719423,Low,Monitor,Continue monitoring and regular customer engagement,10.886111111111113,19,4679.67,246.2984210526316,232.8215277777778,375,1,0.0812585572448122
16010,1,0.21884216,Low,Monitor,Continue monitoring and regular customer engagement,65.10833333333333,11,1694.86,154.07818181818183,231.08055555555555,122,1,0.0473973356952207
17843,1,0.53303355,High,Medium Priority,Automated re-engagement reminder or promotional campaign,122.88680555555555,2,320.4,160.2,231.07916666666668,58,1,0.0086177489721538
13241,1,0.75961703,Critical,High Priority,Targeted re-engagement campaign with personalised offer,231.06458333333333,1,112.53,112.53,231.06458333333333,40,0,0.0043091452630822
16024,0,0.71953845,Critical,High Priority,Targeted re-engagement campaign with personalised offer,231.04722222222225,2,232.96,116.48,231.04861111111111,21,0,0.0086188837348496
17407,1,0.66596437,High,Medium Priority,Automated re-engagement reminder or promotional campaign,231.0368055555556,1,552.9,552.9,231.0368055555556,23,0,0.004309661122966
16445,0,0.44506365,Medium,Monitor,Continue monitoring and regular customer engagement,206.05069444444445,3,352.65,117.55,231.0076388888889,93,1,0.0129306087263649
16373,1,0.66489625,High,Medium Priority,Automated re-engagement reminder or promotional campaign,201.875,2,309.49,154.745,230.98611111111111,25,1,0.0086212057714183
17260,1,0.83300626,Critical,High Priority,Targeted re-engagement campaign with personalised offer,230.97847222222225,1,120.95,120.95,230.97847222222225,6,0,0.0043107448308481
13574,1,0.5966943,High,Medium Priority,Automated re-engagement reminder or promotional campaign,230.9736111111111,1,404.45,404.45,230.9736111111111,84,0,0.0043108351644404
17435,1,0.6719938,High,Medium Priority,Automated re-engagement reminder or promotional campaign,230.95486111111111,1,331.35,331.35,230.95486111111111,15,0,0.0043111836294777
16920,1,0.76102716,Critical,High Priority,Targeted re-engagement campaign with personalised offer,230.9465277777778,1,355.45,355.45,230.9465277777778,23,0,0.0043113385209114
13977,1,0.65244806,High,Medium Priority,Automated re-engagement reminder or promotional campaign,230.94583333333333,1,519.8100000000001,519.8100000000001,230.94583333333333,13,0,0.0043113514290333
18110,0,0.71968687,Critical,High Priority,Targeted re-engagement campaign with personalised offer,230.9368055555556,1,193.48,193.48,230.9368055555556,29,0,0.0043115192416516
18116,0,0.11900443,Low,Monitor,Continue monitoring and regular customer engagement,53.85833333333333,12,1970.93,164.24416666666667,230.8895833333333,304,1,0.0517487669239131
15337,1,0.66595,High,Medium Priority,Automated re-engagement reminder or promotional campaign,230.8895833333333,1,373.02,373.02,230.8895833333333,21,0,0.0043123972436594
13898,1,0.5048536,Medium,Monitor,Continue monitoring and regular customer engagement,145.0986111111111,2,686.4,343.20000000000005,230.8805555555556,43,1,0.0086251302754052
13565,0,0.55984426,High,Medium Priority,Automated re-engagement reminder or promotional campaign,153.93194444444444,2,284.76,142.38,230.8743055555556,28,1,0.0086253627593973
16904,0,0.06829897,Low,Monitor,Continue monitoring and regular customer engagement,44.90069444444445,11,2256.76,205.16000000000005,230.8659722222222,314,1,0.0474412001665234
16726,0,0.08392242,Low,Monitor,Continue monitoring and regular customer engagement,15.993055555555555,6,1482.3,247.05000000000004,230.86180555555555,117,1,0.0258774832949464
15065,0,0.22899182,Low,Monitor,Continue monitoring and regular customer engagement,47.05277777777778,3,1575.13,525.0433333333334,230.15069444444444,79,1,0.0129785463427237
15174,1,0.5288221,High,Medium Priority,Automated re-engagement reminder or promotional campaign,142.15555555555557,2,481.46,240.73,230.13194444444449,34,1,0.008653066129856
14197,1,0.69859993,High,Medium Priority,Automated re-engagement reminder or promotional campaign,230.1173611111111,1,390.05,390.05,230.1173611111111,20,0,0.0043268060659417
16193,1,0.43173423,Medium,Monitor,Continue monitoring and regular customer engagement,56.045138888888886,2,630.43,315.21500000000003,230.10069444444449,38,1,0.0086542362185795
17981,1,0.6898125,High,Medium Priority,Automated re-engagement reminder or promotional campaign,230.09027777777777,1,239.12,239.12,230.09027777777777,17,0,0.0043273131592391
15294,1,0.6546474,High,Medium Priority,Automated re-engagement reminder or promotional campaign,230.04513888888889,1,233.35,233.35,230.04513888888889,15,0,0.0043281585789212
15370,0,0.07244461,Low,Monitor,Continue monitoring and regular customer engagement,23.133333333333333,4,2480.9,620.225,230.02916666666667,77,1,0.017313831226216
14690,0,0.6296883,High,Medium Priority,Automated re-engagement reminder or promotional campaign,211.91597222222225,2,422.63,211.315,230.02083333333331,43,1,0.0086572278834881
12790,1,0.38884342,Medium,Monitor,Continue monitoring and regular customer engagement,11.941666666666666,2,591.85,295.925,229.99027777777775,36,1,0.0086583730676495
15646,0,0.27172124,Medium,Monitor,Continue monitoring and regular customer engagement,66.15138888888889,4,677.21,169.3025,229.98888888888888,58,1,0.0173168502573476
14718,1,0.688644,High,Medium Priority,Automated re-engagement reminder or promotional campaign,229.98819444444445,1,226.42,226.42,229.98819444444445,11,0,0.0043292255797103
16241,0,0.046850875,Low,Monitor,Continue monitoring and regular customer engagement,32.04375,7,2231.11,318.73,229.96527777777777,318,1,0.030307585916594
17070,0,0.7008,High,Medium Priority,Automated re-engagement reminder or promotional campaign,229.8701388888889,1,133.18,133.18,229.8701388888889,41,0,0.0043314393312738
17767,0,0.8192029,Critical,High Priority,Targeted re-engagement campaign with personalised offer,229.8527777777778,1,141.85,141.85,229.8527777777778,18,0,0.0043317650739408
12475,0,0.67513704,High,Medium Priority,Automated re-engagement reminder or promotional campaign,229.16736111111112,1,426.26,426.26,229.16736111111112,25,0,0.004344664661282
12411,1,0.7091243,Critical,High Priority,Targeted re-engagement campaign with personalised offer,229.14236111111111,1,346.9,346.9,229.14236111111111,22,0,0.0043451366153196
16863,0,0.5305793,High,Medium Priority,Automated re-engagement reminder or promotional campaign,186.1611111111111,2,495.72,247.86,229.1159722222222,27,1,0.0086912698005534
14673,0,0.37567028,Medium,Monitor,Continue monitoring and regular customer engagement,187.00069444444443,3,1674.41,558.1366666666667,229.1083333333333,65,1,0.0130373374859667
16785,1,0.6170528,High,Medium Priority,Automated re-engagement reminder or promotional campaign,229.0930555555556,1,533.78,533.78,229.0930555555556,35,0,0.0043460677141494
13363,0,0.62254137,High,Medium Priority,Automated re-engagement reminder or promotional campaign,229.0715277777778,1,731.36,731.36,229.0715277777778,42,0,0.0043464743754206
15620,0,0.1504859,Low,Monitor,Continue monitoring and regular customer engagement,40.06111111111111,3,1264.19,421.3966666666667,229.05416666666667,84,1,0.0130404071504899
16962,1,0.68814284,High,Medium Priority,Automated re-engagement reminder or promotional campaign,229.05138888888888,1,251.04,251.04,229.05138888888888,15,0,0.004346854869383
14278,1,0.7070021,High,Medium Priority,Automated re-engagement reminder or promotional campaign,229.0298611111111,1,205.83,205.83,229.0298611111111,13,0,0.0043472616779826
16034,1,0.31611708,Medium,Monitor,Continue monitoring and regular customer engagement,15.85625,6,911.32,151.88666666666666,228.99305555555557,43,1,0.0260877441951749
13578,1,0.7673811,Critical,High Priority,Targeted re-engagement campaign with personalised offer,228.9625,1,147.66,147.66,228.9625,9,0,0.0043485350872424
13274,1,0.6924701,High,Medium Priority,Automated re-engagement reminder or promotional campaign,228.9597222222222,1,360.85,360.85,228.9597222222222,19,0,0.0043485876149808
12775,0,0.092729755,Low,Monitor,Continue monitoring and regular customer engagement,9.209722222222222,6,1464.76,244.1266666666667,228.93472222222223,45,1,0.0260943625304283
13906,1,0.8095299,Critical,High Priority,Targeted re-engagement campaign with personalised offer,228.90972222222223,1,42.0,42.0,228.90972222222223,1,0,0.0043495333313196
16757,1,0.56968164,High,Medium Priority,Automated re-engagement reminder or promotional campaign,138.03541666666666,2,270.48,135.24,228.90347222222223,13,1,0.0086993031495706
15773,0,0.7206822,Critical,High Priority,Targeted re-engagement campaign with personalised offer,228.89097222222225,1,138.84,138.84,228.89097222222225,37,0,0.0043498880810045
15536,1,0.6485706,High,Medium Priority,Automated re-engagement reminder or promotional campaign,228.84652777777777,1,259.09,259.09,228.84652777777777,16,0,0.004350729200342
14271,1,0.5051418,Medium,Monitor,Continue monitoring and regular customer engagement,45.00208333333333,2,214.18,107.09,228.82569444444445,38,1,0.0087022471740358
15390,1,0.49011624,Medium,Monitor,Continue monitoring and regular customer engagement,215.89652777777775,2,1216.66,608.33,228.81041666666667,77,1,0.008702825698719
16639,0,0.29066548,Medium,Monitor,Continue monitoring and regular customer engagement,26.11111111111111,3,961.62,320.54,228.76875,48,1,0.0130566058265103
12537,1,0.62254137,High,Medium Priority,Automated re-engagement reminder or promotional campaign,228.17638888888888,1,732.94,732.94,228.17638888888888,43,0,0.0043634512475228
12505,1,0.6247589,High,Medium Priority,Automated re-engagement reminder or promotional campaign,228.1472222222222,1,955.2,955.2,228.1472222222222,42,0,0.0043640066429878
14475,0,0.33876234,Medium,Monitor,Continue monitoring and regular customer engagement,5.988888888888889,3,847.47,282.49,228.14583333333331,28,1,0.0130920992817528
12563,1,0.71166146,Critical,High Priority,Targeted re-engagement campaign with personalised offer,228.1236111111111,1,249.24,249.24,228.1236111111111,13,0,0.0043644563524056
12591,1,0.39980802,Medium,Monitor,Continue monitoring and regular customer engagement,136.92708333333334,3,1338.95,446.31666666666666,228.0888888888889,63,1,0.0130953535745465
16188,0,0.33029312,Medium,Monitor,Continue monitoring and regular customer engagement,46.08055555555556,3,671.57,223.85666666666668,228.04166666666663,46,1,0.0130980534837183
16433,0,0.7213802,Critical,High Priority,Targeted re-engagement campaign with personalised offer,228.01666666666668,1,200.26,200.26,228.01666666666668,17,0,0.0043664944327195
12353,1,0.44547075,Medium,Monitor,Continue monitoring and regular customer engagement,23.79375,2,406.76,203.38,228.00416666666663,23,1,0.0087334655482978
13547,1,0.7434698,Critical,High Priority,Targeted re-engagement campaign with personalised offer,227.94166666666663,1,167.08,167.08,227.94166666666663,44,0,0.0043679248716922
17000,1,0.6081706,High,Medium Priority,Automated re-engagement reminder or promotional campaign,215.96875,2,406.3,203.15,227.94027777777777,26,1,0.0087359027402828
14281,1,0.75956655,Critical,High Priority,Targeted re-engagement campaign with personalised offer,227.92013888888889,1,245.15,245.15,227.92013888888889,7,0,0.0043683356337878
15328,1,0.81369674,Critical,High Priority,Targeted re-engagement campaign with personalised offer,227.15625,1,107.24,107.24,227.15625,8,0,0.0043829612381865
12766,0,0.08057947,Low,Monitor,Continue monitoring and regular customer engagement,59.982638888888886,6,5945.07,990.845,227.1395833333333,201,1,0.0262996886043814
15285,1,0.7704574,Critical,High Priority,Targeted re-engagement campaign with personalised offer,227.12777777777777,1,94.92,94.92,227.12777777777777,6,0,0.0043835082677836
16343,0,0.65012836,High,Medium Priority,Automated re-engagement reminder or promotional campaign,226.94097222222223,1,285.54,285.54,226.94097222222223,28,0,0.0043871007052873
16630,1,0.759844,Critical,High Priority,Targeted re-engagement campaign with personalised offer,226.93055555555557,1,106.8,106.8,226.93055555555557,4,0,0.0043873012004143
16183,0,0.5988817,High,Medium Priority,Automated re-engagement reminder or promotional campaign,214.0680555555556,3,739.1,246.36666666666667,226.92152777777775,17,1,0.0131624249330453
13669,0,0.67772734,High,Medium Priority,Automated re-engagement reminder or promotional campaign,226.90625,1,195.0,195.0,226.90625,5,0,0.0043877690936514
16265,0,0.10720294,Low,Monitor,Continue monitoring and regular customer engagement,80.12361111111112,8,4363.31,545.41375,226.8972222222222,147,1,0.0351035432638982
14294,1,0.68043387,High,Medium Priority,Automated re-engagement reminder or promotional campaign,226.85069444444449,1,375.34,375.34,226.85069444444449,23,0,0.0043888389387543
14834,0,0.44092774,Medium,Monitor,Continue monitoring and regular customer engagement,59.90972222222222,2,729.55,364.775,226.80069444444445,28,1,0.0087796044910115
16780,0,0.5134139,Medium,Monitor,Continue monitoring and regular customer engagement,78.80277777777778,2,336.05,168.02499999999998,226.7145833333333,44,1,0.0087829245308911
13780,0,0.62406576,High,Medium Priority,Automated re-engagement reminder or promotional campaign,226.70763888888888,1,372.06,372.06,226.70763888888888,35,0,0.00439159619273
17974,0,0.16151462,Low,Monitor,Continue monitoring and regular customer engagement,39.04166666666666,4,1199.17,299.7925,226.69930555555555,177,1,0.0175670276650187
16635,1,0.68719196,High,Medium Priority,Automated re-engagement reminder or promotional campaign,226.13125,1,473.0,473.0,226.13125,25,0,0.0044027407060895
15170,1,0.8196401,Critical,High Priority,Targeted re-engagement campaign with personalised offer,226.09444444444443,1,81.15,81.15,226.09444444444443,4,0,0.0044034542652347
17334,1,0.49753445,Medium,Monitor,Continue monitoring and regular customer engagement,121.91041666666666,3,635.15,211.71666666666667,226.0236111111111,20,1,0.0132144845433355
17934,0,0.6872502,High,Medium Priority,Automated re-engagement reminder or promotional campaign,226.01875,1,344.90000000000003,344.90000000000003,226.01875,20,0,0.0044049225008947
17821,1,0.65567803,High,Medium Priority,Automated re-engagement reminder or promotional campaign,225.97916666666663,1,334.62,334.62,225.97916666666663,6,0,0.0044056906837999
13282,0,0.40248236,Medium,Monitor,Continue monitoring and regular customer engagement,40.03263888888889,2,525.75,262.875,225.94375,27,1,0.008812756464983
13580,1,0.8221318,Critical,High Priority,Targeted re-engagement campaign with personalised offer,225.90902777777777,1,107.75,107.75,225.90902777777777,5,0,0.0044070525081943
16058,1,0.84304196,Critical,High Priority,Targeted re-engagement campaign with personalised offer,225.8347222222222,1,62.7,62.7,225.8347222222222,2,0,0.0044084961517502
14213,1,0.7590278,Critical,High Priority,Targeted re-engagement campaign with personalised offer,224.0923611111111,1,1192.2,1192.2,224.0923611111111,5,0,0.0044426207760394
12608,1,0.6415481,High,Medium Priority,Automated re-engagement reminder or promotional campaign,224.08402777777775,1,415.79,415.79,224.08402777777775,16,0,0.0044427852561234
12601,1,0.30462348,Medium,Monitor,Continue monitoring and regular customer engagement,9.10625,6,681.26,113.54333333333334,224.07847222222225,24,1,0.0266573694976751
16724,1,0.8122798,Critical,High Priority,Targeted re-engagement campaign with personalised offer,224.04861111111111,1,147.35,147.35,224.04861111111111,17,0,0.0044434844323757
18278,0,0.75790954,Critical,High Priority,Targeted re-engagement campaign with personalised offer,224.02569444444444,1,240.3,240.3,224.02569444444444,15,0,0.0044439369578165
14848,1,0.64281076,High,Medium Priority,Automated re-engagement reminder or promotional campaign,224.01944444444445,1,310.56,310.56,224.01944444444445,11,0,0.0044440603898428
13833,0,0.6747106,High,Medium Priority,Automated re-engagement reminder or promotional campaign,223.94375,1,316.56,316.56,223.94375,16,0,0.0044455558334027
15675,0,0.55256444,High,Medium Priority,Automated re-engagement reminder or promotional campaign,99.93680555555557,2,263.35,131.675,223.94166666666663,16,1,0.0088911940132626
12347,0,0.032458823,Low,Monitor,Continue monitoring and regular customer engagement,2.9923611111111112,5,2817.48,563.496,223.9375,101,1,0.0222283967768824
17951,0,0.5149675,Medium,Monitor,Continue monitoring and regular customer engagement,177.99652777777777,3,741.5400000000001,247.18,223.89930555555557,15,1,0.0133393030831699
14429,1,0.65636206,High,Medium Priority,Automated re-engagement reminder or promotional campaign,223.1125,1,516.28,516.28,223.1125,22,0,0.0044620447319984
17306,0,0.043355573,Low,Monitor,Continue monitoring and regular customer engagement,23.938194444444445,10,4346.7,434.6700000000001,223.05,11,1,0.0446328944432046
16876,1,0.7124621,Critical,High Priority,Targeted re-engagement campaign with personalised offer,223.03541666666663,1,136.01,136.01,223.03541666666663,32,0,0.0044635799771241
14777,1,0.6467959,High,Medium Priority,Automated re-engagement reminder or promotional campaign,223.0,1,307.56,307.56,223.0,16,0,0.0044642857142857
15729,1,0.5454899,High,Medium Priority,Automated re-engagement reminder or promotional campaign,32.00972222222222,3,192.55,64.18333333333334,222.9625,10,1,0.0133950996260534
18127,0,0.763084,Critical,High Priority,Targeted re-engagement campaign with personalised offer,222.95416666666668,1,209.05,209.05,222.95416666666668,21,0,0.004465199352546
12492,0,0.67908543,High,Medium Priority,Automated re-engagement reminder or promotional campaign,222.9111111111111,1,452.0,452.0,222.9111111111111,22,0,0.0044660579595077
13359,0,0.5227122,High,Medium Priority,Automated re-engagement reminder or promotional campaign,222.90625,1,603.75,603.75,222.90625,33,0,0.0044661549197487
13597,1,0.63937086,High,Medium Priority,Automated re-engagement reminder or promotional campaign,219.9138888888889,2,396.71,198.355,222.13888888888889,17,1,0.008963027511515
14206,1,0.36099803,Medium,Monitor,Continue monitoring and regular customer engagement,58.84166666666667,3,1185.01,395.0033333333333,222.05069444444445,62,1,0.0134498572509363
17121,1,0.6946352,High,Medium Priority,Automated re-engagement reminder or promotional campaign,222.04375,1,314.74,314.74,222.04375,12,0,0.0044834253369574
13607,0,0.5863362,High,Medium Priority,Automated re-engagement reminder or promotional campaign,222.04305555555555,1,400.3,400.3,222.04305555555555,24,0,0.0044834392961
13535,1,0.8406773,Critical,High Priority,Targeted re-engagement campaign with personalised offer,222.04236111111112,1,89.5,89.5,222.04236111111112,1,0,0.0044834532553295
13937,0,0.50686336,Medium,Monitor,Continue monitoring and regular customer engagement,222.0090277777778,1,721.28,721.28,222.0090277777778,45,0,0.0044841234005848
13251,1,0.6853629,High,Medium Priority,Automated re-engagement reminder or promotional campaign,221.97916666666663,1,252.68,252.68,221.97916666666663,25,0,0.0044847239091843
13453,0,0.36596867,Medium,Monitor,Continue monitoring and regular customer engagement,109.12916666666666,2,609.71,304.855,221.97708333333333,28,1,0.0089695316222706
12413,0,0.44771326,Medium,Monitor,Continue monitoring and regular customer engagement,55.886805555555554,3,805.25,268.4166666666667,221.975,37,1,0.0134544231416078
16016,0,0.091138445,Low,Monitor,Continue monitoring and regular customer engagement,15.95625,7,1408.96,201.28,221.9743055555556,127,1,0.0313937517713488
13523,0,0.115263544,Low,Monitor,Continue monitoring and regular customer engagement,19.165972222222223,4,2938.93,734.7325000000001,221.91319444444449,117,1,0.0179442047383915
14733,0,0.038116094,Low,Monitor,Continue monitoring and regular customer engagement,23.9125,11,12656.82,1150.62,221.8805555555556,133,1,0.0493537893989057
17276,1,0.5590202,High,Medium Priority,Automated re-engagement reminder or promotional campaign,221.85416666666663,1,502.49,502.49,221.85416666666663,50,0,0.0044872394129195
13310,0,0.13132314,Low,Monitor,Continue monitoring and regular customer engagement,25.975,4,1226.82,306.70500000000004,221.82430555555555,65,1,0.0179513630258019
17363,1,0.532854,High,Medium Priority,Automated re-engagement reminder or promotional campaign,214.81875,3,920.46,306.82,221.80902777777777,34,1,0.0134644454487369
12855,1,0.5388884,High,Medium Priority,Automated re-engagement reminder or promotional campaign,192.1340277777778,4,612.84,153.21,221.7736111111111,65,1,0.0179554480445394
13215,1,0.80378693,Critical,High Priority,Targeted re-engagement campaign with personalised offer,221.76666666666668,1,81.6,81.6,221.76666666666668,1,0,0.0044890019452341
15458,0,0.68422335,High,Medium Priority,Automated re-engagement reminder or promotional campaign,221.70833333333331,1,208.8,208.8,221.70833333333331,6,0,0.004490177736202
13331,1,0.72660637,Critical,High Priority,Targeted re-engagement campaign with personalised offer,221.19861111111112,1,262.4,262.4,221.19861111111112,12,0,0.0045004781758061
12673,0,0.4784824,Medium,Monitor,Continue monitoring and regular customer engagement,146.04444444444445,2,840.4,420.2,221.0861111111111,52,1,0.0090055158784755
15915,1,0.5760747,High,Medium Priority,Automated re-engagement reminder or promotional campaign,221.0673611111111,1,364.45,364.45,221.0673611111111,105,0,0.0045031381243804
16865,1,0.74728817,Critical,High Priority,Targeted re-engagement campaign with personalised offer,221.05277777777775,1,130.95,130.95,221.05277777777775,15,0,0.0045034338683245
15336,1,0.7462317,Critical,High Priority,Targeted re-engagement campaign with personalised offer,221.0076388888889,1,240.5,240.5,221.0076388888889,15,0,0.004504349512498
12793,1,0.4970379,Medium,Monitor,Continue monitoring and regular customer engagement,154.0263888888889,3,885.53,295.1766666666667,220.98958333333331,34,1,0.0135141476232931
17420,0,0.61191845,High,Medium Priority,Automated re-engagement reminder or promotional campaign,193.1208333333333,4,485.6,121.4,220.98680555555555,24,1,0.0180190889723801
13500,0,0.6466076,High,Medium Priority,Automated re-engagement reminder or promotional campaign,220.98194444444445,1,299.53,299.53,220.98194444444445,20,0,0.0045048708916515
15233,1,0.85889494,Critical,High Priority,Targeted re-engagement campaign with personalised offer,220.9680555555556,1,59.400000000000006,59.400000000000006,220.9680555555556,1,0,0.0045051527684789
13686,1,0.39142525,Medium,Monitor,Continue monitoring and regular customer engagement,2.1527777777777777,3,409.04,136.34666666666666,220.9625,27,1,0.0135157965872613
15158,0,0.7750012,Critical,High Priority,Targeted re-engagement campaign with personalised offer,220.9611111111111,1,204.62,204.62,220.9611111111111,4,0,0.0045052937201211
17254,0,0.6329599,High,Medium Priority,Automated re-engagement reminder or promotional campaign,220.95138888888889,1,198.29,198.29,220.95138888888889,36,0,0.0045054910672381
16542,0,0.7813564,Critical,High Priority,Targeted re-engagement campaign with personalised offer,220.9208333333333,1,137.7,137.7,220.9208333333333,9,0,0.0045061114136047
16178,0,0.6455123,High,Medium Priority,Automated re-engagement reminder or promotional campaign,220.91944444444445,1,414.7,414.7,220.91944444444445,17,0,0.0045061396152257
15481,1,0.7003462,High,High Priority,Targeted re-engagement campaign with personalised offer,220.9152777777778,1,1993.34,1993.34,220.9152777777778,38,0,0.0045062242222069
13034,0,0.6367407,High,Medium Priority,Automated re-engagement reminder or promotional campaign,188.9152777777778,2,279.91,139.955,220.89444444444445,16,1,0.009013294609549
13049,0,0.48266345,Medium,Monitor,Continue monitoring and regular customer engagement,137.8451388888889,3,905.34,301.78000000000003,220.8826388888889,12,1,0.0135206612604886
16712,0,0.062340163,Low,Monitor,Continue monitoring and regular customer engagement,31.900694444444444,6,1819.78,303.2966666666667,220.87847222222223,171,1,0.0270418303312937
16050,0,0.74414086,Critical,High Priority,Targeted re-engagement campaign with personalised offer,202.9152777777778,2,162.8,81.4,220.87152777777777,9,1,0.0090142255747351
13987,1,0.534752,High,Medium Priority,Automated re-engagement reminder or promotional campaign,199.10416666666663,2,682.54,341.27,220.12222222222223,46,1,0.0090447716195166
15724,1,0.43291909,Medium,Monitor,Continue monitoring and regular customer engagement,20.92361111111111,3,310.85,103.61666666666667,220.1027777777778,17,1,0.0135683505659761
14737,0,0.5403627,High,High Priority,Targeted re-engagement campaign with personalised offer,172.95902777777778,2,2823.62,1411.81,220.05625,28,1,0.0090474709491362
15379,0,0.033438336,Low,Monitor,Continue monitoring and regular customer engagement,5.905555555555556,7,4747.04,678.1485714285715,220.03541666666663,175,1,0.0316691329632317
17702,0,0.19238575,Low,Monitor,Continue monitoring and regular customer engagement,25.852083333333333,3,1759.47,586.49,220.02847222222223,96,1,0.0135729119865778
12914,1,0.6572428,High,Medium Priority,Automated re-engagement reminder or promotional campaign,220.01527777777775,1,223.98,223.98,220.01527777777775,9,0,0.0045245740930428
13258,0,0.4057917,Medium,Monitor,Continue monitoring and regular customer engagement,24.985416666666666,3,535.4699999999999,178.49,220.00347222222223,14,1,0.0135744473597385
14447,0,0.2772669,Medium,Monitor,Continue monitoring and regular customer engagement,15.93125,3,1149.53,383.1766666666667,219.97083333333333,63,1,0.0135764523975637
17286,0,0.62740844,High,Medium Priority,Automated re-engagement reminder or promotional campaign,219.95694444444445,2,237.81,118.905,219.96319444444444,46,0,0.0090512811648496
17977,0,0.48017624,Medium,Monitor,Continue monitoring and regular customer engagement,219.9333333333333,1,1223.31,1223.31,219.9333333333333,83,0,0.0045262522631261
13303,1,0.83785486,Critical,High Priority,Targeted re-engagement campaign with personalised offer,219.91319444444449,1,61.72,61.72,219.91319444444449,4,0,0.0045266648853402
13172,1,0.85392356,Critical,High Priority,Targeted re-engagement campaign with personalised offer,219.90277777777777,1,69.6,69.6,219.90277777777777,1,0,0.0045268783401446
13660,1,0.50439173,Medium,Monitor,Continue monitoring and regular customer engagement,219.86111111111111,1,306.64,306.64,219.86111111111111,39,0,0.0045277323607093
13903,1,0.77542126,Critical,High Priority,Targeted re-engagement campaign with personalised offer,219.7958333333333,1,165.45000000000002,165.45000000000002,219.7958333333333,10,0,0.0045290709743163
16228,1,0.5128127,Medium,Monitor,Continue monitoring and regular customer engagement,204.9375,3,885.71,295.2366666666667,219.74722222222223,45,1,0.0135902049855918
13846,0,0.2947399,Medium,Monitor,Continue monitoring and regular customer engagement,61.90763888888889,3,1106.66,368.8866666666667,219.12708333333333,69,1,0.0136284911178202
13646,1,0.6529216,High,Medium Priority,Automated re-engagement reminder or promotional campaign,219.02569444444444,2,326.25,163.125,219.03472222222223,58,0,0.0090894745147546
13996,1,0.55962354,High,Medium Priority,Automated re-engagement reminder or promotional campaign,205.8493055555556,2,895.76,447.88,218.9048611111111,29,1,0.0090948421508038
15560,1,0.77940804,Critical,High Priority,Targeted re-engagement campaign with personalised offer,217.10763888888889,2,153.52,76.75999999999999,217.1083333333333,10,0,0.0091697550911244
16640,1,0.7527947,Critical,High Priority,Targeted re-engagement campaign with personalised offer,217.0847222222222,1,179.4,179.4,217.0847222222222,13,0,0.0045853739308754
18083,1,0.63161105,High,Medium Priority,Automated re-engagement reminder or promotional campaign,217.0458333333333,1,463.53,463.53,217.0458333333333,36,0,0.004586191741033
17033,0,0.3587625,Medium,Monitor,Continue monitoring and regular customer engagement,33.86736111111111,3,910.75,303.5833333333333,216.99652777777777,22,1,0.0137616870808976
16931,0,0.039739624,Low,Monitor,Continue monitoring and regular customer engagement,14.052777777777775,11,2380.46,216.40545454545452,216.9763888888889,277,1,0.0504641812632611
14203,1,0.73442745,Critical,High Priority,Targeted re-engagement campaign with personalised offer,216.96875,1,339.34,339.34,216.96875,16,0,0.0045878136200716
16559,1,0.8200918,Critical,High Priority,Targeted re-engagement campaign with personalised offer,216.95694444444445,1,175.0,175.0,216.95694444444445,17,0,0.0045880621172632
16899,0,0.15084109,Low,Monitor,Continue monitoring and regular customer engagement,26.872916666666665,4,772.26,193.065,216.90972222222223,68,1,0.0183562255011313
15996,0,0.3002399,Medium,Monitor,Continue monitoring and regular customer engagement,83.03680555555556,4,980.99,245.2475,216.87569444444443,104,1,0.0183590923723708
12892,1,0.6657879,High,Medium Priority,Automated re-engagement reminder or promotional campaign,216.1243055555556,1,263.38,263.38,216.1243055555556,18,0,0.0046056566419006
13138,0,0.42358515,Medium,Monitor,Continue monitoring and regular customer engagement,60.11875,3,698.47,232.82333333333332,216.04513888888889,31,1,0.0138220096306131
14927,1,0.66157204,High,Medium Priority,Automated re-engagement reminder or promotional campaign,216.01388888888889,1,308.2,308.2,216.01388888888889,20,0,0.004608
14193,0,0.4689236,Medium,Monitor,Continue monitoring and regular customer engagement,89.05,2,779.34,389.67,216.01319444444445,39,1,0.0092160294912943
13967,0,0.8196453,Critical,High Priority,Targeted re-engagement campaign with personalised offer,215.9763888888889,1,85.6,85.6,215.9763888888889,4,0,0.0046087964000179
17084,0,0.4295283,Medium,Monitor,Continue monitoring and regular customer engagement,215.9375,1,2253.22,2253.22,215.9375,132,0,0.0046096225871506
16420,1,0.7725055,Critical,High Priority,Targeted re-engagement campaign with personalised offer,215.89930555555557,1,75.0,75.0,215.89930555555557,2,0,0.0046104343093153
13738,1,0.57810026,High,Medium Priority,Automated re-engagement reminder or promotional campaign,215.89375,1,434.78,434.78,215.89375,88,0,0.0046105524018096
17548,1,0.41712594,Medium,Monitor,Continue monitoring and regular customer engagement,53.03402777777778,4,731.26,182.815,215.85486111111112,22,1,0.0184455168747658
18098,1,0.54751986,High,Medium Priority,Automated re-engagement reminder or promotional campaign,215.84652777777777,1,527.94,527.94,215.84652777777777,85,0,0.0046115564323206
13691,1,0.6371193,High,Medium Priority,Automated re-engagement reminder or promotional campaign,215.80277777777775,1,212.78,212.78,215.80277777777775,54,0,0.0046124870273802
15635,1,0.8216084,Critical,High Priority,Targeted re-engagement campaign with personalised offer,215.1611111111111,1,100.35,100.35,215.1611111111111,2,0,0.0046261790331285
17274,0,0.6354262,High,Medium Priority,Automated re-engagement reminder or promotional campaign,215.0305555555556,1,465.4,465.4,215.0305555555556,52,0,0.004628974810662
16223,1,0.48812422,Medium,Monitor,Continue monitoring and regular customer engagement,194.04166666666663,2,1087.05,543.5250000000001,215.0298611111111,101,1,0.0092579793817084
17208,1,0.78458905,Critical,High Priority,Targeted re-engagement campaign with personalised offer,215.0,1,111.15,111.15,215.0,21,0,0.0046296296296296
17467,1,0.8196453,Critical,High Priority,Targeted re-engagement campaign with personalised offer,214.99444444444444,1,102.6,102.6,214.99444444444444,4,0,0.0046297487075284
17983,1,0.79146624,Critical,High Priority,Targeted re-engagement campaign with personalised offer,214.9763888888889,1,171.71,171.71,214.97708333333333,23,0,0.0046301208654467
16740,1,0.69627994,High,Medium Priority,Automated re-engagement reminder or promotional campaign,214.96944444444443,1,226.91,226.91,214.96944444444443,30,0,0.0046302846338859
17878,0,0.57037836,High,Medium Priority,Automated re-engagement reminder or promotional campaign,214.95694444444445,2,999.48,499.74,214.95833333333331,56,0,0.0092610457264132
14170,1,0.45094433,Medium,Monitor,Continue monitoring and regular customer engagement,194.98611111111111,3,570.18,190.06,214.94722222222225,123,1,0.0138922833511274
14899,1,0.54975677,High,Medium Priority,Automated re-engagement reminder or promotional campaign,214.89583333333331,1,1331.38,1331.38,214.89583333333331,126,0,0.0046318633600308
14077,0,0.29445016,Medium,Monitor,Continue monitoring and regular customer engagement,1.929861111111111,4,426.06,106.515,214.8673611111111,41,1,0.0185298971526368
17374,1,0.39175627,Medium,Monitor,Continue monitoring and regular customer engagement,38.15625,3,727.11,242.37,214.81666666666663,34,1,0.0139006873117615
13721,0,0.66945016,High,Medium Priority,Automated re-engagement reminder or promotional campaign,214.78541666666663,1,217.4,217.4,214.78541666666663,14,0,0.0046342334688202
12927,1,0.6947695,High,Medium Priority,Automated re-engagement reminder or promotional campaign,214.11666666666667,1,197.31,197.31,214.11666666666667,11,0,0.0046486402727202
13671,1,0.7014235,High,Medium Priority,Automated re-engagement reminder or promotional campaign,214.08333333333331,1,172.6,172.6,214.08333333333331,61,0,0.0046493607129019
16358,0,0.15806432,Low,Monitor,Continue monitoring and regular customer engagement,3.90625,2,1354.3000000000002,677.1500000000001,214.05138888888888,61,1,0.0093001026886338
15131,1,0.8143209,Critical,High Priority,Targeted re-engagement campaign with personalised offer,214.0298611111111,1,80.28,80.28,214.0298611111111,7,0,0.0046505168855746
17756,1,0.536641,High,Medium Priority,Automated re-engagement reminder or promotional campaign,195.02083333333331,3,728.75,242.91666666666663,213.99722222222223,54,1,0.0139536686520497
15001,1,0.70309687,High,Medium Priority,Automated re-engagement reminder or promotional campaign,213.95763888888888,2,199.11,99.555,213.97152777777777,44,0,0.0093035576416773
13096,1,0.7793915,Critical,High Priority,Targeted re-engagement campaign with personalised offer,213.94583333333333,1,419.7000000000001,419.7000000000001,213.94583333333333,1,0,0.0046523348905732
15529,0,0.033445843,Low,Monitor,Continue monitoring and regular customer engagement,30.04513888888889,8,2751.62,343.9525,213.9333333333333,296,1,0.0372208436724565
12739,0,0.53721935,High,Medium Priority,Automated re-engagement reminder or promotional campaign,205.1305555555556,2,1713.69,856.845,213.9326388888889,51,1,0.0093052409831245
15028,0,0.52522993,High,Medium Priority,Automated re-engagement reminder or promotional campaign,188.00208333333333,3,521.78,173.92666666666665,213.92916666666667,45,1,0.0139580869666362
17288,0,0.053745467,Low,Monitor,Continue monitoring and regular customer engagement,26.929166666666667,9,1714.5,190.5,213.9208333333333,139,1,0.0418758845311258
13915,1,0.82543594,Critical,High Priority,Targeted re-engagement campaign with personalised offer,213.89791666666667,1,70.80000000000001,70.80000000000001,213.89791666666667,2,0,0.0046533722406956
17903,1,0.62548673,High,Medium Priority,Automated re-engagement reminder or promotional campaign,213.8826388888889,1,381.09,381.09,213.8826388888889,44,0,0.0046537030872795
18280,1,0.54801416,High,Medium Priority,Automated re-engagement reminder or promotional campaign,97.12361111111112,2,488.15,244.075,213.8743055555556,28,1,0.0093077671377646
15368,0,0.6226414,High,Medium Priority,Automated re-engagement reminder or promotional campaign,213.8736111111111,1,275.8,275.8,213.8736111111111,4,0,0.0046538986096477
12666,1,0.70323443,High,Medium Priority,Automated re-engagement reminder or promotional campaign,213.84027777777777,1,1248.42,1248.42,213.84027777777777,31,0,0.0046546206807382
16662,1,0.80364007,Critical,High Priority,Targeted re-engagement campaign with personalised offer,213.82916666666668,1,151.05,151.05,213.82916666666668,28,0,0.0046548614208964
16786,1,0.8516791,Critical,High Priority,Targeted re-engagement campaign with personalised offer,213.18402777777777,1,51.84,51.84,213.18402777777777,1,0,0.0046688822242036
15138,1,0.5547913,High,Medium Priority,Automated re-engagement reminder or promotional campaign,213.1486111111111,1,502.52,502.52,213.1486111111111,31,0,0.0046696543807195
17688,1,0.58645236,High,Medium Priority,Automated re-engagement reminder or promotional campaign,213.0895833333333,1,304.2,304.2,213.0895833333333,19,0,0.004670941875967
16824,0,0.67702353,High,Medium Priority,Automated re-engagement reminder or promotional campaign,213.02013888888888,1,225.6,225.6,213.02013888888888,13,0,0.004672457485504
17423,0,0.32624313,Medium,Monitor,Continue monitoring and regular customer engagement,37.15,2,869.96,434.98,213.01666666666668,28,1,0.0093450665835994
16284,0,0.68438125,High,Medium Priority,Automated re-engagement reminder or promotional campaign,212.9743055555556,1,205.8,205.8,212.9743055555556,30,0,0.0046734583267071
13226,1,0.5568269,High,Medium Priority,Automated re-engagement reminder or promotional campaign,92.92708333333331,2,312.46,156.23000000000002,212.9611111111111,28,1,0.0093474930542933
17558,1,0.71171516,Critical,High Priority,Targeted re-engagement campaign with personalised offer,212.92638888888888,1,259.17,259.17,212.92638888888888,28,0,0.0046745051192323
17815,1,0.60699403,High,Medium Priority,Automated re-engagement reminder or promotional campaign,212.92430555555555,1,591.96,591.96,212.92430555555555,13,0,0.0046745506425884
17980,0,0.26595592,Medium,Monitor,Continue monitoring and regular customer engagement,23.93125,3,764.02,254.6733333333333,212.92222222222225,40,1,0.0140237885004934
12803,1,0.6449873,High,Medium Priority,Automated re-engagement reminder or promotional campaign,212.9118055555556,1,1092.81,1092.81,212.9118055555556,55,0,0.0046748238013459
18050,1,0.60227734,High,Medium Priority,Automated re-engagement reminder or promotional campaign,178.93402777777777,2,412.06,206.03000000000003,212.8743055555556,22,1,0.0093512869383951
14600,1,0.5039289,Medium,Monitor,Continue monitoring and regular customer engagement,125.12638888888888,2,865.1700000000001,432.585,212.8708333333333,53,1,0.0093514387578172
18054,1,0.7883328,Critical,High Priority,Targeted re-engagement campaign with personalised offer,212.1888888888889,1,176.5,176.5,212.1888888888889,11,0,0.0046906759785271
15468,0,0.49960157,Medium,Monitor,Continue monitoring and regular customer engagement,212.1326388888889,1,962.97,962.97,212.1326388888889,56,0,0.0046919139424784
12868,1,0.0489796,Low,Monitor,Continue monitoring and regular customer engagement,5.088888888888889,8,2043.76,255.47000000000003,212.11458333333331,86,1,0.0375384916173811
12352,0,0.2823494,Medium,Monitor,Continue monitoring and regular customer engagement,81.8625,7,1905.61,272.23,212.10416666666663,38,1,0.0328477857073027
18007,1,0.63700426,High,Medium Priority,Automated re-engagement reminder or promotional campaign,212.07083333333333,1,215.22,215.22,212.07083333333333,46,0,0.0046932749281342
17772,0,0.6755917,High,Medium Priority,Automated re-engagement reminder or promotional campaign,212.0548611111111,1,187.3,187.3,212.0548611111111,45,0,0.0046936267719255
14082,1,0.5922706,High,Medium Priority,Automated re-engagement reminder or promotional campaign,184.075,2,413.36,206.68,212.04375,48,1,0.0093877431278786
13309,0,0.24195358,Medium,Monitor,Continue monitoring and regular customer engagement,26.004166666666663,3,796.22,265.4066666666667,212.02777777777777,59,1,0.0140826704915895
17210,1,0.637303,High,Medium Priority,Automated re-engagement reminder or promotional campaign,212.02430555555557,1,251.72,251.72,212.02430555555557,47,0,0.0046943000114097
12734,1,0.60073614,High,Medium Priority,Automated re-engagement reminder or promotional campaign,172.00208333333333,3,639.65,213.2166666666667,211.975,17,1,0.0140861603474586
17803,1,0.7766187,Critical,High Priority,Targeted re-engagement campaign with personalised offer,211.95625,1,184.66,184.66,211.95625,27,0,0.0046958001937017
13961,1,0.6244039,High,Medium Priority,Automated re-engagement reminder or promotional campaign,211.92361111111111,1,538.4,538.4,211.92361111111111,19,0,0.0046965200091321
14024,0,0.7335663,Critical,High Priority,Targeted re-engagement campaign with personalised offer,210.08263888888888,1,318.04,318.04,210.08263888888888,18,0,0.004737481041851
14052,0,0.64273125,High,Medium Priority,Automated re-engagement reminder or promotional campaign,210.05069444444445,1,241.3,241.3,210.05069444444445,65,0,0.0047381981027465
16687,1,0.75376904,Critical,High Priority,Targeted re-engagement campaign with personalised offer,210.04444444444445,1,157.63,157.63,210.04444444444445,8,0,0.0047383384226597
17495,0,0.6549627,High,Medium Priority,Automated re-engagement reminder or promotional campaign,210.04166666666663,1,309.16,309.16,210.04166666666663,21,0,0.0047384007897334
15269,0,0.54579896,High,Medium Priority,Automated re-engagement reminder or promotional campaign,199.8875,2,816.56,408.28,209.99444444444444,32,1,0.0094789225624687
13167,0,0.64478505,High,Medium Priority,Automated re-engagement reminder or promotional campaign,209.99444444444444,1,333.82,333.82,209.99444444444444,16,0,0.0047394612812343
16074,1,0.76106554,Critical,High Priority,Targeted re-engagement campaign with personalised offer,209.97986111111112,1,252.5,252.5,209.97986111111112,23,0,0.0047397888819035
14684,0,0.17631833,Low,Monitor,Continue monitoring and regular customer engagement,34.99444444444445,3,721.96,240.6533333333333,209.9465277777778,195,1,0.0142216135605718
17544,1,0.46741328,Medium,Monitor,Continue monitoring and regular customer engagement,209.90416666666667,3,944.82,314.94,209.91875,80,0,0.0142234865321361
18221,0,0.20709655,Low,Monitor,Continue monitoring and regular customer engagement,4.050694444444445,3,920.34,306.78000000000003,209.87777777777777,43,1,0.0142262500658622
14559,1,0.82826287,Critical,High Priority,Targeted re-engagement campaign with personalised offer,209.86458333333331,1,75.6,75.6,209.86458333333331,2,0,0.0047423800820036
15726,1,0.68923473,High,Medium Priority,Automated re-engagement reminder or promotional campaign,209.85972222222225,1,321.91,321.91,209.85972222222225,23,0,0.0047424894117337
14382,0,0.39725238,Medium,Monitor,Continue monitoring and regular customer engagement,209.84583333333333,1,578.14,578.14,209.84583333333333,137,0,0.0047428018101693
14784,0,0.59403163,High,Medium Priority,Automated re-engagement reminder or promotional campaign,143.14236111111111,2,274.62,137.31,209.12569444444443,14,1,0.0095181125054117
17992,1,0.6393516,High,Medium Priority,Automated re-engagement reminder or promotional campaign,208.99027777777775,1,252.88,252.88,208.99027777777775,49,0,0.0047621252306654
14526,1,0.61889774,High,Medium Priority,Automated re-engagement reminder or promotional campaign,208.97083333333333,1,258.65,258.65,208.97083333333333,41,0,0.0047625662294366
12991,0,0.714769,Critical,High Priority,Targeted re-engagement campaign with personalised offer,208.96319444444444,1,261.06,261.06,208.96319444444444,14,0,0.0047627395013014
13862,0,0.06333775,Low,Monitor,Continue monitoring and regular customer engagement,6.938888888888889,5,1499.24,299.848,208.96319444444444,77,1,0.0238136975065074
17106,1,0.6259394,High,Medium Priority,Automated re-engagement reminder or promotional campaign,208.94375,1,481.58,481.58,208.94375,51,0,0.0047631806138549
13094,0,0.11016409,Low,Monitor,Continue monitoring and regular customer engagement,11.019444444444444,9,1375.2,152.8,208.94097222222223,5,1,0.0428691927294378
17633,0,0.6284193,High,Medium Priority,Automated re-engagement reminder or promotional campaign,199.05694444444444,3,732.55,244.1833333333333,208.91319444444449,29,1,0.0142916218675047
16399,0,0.41814393,Medium,Monitor,Continue monitoring and regular customer engagement,54.96111111111111,2,400.61,200.305,208.9076388888889,65,1,0.0095280000794
17170,1,0.7647138,Critical,High Priority,Targeted re-engagement campaign with personalised offer,193.87152777777777,2,178.68,89.34,208.85208333333333,8,1,0.0095305224910403
18084,0,0.52792925,High,Medium Priority,Automated re-engagement reminder or promotional campaign,202.87708333333333,2,704.75,352.375,208.1951388888889,6,1,0.0095604515985539
16602,0,0.6333863,High,Medium Priority,Automated re-engagement reminder or promotional campaign,208.15069444444444,1,235.25,235.25,208.15069444444444,11,0,0.0047812415954737
14189,0,0.0316646,Low,Monitor,Continue monitoring and regular customer engagement,20.094444444444445,9,3005.14,333.90444444444444,208.14027777777775,118,1,0.0430333176164323
12357,0,0.39044866,Medium,Monitor,Continue monitoring and regular customer engagement,207.93125,2,12079.99,6039.995,208.11458333333331,165,0,0.0095641344956413
12616,0,0.4180164,Medium,Monitor,Continue monitoring and regular customer engagement,116.93958333333332,2,673.4,336.7,208.05,26,1,0.0095670892131069
16083,0,0.41927746,Medium,Monitor,Continue monitoring and regular customer engagement,180.04097222222222,3,1371.78,457.26,208.03958333333333,51,1,0.014351348927137
14675,0,0.5537001,High,Medium Priority,Automated re-engagement reminder or promotional campaign,208.01944444444445,1,419.22,419.22,208.01944444444445,114,0,0.0047842438901218
15235,1,0.10509875,Low,Monitor,Continue monitoring and regular customer engagement,37.12916666666667,16,2772.76,173.2975,208.0013888888889,161,1,0.0765545151879639
17203,0,0.38028657,Medium,Monitor,Continue monitoring and regular customer engagement,207.98819444444445,4,2004.01,501.0025,207.9986111111111,84,0,0.0191388831664218
15968,1,0.58978087,High,Medium Priority,Automated re-engagement reminder or promotional campaign,207.99027777777775,1,404.55,404.55,207.99027777777775,70,0,0.0047849115788214
13624,1,0.62537885,High,Medium Priority,Automated re-engagement reminder or promotional campaign,207.96319444444444,1,462.08,462.08,207.96319444444444,22,0,0.0047855317423655
13458,0,0.041416824,Low,Monitor,Continue monitoring and regular customer engagement,9.097916666666666,9,8572.78,952.5311111111112,207.95069444444445,232,1,0.0430723622332488
13789,1,0.6883273,High,Medium Priority,Automated re-engagement reminder or promotional campaign,207.88819444444445,1,239.46,239.46,207.88819444444445,18,0,0.0047872499576128
15161,1,0.71397203,Critical,High Priority,Targeted re-engagement campaign with personalised offer,207.8625,1,119.92,119.92,207.8625,33,0,0.0047878388892213
15811,0,0.04225088,Low,Monitor,Continue monitoring and regular customer engagement,25.004166666666663,5,2562.37,512.4739999999999,207.8361111111111,161,1,0.0239422194437424
13158,0,0.507018,Medium,Monitor,Continue monitoring and regular customer engagement,138.11944444444444,2,563.53,281.765,207.8180555555556,37,1,0.0095777158477941
14192,1,0.63601243,High,Medium Priority,Automated re-engagement reminder or promotional campaign,207.7958333333333,1,293.74,293.74,207.7958333333333,14,0,0.0047893676039192
16829,0,0.6938528,High,Medium Priority,Automated re-engagement reminder or promotional campaign,207.7770833333333,1,316.1,316.1,207.7770833333333,16,0,0.0047897977308333
18256,1,0.750045,Critical,High Priority,Targeted re-engagement campaign with personalised offer,207.16458333333333,1,110.7,110.7,207.16458333333333,10,0,0.0048038911518329
13237,1,0.67658836,High,Medium Priority,Automated re-engagement reminder or promotional campaign,207.11319444444445,1,643.0,643.0,207.11319444444445,24,0,0.0048050773650824
14417,1,0.54896814,High,Medium Priority,Automated re-engagement reminder or promotional campaign,207.07986111111111,1,524.65,524.65,207.07986111111111,106,0,0.0048058471139886
16386,0,0.40519345,Medium,Monitor,Continue monitoring and regular customer engagement,73.02152777777778,2,826.69,413.345,207.06319444444443,55,1,0.0096124641618632
16006,1,0.3497179,Medium,Monitor,Continue monitoring and regular customer engagement,30.98472222222222,2,332.82,166.41,207.0326388888889,75,1,0.0096138760277333
13549,0,0.2580106,Medium,Monitor,Continue monitoring and regular customer engagement,12.134027777777778,4,600.15,150.0375,207.02291666666667,34,1,0.0192286506895273
12847,0,0.5924349,High,Medium Priority,Automated re-engagement reminder or promotional campaign,207.00416666666663,1,765.36,765.36,207.00416666666663,34,0,0.0048075960016826
14811,1,0.8142555,Critical,High Priority,Targeted re-engagement campaign with personalised offer,206.98680555555555,1,170.5,170.5,206.98680555555555,28,0,0.0048079973021792
16224,0,0.33996767,Medium,Monitor,Continue monitoring and regular customer engagement,59.93958333333333,3,864.45,288.15000000000003,206.9833333333333,62,1,0.0144242327109544
15515,1,0.7753387,Critical,High Priority,Targeted re-engagement campaign with personalised offer,206.96597222222223,1,171.81,171.81,206.96597222222223,7,0,0.0048084789512173
17418,0,0.5643522,High,Medium Priority,Automated re-engagement reminder or promotional campaign,143.04930555555555,2,373.99,186.995,206.9638888888889,24,1,0.0096170542428573
12890,0,0.6149154,High,Medium Priority,Automated re-engagement reminder or promotional campaign,206.94722222222225,1,329.3,329.3,206.94791666666663,56,0,0.0048088964584481
18195,1,0.8212418,Critical,High Priority,Targeted re-engagement campaign with personalised offer,206.9076388888889,1,101.16,101.16,206.9076388888889,5,0,0.0048098280820476
15649,1,0.54640746,High,Medium Priority,Automated re-engagement reminder or promotional campaign,155.96944444444443,4,1660.35,415.0875,206.8527777777778,8,1,0.0192443903938417
17995,1,0.53608316,High,Medium Priority,Automated re-engagement reminder or promotional campaign,101.01388888888889,3,495.48,165.16,206.82569444444445,28,1,0.0144351737065984
16250,1,0.5017242,Medium,Monitor,Continue monitoring and regular customer engagement,80.90486111111112,3,565.24,188.41333333333333,206.08819444444444,29,1,0.0144865814685771
14405,1,0.7106511,Critical,High Priority,Targeted re-engagement campaign with personalised offer,206.04861111111111,1,195.0,195.0,206.04861111111111,2,0,0.0048297836659399
14446,0,0.34633672,Medium,Monitor,Continue monitoring and regular customer engagement,66.02777777777777,2,492.97,246.485,206.02916666666667,113,1,0.0096604745708132
13864,1,0.66030234,High,Medium Priority,Automated re-engagement reminder or promotional campaign,206.0,1,662.4000000000001,662.4000000000001,206.0,1,0,0.0048309178743961
14614,1,0.66392356,High,Medium Priority,Automated re-engagement reminder or promotional campaign,205.99027777777775,1,295.13,295.13,205.99027777777775,19,0,0.0048311447800151
17355,1,0.6544894,High,Medium Priority,Automated re-engagement reminder or promotional campaign,205.98055555555555,1,273.31,273.31,205.98055555555555,28,0,0.0048313717069504
16973,1,0.8221975,Critical,High Priority,Targeted re-engagement campaign with personalised offer,205.95416666666668,1,127.0,127.0,205.95416666666668,6,0,0.0048319877589643
17659,0,0.050009843,Low,Monitor,Continue monitoring and regular customer engagement,4.1194444444444445,7,1715.55,245.07857142857145,205.9375,73,1,0.0338266384778012
17089,1,0.82249844,Critical,High Priority,Targeted re-engagement campaign with personalised offer,205.88680555555555,1,128.45,128.45,205.88680555555555,4,0,0.0048335610253862
18160,0,0.34313065,Medium,Monitor,Continue monitoring and regular customer engagement,19.964583333333334,2,684.37,342.185,205.8451388888889,41,1,0.0096690693856447
17868,1,0.76303697,Critical,High Priority,Targeted re-engagement campaign with personalised offer,205.74652777777777,1,227.15,227.15,205.74652777777777,18,0,0.0048368406025897
17532,1,0.83996063,Critical,High Priority,Targeted re-engagement campaign with personalised offer,205.1923611111111,1,65.34,65.34,205.1923611111111,4,0,0.0048498401910298
14932,1,0.5582875,High,Medium Priority,Automated re-engagement reminder or promotional campaign,185.04305555555555,2,666.13,333.065,205.1486111111111,29,1,0.0097017389019518
17269,1,0.56426686,High,Medium Priority,Automated re-engagement reminder or promotional campaign,205.0680555555556,1,491.81,491.81,205.0680555555556,110,0,0.0048527657394738
16936,0,0.5504237,High,Medium Priority,Automated re-engagement reminder or promotional campaign,205.0388888888889,1,286.39,286.39,205.0388888888889,81,0,0.004853452692318
16599,1,0.76835304,Critical,High Priority,Targeted re-engagement campaign with personalised offer,205.00347222222223,1,172.8,172.8,205.00347222222223,12,0,0.0048542871108564
16885,0,0.5176724,Medium,Monitor,Continue monitoring and regular customer engagement,176.81041666666667,2,412.14,206.07,204.9993055555556,66,1,0.0097087705932126
17433,0,0.6007107,High,Medium Priority,Automated re-engagement reminder or promotional campaign,204.9673611111111,1,266.8,266.8,204.9673611111111,39,0,0.0048551381859989
17386,0,0.8221975,Critical,High Priority,Targeted re-engagement campaign with personalised offer,204.96527777777777,1,126.35,126.35,204.96527777777777,10,0,0.0048551872955932
18035,0,0.5334193,High,Medium Priority,Automated re-engagement reminder or promotional campaign,204.9611111111111,2,546.34,273.17,204.9638888888889,8,0,0.0097104400717493
15846,1,0.82943994,Critical,High Priority,Targeted re-engagement campaign with personalised offer,204.92361111111111,1,107.01,107.01,204.92361111111111,27,0,0.0048561696961521
13124,0,0.15399998,Low,Monitor,Continue monitoring and regular customer engagement,71.91111111111111,3,3401.8,1133.9333333333334,204.875,163,1,0.0145719489981785
16346,1,0.68541944,High,Medium Priority,Automated re-engagement reminder or promotional campaign,204.87152777777777,1,224.51,224.51,204.87152777777777,15,0,0.004857398256059
17648,0,0.17103466,Low,Monitor,Continue monitoring and regular customer engagement,12.061111111111112,4,1526.26,381.565,204.8395833333333,96,1,0.0194326083216096
17493,1,0.8289812,Critical,High Priority,Targeted re-engagement campaign with personalised offer,204.82847222222225,1,100.91,100.91,204.82847222222225,8,0,0.0048584143350214
12967,1,0.5199585,Medium,Monitor,Continue monitoring and regular customer engagement,177.73611111111111,3,2938.52,979.5066666666668,203.07430555555555,47,1,0.0147005277897824
12887,1,0.720048,Critical,High Priority,Targeted re-engagement campaign with personalised offer,203.0638888888889,1,222.4,222.4,203.0638888888889,13,0,0.0049004260648217
12728,0,0.37079585,Medium,Monitor,Continue monitoring and regular customer engagement,76.98819444444445,4,851.15,212.7875,203.05277777777775,39,1,0.0196027716140976
12858,1,0.7140451,Critical,High Priority,Targeted re-engagement campaign with personalised offer,202.99652777777777,1,147.27,147.27,202.99652777777777,36,0,0.0049020442205239
15155,1,0.69795513,High,Medium Priority,Automated re-engagement reminder or promotional campaign,202.99375,1,383.97,383.97,202.99375,24,0,0.0049021109715371
16367,0,0.45779073,Medium,Monitor,Continue monitoring and regular customer engagement,182.03402777777777,2,716.9,358.45000000000005,202.97708333333333,119,1,0.0098050230315905
17275,1,0.82890606,Critical,High Priority,Targeted re-engagement campaign with personalised offer,202.975,1,114.1,114.1,202.975,23,0,0.0049025615884299
16501,1,0.5366224,High,Medium Priority,Automated re-engagement reminder or promotional campaign,202.94444444444449,1,1191.23,1191.23,202.94444444444449,181,0,0.0049032961046036
12807,1,0.6737536,High,Medium Priority,Automated re-engagement reminder or promotional campaign,202.9368055555556,1,330.35,330.35,202.9368055555556,16,0,0.0049034797680381
17036,1,0.8290547,Critical,High Priority,Targeted re-engagement campaign with personalised offer,202.9333333333333,1,176.9,176.9,202.9333333333333,12,0,0.004903563255966
15350,1,0.60559994,High,Medium Priority,Automated re-engagement reminder or promotional campaign,192.9701388888889,2,547.6,273.8,202.9,26,1,0.0098087297694948
13550,1,0.67172235,High,Medium Priority,Automated re-engagement reminder or promotional campaign,202.89305555555555,1,342.55,342.55,202.89305555555555,40,0,0.0049045319237345
15634,0,0.69653314,High,Medium Priority,Automated re-engagement reminder or promotional campaign,202.88888888888889,1,311.1,311.1,202.88888888888889,19,0,0.0049046321525885
18210,0,0.57161117,High,Medium Priority,Automated re-engagement reminder or promotional campaign,86.82777777777778,2,289.85,144.925,202.1326388888889,14,1,0.0098457835773697
17782,1,0.58013344,High,Medium Priority,Automated re-engagement reminder or promotional campaign,202.06597222222223,2,679.02,339.51,202.1159722222222,29,0,0.0098465914724415
13086,1,0.6759237,High,Medium Priority,Automated re-engagement reminder or promotional campaign,202.0986111111111,1,439.33,439.33,202.0986111111111,47,0,0.0049237165854025
14419,0,0.4178024,Medium,Monitor,Continue monitoring and regular customer engagement,72.04375,3,509.99,169.99666666666667,202.0701388888889,53,1,0.0147732208015156
16424,1,0.51688355,Medium,Monitor,Continue monitoring and regular customer engagement,10.96527777777778,2,443.06,221.53,202.05972222222223,10,1,0.0098493190974193
16252,1,0.7203887,Critical,High Priority,Targeted re-engagement campaign with personalised offer,202.0368055555556,1,295.09000000000003,295.09000000000003,202.0368055555556,21,0,0.0049252153926662
15525,0,0.573623,High,Medium Priority,Automated re-engagement reminder or promotional campaign,192.98125,2,430.78,215.39,202.02777777777777,66,1,0.0098508687919003
16765,1,0.5392608,High,Medium Priority,Automated re-engagement reminder or promotional campaign,113.88125,2,454.75,227.375,201.9638888888889,52,1,0.009853969644299
14048,1,0.34020045,Medium,Monitor,Continue monitoring and regular customer engagement,124.91458333333334,3,748.69,249.56333333333336,201.94583333333333,126,1,0.0147822694889851
16812,1,0.32139194,Medium,Monitor,Continue monitoring and regular customer engagement,180.01041666666666,4,2392.0,598.0,201.92638888888888,98,1,0.0197115812384074
13651,0,0.7608907,Critical,High Priority,Targeted re-engagement campaign with personalised offer,201.12916666666663,1,132.65,132.65,201.12916666666663,8,0,0.0049473315330543
15986,0,0.7280803,Critical,High Priority,Targeted re-engagement campaign with personalised offer,201.11666666666667,1,186.3,186.3,201.11666666666667,11,0,0.0049476375030922
16821,1,0.83865994,Critical,High Priority,Targeted re-engagement campaign with personalised offer,201.11527777777775,1,113.35,113.35,201.11527777777775,7,0,0.0049476715020993
17870,0,0.53608704,High,Medium Priority,Automated re-engagement reminder or promotional campaign,186.1930555555556,2,1213.8,606.8999999999999,201.04930555555555,2,1,0.009898573986685
17458,0,0.6597985,High,Medium Priority,Automated re-engagement reminder or promotional campaign,201.04652777777775,1,213.08,213.08,201.04652777777775,32,0,0.0049493550371717
17237,0,0.5280401,High,Medium Priority,Automated re-engagement reminder or promotional campaign,195.04097222222225,2,679.44,339.72,201.04513888888889,58,1,0.0098987781195758
17570,1,0.85199326,Critical,High Priority,Targeted re-engagement campaign with personalised offer,201.0375,1,100.0,100.0,201.0375,1,0,0.0049495761925385
17872,1,0.69522136,High,Medium Priority,Automated re-engagement reminder or promotional campaign,201.03333333333333,1,235.87,235.87,201.03333333333333,15,0,0.0049496782709123
18047,1,0.5645653,High,Medium Priority,Automated re-engagement reminder or promotional campaign,200.98541666666668,2,326.09,163.04500000000002,200.9951388888889,74,0,0.0099012283711447
14176,1,0.50773114,Medium,Monitor,Continue monitoring and regular customer engagement,116.98472222222222,5,756.46,151.292,200.97847222222225,33,1,0.0247551134781278
14252,1,0.7240369,Critical,High Priority,Targeted re-engagement campaign with personalised offer,200.9680555555556,1,350.99,350.99,200.9680555555556,10,0,0.0049512780486463
18118,0,0.043308586,Low,Monitor,Continue monitoring and regular customer engagement,6.030555555555556,18,4099.28,227.73777777777772,200.9680555555556,347,1,0.0891230048756335
12434,0,0.45143574,Medium,Monitor,Continue monitoring and regular customer engagement,79.98958333333333,2,583.54,291.77,200.96666666666667,34,1,0.0099026241954117
17766,1,0.69175243,High,Medium Priority,Automated re-engagement reminder or promotional campaign,200.93125,2,299.61,149.805,200.93958333333333,21,0,0.0099039522959631
15864,0,0.5183075,Medium,Monitor,Continue monitoring and regular customer engagement,135.83819444444444,2,486.86,243.43,200.90833333333333,9,1,0.0099054851624086
13181,1,0.6982939,High,Medium Priority,Automated re-engagement reminder or promotional campaign,200.90625,1,359.69,359.69,200.90625,19,0,0.004952793685188
14972,0,0.8395116,Critical,High Priority,Targeted re-engagement campaign with personalised offer,200.85625,1,30.300000000000004,30.300000000000004,200.85625,2,0,0.0049540204972598
16001,1,0.64874,High,Medium Priority,Automated re-engagement reminder or promotional campaign,200.81944444444449,1,583.39,583.39,200.81944444444449,29,0,0.0049549239556809
17598,1,0.7067835,High,Medium Priority,Automated re-engagement reminder or promotional campaign,200.79652777777775,1,409.98,409.98,200.79652777777775,10,0,0.0049554866528784
13843,1,0.6968093,High,Medium Priority,Automated re-engagement reminder or promotional campaign,200.79305555555555,1,319.75,319.75,200.79305555555555,18,0,0.0049555719211788
15951,0,0.47793683,Medium,Monitor,Continue monitoring and regular customer engagement,105.03680555555556,2,680.12,340.05999999999995,200.77083333333331,35,1,0.0099122354155911
16357,0,0.46691993,Medium,Monitor,Continue monitoring and regular customer engagement,33.09375,2,347.39,173.695,200.7486111111111,20,1,0.0099133272292938
17744,0,0.1863874,Low,Monitor,Continue monitoring and regular customer engagement,70.00277777777778,5,1615.7,323.14,200.13611111111112,63,1,0.0248587882721761
14458,1,0.6787146,High,Medium Priority,Automated re-engagement reminder or promotional campaign,200.0048611111111,1,228.07,228.07,200.0048611111111,46,0,0.0049750040594651
18076,1,0.7521378,Critical,High Priority,Targeted re-engagement campaign with personalised offer,199.95,1,151.49,151.49,199.95,8,0,0.0049763622791739
17601,1,0.44033143,Medium,Monitor,Continue monitoring and regular customer engagement,58.78333333333333,2,413.08,206.54,199.93125,69,1,0.0099536533018134
15509,1,0.8276211,Critical,High Priority,Targeted re-engagement campaign with personalised offer,199.91805555555555,1,152.41,152.41,199.91805555555555,26,0,0.0049771534829705
15902,1,0.7791805,Critical,High Priority,Targeted re-engagement campaign with personalised offer,199.82847222222225,1,145.01,145.01,199.82847222222225,18,0,0.0049793736362913
16988,0,0.7028564,High,Medium Priority,Automated re-engagement reminder or promotional campaign,199.14444444444445,1,256.55,256.55,199.14444444444445,13,0,0.0049963914950313
15987,0,0.17052796,Low,Monitor,Continue monitoring and regular customer engagement,19.141666666666666,5,619.3,123.86,198.9958333333333,50,1,0.0250005208441842
14721,1,0.8309455,Critical,High Priority,Targeted re-engagement campaign with personalised offer,198.9875,1,109.07,109.07,198.9875,24,0,0.0050003125195324
16874,1,0.6969797,High,Medium Priority,Automated re-engagement reminder or promotional campaign,198.9875,1,209.89,209.89,198.9875,31,0,0.0050003125195324
15020,1,0.7405893,Critical,High Priority,Targeted re-engagement campaign with personalised offer,198.97291666666663,1,198.47,198.47,198.97291666666663,27,0,0.0050006771750341
14487,0,0.6540211,High,Medium Priority,Automated re-engagement reminder or promotional campaign,187.9777777777778,2,225.89,112.945,198.9680555555556,32,1,0.0100015974773748
15495,1,0.70565104,High,Medium Priority,Automated re-engagement reminder or promotional campaign,198.9611111111111,1,246.5,246.5,198.9611111111111,20,0,0.0050009724113021
17989,1,0.71100765,Critical,High Priority,Targeted re-engagement campaign with personalised offer,198.95902777777775,1,207.33,207.33,198.95902777777775,26,0,0.0050010245154389
14443,0,0.26925063,Medium,Monitor,Continue monitoring and regular customer engagement,129.90347222222223,3,1271.17,423.72333333333336,198.9388888888889,72,1,0.0150045847342243
17882,1,0.67383546,High,Medium Priority,Automated re-engagement reminder or promotional campaign,198.92361111111111,2,291.56,145.78,198.92708333333331,47,0,0.0100036471630281
12385,1,0.59474605,High,Medium Priority,Automated re-engagement reminder or promotional campaign,198.9,1,1938.4,1938.4,198.9,65,0,0.0050025012506253
18161,0,0.3854431,Medium,Monitor,Continue monitoring and regular customer engagement,72.18611111111112,3,730.73,243.57666666666665,198.87152777777777,31,1,0.015009641610062
15961,1,0.6759237,High,Medium Priority,Automated re-engagement reminder or promotional campaign,198.86875,1,451.29,451.29,198.86875,42,0,0.0050032834047343
13626,1,0.43030772,Medium,Monitor,Continue monitoring and regular customer engagement,72.11458333333333,2,707.04,353.52,198.85972222222225,44,1,0.0100070188118055
14627,1,0.6841371,High,Medium Priority,Automated re-engagement reminder or promotional campaign,198.84583333333333,1,462.75,462.75,198.84583333333333,29,0,0.0050038571398786
12961,1,0.6720914,High,Medium Priority,Automated re-engagement reminder or promotional campaign,198.8375,1,211.99,211.99,198.8375,37,0,0.0050040658034653
17556,1,0.4546875,Medium,Monitor,Continue monitoring and regular customer engagement,25.084722222222226,2,300.67,150.335,198.82638888888889,13,1,0.0100086880973066
18031,1,0.675125,High,Medium Priority,Automated re-engagement reminder or promotional campaign,198.07638888888889,1,451.3,451.3,198.07638888888889,49,0,0.0050231974046813
17283,1,0.6944938,High,Medium Priority,Automated re-engagement reminder or promotional campaign,198.03958333333333,1,188.46,188.46,198.03958333333333,15,0,0.0050241262730403
17516,0,0.2599748,Medium,Monitor,Continue monitoring and regular customer engagement,36.97569444444444,4,634.63,158.6575,198.0,115,1,0.0201005025125628
12538,0,0.66951513,High,Medium Priority,Automated re-engagement reminder or promotional campaign,197.99166666666667,1,276.5,276.5,197.99166666666667,13,0,0.0050253360693496
17999,0,0.5044209,Medium,Monitor,Continue monitoring and regular customer engagement,185.89791666666667,2,338.41,169.20499999999998,197.98194444444445,77,1,0.0100511632127426
16262,1,0.6179024,High,Medium Priority,Automated re-engagement reminder or promotional campaign,197.9777777777778,1,755.15,755.15,197.9777777777778,46,0,0.0050256868438686
15914,1,0.7339365,Critical,High Priority,Targeted re-engagement campaign with personalised offer,197.86111111111111,2,205.99,102.995,197.86180555555555,13,0,0.0100572354475644
15212,1,0.55952483,High,Medium Priority,Automated re-engagement reminder or promotional campaign,60.96180555555556,2,208.28,104.14,196.08680555555557,7,1,0.0101478127587604
15037,1,0.6329516,High,Medium Priority,Automated re-engagement reminder or promotional campaign,195.98958333333331,2,397.76,198.88,196.025,40,0,0.010150996066489
17607,1,0.6775943,High,Medium Priority,Automated re-engagement reminder or promotional campaign,195.98541666666668,1,333.81,333.81,195.98541666666668,22,0,0.0050765179317419
15583,1,0.76309603,Critical,High Priority,Targeted re-engagement campaign with personalised offer,195.90694444444443,1,95.96,95.96,195.90694444444443,37,0,0.0050785410480133
18003,1,0.68767375,High,Medium Priority,Automated re-engagement reminder or promotional campaign,195.90347222222223,1,353.51,353.51,195.90347222222223,23,0,0.0050786306036869
16893,1,0.5304646,High,Medium Priority,Automated re-engagement reminder or promotional campaign,186.0305555555556,2,249.89,124.945,195.9,80,1,0.010157440325038
13254,1,0.84419805,Critical,High Priority,Targeted re-engagement campaign with personalised offer,195.8805555555556,1,51.41,51.41,195.8805555555556,4,0,0.0050792217503562
12996,1,0.7194997,Critical,High Priority,Targeted re-engagement campaign with personalised offer,195.14097222222225,1,355.5,355.5,195.14097222222225,22,0,0.00509837383118
12767,1,0.70017385,High,Medium Priority,Automated re-engagement reminder or promotional campaign,195.13333333333333,1,949.82,949.82,195.13333333333333,43,0,0.005098572399728
17722,0,0.063721165,Low,Monitor,Continue monitoring and regular customer engagement,9.00763888888889,4,3197.06,799.265,195.12916666666663,145,1,0.0203947228654585
17723,0,0.17297868,Low,Monitor,Continue monitoring and regular customer engagement,10.852083333333333,4,1263.8000000000002,315.95000000000005,195.09375,6,1,0.0203984063745019
16545,0,0.6580517,High,Medium Priority,Automated re-engagement reminder or promotional campaign,195.09097222222223,1,350.52,350.52,195.09097222222223,5,0,0.005099673833361
15404,1,0.6636391,High,Medium Priority,Automated re-engagement reminder or promotional campaign,195.07430555555555,1,257.06,257.06,195.07430555555555,16,0,0.005100107314758
15540,0,0.682012,High,Medium Priority,Automated re-engagement reminder or promotional campaign,195.06944444444449,1,247.38,247.38,195.06944444444449,16,0,0.005100233760714
17671,0,0.29100135,Medium,Monitor,Continue monitoring and regular customer engagement,30.775694444444444,3,1223.18,407.7266666666666,195.03958333333333,40,1,0.0153030319131978
18034,0,0.581963,High,Medium Priority,Automated re-engagement reminder or promotional campaign,195.00972222222225,1,335.52,335.52,195.00972222222225,97,0,0.0051017877514579
16413,0,0.6393388,High,Medium Priority,Automated re-engagement reminder or promotional campaign,195.00069444444443,1,259.83,259.83,195.00069444444443,32,0,0.0051020227394319
16194,1,0.6693985,High,Medium Priority,Automated re-engagement reminder or promotional campaign,194.9736111111111,1,308.6,308.6,194.9736111111111,8,0,0.0051027278332541
17912,1,0.67350096,High,Medium Priority,Automated re-engagement reminder or promotional campaign,129.93402777777777,6,374.55,62.425,194.95625,48,1,0.0306190795139221
16355,1,0.62663263,High,Medium Priority,Automated re-engagement reminder or promotional campaign,194.9368055555556,1,416.35,416.35,194.9368055555556,47,0,0.0051036863501199
12351,1,0.6667589,High,Medium Priority,Automated re-engagement reminder or promotional campaign,194.89375,1,300.93,300.93,194.89375,21,0,0.0051048080911208
15828,1,0.6120331,High,Medium Priority,Automated re-engagement reminder or promotional campaign,194.8395833333333,1,1108.82,1108.82,194.8395833333333,74,0,0.0051062200142548
17223,1,0.54805547,High,Medium Priority,Automated re-engagement reminder or promotional campaign,129.8701388888889,3,558.04,186.0133333333333,194.81319444444443,62,1,0.0153207244716655
17468,0,0.8392253,Critical,High Priority,Targeted re-engagement campaign with personalised offer,194.80902777777777,1,57.8,57.8,194.80902777777777,3,0,0.0051070168283297
13955,0,0.5209896,Medium,Monitor,Continue monitoring and regular customer engagement,125.01805555555556,2,426.21,213.105,194.80208333333331,63,1,0.0102143959142416
14414,0,0.5653456,High,Medium Priority,Automated re-engagement reminder or promotional campaign,178.06875,2,1119.55,559.775,194.10972222222225,28,1,0.0102506424447782
15939,0,0.047017142,Low,Monitor,Continue monitoring and regular customer engagement,15.98125,10,7577.73,757.7729999999999,194.0298611111111,52,1,0.0512741994637573
17826,1,0.7443183,Critical,High Priority,Targeted re-engagement campaign with personalised offer,193.97708333333333,1,133.34,133.34,193.97708333333333,33,0,0.00512880787272
16473,0,0.59760666,High,Medium Priority,Automated re-engagement reminder or promotional campaign,106.9576388888889,3,372.53,124.17666666666666,193.84791666666663,21,1,0.0153966234349439
17820,1,0.6648817,High,Medium Priority,Automated re-engagement reminder or promotional campaign,193.79652777777775,1,180.61,180.61,193.79652777777775,39,0,0.0051335617292973
17378,1,0.80060554,Critical,High Priority,Targeted re-engagement campaign with personalised offer,193.75277777777777,1,10.95,10.95,193.75277777777777,1,0,0.0051347149520046
16552,1,0.54250157,High,Medium Priority,Automated re-engagement reminder or promotional campaign,62.11527777777778,2,379.73,189.86500000000004,193.00972222222225,17,1,0.0103087617315856
15922,1,0.6310356,High,Medium Priority,Automated re-engagement reminder or promotional campaign,192.95763888888888,1,369.5,369.5,192.95763888888888,11,0,0.0051557649687252
14594,0,0.6651011,High,Medium Priority,Automated re-engagement reminder or promotional campaign,192.95555555555555,1,255.0,255.0,192.95555555555555,31,0,0.0051558203483043
15165,1,0.7067887,High,Medium Priority,Automated re-engagement reminder or promotional campaign,192.94930555555555,1,487.75,487.75,192.94930555555555,27,0,0.0051559864941798
16274,1,0.6489517,High,Medium Priority,Automated re-engagement reminder or promotional campaign,192.88541666666663,1,351.75,351.75,192.88541666666663,64,0,0.0051576854886369
12947,0,0.033987697,Low,Monitor,Continue monitoring and regular customer engagement,1.8423611111111111,5,1379.69,275.938,192.85347222222225,73,1,0.0257926770291134
17855,1,0.6971715,High,Medium Priority,Automated re-engagement reminder or promotional campaign,192.12916666666663,1,208.97,208.97,192.12916666666663,17,0,0.0051778818148475
17925,1,0.78805363,Critical,High Priority,Targeted re-engagement campaign with personalised offer,192.11111111111111,1,244.08,244.08,192.11111111111111,1,0,0.0051783659378596
16244,1,0.29307455,Medium,Monitor,Continue monitoring and regular customer engagement,31.105555555555554,2,1522.75,761.375,192.04791666666668,88,1,0.0103601221631071
14491,0,0.8229483,Critical,High Priority,Targeted re-engagement campaign with personalised offer,192.02777777777777,1,127.2,127.2,192.02777777777777,4,0,0.0051806015253993
15923,1,0.7810985,Critical,High Priority,Targeted re-engagement campaign with personalised offer,192.0236111111111,1,127.08,127.08,192.0236111111111,21,0,0.0051807133554473
16752,1,0.76838654,Critical,High Priority,Targeted re-engagement campaign with personalised offer,192.0222222222222,1,207.5,207.5,192.0222222222222,9,0,0.0051807506332028
17964,0,0.61330867,High,Medium Priority,Automated re-engagement reminder or promotional campaign,191.97083333333333,1,261.76,261.76,191.97083333333333,35,0,0.0051821302873923
17976,1,0.6297754,High,Medium Priority,Automated re-engagement reminder or promotional campaign,191.95902777777775,1,321.79,321.79,191.95902777777775,56,0,0.0051824473387773
14775,0,0.66095483,High,Medium Priority,Automated re-engagement reminder or promotional campaign,191.84166666666667,1,406.56,406.56,191.84166666666667,20,0,0.0051856013136856
13011,1,0.84085244,Critical,High Priority,Targeted re-engagement campaign with personalised offer,191.8111111111111,1,50.55,50.55,191.8111111111111,3,0,0.0051864230968708
14576,1,0.84757906,Critical,High Priority,Targeted re-engagement campaign with personalised offer,191.79097222222225,1,35.400000000000006,35.400000000000006,191.79097222222225,1,0,0.0051869648691191
12738,1,0.76110667,Critical,High Priority,Targeted re-engagement campaign with personalised offer,191.76597222222225,1,155.35,155.35,191.76597222222225,11,0,0.0051876375714651
12686,1,0.77489763,Critical,High Priority,Targeted re-engagement campaign with personalised offer,191.1243055555556,1,89.14,89.14,191.1243055555556,7,0,0.005204963511037
13370,1,0.54900163,High,Medium Priority,Automated re-engagement reminder or promotional campaign,191.1,1,754.87,754.87,191.1,39,0,0.0052056220718375
12427,0,0.7068467,High,Medium Priority,Automated re-engagement reminder or promotional campaign,191.0875,1,303.5,303.5,191.0875,10,0,0.0052059608251447
14589,1,0.8259274,Critical,High Priority,Targeted re-engagement campaign with personalised offer,191.04722222222225,1,39.75,39.75,191.04722222222225,3,0,0.005207052663552
17787,0,0.3641982,Medium,Monitor,Continue monitoring and regular customer engagement,124.0513888888889,3,1668.52,556.1733333333333,190.96319444444444,87,1,0.015627995818064
17198,0,0.45059788,Medium,Monitor,Continue monitoring and regular customer engagement,184.96944444444443,2,521.66,260.83,190.9138888888889,73,1,0.0104213405896741
15545,0,0.7353487,Critical,High Priority,Targeted re-engagement campaign with personalised offer,190.80694444444444,1,135.32999999999998,135.32999999999998,190.80694444444444,31,0,0.005213575571502
18156,0,0.680821,High,Medium Priority,Automated re-engagement reminder or promotional campaign,189.0145833333333,1,186.88,186.88,189.0145833333333,50,0,0.0052627539552885
15880,1,0.49678323,Medium,Monitor,Continue monitoring and regular customer engagement,188.99305555555557,1,329.03000000000003,329.03000000000003,188.99305555555557,95,0,0.0052633502686501
16402,1,0.5561981,High,Medium Priority,Automated re-engagement reminder or promotional campaign,84.01736111111111,2,293.45,146.725,188.9638888888889,55,1,0.0105283167853539
15894,1,0.54145706,High,Medium Priority,Automated re-engagement reminder or promotional campaign,72.95833333333333,2,258.25,129.125,188.94722222222225,35,1,0.0105292405785232
12763,0,0.6549154,High,Medium Priority,Automated re-engagement reminder or promotional campaign,188.87777777777777,1,320.08,320.08,188.87777777777777,16,0,0.005266545731172
17674,0,0.62644005,High,Medium Priority,Automated re-engagement reminder or promotional campaign,188.10416666666663,1,300.66,300.66,188.10416666666663,11,0,0.0052880907788917
15899,1,0.82955533,Critical,High Priority,Targeted re-engagement campaign with personalised offer,188.0930555555556,1,56.25,56.25,188.0930555555556,4,0,0.0052884015071944
15919,0,0.64650595,High,Medium Priority,Automated re-engagement reminder or promotional campaign,188.0583333333333,1,214.08,214.08,188.0583333333333,38,0,0.0052893727685458
15048,0,0.4252247,Medium,Monitor,Continue monitoring and regular customer engagement,40.04861111111112,2,254.25,127.125,188.02430555555557,58,1,0.0105806499017248
18113,1,0.8422304,Critical,High Priority,Targeted re-engagement campaign with personalised offer,188.01319444444445,1,76.32000000000001,76.32000000000001,188.01319444444445,1,0,0.0052906359417883
13030,0,0.6353057,High,Medium Priority,Automated re-engagement reminder or promotional campaign,187.9298611111111,1,402.36,402.36,187.9298611111111,50,0,0.0052929695396954
15018,0,0.5345045,High,Medium Priority,Automated re-engagement reminder or promotional campaign,72.12083333333334,2,291.34000000000003,145.67000000000002,187.08541666666667,17,1,0.0106334666208836
18119,1,0.75101554,Critical,High Priority,Targeted re-engagement campaign with personalised offer,187.03541666666663,1,180.7,180.7,187.03541666666663,29,0,0.0053181470689254
12386,1,0.58401304,High,Medium Priority,Automated re-engagement reminder or promotional campaign,157.0090277777778,2,401.9,200.95,186.12291666666667,10,1,0.0106881617475144
12441,1,0.77358115,Critical,High Priority,Targeted re-engagement campaign with personalised offer,186.08680555555557,1,173.55,173.55,186.08680555555557,11,0,0.0053451123772758
18043,0,0.32531646,Medium,Monitor,Continue monitoring and regular customer engagement,26.006944444444443,2,421.59,210.795,186.01041666666663,87,1,0.0106945914331866
18269,1,0.78833216,Critical,High Priority,Targeted re-engagement campaign with personalised offer,185.95625,1,168.6,168.6,185.95625,7,0,0.0053488449837863
13270,1,0.6585546,High,Medium Priority,Automated re-engagement reminder or promotional campaign,185.91458333333333,1,590.0,590.0,185.91458333333333,1,0,0.0053500373388022
12942,0,0.43735513,Medium,Monitor,Continue monitoring and regular customer engagement,17.065277777777776,2,396.52,198.26,185.13611111111112,23,1,0.0107448253219716
13369,1,0.62661415,High,Medium Priority,Automated re-engagement reminder or promotional campaign,185.05555555555557,1,308.28000000000003,308.28000000000003,185.05555555555557,14,0,0.0053747387279785
15211,0,0.70295167,High,Medium Priority,Automated re-engagement reminder or promotional campaign,184.8625,1,383.07,383.07,184.8625,23,0,0.005380321474208
15881,1,0.64159757,High,Medium Priority,Automated re-engagement reminder or promotional campaign,131.82708333333332,5,501.39,100.278,183.97083333333333,26,1,0.0270312887166895
14448,0,0.8152912,Critical,High Priority,Targeted re-engagement campaign with personalised offer,183.8083333333333,1,102.35,102.35,183.8083333333333,18,0,0.0054110114082157
12753,0,0.21750286,Low,Monitor,Continue monitoring and regular customer engagement,67.95416666666667,4,12940.51,3235.1275,182.0458333333333,87,1,0.0218524504336345
17917,0,0.48716244,Medium,Monitor,Continue monitoring and regular customer engagement,75.84236111111112,2,226.71,113.355,182.02916666666667,57,1,0.0109272201607211
18004,1,0.73781776,Critical,High Priority,Targeted re-engagement campaign with personalised offer,181.96041666666667,1,157.92,157.92,181.96041666666667,32,0,0.00546566311019
16665,1,0.8084185,Critical,High Priority,Targeted re-engagement campaign with personalised offer,181.94930555555555,1,135.39999999999998,135.39999999999998,181.94930555555555,9,0,0.0054659950578294
17937,0,0.21794376,Low,Monitor,Continue monitoring and regular customer engagement,77.10694444444445,4,3327.48,831.87,181.92152777777775,19,1,0.0218673004134286
16927,0,0.4969166,Medium,Monitor,Continue monitoring and regular customer engagement,95.97847222222222,2,341.45,170.725,181.0368055555556,5,1,0.0109867891490197
17303,1,0.6418022,High,Medium Priority,Automated re-engagement reminder or promotional campaign,180.97083333333333,1,250.04,250.04,180.97083333333333,53,0,0.0054953861653653
17890,1,0.44061768,Medium,Monitor,Continue monitoring and regular customer engagement,142.06319444444443,2,586.89,293.445,180.9013888888889,88,1,0.0109949682749352
14150,0,0.62909216,High,Medium Priority,Automated re-engagement reminder or promotional campaign,179.11527777777778,1,306.18,306.18,179.11527777777778,12,0,0.0055519998766222
13496,0,0.63685423,High,Medium Priority,Automated re-engagement reminder or promotional campaign,179.10625,1,501.01,501.01,179.10625,26,0,0.0055522781691362
13221,1,0.4067285,Medium,Monitor,Continue monitoring and regular customer engagement,59.827777777777776,2,847.41,423.705,178.9763888888889,62,1,0.0111125687783119
17551,1,0.6120232,High,Medium Priority,Automated re-engagement reminder or promotional campaign,178.94305555555556,1,290.34,290.34,178.94305555555556,39,0,0.0055573136563264
17214,0,0.3733789,Medium,Monitor,Continue monitoring and regular customer engagement,68.84861111111111,4,611.97,152.9925,178.9,56,1,0.0222345747637576
17752,1,0.75606716,Critical,High Priority,Targeted re-engagement campaign with personalised offer,178.85486111111112,1,80.64,80.64,178.85486111111112,1,0,0.0055600387658258
14373,1,0.8252475,Critical,High Priority,Targeted re-engagement campaign with personalised offer,177.88194444444446,1,76.55,76.55,177.88194444444446,4,0,0.0055902791257424
18176,1,0.63750476,High,Medium Priority,Automated re-engagement reminder or promotional campaign,177.87847222222223,1,476.35,476.35,177.87847222222223,30,0,0.0055903876390317
16816,0,0.6160082,High,Medium Priority,Automated re-engagement reminder or promotional campaign,132.88194444444446,2,325.45,162.72500000000002,177.82569444444445,20,1,0.0111840751197045
14985,1,0.37041846,Medium,Monitor,Continue monitoring and regular customer engagement,17.93125,2,292.01,146.005,177.70763888888888,78,1,0.0111914634004173
12551,1,0.773497,Critical,High Priority,Targeted re-engagement campaign with personalised offer,177.06041666666667,1,168.0,168.0,177.06041666666667,10,0,0.0056160713241058
15780,1,0.416866,Medium,Monitor,Continue monitoring and regular customer engagement,3.0340277777777778,3,475.28,158.42666666666668,177.04652777777778,26,1,0.0168495282522124
15204,1,0.63500464,High,Medium Priority,Automated re-engagement reminder or promotional campaign,176.95902777777778,1,316.58,316.58,176.95902777777778,9,0,0.005619270977636
12944,0,0.6464793,High,Medium Priority,Automated re-engagement reminder or promotional campaign,174.08958333333334,1,286.95,286.95,174.08958333333334,14,0,0.00571136204086
15460,1,0.6396623,High,Medium Priority,Automated re-engagement reminder or promotional campaign,173.8625,1,214.26,214.26,173.8625,53,0,0.0057187790406748
16270,1,0.6861209,High,Medium Priority,Automated re-engagement reminder or promotional campaign,172.93333333333334,1,1141.24,1141.24,172.93333333333334,54,0,0.0057493292449214
12515,1,0.69095045,High,Medium Priority,Automated re-engagement reminder or promotional campaign,172.8798611111111,1,383.7,383.7,172.8798611111111,16,0,0.0057510973013774
12383,1,0.044388644,Low,Monitor,Continue monitoring and regular customer engagement,4.2,5,1850.56,370.112,171.93194444444444,84,1,0.0289131080788042
13817,0,0.8118469,Critical,High Priority,Targeted re-engagement campaign with personalised offer,171.04444444444445,1,128.7,128.7,171.04444444444445,9,0,0.0058124515629036
12585,1,0.2699645,Medium,Monitor,Continue monitoring and regular customer engagement,53.96597222222222,2,2040.1,1020.05,170.99444444444444,77,1,0.0116282825672663
16112,0,0.62444925,High,Medium Priority,Automated re-engagement reminder or promotional campaign,152.84791666666666,2,136.14,68.07,158.04375,10,1,0.0125751562070185
15464,1,0.52500284,High,Medium Priority,Automated re-engagement reminder or promotional campaign,157.87083333333334,1,1044.65,1044.65,157.87083333333334,155,0,0.0062944215688845
17634,0,0.093292326,Low,Monitor,Continue monitoring and regular customer engagement,32.17777777777778,5,1811.29,362.258,157.00347222222223,131,1,0.0316448741896494
12735,1,0.5110238,Medium,Monitor,Continue monitoring and regular customer engagement,134.9673611111111,2,779.5699999999999,389.785,156.93333333333334,38,1,0.0126635711270578
16567,1,0.31815916,Medium,Monitor,Continue monitoring and regular customer engagement,13.953472222222222,2,865.6,432.8,156.13819444444445,34,1,0.012727650378515
12501,1,0.53172886,High,High Priority,Targeted re-engagement campaign with personalised offer,156.01527777777778,1,2169.39,2169.39,156.01527777777778,149,0,0.0063688069986112
15139,1,0.64202917,High,Medium Priority,Automated re-engagement reminder or promotional campaign,59.04930555555556,2,178.96,89.48,156.00416666666666,13,1,0.0127385154321806
12489,1,0.69271016,High,Medium Priority,Automated re-engagement reminder or promotional campaign,155.98402777777778,1,334.93,334.93,155.98402777777778,15,0,0.0063700748041423
18198,0,0.044150367,Low,Monitor,Continue monitoring and regular customer engagement,7.092361111111111,11,3500.7900000000004,318.2536363636364,155.96597222222223,48,1,0.0700788829850772
14889,1,0.79565203,Critical,High Priority,Targeted re-engagement campaign with personalised offer,155.89652777777778,1,135.9,135.9,155.89652777777778,10,0,0.0063736273464022
17114,0,0.22526461,Low,Monitor,Continue monitoring and regular customer engagement,27.94097222222222,4,444.44,111.11,154.04930555555555,59,1,0.0257982451818641
17128,1,0.8055856,Critical,High Priority,Targeted re-engagement campaign with personalised offer,154.03333333333333,1,157.09,157.09,154.03333333333333,14,0,0.0064502257579015
17800,0,0.4149343,Medium,Monitor,Continue monitoring and regular customer engagement,37.00416666666667,3,354.85,118.28333333333336,153.95833333333334,18,1,0.0193600430223178
18032,1,0.8314949,Critical,High Priority,Targeted re-engagement campaign with personalised offer,153.8875,1,73.5,73.5,153.8875,5,0,0.0064562989266403
16850,1,0.6642069,High,Medium Priority,Automated re-engagement reminder or promotional campaign,153.0701388888889,1,332.41,332.41,153.0701388888889,19,0,0.0064905503896583
12736,1,0.667219,High,Medium Priority,Automated re-engagement reminder or promotional campaign,152.20347222222222,1,234.0,234.0,152.20347222222222,4,0,0.0065272672054684
15749,1,0.4863887,Medium,Monitor,Continue monitoring and regular customer engagement,54.97916666666666,3,44534.3,14844.766666666668,151.99652777777777,5,1,0.0196082881329006
17569,1,0.67109483,High,Medium Priority,Automated re-engagement reminder or promotional campaign,151.94097222222223,1,344.14,344.14,151.94097222222223,29,0,0.0065384702703929
14270,1,0.66843575,High,Medium Priority,Automated re-engagement reminder or promotional campaign,151.13680555555555,1,492.65,492.65,151.13680555555555,29,0,0.0065730313999187
14587,0,0.05175333,Low,Monitor,Continue monitoring and regular customer engagement,3.9451388888888888,8,1452.68,181.585,150.98194444444445,166,1,0.0526378316137699
14185,1,0.77966243,Critical,High Priority,Targeted re-engagement campaign with personalised offer,150.95694444444445,1,197.65,197.65,150.95694444444445,3,0,0.0065808114506119
15171,1,0.7564522,Critical,High Priority,Targeted re-engagement campaign with personalised offer,150.88472222222222,1,1289.5,1289.5,150.88472222222222,5,0,0.006583940671379
13284,1,0.66886973,High,Medium Priority,Automated re-engagement reminder or promotional campaign,150.14375,1,201.19,201.19,150.14375,13,0,0.0066162180043832
15835,0,0.46616006,Medium,Monitor,Continue monitoring and regular customer engagement,79.95208333333333,2,488.31,244.155,150.09375,25,1,0.0132368148914167
15510,1,0.7903009,Critical,High Priority,Targeted re-engagement campaign with personalised offer,150.02777777777777,1,250.0,250.0,150.02777777777777,1,0,0.0066212985102078
15687,0,0.068809345,Low,Monitor,Continue monitoring and regular customer engagement,6.1506944444444445,5,1679.45,335.89,149.90069444444444,69,1,0.0331343736913072
13385,1,0.63107187,High,Medium Priority,Automated re-engagement reminder or promotional campaign,149.1236111111111,1,534.57,534.57,149.1236111111111,35,0,0.0066611773630989
15213,1,0.59323084,High,Medium Priority,Automated re-engagement reminder or promotional campaign,138.02013888888888,2,328.35,164.17499999999998,149.07291666666666,22,1,0.0133268550010411
15033,0,0.12306395,Low,Monitor,Continue monitoring and regular customer engagement,27.98333333333333,3,1155.62,385.20666666666665,148.9736111111111,151,1,0.020003519137626
17064,0,0.2873175,Medium,Monitor,Continue monitoring and regular customer engagement,2.1,2,457.4,228.7,146.86111111111111,36,1,0.013526207026113
12626,0,0.41323468,Medium,Monitor,Continue monitoring and regular customer engagement,135.9638888888889,2,1274.1,637.05,146.07569444444445,57,1,0.0135984399567494
14976,0,0.3285068,Medium,Monitor,Continue monitoring and regular customer engagement,15.84722222222222,3,450.26,150.08666666666667,146.0701388888889,35,1,0.0203984304541011
15316,1,0.77971756,Critical,High Priority,Targeted re-engagement campaign with personalised offer,146.05277777777778,1,165.0,165.0,146.05277777777778,1,0,0.0068002795670488
18233,1,0.78873235,Critical,High Priority,Targeted re-engagement campaign with personalised offer,145.17083333333332,1,440.0,440.0,145.17083333333332,1,0,0.0068413101108862
14242,1,0.5174505,Medium,Monitor,Continue monitoring and regular customer engagement,54.04444444444445,2,280.55,140.27499999999998,145.16458333333333,13,1,0.0136832052908393
16997,1,0.49356872,Medium,Monitor,Continue monitoring and regular customer engagement,107.80694444444444,3,702.0,234.0,145.04097222222222,7,1,0.0205421804193077
15395,1,0.81742895,Critical,High Priority,Targeted re-engagement campaign with personalised offer,145.00694444444446,1,107.45,107.45,145.00694444444446,7,0,0.0068489892984542
14428,0,0.5168373,Medium,Monitor,Continue monitoring and regular customer engagement,59.12986111111111,2,330.62,165.31,144.84097222222223,25,1,0.0137135673845655
14090,1,0.83649766,Critical,High Priority,Targeted re-engagement campaign with personalised offer,144.08263888888888,1,76.32000000000001,76.32000000000001,144.08263888888888,1,0,0.0068926234569378
15831,0,0.6315765,High,Medium Priority,Automated re-engagement reminder or promotional campaign,143.9152777777778,1,309.94,309.94,143.9152777777778,17,0,0.0069005836743691
14779,1,0.5523069,High,Medium Priority,Automated re-engagement reminder or promotional campaign,100.00555555555556,3,386.15,128.71666666666667,143.03194444444443,40,1,0.0208287127662652
16618,0,0.089940034,Low,Monitor,Continue monitoring and regular customer engagement,30.09236111111111,4,1441.29,360.3225,142.03819444444446,44,1,0.0279645588056802
17277,1,0.33931178,Medium,Monitor,Continue monitoring and regular customer engagement,47.00208333333333,2,1065.35,532.675,142.0090277777778,67,1,0.0139851310863241
13742,0,0.043511167,Low,Monitor,Continue monitoring and regular customer engagement,3.983333333333333,8,2139.87,267.48375,139.91041666666666,149,1,0.0567736593876132
13068,0,0.77971756,Critical,High Priority,Targeted re-engagement campaign with personalised offer,139.1875,1,165.0,165.0,139.1875,1,0,0.0071333036112349
14368,1,0.80750966,Critical,High Priority,Targeted re-engagement campaign with personalised offer,139.1236111111111,1,155.0,155.0,139.1236111111111,8,0,0.0071365560170087
12559,1,0.56945324,High,Medium Priority,Automated re-engagement reminder or promotional campaign,130.12569444444443,2,561.71,280.855,139.10972222222222,21,1,0.0142745269084745
14501,1,0.45745727,Medium,Monitor,Continue monitoring and regular customer engagement,3.033333333333333,2,251.21,125.605,139.08819444444444,9,1,0.0142767205183242
14782,1,0.71373314,Critical,High Priority,Targeted re-engagement campaign with personalised offer,139.06805555555556,1,200.1,200.1,139.06805555555556,6,0,0.0071393866077006
15820,1,0.7040936,High,Medium Priority,Automated re-engagement reminder or promotional campaign,139.03472222222223,1,206.98,206.98,139.03472222222223,17,0,0.0071410860401686
13396,0,0.59315515,High,Medium Priority,Automated re-engagement reminder or promotional campaign,138.9673611111111,1,387.27,387.27,138.9673611111111,15,0,0.0071445227806085
16730,0,0.39789808,Medium,Monitor,Continue monitoring and regular customer engagement,54.00625,2,480.94,240.47,138.95069444444445,35,1,0.0142907472373703
15052,1,0.7606024,Critical,High Priority,Targeted re-engagement campaign with personalised offer,138.8736111111111,1,207.73,207.73,138.8736111111111,27,0,0.0071493113822994
13837,1,0.4277339,Medium,Monitor,Continue monitoring and regular customer engagement,31.02777777777778,2,266.59000000000003,133.29500000000002,137.02430555555554,17,1,0.0144902015043646
17118,1,0.7404296,Critical,High Priority,Targeted re-engagement campaign with personalised offer,137.02152777777778,1,157.02,157.02,137.02152777777778,10,0,0.0072452465647971
13098,0,0.03702976,Low,Monitor,Continue monitoring and regular customer engagement,5.009722222222222,9,7734.97,859.4411111111111,136.9611111111111,95,1,0.0652357749768453
17786,0,0.8093207,Critical,High Priority,Targeted re-engagement campaign with personalised offer,136.92708333333334,1,103.35,103.35,136.92708333333334,24,0,0.007250207688241
16882,0,0.5251777,High,Medium Priority,Automated re-engagement reminder or promotional campaign,58.92638888888889,2,215.7,107.85,136.79652777777778,15,1,0.0145141538197926
12764,1,0.6822396,High,Medium Priority,Automated re-engagement reminder or promotional campaign,136.10486111111112,1,1693.88,1693.88,136.10486111111112,45,0,0.0072936874148436
16949,0,0.1646891,Low,Monitor,Continue monitoring and regular customer engagement,5.094444444444444,4,893.75,223.4375,136.02708333333334,32,1,0.0291913095038997
18125,0,0.11482699,Low,Monitor,Continue monitoring and regular customer engagement,21.040972222222223,3,933.9,311.3,135.90833333333333,146,1,0.0219124718485604
13328,1,0.70389193,High,Medium Priority,Automated re-engagement reminder or promotional campaign,135.89444444444445,1,1308.48,1308.48,135.89444444444445,17,0,0.0073048983401647
12574,1,0.7541813,Critical,High Priority,Targeted re-engagement campaign with personalised offer,135.14583333333334,1,218.45,218.45,135.14583333333334,11,0,0.0073450650344299
14659,0,0.0755514,Low,Monitor,Continue monitoring and regular customer engagement,6.896527777777778,5,1381.76,276.352,135.0048611111111,96,1,0.0367633918313785
16897,1,0.58101046,High,Medium Priority,Automated re-engagement reminder or promotional campaign,118.90833333333332,2,289.78,144.89,133.0402777777778,37,1,0.0149208882073174
15415,1,0.61971676,High,Medium Priority,Automated re-engagement reminder or promotional campaign,132.9423611111111,1,559.61,559.61,132.9423611111111,46,0,0.0074658979556919
17431,1,0.6378171,High,Medium Priority,Automated re-engagement reminder or promotional campaign,132.92638888888888,1,403.3,403.3,132.92638888888888,41,0,0.0074667883476619
14502,0,0.22107956,Low,Monitor,Continue monitoring and regular customer engagement,54.019444444444446,6,1059.94,176.65666666666667,132.8736111111111,176,1,0.0448183921401819
12528,0,0.45544854,Medium,Monitor,Continue monitoring and regular customer engagement,96.04444444444444,2,771.66,385.83,132.15625,38,1,0.0150199483689274
16403,1,0.7066756,High,Medium Priority,Automated re-engagement reminder or promotional campaign,131.96597222222223,1,177.5,177.5,131.96597222222223,10,0,0.007520721153595
17619,1,0.59362435,High,Medium Priority,Automated re-engagement reminder or promotional campaign,131.9388888888889,1,214.37,214.37,131.9388888888889,71,0,0.0075222533327761
16745,0,0.02767163,Low,Monitor,Continue monitoring and regular customer engagement,3.020138888888889,10,4109.4400000000005,410.9440000000001,131.0548611111111,126,1,0.0757261028928423
13606,0,0.4388976,Medium,Monitor,Continue monitoring and regular customer engagement,62.99861111111111,2,246.63,123.315,131.04722222222222,37,1,0.0151460967246565
13494,1,0.669813,High,Medium Priority,Automated re-engagement reminder or promotional campaign,131.0361111111111,1,316.26000000000005,316.26000000000005,131.0361111111111,18,0,0.0075736856499694
12929,1,0.81292343,Critical,High Priority,Targeted re-engagement campaign with personalised offer,131.02916666666667,1,117.85,117.85,131.02916666666667,8,0,0.0075740840092151
18202,1,0.22405389,Low,Monitor,Continue monitoring and regular customer engagement,19.02638888888889,3,1396.99,465.66333333333336,130.96805555555557,55,1,0.0227327741351547
15940,1,0.81660616,Critical,High Priority,Targeted re-engagement campaign with personalised offer,130.85555555555555,1,35.8,35.8,130.85555555555555,1,0,0.0075840566276228
14457,1,0.795564,Critical,High Priority,Targeted re-engagement campaign with personalised offer,130.1326388888889,1,113.64,113.64,130.1326388888889,4,0,0.0076258665155615
15589,1,0.46967217,Medium,Monitor,Continue monitoring and regular customer engagement,75.12222222222222,3,478.53,159.51,130.0861111111111,28,1,0.0228857197346951
14411,1,0.7235869,Critical,High Priority,Targeted re-engagement campaign with personalised offer,130.07916666666668,1,1063.0,1063.0,130.07916666666668,14,0,0.0076289773991544
15226,1,0.8030807,Critical,High Priority,Targeted re-engagement campaign with personalised offer,130.04791666666668,1,154.41,154.41,130.04791666666668,8,0,0.0076307966233724
16378,1,0.52621216,High,Medium Priority,Automated re-engagement reminder or promotional campaign,66.90486111111112,3,362.95,120.98333333333332,130.00555555555556,22,1,0.0228997922055892
13894,0,0.69484955,High,Medium Priority,Automated re-engagement reminder or promotional campaign,129.99722222222223,1,160.85,160.85,129.99722222222223,10,0,0.007633749655421
18250,1,0.6296248,High,Medium Priority,Automated re-engagement reminder or promotional campaign,129.98194444444445,1,349.27,349.27,129.98194444444445,21,0,0.0076346400585322
14188,0,0.28413123,Medium,Monitor,Continue monitoring and regular customer engagement,34.115972222222226,2,760.9,380.45,129.9611111111111,17,1,0.0152717091587833
17446,0,0.780402,Critical,High Priority,Targeted re-engagement campaign with personalised offer,129.92361111111111,1,68.10000000000001,68.10000000000001,129.92361111111111,5,0,0.0076380416909775
12350,1,0.66275007,High,Medium Priority,Automated re-engagement reminder or promotional campaign,129.8673611111111,1,334.4,334.4,129.8673611111111,17,0,0.0076413247085418
17337,0,0.0805915,Low,Monitor,Continue monitoring and regular customer engagement,30.69236111111111,3,1948.11,649.37,129.82222222222222,421,1,0.0229318838117886
16405,1,0.7187381,Critical,High Priority,Targeted re-engagement campaign with personalised offer,121.89305555555556,2,167.25,83.625,129.82083333333333,3,1,0.0152880848488709
12502,0,0.1810995,Low,Monitor,Continue monitoring and regular customer engagement,37.18819444444444,3,1842.65,614.2166666666667,129.08958333333334,61,1,0.0230610316608747
16333,0,0.06963429,Low,Monitor,Continue monitoring and regular customer engagement,11.965972222222222,16,13087.2,817.95,129.08333333333334,8,1,0.1229980781550288
16030,1,0.65563893,High,Medium Priority,Automated re-engagement reminder or promotional campaign,129.05694444444444,1,331.24,331.24,129.05694444444444,28,0,0.0076889396738608
12464,0,0.28757727,Medium,Monitor,Continue monitoring and regular customer engagement,20.042361111111116,4,544.8499999999999,136.21249999999998,128.97222222222223,6,1,0.030775806796324
17507,1,0.3421136,Medium,Monitor,Continue monitoring and regular customer engagement,81.04305555555555,2,605.58,302.79,128.77916666666667,79,1,0.015410793976948
12754,1,0.34200025,Medium,Monitor,Continue monitoring and regular customer engagement,55.15972222222222,3,3010.74,1003.58,128.09652777777777,49,1,0.0232384251663537
14778,0,0.67257273,High,Medium Priority,Automated re-engagement reminder or promotional campaign,128.04652777777778,1,334.05,334.05,128.04652777777778,18,0,0.0077491430201208
17517,1,0.7631195,Critical,High Priority,Targeted re-engagement campaign with personalised offer,128.04305555555555,1,153.94,153.94,128.04305555555555,11,0,0.0077493515299587
13725,0,0.14383088,Low,Monitor,Continue monitoring and regular customer engagement,44.90069444444445,6,1751.6,291.93333333333334,128.0222222222222,83,1,0.0465036169479848
17291,1,0.7541555,Critical,High Priority,Targeted re-engagement campaign with personalised offer,127.99027777777778,1,550.8000000000001,550.8000000000001,127.99027777777778,1,0,0.007752522261583
15090,1,0.6626007,High,Medium Priority,Automated re-engagement reminder or promotional campaign,127.94930555555555,1,381.32,381.32,127.94930555555555,23,0,0.0077549855401832
14842,0,0.22949977,Low,Monitor,Continue monitoring and regular customer engagement,11.175,2,1688.48,844.24,127.8875,77,1,0.015517408592765
17105,0,0.6127876,High,Medium Priority,Automated re-engagement reminder or promotional campaign,125.91944444444444,1,319.4,319.4,125.91944444444444,38,0,0.0078790133724365
14438,1,0.7955337,Critical,High Priority,Targeted re-engagement campaign with personalised offer,125.9125,1,131.9,131.9,125.9125,9,0,0.0078794444991628
15781,0,0.8054896,Critical,High Priority,Targeted re-engagement campaign with personalised offer,125.14930555555556,1,83.35,83.35,125.14930555555556,5,0,0.0079271145853403
17302,0,0.3595653,Medium,Monitor,Continue monitoring and regular customer engagement,28.05625,2,303.12,151.56,125.10833333333332,35,1,0.0158593801625586
17613,0,0.046652585,Low,Monitor,Continue monitoring and regular customer engagement,14.030555555555557,7,2512.41,358.9157142857143,125.0625,163,1,0.0555280118988596
17162,0,0.16433193,Low,Monitor,Continue monitoring and regular customer engagement,10.156944444444443,8,1165.28,145.66,125.01597222222222,70,1,0.0634840160253054
15407,0,0.13182496,Low,Monitor,Continue monitoring and regular customer engagement,3.0541666666666667,3,740.73,246.91,124.98055555555555,62,1,0.0238131986858642
17859,1,0.7632466,Critical,High Priority,Targeted re-engagement campaign with personalised offer,124.09583333333332,1,141.92000000000002,141.92000000000002,124.09583333333332,23,0,0.0079938713652866
15753,1,0.75525945,Critical,High Priority,Targeted re-engagement campaign with personalised offer,124.00625,1,79.2,79.2,124.00625,1,0,0.007999600019999
16951,0,0.5716168,High,Medium Priority,Automated re-engagement reminder or promotional campaign,123.91111111111113,1,1053.79,1053.79,123.91111111111113,70,0,0.0080056929371997
17881,1,0.8038378,Critical,High Priority,Targeted re-engagement campaign with personalised offer,123.81527777777778,1,133.35000000000002,133.35000000000002,123.81527777777778,8,0,0.0080118397186954
15843,1,0.8079255,Critical,High Priority,Targeted re-engagement campaign with personalised offer,123.1048611111111,1,118.95000000000002,118.95000000000002,123.1048611111111,8,0,0.0080577021000386
17537,0,0.563825,High,Medium Priority,Automated re-engagement reminder or promotional campaign,122.96736111111112,1,620.75,620.75,122.96736111111112,60,0,0.0080666394044131
12401,1,0.8027215,Critical,High Priority,Targeted re-engagement campaign with personalised offer,122.95833333333331,1,84.3,84.3,122.95833333333331,5,0,0.0080672268907563
12462,0,0.4989597,Medium,Monitor,Continue monitoring and regular customer engagement,122.92083333333332,1,762.11,762.11,122.92083333333332,40,0,0.0080696681348979
12561,1,0.6619686,High,Medium Priority,Automated re-engagement reminder or promotional campaign,122.04930555555556,1,238.85,238.85,122.04930555555556,16,0,0.0081268235971352
16425,1,0.6414743,High,Medium Priority,Automated re-engagement reminder or promotional campaign,121.93055555555556,1,302.7,302.7,121.93055555555556,21,0,0.0081346740481301
16842,0,0.61072665,High,Medium Priority,Automated re-engagement reminder or promotional campaign,121.91597222222222,1,520.5699999999999,520.5699999999999,121.91597222222222,30,0,0.0081356391844021
18159,1,0.6566711,High,Medium Priority,Automated re-engagement reminder or promotional campaign,120.93333333333334,1,530.15,530.15,120.93333333333334,23,0,0.0082012028430836
13171,0,0.7603899,Critical,High Priority,Targeted re-engagement campaign with personalised offer,118.94027777777778,1,140.35,140.35,118.94027777777778,23,0,0.0083374827749921
16084,1,0.6171769,High,Medium Priority,Automated re-engagement reminder or promotional campaign,118.86458333333331,1,436.18,436.18,118.86458333333331,38,0,0.0083427478925871
15236,1,0.59314257,High,Medium Priority,Automated re-engagement reminder or promotional campaign,118.08194444444445,1,321.05,321.05,118.08194444444445,15,0,0.008397578698142
13475,1,0.09719482,Low,Monitor,Continue monitoring and regular customer engagement,10.956944444444444,4,1431.78,357.945,118.00972222222222,64,1,0.0336106994059775
16738,1,0.8028808,Critical,High Priority,Targeted re-engagement campaign with personalised offer,117.12777777777778,1,3.75,3.75,117.12777777777778,1,0,0.0084654093966044
13893,1,0.6251846,High,Medium Priority,Automated re-engagement reminder or promotional campaign,117.05555555555556,1,821.1,821.1,117.05555555555556,21,0,0.0084705882352941
16431,1,0.29302987,Medium,Monitor,Continue monitoring and regular customer engagement,32.94513888888889,3,623.28,207.76,116.95,51,1,0.0254345061466723
16073,1,0.7695073,Critical,High Priority,Targeted re-engagement campaign with personalised offer,116.88125,1,122.4,122.4,116.88125,1,0,0.008483113302582
14760,1,0.7544529,Critical,High Priority,Targeted re-engagement campaign with personalised offer,116.84930555555556,1,89.2,89.2,116.84930555555556,5,0,0.0084854127505111
16509,1,0.70562863,High,Medium Priority,Automated re-engagement reminder or promotional campaign,116.14236111111111,1,363.7,363.7,116.14236111111111,13,0,0.0085366215134718
14386,1,0.7641794,Critical,High Priority,Targeted re-engagement campaign with personalised offer,116.12847222222224,1,142.4,142.4,116.12847222222224,7,0,0.0085376337710846
12372,0,0.29107022,Medium,Monitor,Continue monitoring and regular customer engagement,32.08819444444445,2,914.92,457.46,116.00277777777778,32,1,0.0170936112627905
16494,1,0.57755935,High,Medium Priority,Automated re-engagement reminder or promotional campaign,116.00069444444443,1,826.53,826.53,116.00069444444443,47,0,0.0085469578172019
14959,0,0.32575822,Medium,Monitor,Continue monitoring and regular customer engagement,35.05,2,422.38,211.19,115.99305555555556,31,1,0.0170950317563957
17175,0,0.1834861,Low,Monitor,Continue monitoring and regular customer engagement,0.0291666666666666,2,821.7,410.85,115.9125,30,1,0.0171068106489896
13718,1,0.5185796,Medium,Monitor,Continue monitoring and regular customer engagement,65.97638888888889,2,306.55,153.275,115.03611111111113,9,1,0.0172360136930553
12654,0,0.43002176,Medium,Monitor,Continue monitoring and regular customer engagement,17.088194444444444,3,337.75,112.58333333333331,114.98194444444444,19,1,0.0258660950578993
18138,1,0.7623178,Critical,High Priority,Targeted re-engagement campaign with personalised offer,114.91597222222222,1,152.65,152.65,114.91597222222222,8,0,0.0086269388146346
14371,1,0.7694529,Critical,High Priority,Targeted re-engagement campaign with personalised offer,114.84375,1,100.5,100.5,114.84375,4,0,0.0086323172376584
12852,1,0.5241222,High,Medium Priority,Automated re-engagement reminder or promotional campaign,114.16875,1,311.55,311.55,114.16875,17,0,0.0086829109458946
13489,0,0.49563825,Medium,Monitor,Continue monitoring and regular customer engagement,108.96319444444444,2,235.68,117.84,114.08888888888887,6,1,0.0173778721760957
13904,0,0.62840146,High,Medium Priority,Automated re-engagement reminder or promotional campaign,114.06388888888888,1,201.12,201.12,114.06388888888888,17,0,0.0086908239383917
13932,1,0.6717951,High,Medium Priority,Automated re-engagement reminder or promotional campaign,114.03333333333332,1,307.4,307.4,114.03333333333332,16,0,0.0086931324253839
13951,0,0.37247872,Medium,Monitor,Continue monitoring and regular customer engagement,55.97916666666666,2,516.05,258.025,113.8951388888889,32,1,0.0174071768339488
16566,0,0.4451128,Medium,Monitor,Continue monitoring and regular customer engagement,12.179166666666667,2,280.12,140.06,112.09791666666666,6,1,0.0176837916996702
14162,0,0.7175049,Critical,High Priority,Targeted re-engagement campaign with personalised offer,112.0125,1,177.68,177.68,112.0125,13,0,0.0088485786970467
13301,0,0.3860148,Medium,Monitor,Continue monitoring and regular customer engagement,42.03819444444444,2,327.77,163.885,111.98402777777778,40,1,0.0177016171164803
14803,0,0.5041436,Medium,Monitor,Continue monitoring and regular customer engagement,95.02638888888887,2,730.79,365.395,111.97847222222222,15,1,0.0177024875683051
13744,0,0.568966,High,Medium Priority,Automated re-engagement reminder or promotional campaign,111.94583333333334,1,817.3199999999999,817.3199999999999,111.94583333333334,44,0,0.0088538016010624
12988,1,0.5068655,Medium,Monitor,Continue monitoring and regular customer engagement,111.92986111111112,1,505.82,505.82,111.92986111111112,75,0,0.0088550538374974
12707,1,0.5596142,High,Medium Priority,Automated re-engagement reminder or promotional campaign,111.175,1,603.42,603.42,111.175,33,0,0.0089146422999777
18155,0,0.7345323,Critical,High Priority,Targeted re-engagement campaign with personalised offer,111.09305555555557,1,113.93,113.93,111.09305555555557,8,0,0.0089211592550832
15146,0,0.44020495,Medium,Monitor,Continue monitoring and regular customer engagement,110.98819444444445,1,834.22,834.22,110.98819444444445,63,0,0.0089295126594445
12365,1,0.66177887,High,Medium Priority,Automated re-engagement reminder or promotional campaign,110.9486111111111,2,641.38,320.69,110.9576388888889,22,0,0.0178638994163218
14520,0,0.7280825,Critical,High Priority,Targeted re-engagement campaign with personalised offer,110.14930555555556,1,165.0,165.0,110.14930555555556,1,0,0.0089969073131111
13038,0,0.235839,Low,Monitor,Continue monitoring and regular customer engagement,3.0965277777777778,2,591.76,295.88,110.04652777777778,22,1,0.0180104685848649
16349,1,0.7909568,Critical,High Priority,Targeted re-engagement campaign with personalised offer,110.00694444444444,1,53.5,53.5,110.00694444444444,9,0,0.0090084454175789
18114,1,0.6912361,High,Medium Priority,Automated re-engagement reminder or promotional campaign,109.97916666666669,1,220.1,220.1,109.97916666666669,28,0,0.0090107002064952
12845,1,0.5522304,High,Medium Priority,Automated re-engagement reminder or promotional campaign,86.96944444444445,4,354.09,88.5225,109.94444444444444,26,1,0.0360540811216825
16573,0,0.5343068,High,Medium Priority,Automated re-engagement reminder or promotional campaign,109.9,1,292.63,292.63,109.9,16,0,0.0090171325518485
13184,0,0.08527468,Low,Monitor,Continue monitoring and regular customer engagement,4.008333333333334,5,919.97,183.994,109.80902777777776,76,1,0.0451226772788518
15397,1,0.76994836,Critical,High Priority,Targeted re-engagement campaign with personalised offer,109.14236111111111,1,94.0,94.0,109.14236111111111,6,0,0.0090791589168059
16394,0,0.35167584,Medium,Monitor,Continue monitoring and regular customer engagement,67.91597222222222,2,619.3,309.65,109.07777777777778,47,1,0.0181689714343393
17711,0,0.65333927,High,Medium Priority,Automated re-engagement reminder or promotional campaign,109.05416666666666,1,220.53000000000003,220.53000000000003,109.05416666666666,13,0,0.0090864347101805
13865,0,0.42151403,Medium,Monitor,Continue monitoring and regular customer engagement,6.198611111111111,2,282.52,141.26,109.03194444444443,17,1,0.0181765396412657
14289,0,0.25628024,Medium,Monitor,Continue monitoring and regular customer engagement,18.91875,3,594.22,198.07333333333332,109.01180555555555,30,1,0.0272698005895831
13149,0,0.6084789,High,Medium Priority,Automated re-engagement reminder or promotional campaign,108.95347222222222,1,376.74,376.74,108.95347222222222,18,0,0.0090947559889599
18068,1,0.7885136,Critical,High Priority,Targeted re-engagement campaign with personalised offer,108.91666666666669,1,101.7,101.7,108.91666666666669,1,0,0.0090978013646702
15932,0,0.101943284,Low,Monitor,Continue monitoring and regular customer engagement,34.00763888888889,4,1273.25,318.3125,108.91666666666669,44,1,0.0363912054586808
15974,0,0.03791023,Low,Monitor,Continue monitoring and regular customer engagement,3.915277777777778,4,2054.85,513.7125,108.11111111111111,90,1,0.0366598778004073
17830,0,0.56932557,High,Medium Priority,Automated re-engagement reminder or promotional campaign,81.04583333333333,2,287.65000000000003,143.825,108.10763888888889,15,1,0.0183305222289405
12565,1,0.6828606,High,Medium Priority,Automated re-engagement reminder or promotional campaign,108.09444444444443,1,145.92,145.92,108.09444444444443,9,0,0.0091663696083923
14880,0,0.39435,Medium,Monitor,Continue monitoring and regular customer engagement,4.974305555555556,2,347.67,173.83499999999998,108.01597222222222,25,1,0.0183459355471611
15121,0,0.6125086,High,Medium Priority,Automated re-engagement reminder or promotional campaign,108.00625,1,295.15,295.15,108.00625,18,0,0.0091737859067714
17117,1,0.7618144,Critical,High Priority,Targeted re-engagement campaign with personalised offer,107.95555555555556,1,116.2,116.2,107.95555555555556,9,0,0.0091780542524984
13751,1,0.59709567,High,Medium Priority,Automated re-engagement reminder or promotional campaign,107.87083333333334,1,296.25,296.25,107.87083333333334,9,0,0.0091851965249339
13345,1,0.5558178,High,Medium Priority,Automated re-engagement reminder or promotional campaign,107.15902777777778,1,389.5,389.5,107.15902777777778,20,0,0.0092456452368875
13973,1,0.63441277,High,Medium Priority,Automated re-engagement reminder or promotional campaign,106.8951388888889,1,264.7,264.7,106.8951388888889,11,0,0.0092682581467345
13493,1,0.48109317,Medium,Monitor,Continue monitoring and regular customer engagement,94.88541666666669,2,618.63,309.315,106.83888888888887,6,1,0.0185461851527484
13261,1,0.5505753,High,Medium Priority,Automated re-engagement reminder or promotional campaign,88.01944444444445,2,944.1,472.05,105.08958333333334,8,1,0.0188519922235532
16598,1,0.6999717,High,Medium Priority,Automated re-engagement reminder or promotional campaign,105.04722222222222,1,145.04999999999998,145.04999999999998,105.04722222222222,10,0,0.0094297613746496
13630,0,0.080309734,Low,Monitor,Continue monitoring and regular customer engagement,3.9541666666666666,3,1051.84,350.6133333333333,105.00069444444443,46,1,0.0283017013777425
13636,0,0.3850393,Medium,Monitor,Continue monitoring and regular customer engagement,72.02847222222222,3,541.45,180.48333333333332,104.93125,32,1,0.0283202548822939
12781,0,0.5437438,High,Medium Priority,Automated re-engagement reminder or promotional campaign,104.17152777777778,1,549.26,549.26,104.17152777777778,15,0,0.0095082768229149
14036,1,0.5621091,High,Medium Priority,Automated re-engagement reminder or promotional campaign,104.14166666666668,1,626.65,626.65,104.14166666666668,38,0,0.0095109772529127
13675,0,0.57775533,High,Medium Priority,Automated re-engagement reminder or promotional campaign,104.025,1,308.44,308.44,104.025,15,0,0.0095215424898833
16667,0,0.713282,Critical,High Priority,Targeted re-engagement campaign with personalised offer,103.99513888888887,1,200.4,200.4,103.99513888888887,20,0,0.0095242504613308
16187,0,0.046079,Low,Monitor,Continue monitoring and regular customer engagement,22.946527777777774,7,2564.64,366.3771428571428,103.96944444444443,89,1,0.066686072666649
16339,1,0.76434916,Critical,High Priority,Targeted re-engagement campaign with personalised offer,103.96458333333334,1,94.05,94.05,103.96458333333334,17,0,0.0095270230037909
12509,1,0.7684866,Critical,High Priority,Targeted re-engagement campaign with personalised offer,103.92013888888889,1,176.5,176.5,103.92013888888889,7,0,0.0095310586755799
14046,1,0.6664382,High,Medium Priority,Automated re-engagement reminder or promotional campaign,103.91805555555555,1,154.99,154.99,103.91805555555555,14,0,0.0095312479315868
16427,1,0.5877312,High,Medium Priority,Automated re-engagement reminder or promotional campaign,82.81944444444444,2,241.06,120.53,103.89722222222224,8,1,0.0190662818102375
14056,0,0.023338478,Low,Monitor,Continue monitoring and regular customer engagement,3.830555555555556,11,3653.83,332.16636363636366,103.89652777777778,238,1,0.1048652441890487
15656,0,0.4103663,Medium,Monitor,Continue monitoring and regular customer engagement,40.02291666666667,2,306.86,153.43,103.8875,19,1,0.0190680491002264
17462,0,0.6203403,High,Medium Priority,Automated re-engagement reminder or promotional campaign,103.82569444444444,1,463.41,463.41,103.82569444444444,14,0,0.0095396458406481
14620,1,0.3591397,Medium,Monitor,Continue monitoring and regular customer engagement,25.03611111111111,2,412.78,206.39,103.18055555555556,26,1,0.0191974403412878
16462,0,0.6059978,High,Medium Priority,Automated re-engagement reminder or promotional campaign,5.071527777777778,2,68.0,34.0,103.16111111111113,1,1,0.0192010240546162
12428,0,0.111381456,Low,Monitor,Continue monitoring and regular customer engagement,62.11527777777778,6,6310.54,1051.756666666667,103.13680555555555,228,1,0.0576165167347973
15676,0,0.4465289,Medium,Monitor,Continue monitoring and regular customer engagement,103.1048611111111,1,897.8,897.8,103.1048611111111,61,0,0.0096056993816331
12679,0,0.2603756,Medium,Monitor,Continue monitoring and regular customer engagement,25.022222222222226,2,906.38,453.19,103.01666666666668,43,1,0.0192276878705335
15319,1,0.6330841,High,Medium Priority,Automated re-engagement reminder or promotional campaign,103.00138888888888,1,204.5,204.5,103.00138888888888,16,0,0.0096152562065143
16389,0,0.28608096,Medium,Monitor,Continue monitoring and regular customer engagement,24.95486111111111,2,670.17,335.085,102.87708333333332,16,1,0.019253524798941
15733,1,0.7565078,Critical,High Priority,Targeted re-engagement campaign with personalised offer,102.15625,1,162.3,162.3,102.15625,10,0,0.0096940321114813
16678,0,0.082164034,Low,Monitor,Continue monitoring and regular customer engagement,17.175,5,1266.65,253.33,102.14305555555556,52,1,0.0484763610411645
12834,1,0.6388611,High,Medium Priority,Automated re-engagement reminder or promotional campaign,102.12569444444443,1,312.38,312.38,102.12569444444443,18,0,0.0096969043979501
17770,1,0.22839268,Low,Monitor,Continue monitoring and regular customer engagement,18.011111111111113,5,1143.27,228.654,101.96875,33,1,0.0485584218512898
14473,0,0.7885136,Critical,High Priority,Targeted re-engagement campaign with personalised offer,101.95416666666668,1,85.0,85.0,101.95416666666668,1,0,0.0097130600186167
15104,1,0.24771246,Medium,Monitor,Continue monitoring and regular customer engagement,16.014583333333334,2,993.54,496.77,101.94027777777778,66,1,0.0194287410445646
15643,1,0.36186737,Medium,Monitor,Continue monitoring and regular customer engagement,11.216666666666669,3,664.0,221.33333333333331,101.92777777777778,31,1,0.029146650833918
16217,1,0.5197122,Medium,Monitor,Continue monitoring and regular customer engagement,54.97152777777778,2,304.25,152.125,101.89027777777778,13,1,0.0194381825299334
16957,1,0.5200419,Medium,Monitor,Continue monitoring and regular customer engagement,58.954166666666666,2,416.64,208.32,101.14236111111111,15,1,0.019580514668389
15087,1,0.5791117,High,Medium Priority,Automated re-engagement reminder or promotional campaign,101.09444444444443,1,306.94,306.94,101.09444444444443,15,0,0.0097948522609783
17856,0,0.32285196,Medium,Monitor,Continue monitoring and regular customer engagement,52.984027777777776,3,1142.63,380.8766666666666,101.04861111111111,6,1,0.0293977543382102
15053,0,0.62225026,High,Medium Priority,Automated re-engagement reminder or promotional campaign,101.03055555555557,1,222.65,222.65,101.03055555555557,19,0,0.0098009855435463
17652,0,0.03818084,Low,Monitor,Continue monitoring and regular customer engagement,2.829861111111111,4,1629.4,407.35,100.94791666666669,68,1,0.0392357208541943
12541,0,0.5867715,High,Medium Priority,Automated re-engagement reminder or promotional campaign,100.1375,1,312.4,312.4,100.1375,17,0,0.0098875293536027
15220,0,0.13396494,Low,Monitor,Continue monitoring and regular customer engagement,23.053472222222226,3,858.1899999999999,286.06333333333333,100.10138888888888,53,1,0.0296731828609893
16449,1,0.2996202,Medium,Monitor,Continue monitoring and regular customer engagement,17.100694444444443,2,707.69,353.845,100.02430555555556,40,1,0.0197972160164976
14995,0,0.6792043,High,Medium Priority,Automated re-engagement reminder or promotional campaign,99.98333333333332,1,119.31,119.31,99.98333333333332,37,0,0.0099026241954117
12584,0,0.3387948,Medium,Monitor,Continue monitoring and regular customer engagement,4.993055555555555,2,622.74,311.37,99.89930555555556,23,1,0.0198217419732268
17535,1,0.6918194,High,Medium Priority,Automated re-engagement reminder or promotional campaign,99.89583333333331,1,164.4,164.4,99.89583333333331,13,0,0.0099112120586413
14903,0,0.052840576,Low,Monitor,Continue monitoring and regular customer engagement,19.98125,3,1796.93,598.9766666666667,98.04166666666669,156,1,0.0302902818679007
18211,0,0.7570405,Critical,High Priority,Targeted re-engagement campaign with personalised offer,98.02847222222222,1,137.9,137.9,98.02847222222222,8,0,0.0100981059038856
14504,0,0.29462487,Medium,Monitor,Continue monitoring and regular customer engagement,62.86736111111111,3,542.71,180.9033333333333,97.925,81,1,0.0303260045489006
15554,1,0.70216787,High,Medium Priority,Automated re-engagement reminder or promotional campaign,97.15972222222224,1,217.2,217.2,97.15972222222224,14,0,0.010187477891758
12614,1,0.6821993,High,Medium Priority,Automated re-engagement reminder or promotional campaign,97.10277777777776,1,315.6,315.6,97.10277777777776,20,0,0.0101933912846504
13344,0,0.5141282,Medium,Monitor,Continue monitoring and regular customer engagement,97.09861111111113,1,1656.15,1656.15,97.09861111111113,68,0,0.0101938242414803
16621,0,0.3195214,Medium,Monitor,Continue monitoring and regular customer engagement,35.08819444444445,2,490.7,245.35,97.05416666666666,14,1,0.0203968894743551
14214,0,0.4804045,Medium,Monitor,Continue monitoring and regular customer engagement,97.01666666666668,1,638.65,638.65,97.01666666666668,37,0,0.0102023465397041
14012,1,0.6177383,High,Medium Priority,Automated re-engagement reminder or promotional campaign,97.01666666666668,1,328.8,328.8,97.01666666666668,11,0,0.0102023465397041
17654,1,0.7577423,Critical,High Priority,Targeted re-engagement campaign with personalised offer,96.98125,1,117.55,117.55,96.98125,22,0,0.0102060343177903
16517,1,0.7206258,Critical,High Priority,Targeted re-engagement campaign with personalised offer,96.95833333333331,1,162.7,162.7,96.95833333333331,17,0,0.0102084219481071
15234,1,0.6282825,High,Medium Priority,Automated re-engagement reminder or promotional campaign,96.16458333333334,1,197.0,197.0,96.16458333333334,14,0,0.0102918158622611
15806,0,0.5744438,High,Medium Priority,Automated re-engagement reminder or promotional campaign,96.14305555555556,1,300.36,300.36,96.14305555555556,16,0,0.0102940966215346
14586,1,0.6835852,High,Medium Priority,Automated re-engagement reminder or promotional campaign,96.11527777777778,1,237.36,237.36,96.11527777777778,19,0,0.0102970410308482
14407,0,0.22997725,Low,Monitor,Continue monitoring and regular customer engagement,25.01527777777778,2,1002.68,501.34,96.03541666666666,33,1,0.0206110311956545
13908,0,0.1875155,Low,Monitor,Continue monitoring and regular customer engagement,34.10138888888889,2,831.11,415.555,96.03194444444443,49,1,0.0206117687474056
14730,0,0.27819094,Medium,Monitor,Continue monitoring and regular customer engagement,52.08263888888889,3,529.3,176.4333333333333,96.00069444444443,80,1,0.030927613633923
14367,0,0.01862104,Low,Monitor,Continue monitoring and regular customer engagement,3.9902777777777776,8,4116.77,514.59625,95.94305555555556,183,1,0.082522672244588
16426,0,0.6177383,High,Medium Priority,Automated re-engagement reminder or promotional campaign,95.87847222222224,1,328.37,328.37,95.87847222222224,11,0,0.0103222106734525
16495,0,0.60159343,High,Medium Priority,Automated re-engagement reminder or promotional campaign,95.84097222222222,2,246.51,123.255,95.84166666666668,32,0,0.0206522674468634
14336,0,0.15230325,Low,Monitor,Continue monitoring and regular customer engagement,17.920833333333334,3,1114.39,371.46333333333337,95.83472222222224,53,1,0.0309806227678891
15206,0,0.7935991,Critical,High Priority,Targeted re-engagement campaign with personalised offer,95.16041666666666,1,17.700000000000003,17.700000000000003,95.16041666666666,1,0,0.0103992893818922
12881,1,0.68551886,High,Medium Priority,Automated re-engagement reminder or promotional campaign,95.04583333333332,1,298.0,298.0,95.04583333333332,7,0,0.0104116958049542
16572,0,0.61358035,High,Medium Priority,Automated re-engagement reminder or promotional campaign,95.03194444444443,1,342.58,342.58,95.03194444444443,21,0,0.0104132016256164
14165,1,0.75671685,Critical,High Priority,Targeted re-engagement campaign with personalised offer,95.00763888888888,1,120.44,120.44,95.00763888888888,23,0,0.0104158378601239
15632,0,0.042452183,Low,Monitor,Continue monitoring and regular customer engagement,1.8840277777777776,4,1556.66,389.165,94.18125,55,1,0.0420250837218464
14297,0,0.70503366,High,Medium Priority,Automated re-engagement reminder or promotional campaign,94.17986111111112,1,232.6,232.6,94.17986111111112,11,0,0.0105064242406554
13899,0,0.60486513,High,Medium Priority,Automated re-engagement reminder or promotional campaign,94.13888888888889,1,298.5,298.5,94.13888888888889,15,0,0.0105109489051094
18183,1,0.31783348,Medium,Monitor,Continue monitoring and regular customer engagement,46.891666666666666,2,632.07,316.035,94.1125,36,1,0.0210277303193586
14603,1,0.5431743,High,Medium Priority,Automated re-engagement reminder or promotional campaign,94.09930555555556,1,660.0,660.0,94.09930555555556,2,0,0.0105153238938828
15308,1,0.51787746,Medium,Monitor,Continue monitoring and regular customer engagement,93.9875,1,310.47,310.47,93.9875,19,0,0.0105277010132912
18086,1,0.7293859,Critical,High Priority,Targeted re-engagement campaign with personalised offer,93.96944444444443,1,101.34,101.34,93.96944444444443,7,0,0.0105297025359033
16778,0,0.7662724,Critical,High Priority,Targeted re-engagement campaign with personalised offer,93.8951388888889,1,93.18,93.18,93.8951388888889,5,0,0.0105379475883467
16808,0,0.7141154,Critical,High Priority,Targeted re-engagement campaign with personalised offer,93.73958333333331,1,166.5,166.5,93.73958333333331,19,0,0.0105552501374381
16475,0,0.6042715,High,Medium Priority,Automated re-engagement reminder or promotional campaign,93.13263888888888,1,310.0,310.0,93.13263888888888,20,0,0.0106233078324763
13265,0,0.061939888,Low,Monitor,Continue monitoring and regular customer engagement,3.140277777777778,3,1450.66,483.5533333333333,93.12222222222222,44,1,0.0318734505961515
12520,0,0.07236469,Low,Monitor,Continue monitoring and regular customer engagement,24.134027777777774,3,1697.56,565.8533333333334,93.05208333333331,94,1,0.0318972200686676
15049,1,0.762548,Critical,High Priority,Targeted re-engagement campaign with personalised offer,93.02569444444444,1,121.17000000000002,121.17000000000002,93.02569444444444,3,0,0.0106353907398243
16766,1,0.52622485,High,Medium Priority,Automated re-engagement reminder or promotional campaign,92.89444444444445,2,1145.6,572.8,92.96944444444443,17,0,0.0212835141446687
16801,0,0.11234186,Low,Monitor,Continue monitoring and regular customer engagement,12.066666666666666,3,1453.38,484.46,92.95416666666668,70,1,0.0319304625482283
17164,0,0.21401493,Low,Monitor,Continue monitoring and regular customer engagement,32.140277777777776,2,943.22,471.61,92.93333333333334,49,1,0.021291696238467
13043,1,0.56588036,High,Medium Priority,Automated re-engagement reminder or promotional campaign,92.91527777777776,1,516.42,516.42,92.91527777777776,13,0,0.0106478948224611
14352,0,0.36034274,Medium,Monitor,Continue monitoring and regular customer engagement,54.18958333333333,2,845.32,422.66,92.91111111111113,35,1,0.0212967345007098
13956,0,0.43648583,Medium,Monitor,Continue monitoring and regular customer engagement,62.86527777777778,2,290.32,145.16,90.99930555555557,49,1,0.021739294529699
13708,1,0.5621508,High,Medium Priority,Automated re-engagement reminder or promotional campaign,90.96111111111112,1,285.33,285.33,90.96111111111112,49,0,0.0108741617833625
15671,0,0.31927988,Medium,Monitor,Continue monitoring and regular customer engagement,62.045138888888886,3,1033.13,344.3766666666667,90.13402777777776,41,1,0.0329185494502145
16871,0,0.07431205,Low,Monitor,Continue monitoring and regular customer engagement,30.04583333333333,4,2037.82,509.455,90.09652777777778,104,1,0.0439094672165514
12901,0,0.028760955,Low,Monitor,Continue monitoring and regular customer engagement,3.995138888888889,12,8061.8,671.8166666666667,90.08958333333334,22,1,0.1317384442970519
15388,1,0.74758345,Critical,High Priority,Targeted re-engagement campaign with personalised offer,89.95625,1,140.54,140.54,89.95625,10,0,0.0109942967085824
16804,0,0.75221646,Critical,High Priority,Targeted re-engagement campaign with personalised offer,89.87638888888888,1,118.05,118.05,89.87638888888888,19,0,0.0110039583683575
13499,0,0.36503533,Medium,Monitor,Continue monitoring and regular customer engagement,44.91041666666667,2,463.79,231.895,89.16527777777777,18,1,0.0221814877000569
15047,1,0.61062086,High,Medium Priority,Automated re-engagement reminder or promotional campaign,89.08402777777778,1,343.62,343.62,89.08402777777778,22,0,0.011100746987766
15106,0,0.18910156,Low,Monitor,Continue monitoring and regular customer engagement,31.172916666666666,2,778.45,389.225,88.99861111111112,51,1,0.0222225651630426
13716,1,0.7077222,High,Medium Priority,Automated re-engagement reminder or promotional campaign,88.95902777777778,1,138.28,138.28,88.95902777777778,21,0,0.0111161717139747
13121,1,0.51306015,Medium,Monitor,Continue monitoring and regular customer engagement,88.83541666666666,1,283.73,283.73,88.83541666666666,50,0,0.011131467266529
16297,1,0.58472526,High,Medium Priority,Automated re-engagement reminder or promotional campaign,88.18125,1,301.9,301.9,88.18125,20,0,0.011213119349639
12994,0,0.5932699,High,Medium Priority,Automated re-engagement reminder or promotional campaign,88.17986111111111,1,352.6,352.6,88.17986111111111,22,0,0.0112132939829775
16152,1,0.679191,High,Medium Priority,Automated re-engagement reminder or promotional campaign,88.12708333333333,1,1829.04,1829.04,88.12708333333333,29,0,0.0112199340828872
14636,0,0.6116946,High,Medium Priority,Automated re-engagement reminder or promotional campaign,88.12361111111112,1,300.19,300.19,88.12361111111112,16,0,0.0112203712072807
13358,1,0.6317702,High,Medium Priority,Automated re-engagement reminder or promotional campaign,88.04027777777777,1,439.03,439.03,88.04027777777777,29,0,0.0112308724204089
12597,0,0.0944742,Low,Monitor,Continue monitoring and regular customer engagement,2.8652777777777776,2,1428.81,714.405,87.95138888888889,72,1,0.0224841908033414
12955,0,0.16413562,Low,Monitor,Continue monitoring and regular customer engagement,23.12708333333333,3,697.42,232.47333333333333,87.15763888888888,27,1,0.0340299495064869
13185,1,0.80329984,Critical,High Priority,Targeted re-engagement campaign with personalised offer,87.0375,1,71.4,71.4,87.0375,1,0,0.0113587959676274
13216,1,0.581653,High,Medium Priority,Automated re-engagement reminder or promotional campaign,87.02222222222223,1,333.74,333.74,87.02222222222223,5,0,0.0113607674829588
13533,1,0.32358593,Medium,Monitor,Continue monitoring and regular customer engagement,2.0388888888888888,3,269.09,89.69666666666666,87.00208333333333,61,1,0.0340901020335692
13268,0,0.04994393,Low,Monitor,Continue monitoring and regular customer engagement,18.052777777777777,5,1810.34,362.068,86.97916666666667,199,1,0.0568316362775278
15433,1,0.19728598,Low,Monitor,Continue monitoring and regular customer engagement,33.08680555555556,2,533.3,266.65,86.94305555555556,40,1,0.0227419889764525
16216,1,0.6168028,High,Medium Priority,Automated re-engagement reminder or promotional campaign,86.8861111111111,1,914.93,914.93,86.8861111111111,37,0,0.0113783621479819
16976,1,0.6913504,High,Medium Priority,Automated re-engagement reminder or promotional campaign,86.84513888888888,1,251.52,251.52,86.84513888888888,2,0,0.0113836691779251
13631,0,0.17401443,Low,Monitor,Continue monitoring and regular customer engagement,21.09930555555556,4,1330.0,332.5,86.81736111111111,3,1,0.0455490799244011
15648,1,0.20840856,Low,Monitor,Continue monitoring and regular customer engagement,23.872916666666665,2,639.5,319.75,86.74375,23,1,0.0227936462711019
17725,0,0.09225857,Low,Monitor,Continue monitoring and regular customer engagement,11.918055555555556,4,1269.63,317.4075,86.71041666666666,53,1,0.0456046174675185
13072,1,0.76610595,Critical,High Priority,Targeted re-engagement campaign with personalised offer,86.19305555555556,1,177.15,177.15,86.19305555555556,7,0,0.0114688032622373
14059,1,0.695558,High,Medium Priority,Automated re-engagement reminder or promotional campaign,86.1138888888889,1,183.6,183.6,86.1138888888889,8,0,0.0114792257899939
16672,0,0.03598858,Low,Monitor,Continue monitoring and regular customer engagement,4.009722222222222,10,4154.34,415.434,86.10763888888889,22,1,0.1148004942799059
14066,1,0.7556112,Critical,High Priority,Targeted re-engagement campaign with personalised offer,86.0201388888889,1,152.55,152.55,86.0201388888889,7,0,0.0114915927826413
16626,0,0.08857104,Low,Monitor,Continue monitoring and regular customer engagement,4.083333333333333,2,1391.88,695.94,86.01597222222222,68,1,0.0229842860905165
15019,1,0.57053953,High,Medium Priority,Automated re-engagement reminder or promotional campaign,86.01041666666667,1,252.81,252.81,86.01041666666667,64,0,0.0114928768107266
14041,1,0.72857594,Critical,High Priority,Targeted re-engagement campaign with personalised offer,85.97569444444444,1,141.41,141.41,85.97569444444444,21,0,0.0114974649686614
17060,1,0.6105738,High,Medium Priority,Automated re-engagement reminder or promotional campaign,85.97430555555556,1,234.24,234.24,85.97430555555556,5,0,0.0114976485711776
16023,0,0.29670104,Medium,Monitor,Continue monitoring and regular customer engagement,11.938194444444443,2,500.69,250.34500000000003,85.97083333333333,59,1,0.0229962152062473
12878,1,0.3893071,Medium,Monitor,Continue monitoring and regular customer engagement,55.988194444444446,2,854.99,427.495,85.95,38,1,0.0230017251293847
14155,1,0.7647473,Critical,High Priority,Targeted re-engagement campaign with personalised offer,85.94236111111111,1,118.75,118.75,85.94236111111111,6,0,0.0115018730480762
14633,1,0.670327,High,Medium Priority,Automated re-engagement reminder or promotional campaign,85.82152777777777,1,344.90000000000003,344.90000000000003,85.82152777777777,20,0,0.0115178807099493
15703,1,0.70943475,Critical,High Priority,Targeted re-engagement campaign with personalised offer,84.0826388888889,1,211.5,211.5,84.0826388888889,5,0,0.0117532790832442
14071,0,0.4862267,Medium,Monitor,Continue monitoring and regular customer engagement,79.97361111111111,2,356.81,178.405,84.05347222222223,22,1,0.0235146190713358
17795,0,0.66604877,High,Medium Priority,Automated re-engagement reminder or promotional campaign,84.03333333333333,1,155.69,155.69,84.03333333333333,15,0,0.0117600940807526
12902,1,0.7466259,Critical,High Priority,Targeted re-engagement campaign with personalised offer,84.03055555555555,1,138.68,138.68,84.03055555555555,10,0,0.0117604782594492
14232,0,0.19771588,Low,Monitor,Continue monitoring and regular customer engagement,6.151388888888889,2,1003.97,501.985,84.00416666666666,52,1,0.0235282584187049
12407,0,0.36449534,Medium,Monitor,Continue monitoring and regular customer engagement,55.01736111111112,2,495.96,247.98,83.97847222222222,23,1,0.0235353725208181
16728,0,0.27564228,Medium,Monitor,Continue monitoring and regular customer engagement,56.07361111111111,2,326.93,163.465,83.97361111111111,82,1,0.0235367189160033
13592,0,0.39451882,Medium,Monitor,Continue monitoring and regular customer engagement,25.150694444444444,3,205.51,68.50333333333333,83.95069444444445,12,1,0.035314602424609
15408,1,0.54530585,High,Medium Priority,Automated re-engagement reminder or promotional campaign,83.90833333333333,1,267.18,267.18,83.90833333333333,34,0,0.0117774070075571
14223,0,0.5033668,Medium,Monitor,Continue monitoring and regular customer engagement,83.86666666666666,1,304.9,304.9,83.86666666666666,18,0,0.011783189316575
13934,1,0.57724774,High,Medium Priority,Automated re-engagement reminder or promotional campaign,83.17430555555555,1,922.1,922.1,83.17430555555555,31,0,0.0118801098910164
15669,0,0.6901265,High,Medium Priority,Automated re-engagement reminder or promotional campaign,83.15069444444444,1,198.8,198.8,83.15069444444444,11,0,0.0118834432276752
18224,1,0.744944,Critical,High Priority,Targeted re-engagement campaign with personalised offer,83.09722222222223,1,158.95000000000002,158.95000000000002,83.09722222222223,10,0,0.0118909991742361
14245,1,0.116826825,Low,Monitor,Continue monitoring and regular customer engagement,39.17361111111112,2,1693.45,846.725,83.08958333333334,107,1,0.0237841587592597
14632,1,0.72341496,Critical,High Priority,Targeted re-engagement campaign with personalised offer,82.1673611111111,1,114.56,114.56,82.1673611111111,8,0,0.0120239476958275
15132,0,0.19359882,Low,Monitor,Continue monitoring and regular customer engagement,19.164583333333333,2,489.87,244.935,82.03333333333333,24,1,0.0240867121637896
17272,0,0.1081543,Low,Monitor,Continue monitoring and regular customer engagement,18.961111111111112,2,1409.44,704.72,82.03125,59,1,0.0240873165223936
14711,0,0.06650171,Low,Monitor,Continue monitoring and regular customer engagement,4.986111111111111,6,1596.3,266.05,81.97083333333333,138,1,0.07231456837242
14377,1,0.3878938,Medium,Monitor,Continue monitoring and regular customer engagement,10.970833333333331,2,617.05,308.525,81.96666666666667,11,1,0.0241060666934511
15457,1,0.56052864,High,Medium Priority,Automated re-engagement reminder or promotional campaign,81.88819444444445,1,237.07,237.07,81.88819444444445,56,0,0.0120644442396467
16721,1,0.52963066,High,Medium Priority,Automated re-engagement reminder or promotional campaign,81.8625,1,292.47,292.47,81.8625,37,0,0.0120681852466435
17733,0,0.665944,High,Medium Priority,Automated re-engagement reminder or promotional campaign,81.12222222222222,1,216.95,216.95,81.12222222222222,12,0,0.0121769719929644
17102,1,0.7878077,Critical,High Priority,Targeted re-engagement campaign with personalised offer,81.1125,1,25.5,25.5,81.1125,1,0,0.0121784137616075
15449,0,0.19985344,Low,Monitor,Continue monitoring and regular customer engagement,4.838888888888889,2,647.7,323.85,81.08819444444444,30,1,0.0243640393546913
12818,1,0.57038903,High,Medium Priority,Automated re-engagement reminder or promotional campaign,81.03055555555555,1,1542.08,1542.08,81.03055555555555,14,0,0.0121905793911482
12604,0,0.693228,High,Medium Priority,Automated re-engagement reminder or promotional campaign,81.03055555555555,1,178.5,178.5,81.03055555555555,10,0,0.0121905793911482
13132,1,0.7674975,Critical,High Priority,Targeted re-engagement campaign with personalised offer,81.00416666666666,1,77.3,77.3,81.00416666666666,3,0,0.0121945023118743
17486,1,0.5901622,High,Medium Priority,Automated re-engagement reminder or promotional campaign,80.95138888888889,1,396.87,396.87,80.95138888888889,24,0,0.012202355732565
12564,1,0.6298014,High,Medium Priority,Automated re-engagement reminder or promotional campaign,80.91319444444444,1,456.9,456.9,80.91319444444444,21,0,0.012208045441058
15644,0,0.33470538,Medium,Monitor,Continue monitoring and regular customer engagement,75.89097222222222,3,423.19,141.06333333333333,80.88402777777777,85,1,0.0366371816508781
17250,0,0.73865527,Critical,High Priority,Targeted re-engagement campaign with personalised offer,80.83680555555556,1,162.65,162.65,80.83680555555556,23,0,0.0122194407908693
13341,1,0.5216718,Medium,Monitor,Continue monitoring and regular customer engagement,80.125,1,775.85,775.85,80.125,42,0,0.012326656394453
17698,1,0.71275,Critical,High Priority,Targeted re-engagement campaign with personalised offer,80.05277777777778,1,154.95,154.95,80.05277777777778,8,0,0.0123376400836217
14267,0,0.44316247,Medium,Monitor,Continue monitoring and regular customer engagement,79.99861111111112,2,836.36,418.18,80.05,15,0,0.0246761258482418
16022,1,0.4415206,Medium,Monitor,Continue monitoring and regular customer engagement,79.98194444444445,1,602.63,602.63,79.98194444444445,68,0,0.0123484315776836
16063,1,0.554547,High,Medium Priority,Automated re-engagement reminder or promotional campaign,79.9125,1,335.32,335.32,79.91319444444444,23,0,0.0123589237437239
15178,1,0.7607828,Critical,High Priority,Targeted re-engagement campaign with personalised offer,79.90138888888889,1,40.5,40.5,79.90138888888889,3,0,0.0123607272227849
14348,1,0.5602446,High,Medium Priority,Automated re-engagement reminder or promotional campaign,79.85208333333334,1,409.57,409.57,79.85208333333334,18,0,0.0123682650931484
15815,0,0.14133528,Low,Monitor,Continue monitoring and regular customer engagement,31.897916666666667,3,1394.08,464.6933333333333,79.17152777777778,12,1,0.0374197683785633
17979,0,0.50808996,Medium,Monitor,Continue monitoring and regular customer engagement,79.02986111111112,2,231.67,115.835,79.05277777777778,53,0,0.0249835178181061
12545,0,0.4734451,Medium,Monitor,Continue monitoring and regular customer engagement,79.03194444444445,1,628.15,628.15,79.03194444444445,34,0,0.0124950106728216
14536,1,0.73785406,Critical,High Priority,Targeted re-engagement campaign with personalised offer,79.0201388888889,1,170.95,170.95,79.0201388888889,18,0,0.0124968540905501
17946,1,0.61576253,High,Medium Priority,Automated re-engagement reminder or promotional campaign,52.826388888888886,2,149.57999999999998,74.78999999999999,78.92777777777778,18,1,0.0250225898380482
13743,0,0.24740784,Medium,Monitor,Continue monitoring and regular customer engagement,36.92916666666667,2,353.16,176.57999999999998,78.91944444444445,7,1,0.0250251989850891
15045,0,0.6498341,High,Medium Priority,Automated re-engagement reminder or promotional campaign,77.04583333333333,1,388.9,388.9,77.04583333333333,4,0,0.0128129838236079
14476,1,0.6200921,High,Medium Priority,Automated re-engagement reminder or promotional campaign,76.88263888888889,1,193.0,193.0,76.88263888888889,17,0,0.0128398320121978
16245,0,0.48311612,Medium,Monitor,Continue monitoring and regular customer engagement,76.13888888888889,1,453.98,453.98,76.13888888888889,30,0,0.0129636298163485
12669,0,0.25197753,Medium,Monitor,Continue monitoring and regular customer engagement,68.12847222222223,2,2272.6,1136.3,76.10763888888889,70,1,0.0259377673706488
15083,1,0.7416299,Critical,High Priority,Targeted re-engagement campaign with personalised offer,76.02222222222223,1,88.2,88.2,76.02222222222223,5,0,0.0129832660126947
18010,1,0.7149216,Critical,High Priority,Targeted re-engagement campaign with personalised offer,76.01597222222222,1,174.8,174.8,76.01597222222222,14,0,0.0129843196306682
15624,0,0.32183826,Medium,Monitor,Continue monitoring and regular customer engagement,26.004166666666663,2,311.4,155.7,75.97083333333333,18,1,0.0259838683484003
17874,1,0.26588285,Medium,Monitor,Continue monitoring and regular customer engagement,4.997222222222222,6,683.46,113.91,75.05902777777777,37,1,0.0788860990641406
17719,0,0.0954388,Low,Monitor,Continue monitoring and regular customer engagement,9.876388888888888,5,1971.46,394.292,75.05625,66,1,0.0657408168296491
17398,0,0.18515974,Low,Monitor,Continue monitoring and regular customer engagement,30.00625,2,528.45,264.225,74.99027777777778,26,1,0.0263191563248222
12888,1,0.36752018,Medium,Monitor,Continue monitoring and regular customer engagement,33.86666666666667,2,354.12,177.06,74.92986111111111,4,1,0.0263400982266163
13588,0,0.7341953,Critical,High Priority,Targeted re-engagement campaign with personalised offer,74.87291666666667,1,113.3,113.3,74.87291666666667,8,0,0.0131799335511683
12456,0,0.550831,High,Medium Priority,Automated re-engagement reminder or promotional campaign,74.15138888888889,1,940.17,940.17,74.15138888888889,41,0,0.0133064739692102
13720,0,0.40761852,Medium,Monitor,Continue monitoring and regular customer engagement,57.89791666666667,2,432.1,216.05,74.14791666666666,26,1,0.0266141775941892
17775,1,0.7674996,Critical,High Priority,Targeted re-engagement campaign with personalised offer,74.08333333333333,1,56.4,56.4,74.08333333333333,3,0,0.0133185349611542
16657,0,0.42483735,Medium,Monitor,Continue monitoring and regular customer engagement,74.03333333333333,1,215.43,215.43,74.03333333333333,65,0,0.0133274100399822
15364,0,0.60309154,High,Medium Priority,Automated re-engagement reminder or promotional campaign,73.96597222222222,1,331.80000000000007,331.80000000000007,73.96597222222222,3,0,0.0133393854619225
15832,1,0.46830496,Medium,Monitor,Continue monitoring and regular customer engagement,73.88958333333333,1,836.79,836.79,73.88958333333333,54,0,0.0133529919047486
15528,1,0.5710692,High,Medium Priority,Automated re-engagement reminder or promotional campaign,73.85833333333333,1,229.33,229.33,73.85833333333333,26,0,0.0133585661805632
16398,0,0.39316583,Medium,Monitor,Continue monitoring and regular customer engagement,73.13333333333334,1,1169.95,1169.95,73.13333333333334,63,0,0.0134892086330935
17088,0,0.08498171,Low,Monitor,Continue monitoring and regular customer engagement,2.14375,2,1399.11,699.5550000000001,73.12638888888888,72,1,0.0269809447078001
13060,1,0.52502507,High,Medium Priority,Automated re-engagement reminder or promotional campaign,73.05069444444445,1,307.53,307.53,73.05069444444445,15,0,0.013504262282783
16698,1,0.3438488,Medium,Monitor,Continue monitoring and regular customer engagement,46.081944444444446,2,1998.0,999.0,72.97013888888888,4,1,0.0270379376062037
13918,0,0.61560637,High,Medium Priority,Automated re-engagement reminder or promotional campaign,72.78125,1,198.2,198.2,72.78125,8,0,0.0135535789919525
17781,0,0.7477402,Critical,High Priority,Targeted re-engagement campaign with personalised offer,72.70555555555555,1,102.0,102.0,72.70555555555555,2,0,0.0135674983040627
14886,1,0.54592437,High,Medium Priority,Automated re-engagement reminder or promotional campaign,72.1625,1,364.8,364.8,72.1625,18,0,0.0136682043396548
16609,0,0.09338395,Low,Monitor,Continue monitoring and regular customer engagement,16.969444444444445,3,1987.62,662.54,72.11041666666667,87,1,0.0410338244094263
18263,0,0.4719134,Medium,Monitor,Continue monitoring and regular customer engagement,72.04305555555555,1,307.6,307.6,72.04305555555555,15,0,0.0136905554182274
13841,1,0.72428674,Critical,High Priority,Targeted re-engagement campaign with personalised offer,72.02777777777777,1,85.0,85.0,72.02777777777777,1,0,0.0136934195511601
17701,1,0.5651862,High,Medium Priority,Automated re-engagement reminder or promotional campaign,72.01736111111111,1,417.95,417.95,72.01736111111111,24,0,0.0136953730562556
12569,0,0.07295878,Low,Monitor,Continue monitoring and regular customer engagement,3.1347222222222224,6,1306.46,217.7433333333333,71.96041666666666,30,1,0.0822363724622369
16162,1,0.7608915,Critical,High Priority,Targeted re-engagement campaign with personalised offer,71.90763888888888,1,37.4,37.4,71.90763888888888,2,0,0.0137159838837189
14023,0,0.49478438,Medium,Monitor,Continue monitoring and regular customer engagement,69.875,1,273.14,273.14,69.875,16,0,0.0141093474426807
16142,1,0.48467222,Medium,Monitor,Continue monitoring and regular customer engagement,69.10694444444445,1,535.34,535.34,69.10694444444445,37,0,0.01426392218238
18185,1,0.5020006,Medium,Monitor,Continue monitoring and regular customer engagement,68.96388888888889,1,304.25,304.25,68.96388888888889,17,0,0.0142930877039742
17956,1,0.7707788,Critical,High Priority,Targeted re-engagement campaign with personalised offer,68.96041666666666,1,12.75,12.75,68.96041666666666,1,0,0.0142937970876388
15756,0,0.20936365,Low,Monitor,Continue monitoring and regular customer engagement,32.9375,2,244.17,122.085,68.95138888888889,83,1,0.0285912836295046
14747,1,0.5824369,High,Medium Priority,Automated re-engagement reminder or promotional campaign,68.94513888888889,1,328.2,328.2,68.94513888888889,18,0,0.014296919212478
14719,0,0.48563868,Medium,Monitor,Continue monitoring and regular customer engagement,68.93958333333333,1,223.46,223.46,68.93958333333333,40,0,0.0142980548687855
15442,1,0.5421087,High,Medium Priority,Automated re-engagement reminder or promotional campaign,68.01805555555555,1,594.0,594.0,68.01805555555555,2,0,0.0144889622280804
16696,0,0.30913424,Medium,Monitor,Continue monitoring and regular customer engagement,22.9125,3,558.9000000000001,186.30000000000004,67.89583333333333,7,1,0.043543997580889
15145,0,0.29858702,Medium,Monitor,Continue monitoring and regular customer engagement,46.84027777777778,2,724.03,362.015,67.89583333333333,35,1,0.0290293317205926
13525,0,0.47033858,Medium,Monitor,Continue monitoring and regular customer engagement,67.88472222222222,1,282.88,282.88,67.88472222222222,2,0,0.0145170070770409
17140,1,0.50036275,Medium,Monitor,Continue monitoring and regular customer engagement,66.97013888888888,1,454.12,454.12,66.97013888888888,16,0,0.0147123430427986
14964,1,0.5544214,High,Medium Priority,Automated re-engagement reminder or promotional campaign,66.94236111111111,1,206.21,206.21,66.94236111111111,13,0,0.0147183580853869
16031,0,0.45393652,Medium,Monitor,Continue monitoring and regular customer engagement,66.93541666666667,1,305.63,305.63,66.93541666666667,39,0,0.0147198626146155
17042,0,0.16951655,Low,Monitor,Continue monitoring and regular customer engagement,16.10763888888889,2,487.59,243.795,66.91458333333334,51,1,0.0294487560968127
17906,1,0.74926585,Critical,High Priority,Targeted re-engagement campaign with personalised offer,66.80902777777777,1,72.9,72.9,66.80902777777777,12,0,0.0147472988888319
16144,1,0.76590014,Critical,High Priority,Targeted re-engagement campaign with personalised offer,66.11180555555555,1,175.2,175.2,66.11180555555555,1,0,0.0149005080659347
13731,1,0.26159373,Medium,Monitor,Continue monitoring and regular customer engagement,38.92847222222223,2,610.59,305.295,66.11111111111111,36,1,0.0298013245033112
13950,0,0.7329451,Critical,High Priority,Targeted re-engagement campaign with personalised offer,66.05625,1,179.30999999999997,179.30999999999997,66.05625,7,0,0.0149128530151924
14246,0,0.52156097,Medium,Monitor,Continue monitoring and regular customer engagement,65.18402777777777,1,449.64,449.64,65.18402777777777,24,0,0.0151093856565762
18040,0,0.564101,High,Medium Priority,Automated re-engagement reminder or promotional campaign,65.18263888888889,1,239.0,239.0,65.18263888888889,12,0,0.0151097027375843
16837,0,0.09851252,Low,Monitor,Continue monitoring and regular customer engagement,17.05,8,1814.74,226.84250000000003,65.16805555555555,76,1,0.1209042631346949
15119,1,0.561638,High,Medium Priority,Automated re-engagement reminder or promotional campaign,65.15416666666667,1,266.4,266.4,65.15416666666667,14,0,0.015116205832336
12999,1,0.30584916,Medium,Monitor,Continue monitoring and regular customer engagement,15.97638888888889,3,455.88,151.96,65.1,25,1,0.0453857791225416
17054,0,0.14712712,Low,Monitor,Continue monitoring and regular customer engagement,26.99513888888889,3,918.82,306.2733333333333,64.98333333333333,46,1,0.0454660267744379
12447,1,0.54000026,High,Medium Priority,Automated re-engagement reminder or promotional campaign,62.97569444444444,1,476.49,476.49,62.97569444444444,26,0,0.0156309362279511
13570,1,0.5374001,High,Medium Priority,Automated re-engagement reminder or promotional campaign,62.96805555555556,1,239.49,239.49,62.96805555555556,27,0,0.0156328028312742
13232,0,0.06870593,Low,Monitor,Continue monitoring and regular customer engagement,0.0645833333333333,4,861.45,215.3625,62.95972222222223,105,1,0.0625393585372739
18129,1,0.7158773,Critical,High Priority,Targeted re-engagement campaign with personalised offer,62.94027777777778,1,112.55,112.55,62.94027777777778,13,0,0.0156395942394161
15655,1,0.45293137,Medium,Monitor,Continue monitoring and regular customer engagement,62.89236111111112,1,560.67,560.67,62.89236111111112,34,0,0.0156513232976468
15214,0,0.09844979,Low,Monitor,Continue monitoring and regular customer engagement,3.129166666666667,2,651.63,325.81500000000005,62.12777777777778,46,1,0.031681774179354
17574,1,0.7089254,Critical,High Priority,Targeted re-engagement campaign with personalised offer,62.12708333333333,1,185.65,185.65,62.12708333333333,8,0,0.0158410613511105
15737,0,0.17449677,Low,Monitor,Continue monitoring and regular customer engagement,5.852083333333334,4,712.73,178.1825,62.11736111111111,39,1,0.0633740056552498
18080,0,0.49563727,Medium,Monitor,Continue monitoring and regular customer engagement,62.11111111111112,1,841.4999999999999,841.4999999999999,62.11111111111112,1,0,0.0158450704225352
12596,0,0.4710216,Medium,Monitor,Continue monitoring and regular customer engagement,61.977777777777774,1,269.95,269.95,61.977777777777774,15,0,0.0158786167960479
14273,0,0.4311728,Medium,Monitor,Continue monitoring and regular customer engagement,37.18402777777778,2,218.7,109.35,61.97638888888889,10,1,0.0317579339699622
12363,0,0.4614307,Medium,Monitor,Continue monitoring and regular customer engagement,61.97291666666667,1,299.1,299.1,61.97291666666667,16,0,0.0158798425248949
15414,0,0.74681294,Critical,High Priority,Targeted re-engagement campaign with personalised offer,61.96180555555556,1,36.2,36.2,61.96180555555556,5,0,0.0158826449015606
15935,1,0.57493234,High,Medium Priority,Automated re-engagement reminder or promotional campaign,58.97430555555555,2,416.86,208.43,61.13541666666666,12,1,0.0321877619446772
14111,0,0.6432362,High,Medium Priority,Automated re-engagement reminder or promotional campaign,61.05138888888889,1,94.2,94.2,61.05138888888889,2,0,0.0161156747319649
17972,1,0.685767,High,Medium Priority,Automated re-engagement reminder or promotional campaign,61.02361111111111,1,135.19,135.19,61.02361111111111,30,0,0.0161228922677295
12463,0,0.12242459,Low,Monitor,Continue monitoring and regular customer engagement,26.116666666666667,2,647.95,323.975,61.00208333333333,32,1,0.0322569806122106
16729,0,0.025632534,Low,Monitor,Continue monitoring and regular customer engagement,1.980555555555556,11,3368.23,306.20272727272726,60.93611111111111,122,1,0.1776023680315737
16697,1,0.72046125,Critical,High Priority,Targeted re-engagement campaign with personalised offer,60.81805555555555,1,112.75,112.75,60.81805555555555,20,0,0.0161765036284796
14931,0,0.2877043,Medium,Monitor,Continue monitoring and regular customer engagement,25.81805555555556,2,586.0,293.0,60.1375,10,1,0.0327131465957881
15230,1,0.3852215,Medium,Monitor,Continue monitoring and regular customer engagement,58.92430555555556,2,429.6,214.8,60.07361111111111,23,1,0.0327473677029086
16309,0,0.49269366,Medium,Monitor,Continue monitoring and regular customer engagement,60.04444444444445,1,334.2,334.2,60.04444444444445,21,0,0.016381507098653
14262,0,0.5044255,Medium,Monitor,Continue monitoring and regular customer engagement,60.01875,1,240.0,240.0,60.01875,16,0,0.0163884052033186
16097,1,0.69743556,High,Medium Priority,Automated re-engagement reminder or promotional campaign,59.96041666666667,1,185.05,185.05,59.96041666666667,10,0,0.0164040873517651
13122,0,0.47177327,Medium,Monitor,Continue monitoring and regular customer engagement,59.94305555555555,1,903.67,903.67,59.94305555555555,54,0,0.0164087604548873
16966,0,0.17163321,Low,Monitor,Continue monitoring and regular customer engagement,17.02986111111111,3,1154.4,384.8,59.93958333333333,8,1,0.0492290861850876
15147,1,0.4321463,Medium,Monitor,Continue monitoring and regular customer engagement,59.87013888888889,1,623.5,623.5,59.87013888888889,28,0,0.0164284165972642
15813,1,0.12573275,Low,Monitor,Continue monitoring and regular customer engagement,27.19236111111111,2,1303.91,651.9549999999999,59.15347222222222,40,1,0.0332482885212592
17058,0,0.15670945,Low,Monitor,Continue monitoring and regular customer engagement,18.95833333333333,2,819.66,409.83,59.14722222222223,42,1,0.03325174340738
17704,0,0.49546167,Medium,Monitor,Continue monitoring and regular customer engagement,59.140277777777776,1,387.29,387.29,59.140277777777776,16,0,0.0166277915059698
16249,0,0.1695864,Low,Monitor,Continue monitoring and regular customer engagement,20.945138888888888,2,1020.53,510.265,58.958333333333336,26,1,0.0333564975677553
13811,1,0.22024688,Low,Monitor,Continue monitoring and regular customer engagement,3.1222222222222222,3,814.5,271.5,58.75694444444444,7,1,0.0502033701336432
16806,0,0.3255062,Medium,Monitor,Continue monitoring and regular customer engagement,39.89930555555556,2,396.63,198.315,58.70208333333333,28,1,0.0334996684928638
13120,1,0.76799554,Critical,High Priority,Targeted re-engagement campaign with personalised offer,58.10486111111111,1,30.6,30.6,58.10486111111111,1,0,0.0169190821397939
12769,1,0.5307859,High,Medium Priority,Automated re-engagement reminder or promotional campaign,58.10069444444444,1,1143.6,1143.6,58.10069444444444,32,0,0.016920274954468
14323,0,0.4782886,Medium,Monitor,Continue monitoring and regular customer engagement,58.04583333333333,1,299.82,299.82,58.04583333333333,19,0,0.0169359960482675
17367,1,0.5918331,High,Medium Priority,Automated re-engagement reminder or promotional campaign,57.93680555555556,1,167.55,167.55,57.93680555555556,33,0,0.0169673261143644
18213,1,0.48081368,Medium,Monitor,Continue monitoring and regular customer engagement,56.10347222222222,1,232.48,232.48,56.10347222222222,15,0,0.0175120699509905
15172,0,0.17244145,Low,Monitor,Continue monitoring and regular customer engagement,16.12638888888889,2,526.2,263.1,56.0375,38,1,0.0350646504492658
15745,0,0.51316494,Medium,Monitor,Continue monitoring and regular customer engagement,55.99027777777778,1,302.85,302.85,55.99027777777778,18,0,0.0175468525333268
17697,1,0.5676402,High,Medium Priority,Automated re-engagement reminder or promotional campaign,55.88194444444444,1,338.95,338.95,55.88194444444444,19,0,0.0175802710291783
15491,0,0.12267012,Low,Monitor,Continue monitoring and regular customer engagement,37.84444444444444,3,1644.92,548.3066666666667,55.11527777777778,80,1,0.0534613766304482
16617,1,0.69327104,High,Medium Priority,Automated re-engagement reminder or promotional campaign,55.09375,1,151.85,151.85,55.09375,5,0,0.0178272980501392
15508,1,0.25663286,Medium,Monitor,Continue monitoring and regular customer engagement,8.879861111111111,6,1000.27,166.71166666666667,54.88819444444445,78,1,0.1073571987723505
15594,0,0.39890674,Medium,Monitor,Continue monitoring and regular customer engagement,54.1125,1,267.91,267.91,54.1125,15,0,0.0181447040145157
13376,0,0.1621607,Low,Monitor,Continue monitoring and regular customer engagement,23.154166666666665,2,770.0,385.0,53.99097222222223,34,1,0.036369606122217
16633,0,0.10486744,Low,Monitor,Continue monitoring and regular customer engagement,0.0430555555555555,2,703.32,351.66,53.92638888888889,38,1,0.0364123700912837
15225,1,0.47722447,Medium,Monitor,Continue monitoring and regular customer engagement,53.91597222222222,1,409.4,409.4,53.91597222222222,23,0,0.018209638462803
15436,0,0.3545813,Medium,Monitor,Continue monitoring and regular customer engagement,53.831944444444446,1,484.1,484.1,53.831944444444446,124,0,0.0182375440107398
15517,1,0.46427357,Medium,Monitor,Continue monitoring and regular customer engagement,52.95,1,267.03,267.03,52.95,27,0,0.0185356811862835
17120,1,0.5022507,Medium,Monitor,Continue monitoring and regular customer engagement,52.89513888888889,1,307.46,307.46,52.89513888888889,18,0,0.0185545490858019
12506,1,0.72512037,Critical,High Priority,Targeted re-engagement campaign with personalised offer,52.16388888888889,1,73.5,73.5,52.16388888888889,23,0,0.0188097601755577
14759,0,0.4284795,Medium,Monitor,Continue monitoring and regular customer engagement,52.07986111111112,1,572.25,572.25,52.07986111111112,35,0,0.0188395368613854
13505,0,0.090296246,Low,Monitor,Continue monitoring and regular customer engagement,11.88125,2,1916.09,958.045,52.02986111111111,90,1,0.037714600002619
13389,0,0.51794255,Medium,Monitor,Continue monitoring and regular customer engagement,52.02638888888889,1,257.89,257.89,52.02638888888889,18,0,0.0188585347966159
12354,1,0.44453084,Medium,Monitor,Continue monitoring and regular customer engagement,51.985416666666666,1,1079.4,1079.4,51.985416666666666,58,0,0.018873117603114
17061,0,0.06481757,Low,Monitor,Continue monitoring and regular customer engagement,12.10138888888889,7,3250.23,464.3185714285714,51.97291666666667,46,1,0.1321429976009753
17630,0,0.5154279,Medium,Monitor,Continue monitoring and regular customer engagement,51.949305555555554,1,335.5,335.5,51.949305555555554,19,0,0.0188859889569425
16587,1,0.56869125,High,Medium Priority,Automated re-engagement reminder or promotional campaign,51.87430555555556,1,225.15,225.15,51.87430555555556,13,0,0.0189127779455994
12622,1,0.7058896,High,Medium Priority,Automated re-engagement reminder or promotional campaign,51.84097222222222,1,180.1,180.1,51.84097222222222,11,0,0.0189247085726301
16750,0,0.7091622,Critical,High Priority,Targeted re-engagement campaign with personalised offer,51.83125,1,118.7,118.7,51.83125,10,0,0.0189281911747308
17670,1,0.5579819,High,Medium Priority,Automated re-engagement reminder or promotional campaign,47.15138888888889,1,205.7,205.7,47.15138888888889,11,0,0.0207678329343217
15108,0,0.27140763,Medium,Monitor,Continue monitoring and regular customer engagement,5.867361111111111,3,623.45,207.8166666666667,47.08055555555556,24,1,0.0623952856895256
16942,0,0.14442286,Low,Monitor,Continue monitoring and regular customer engagement,8.963194444444444,4,898.54,224.635,47.03541666666667,89,1,0.0832718913995749
15237,0,0.11795982,Low,Monitor,Continue monitoring and regular customer engagement,22.91875,2,1093.65,546.825,46.90694444444444,74,1,0.0417476009625141
16965,1,0.5004366,Medium,Monitor,Continue monitoring and regular customer engagement,46.02916666666667,1,201.19,201.19,46.02916666666667,26,0,0.0212634003721095
15891,1,0.38237673,Medium,Monitor,Continue monitoring and regular customer engagement,46.01041666666666,1,511.68,511.68,46.01041666666666,60,0,0.0212718812319964
13637,0,0.12348009,Low,Monitor,Continue monitoring and regular customer engagement,6.976388888888889,2,678.65,339.325,45.98888888888889,75,1,0.0425632537242847
16637,0,0.43144724,Medium,Monitor,Continue monitoring and regular customer engagement,45.10416666666666,1,303.62,303.62,45.10416666666666,16,0,0.0216900135562584
13229,1,0.66449684,High,Medium Priority,Automated re-engagement reminder or promotional campaign,45.02986111111111,1,160.95,160.95,45.02986111111111,10,0,0.021725027533455
14973,0,0.5347495,High,Medium Priority,Automated re-engagement reminder or promotional campaign,45.019444444444446,1,654.6,654.6,45.019444444444446,5,0,0.0217299450715277
15952,0,0.4662296,Medium,Monitor,Continue monitoring and regular customer engagement,44.99652777777778,1,232.65,232.65,44.99652777777778,14,0,0.0217407714954329
17893,1,0.57341874,High,Medium Priority,Automated re-engagement reminder or promotional campaign,44.958333333333336,1,107.21,107.21,44.958333333333336,15,0,0.0217588395285584
16370,0,0.06980457,Low,Monitor,Continue monitoring and regular customer engagement,2.0458333333333334,2,543.21,271.605,44.84027777777778,88,1,0.043629753067717
15376,0,0.32129887,Medium,Monitor,Continue monitoring and regular customer engagement,41.96180555555556,1,642.37,642.37,41.96180555555556,57,0,0.0232764891295562
16055,1,0.6578902,High,Medium Priority,Automated re-engagement reminder or promotional campaign,40.141666666666666,1,134.8,134.8,40.141666666666666,8,0,0.0243062588616568
14149,1,0.56797045,High,Medium Priority,Automated re-engagement reminder or promotional campaign,40.12916666666667,1,446.62,446.62,40.12916666666667,28,0,0.0243136460338364
17501,1,0.49124226,Medium,Monitor,Continue monitoring and regular customer engagement,40.12708333333333,2,288.6,144.3,40.12777777777778,18,0,0.0486289342158584
15582,0,0.3854671,Medium,Monitor,Continue monitoring and regular customer engagement,39.96805555555556,1,303.61,303.61,39.96805555555556,22,0,0.0244092619588432
16230,1,0.17793612,Low,Monitor,Continue monitoring and regular customer engagement,9.113888888888887,2,542.03,271.015,39.90138888888889,32,1,0.0488980950117151
18146,0,0.6693953,High,Medium Priority,Automated re-engagement reminder or promotional campaign,39.84375,1,76.65,76.65,39.84375,4,0,0.0244835501147666
17443,1,0.4191469,Medium,Monitor,Continue monitoring and regular customer engagement,39.08541666666667,1,534.24,534.24,39.08541666666667,1,0,0.0249467283405228
12886,0,0.28308776,Medium,Monitor,Continue monitoring and regular customer engagement,39.06180555555556,1,775.0,775.0,39.06180555555556,47,0,0.0249614311220509
13524,0,0.59068274,High,Medium Priority,Automated re-engagement reminder or promotional campaign,39.016666666666666,1,159.20000000000002,159.20000000000002,39.016666666666666,9,0,0.0249895876718034
16610,1,0.69035447,High,Medium Priority,Automated re-engagement reminder or promotional campaign,38.984027777777776,1,75.66,75.66,38.984027777777776,6,0,0.0250099866266043
17394,1,0.42056745,Medium,Monitor,Continue monitoring and regular customer engagement,38.977777777777774,1,203.87,203.87,38.977777777777774,4,0,0.0250138966092273
14948,0,0.46946442,Medium,Monitor,Continue monitoring and regular customer engagement,38.915277777777774,1,278.4,278.4,38.915277777777774,13,0,0.0250530637809248
12593,0,0.44893762,Medium,Monitor,Continue monitoring and regular customer engagement,38.13958333333333,1,236.0,236.0,38.13958333333333,11,0,0.0255495821578751
14340,1,0.6570791,High,Medium Priority,Automated re-engagement reminder or promotional campaign,38.12916666666667,1,134.7,134.7,38.12916666666667,6,0,0.0255563837716963
16457,1,0.44615114,Medium,Monitor,Continue monitoring and regular customer engagement,37.97986111111111,1,208.36,208.36,37.97986111111111,9,0,0.0256542730398532
17527,0,0.49656832,Medium,Monitor,Continue monitoring and regular customer engagement,37.96319444444445,1,292.11,292.11,37.96319444444445,7,0,0.0256652467606537
14697,1,0.51381195,Medium,Monitor,Continue monitoring and regular customer engagement,37.88263888888889,2,188.61,94.305,37.88958333333333,22,0,0.0514276530776236
17522,0,0.08199993,Low,Monitor,Continue monitoring and regular customer engagement,2.935416666666667,3,787.54,262.5133333333333,37.84652777777778,50,1,0.0772269793882622
13867,0,0.6470231,High,Medium Priority,Automated re-engagement reminder or promotional campaign,37.80694444444445,1,138.85,138.85,37.80694444444445,8,0,0.0257685838015819
14393,1,0.6954035,High,Medium Priority,Automated re-engagement reminder or promotional campaign,37.77361111111111,1,67.95,67.95,37.77361111111111,5,0,0.0257907368270229
15668,1,0.71098524,Critical,High Priority,Targeted re-engagement campaign with personalised offer,37.09097222222222,1,76.32000000000001,76.32000000000001,37.09097222222222,1,0,0.0262529397823193
16319,1,0.52172774,High,Medium Priority,Automated re-engagement reminder or promotional campaign,37.05763888888889,1,404.4,404.4,37.05763888888889,3,0,0.0262759337992445
17174,1,0.68381697,High,Medium Priority,Automated re-engagement reminder or promotional campaign,37.04375,1,59.9,59.9,37.04375,4,0,0.0262855265319533
13365,0,0.28911132,Medium,Monitor,Continue monitoring and regular customer engagement,37.03472222222222,1,700.6,700.6,37.03472222222222,39,0,0.0262917655650903
18235,0,0.32972243,Medium,Monitor,Continue monitoring and regular customer engagement,36.96875,1,430.46,430.46,36.96875,29,0,0.0263374485596707
13741,0,0.27754715,Medium,Monitor,Continue monitoring and regular customer engagement,3.20625,2,363.13,181.565,36.96319444444445,20,1,0.0526826055938683
12394,0,0.35742465,Medium,Monitor,Continue monitoring and regular customer engagement,36.95069444444445,1,381.08,381.08,36.95069444444445,21,0,0.026349978956614
15258,0,0.40807927,Medium,Monitor,Continue monitoring and regular customer engagement,36.94027777777778,1,315.66,315.66,36.94027777777778,16,0,0.0263572134568217
14005,0,0.3587618,Medium,Monitor,Continue monitoring and regular customer engagement,35.09513888888889,1,187.16,187.16,35.09513888888889,14,0,0.0277045616330299
18142,0,0.26053634,Medium,Monitor,Continue monitoring and regular customer engagement,35.013194444444444,1,282.48,282.48,35.013194444444444,9,0,0.0277676006093445
17410,0,0.3524659,Medium,Monitor,Continue monitoring and regular customer engagement,34.89513888888889,1,302.4,302.4,34.89513888888889,15,0,0.0278589254967207
12700,0,0.2617106,Medium,Monitor,Continue monitoring and regular customer engagement,34.861111111111114,1,1092.43,1092.43,34.861111111111114,62,0,0.0278853601859024
13003,0,0.6426371,High,Medium Priority,Automated re-engagement reminder or promotional campaign,34.18541666666667,1,59.05,59.05,34.18541666666667,4,0,0.0284208656521996
13492,0,0.35948032,Medium,Monitor,Continue monitoring and regular customer engagement,34.11388888888889,1,315.3,315.3,34.11388888888889,15,0,0.0284787595918044
18120,1,0.57501525,High,Medium Priority,Automated re-engagement reminder or promotional campaign,33.96180555555556,1,111.15,111.15,33.96180555555556,17,0,0.0286026417717747
14397,0,0.30742863,Medium,Monitor,Continue monitoring and regular customer engagement,17.92361111111111,2,242.24,121.12,33.017361111111114,11,1,0.058793508216801
12684,0,0.19054013,Low,Monitor,Continue monitoring and regular customer engagement,16.815277777777776,3,917.1,305.7,32.99652777777778,32,1,0.0882443059953018
14288,1,0.303048,Medium,Monitor,Continue monitoring and regular customer engagement,32.977777777777774,1,426.6,426.6,32.977777777777774,16,0,0.0294310006540222
15063,1,0.47971964,Medium,Monitor,Continue monitoring and regular customer engagement,32.97569444444444,1,370.8,370.8,32.97569444444444,5,0,0.0294328053142565
14591,0,0.3416301,Medium,Monitor,Continue monitoring and regular customer engagement,32.94513888888889,1,204.02,204.02,32.94513888888889,33,0,0.0294592991141752
13990,1,0.32386446,Medium,Monitor,Continue monitoring and regular customer engagement,32.89652777777778,1,311.3,311.3,32.89652777777778,16,0,0.0295015467824875
14691,0,0.3668937,Medium,Monitor,Continue monitoring and regular customer engagement,32.12152777777778,1,439.6,439.6,32.12152777777778,17,0,0.0301918440088059
17489,0,0.3379361,Medium,Monitor,Continue monitoring and regular customer engagement,32.05277777777778,1,208.56,208.56,32.05277777777778,16,0,0.0302546432473317
13404,0,0.4087908,Medium,Monitor,Continue monitoring and regular customer engagement,32.03680555555555,1,217.81,217.81,32.03680555555555,9,0,0.0302692703844617
16644,0,0.27917632,Medium,Monitor,Continue monitoring and regular customer engagement,31.997916666666665,1,722.41,722.41,31.997916666666665,54,0,0.0303049434939074
14731,0,0.30866098,Medium,Monitor,Continue monitoring and regular customer engagement,25.075,2,251.02,125.51,31.988888888888887,23,1,0.0606264735601212
15187,0,0.35247412,Medium,Monitor,Continue monitoring and regular customer engagement,31.959027777777777,1,431.6,431.6,31.959027777777777,9,0,0.0303407007859084
18133,1,0.605531,High,Medium Priority,Automated re-engagement reminder or promotional campaign,31.941666666666663,1,931.5,931.5,31.941666666666663,1,0,0.0303566911206678
13235,1,0.454113,Medium,Monitor,Continue monitoring and regular customer engagement,31.81736111111111,1,1031.07,1031.07,31.81736111111111,53,0,0.0304716761537973
14883,0,0.31532738,Medium,Monitor,Continue monitoring and regular customer engagement,31.125694444444445,1,310.56,310.56,31.125694444444445,19,0,0.0311277317827111
16116,1,0.25059316,Medium,Monitor,Continue monitoring and regular customer engagement,31.034027777777776,1,612.78,612.78,31.034027777777776,34,0,0.0312168050467168
14364,0,0.10009346,Low,Monitor,Continue monitoring and regular customer engagement,7.045833333333333,4,2161.85,540.4625,30.995833333333334,22,1,0.1250162781612189
16184,0,0.20660253,Low,Monitor,Continue monitoring and regular customer engagement,1.9520833333333332,2,447.89,223.945,30.97013888888889,13,1,0.0625583769576644
17932,0,0.2773046,Medium,Monitor,Continue monitoring and regular customer engagement,30.95277777777778,1,589.01,589.01,30.95277777777778,42,0,0.0312961836042771
12590,1,0.1627001,Low,Monitor,Continue monitoring and regular customer engagement,30.915277777777774,2,9864.26,4932.13,30.919444444444444,68,0,0.0626577321381951
17658,0,0.30706653,Medium,Monitor,Continue monitoring and regular customer engagement,30.89375,1,317.6,317.6,30.89375,9,0,0.0313541054281795
12757,0,0.07278209,Low,Monitor,Continue monitoring and regular customer engagement,4.9319444444444445,6,4445.43,740.9050000000001,30.742361111111112,79,1,0.1890218556520597
17970,1,0.32024157,Medium,Monitor,Continue monitoring and regular customer engagement,30.699305555555554,1,562.79,562.79,30.699305555555554,27,0,0.0315464324051963
15907,0,0.2884526,Medium,Monitor,Continue monitoring and regular customer engagement,29.992361111111112,1,223.07,223.07,29.992361111111112,46,0,0.0322660153711712
14689,1,0.55822986,High,Medium Priority,Automated re-engagement reminder or promotional campaign,28.06111111111111,1,112.8,112.8,28.06111111111111,13,0,0.0344102466067673
15440,0,0.5529086,High,Medium Priority,Automated re-engagement reminder or promotional campaign,28.05555555555556,1,125.8,125.8,28.05555555555556,20,0,0.034416826003824
16076,0,0.3169113,Medium,Monitor,Continue monitoring and regular customer engagement,28.013194444444444,1,305.45000000000005,305.45000000000005,28.013194444444444,16,0,0.0344670767610522
15333,1,0.3545449,Medium,Monitor,Continue monitoring and regular customer engagement,27.97430555555556,1,1028.56,1028.56,27.97430555555556,16,0,0.0345133379670685
17263,1,0.58567387,High,Medium Priority,Automated re-engagement reminder or promotional campaign,27.929166666666667,1,63.440000000000005,63.440000000000005,27.929166666666667,23,0,0.0345671899755149
16877,0,0.55319697,High,Medium Priority,Automated re-engagement reminder or promotional campaign,27.85902777777778,1,77.75,77.75,27.85902777777778,25,0,0.0346512019635681
12674,0,0.28576657,Medium,Monitor,Continue monitoring and regular customer engagement,27.15277777777778,1,586.74,586.74,27.15277777777778,17,0,0.0355204736063147
14888,1,0.3338685,Medium,Monitor,Continue monitoring and regular customer engagement,26.91111111111111,1,369.2,369.2,26.91111111111111,20,0,0.035828025477707
13456,0,0.37129563,Medium,Monitor,Continue monitoring and regular customer engagement,26.886111111111116,1,207.66,207.66,26.886111111111116,13,0,0.035860145432812
12690,1,0.36500135,Medium,Monitor,Continue monitoring and regular customer engagement,25.153472222222224,1,389.01,389.01,25.153472222222224,16,0,0.0382358407902073
16446,0,0.5325395,High,Medium Priority,Automated re-engagement reminder or promotional campaign,25.12361111111111,1,2.9,2.9,25.12361111111111,2,0,0.0382795470253602
16818,0,0.06558986,Low,Monitor,Continue monitoring and regular customer engagement,2.886111111111111,4,1193.17,298.2925,25.04722222222222,71,1,0.1535672389890157
13572,1,0.26741362,Medium,Monitor,Continue monitoring and regular customer engagement,25.035416666666663,1,1384.25,1384.25,25.035416666666663,32,0,0.0384092182123709
15116,0,0.29617786,Medium,Monitor,Continue monitoring and regular customer engagement,24.166666666666668,1,479.65,479.65,24.166666666666668,15,0,0.0397350993377483
13529,0,0.5792181,High,Medium Priority,Automated re-engagement reminder or promotional campaign,24.041666666666668,1,181.1,181.1,24.041666666666668,7,0,0.0399334442595673
12620,0,0.26150882,Medium,Monitor,Continue monitoring and regular customer engagement,24.02777777777778,1,561.66,561.66,24.02777777777778,33,0,0.0399556048834628
16813,0,0.18999338,Low,Monitor,Continue monitoring and regular customer engagement,11.027083333333334,2,301.66,150.82999999999998,23.97361111111111,110,1,0.0800845336744341
16463,0,0.27184713,Medium,Monitor,Continue monitoring and regular customer engagement,23.92013888888889,1,319.37,319.37,23.92013888888889,19,0,0.0401281872648739
13887,1,0.33925313,Medium,Monitor,Continue monitoring and regular customer engagement,23.81111111111111,1,349.55,349.55,23.81111111111111,19,0,0.0403045230631437
17166,0,0.48612657,Medium,Monitor,Continue monitoring and regular customer engagement,23.18888888888889,1,127.59,127.59,23.18888888888889,10,0,0.0413412953605879
13391,1,0.6625887,High,Medium Priority,Automated re-engagement reminder or promotional campaign,23.08333333333333,1,59.8,59.8,23.08333333333333,1,0,0.0415224913494809
17455,1,0.5884644,High,Medium Priority,Automated re-engagement reminder or promotional campaign,23.013194444444444,1,131.7,131.7,23.013194444444444,8,0,0.0416437722317013
18150,0,0.32722577,Medium,Monitor,Continue monitoring and regular customer engagement,21.085416666666667,1,227.58,227.58,21.085416666666667,14,0,0.0452787472879917
16038,0,0.32418692,Medium,Monitor,Continue monitoring and regular customer engagement,21.05625,1,316.95,316.95,21.05625,19,0,0.0453386228393312
13972,0,0.5632401,High,Medium Priority,Automated re-engagement reminder or promotional campaign,21.052777777777777,1,145.9,145.9,21.052777777777777,9,0,0.0453457614309106
13227,1,0.3798395,Medium,Monitor,Continue monitoring and regular customer engagement,21.04375,1,257.7,257.7,21.04375,9,0,0.045364332293734
13657,0,0.5012554,Medium,Monitor,Continue monitoring and regular customer engagement,21.010416666666668,1,152.34,152.34,21.010416666666668,9,0,0.0454330336015144
14921,0,0.27806282,Medium,Monitor,Continue monitoring and regular customer engagement,20.999305555555555,1,903.01,903.01,20.999305555555555,53,0,0.0454559803024085
12710,0,0.2113316,Low,Monitor,Continue monitoring and regular customer engagement,20.947916666666668,1,718.96,718.96,20.947916666666668,44,0,0.0455624110109159
15292,1,0.555472,High,Medium Priority,Automated re-engagement reminder or promotional campaign,20.90972222222222,1,178.39,178.39,20.90972222222222,24,0,0.0456418383518225
15705,1,0.60139906,High,Medium Priority,Automated re-engagement reminder or promotional campaign,20.884027777777774,1,143.1,143.1,20.884027777777774,6,0,0.045695427283978
13339,1,0.26185235,Medium,Monitor,Continue monitoring and regular customer engagement,20.179861111111112,1,860.12,860.12,20.179861111111112,54,0,0.0472146627758287
13885,1,0.24592893,Medium,Monitor,Continue monitoring and regular customer engagement,8.904861111111112,2,506.8,253.4,20.165277777777774,28,1,0.0944943893956296
13737,1,0.33677104,Medium,Monitor,Continue monitoring and regular customer engagement,19.84583333333333,1,339.6,339.6,19.84583333333333,29,0,0.0479712172696382
16091,0,0.548101,High,Medium Priority,Automated re-engagement reminder or promotional campaign,18.147222222222226,1,157.25,157.25,18.147222222222226,10,0,0.0522268968518787
15804,0,0.25677955,Medium,Monitor,Continue monitoring and regular customer engagement,18.10972222222222,1,525.36,525.36,18.10972222222222,34,0,0.0523293844029362
14287,0,0.5538114,High,Medium Priority,Automated re-engagement reminder or promotional campaign,18.04583333333333,2,83.28,41.64,18.047916666666666,4,0,0.1049983594006343
14705,1,0.596681,High,Medium Priority,Automated re-engagement reminder or promotional campaign,18.007638888888888,1,179.0,179.0,18.007638888888888,1,0,0.0526104270943699
12815,0,0.2664816,Medium,Monitor,Continue monitoring and regular customer engagement,17.969444444444445,1,615.36,615.36,17.969444444444445,31,0,0.0527163567140137
14816,1,0.45989382,Medium,Monitor,Continue monitoring and regular customer engagement,16.981944444444444,1,271.85,271.85,16.981944444444444,4,0,0.0556113385340233
16624,0,0.33536085,Medium,Monitor,Continue monitoring and regular customer engagement,16.9375,1,426.43,426.43,16.9375,21,0,0.0557491289198606
12493,0,0.35408685,Medium,Monitor,Continue monitoring and regular customer engagement,16.914583333333333,1,232.5,232.5,16.914583333333333,12,0,0.055820444237702
18232,0,0.29186204,Medium,Monitor,Continue monitoring and regular customer engagement,12.199305555555556,2,370.98,185.49,16.84722222222222,24,1,0.1120622568093385
18073,0,0.21387295,Low,Monitor,Continue monitoring and regular customer engagement,4.906944444444444,3,504.24,168.08,16.716666666666665,6,1,0.1693320790216368
14280,1,0.6116312,High,Medium Priority,Automated re-engagement reminder or promotional campaign,16.09236111111111,1,134.04,134.04,16.09236111111111,8,0,0.0585056677365619
14823,0,0.4395092,Medium,Monitor,Continue monitoring and regular customer engagement,13.949305555555556,2,210.65,105.325,14.001388888888888,38,0,0.1333209887973336
15897,1,0.462073,Medium,Monitor,Continue monitoring and regular customer engagement,13.958333333333334,2,208.59,104.295,13.970833333333331,17,0,0.1335930976899527
15925,1,0.4307431,Medium,Monitor,Continue monitoring and regular customer engagement,13.885416666666666,1,207.15,207.15,13.885416666666666,12,0,0.0671798460461861
16483,1,0.5867989,High,Medium Priority,Automated re-engagement reminder or promotional campaign,11.9875,1,139.35,139.35,11.9875,19,0,0.0769971126082771
15163,0,0.58151585,High,Medium Priority,Automated re-engagement reminder or promotional campaign,11.894444444444444,1,155.0,155.0,11.894444444444444,10,0,0.0775527789745799
18204,0,0.20503521,Low,Monitor,Continue monitoring and regular customer engagement,11.891666666666667,1,540.98,540.98,11.891666666666667,84,0,0.0775694893341952
12473,0,0.33855182,Medium,Monitor,Continue monitoring and regular customer engagement,11.10763888888889,1,661.6899999999999,661.6899999999999,11.10763888888889,34,0,0.0825924863779753
16969,0,0.32776594,Medium,Monitor,Continue monitoring and regular customer engagement,11.02777777777778,1,397.36,397.36,11.02777777777778,27,0,0.0831408775981524
13917,0,0.65767163,High,Medium Priority,Automated re-engagement reminder or promotional campaign,11.002777777777778,1,65.38,65.38,11.002777777777778,5,0,0.0833140476741495
13062,1,0.32363436,Medium,Monitor,Continue monitoring and regular customer engagement,10.901388888888889,1,346.98,346.98,10.901388888888889,11,0,0.0840238067452444
16484,0,0.27598056,Medium,Monitor,Continue monitoring and regular customer engagement,10.090972222222222,1,285.7,285.7,10.090972222222222,18,0,0.0901634212009266
14453,1,0.5907188,High,Medium Priority,Automated re-engagement reminder or promotional campaign,9.94097222222222,1,119.93,119.93,9.94097222222222,22,0,0.0913995556966042
17900,1,0.6395334,High,Medium Priority,Automated re-engagement reminder or promotional campaign,9.925,2,112.2,56.1,9.931944444444444,4,0,0.1829500698767628
13437,0,0.16765459,Low,Monitor,Continue monitoring and regular customer engagement,9.930555555555555,1,1440.9,1440.9,9.930555555555555,80,0,0.0914866581956798
12517,0,0.2147184,Low,Monitor,Continue monitoring and regular customer engagement,9.900694444444444,1,749.7,749.7,9.900694444444444,125,0,0.0917372746384659
14500,0,0.40453583,Medium,Monitor,Continue monitoring and regular customer engagement,9.1125,1,284.85,284.85,9.1125,4,0,0.0988875154511742
13248,0,0.32463798,Medium,Monitor,Continue monitoring and regular customer engagement,8.989583333333334,1,387.47,387.47,8.989583333333334,21,0,0.100104275286757
16967,1,0.31479117,Medium,Monitor,Continue monitoring and regular customer engagement,8.934722222222222,1,319.02,319.02,8.934722222222222,21,0,0.1006570669649098
16659,1,0.6608232,High,Medium Priority,Automated re-engagement reminder or promotional campaign,8.907638888888888,1,39.12,39.12,8.907638888888888,2,0,0.1009322212097848
16682,0,0.29876107,Medium,Monitor,Continue monitoring and regular customer engagement,7.075,1,525.5,525.5,7.075,11,0,0.1238390092879257
15453,0,0.3431267,Medium,Monitor,Continue monitoring and regular customer engagement,7.009027777777778,1,194.34,194.34,7.009027777777778,39,0,0.1248590999739876
16963,1,0.623746,High,Medium Priority,Automated re-engagement reminder or promotional campaign,6.959722222222222,1,110.55,110.55,6.959722222222222,7,0,0.1256325248647705
13682,1,0.6634966,High,Medium Priority,Automated re-engagement reminder or promotional campaign,6.947222222222222,1,59.5,59.5,6.947222222222222,3,0,0.1258301293254107
15349,0,0.26148024,Medium,Monitor,Continue monitoring and regular customer engagement,6.877777777777778,1,356.21,356.21,6.877777777777778,58,0,0.1269393511988716
16849,1,0.6177637,High,Medium Priority,Automated re-engagement reminder or promotional campaign,6.148611111111111,1,124.57,124.57,6.148611111111111,8,0,0.1398873129978628
12535,0,0.38375893,Medium,Monitor,Continue monitoring and regular customer engagement,6.002083333333333,1,371.45,371.45,6.002083333333333,18,0,0.1428146385004463
18248,0,0.27188215,Medium,Monitor,Continue monitoring and regular customer engagement,5.980555555555555,1,496.46,496.46,5.980555555555555,28,0,0.1432550736171906
15386,1,0.29724813,Medium,Monitor,Continue monitoring and regular customer engagement,5.960416666666666,1,394.14,394.14,5.960416666666666,31,0,0.1436695600119724
17252,0,0.2214336,Low,Monitor,Continue monitoring and regular customer engagement,5.839583333333334,1,337.01,337.01,5.839583333333334,85,0,0.1462077368260737
14542,1,0.6434419,High,Medium Priority,Automated re-engagement reminder or promotional campaign,5.188194444444444,1,103.25,103.25,5.188194444444444,5,0,0.1615980249130288
18072,1,0.30129915,Medium,Monitor,Continue monitoring and regular customer engagement,5.0875,1,247.44,247.44,5.0875,18,0,0.164271047227926
17015,0,0.18116996,Low,Monitor,Continue monitoring and regular customer engagement,4.979861111111111,1,520.55,520.55,4.979861111111111,116,0,0.1672279642317965
17124,1,0.2964038,Medium,Monitor,Continue monitoring and regular customer engagement,4.95,1,294.24,294.24,4.95,31,0,0.1680672268907563
17828,0,0.21447589,Low,Monitor,Continue monitoring and regular customer engagement,4.179861111111111,1,833.16,833.16,4.179861111111111,44,0,0.1930553693524601
15743,0,0.33923373,Medium,Monitor,Continue monitoring and regular customer engagement,4.108333333333333,1,322.55,322.55,4.108333333333333,18,0,0.1957585644371941
14622,1,0.27093425,Medium,Monitor,Continue monitoring and regular customer engagement,4.005555555555556,1,320.58000000000004,320.58000000000004,4.005555555555556,21,0,0.1997780244173141
15609,1,0.22089045,Low,Monitor,Continue monitoring and regular customer engagement,3.9930555555555554,1,298.48,298.48,3.9930555555555554,16,0,0.2002781641168289
14561,0,0.24529873,Medium,Monitor,Continue monitoring and regular customer engagement,3.975,1,222.07,222.07,3.975,16,0,0.2010050251256281
15238,0,0.19732766,Low,Monitor,Continue monitoring and regular customer engagement,3.8680555555555554,1,300.14,300.14,3.8680555555555554,14,0,0.2054208273894436
14132,0,0.20670025,Low,Monitor,Continue monitoring and regular customer engagement,3.031944444444445,1,306.86,306.86,3.031944444444445,24,0,0.2480192903892524
16113,1,0.416786,Medium,Monitor,Continue monitoring and regular customer engagement,2.8569444444444443,1,161.38,161.38,2.8569444444444443,30,0,0.2592725963269716
16107,0,0.28249177,Medium,Monitor,Continue monitoring and regular customer engagement,2.7555555555555555,1,532.9,532.9,2.7555555555555555,10,0,0.2662721893491124
15679,0,0.37566155,Medium,Monitor,Continue monitoring and regular customer engagement,2.1847222222222222,1,178.22,178.22,2.1847222222222222,13,0,0.3139991277802006
16581,1,0.50037336,Medium,Monitor,Continue monitoring and regular customer engagement,2.114583333333333,1,105.84,105.84,2.114583333333333,9,0,0.3210702341137124
15267,0,0.2915516,Medium,Monitor,Continue monitoring and regular customer engagement,2.1013888888888888,1,1035.76,1035.76,2.1013888888888888,5,0,0.32243618450515
17234,1,0.5309089,High,Medium Priority,Automated re-engagement reminder or promotional campaign,2.0625,1,149.89,149.89,2.0625,14,0,0.3265306122448979
15411,0,0.5339051,High,Medium Priority,Automated re-engagement reminder or promotional campaign,2.013888888888889,1,156.4,156.4,2.013888888888889,10,0,0.3317972350230415
14178,0,0.29759693,Medium,Monitor,Continue monitoring and regular customer engagement,1.9993055555555557,1,197.37,197.37,1.9993055555555557,28,0,0.3334105116925214
15098,1,0.53001815,High,High Priority,Targeted re-engagement campaign with personalised offer,1.886805555555556,3,39916.5,13305.5,1.8944444444444444,1,0,1.0364683301343571
17265,0,0.1433997,Low,Monitor,Continue monitoring and regular customer engagement,0.0347222222222222,1,377.84,377.84,0.0347222222222222,72,0,0.9664429530201342
